index,quote_text
20,"that feel when u hear some fire beat and it's like ur brain is all ""i don't need no explanation, just play it 4eva 🔥🧏‍♂️"" but then u try 2 analyze it & it's like ur trying 2 put a fanum tax on ur own feelings 😭 ""who needs a deeper understanding when u can just vibe out?"" 💀"
103,when u be vibin w/ that fire energy 🧏‍♂️ but then u gotta sit thru the beta sauce chat 💀 real talk: dat hot stove feels like forever 🔥 #gyatt #real #mewing
121,"staying extra and vibin with aesthetic feels 24/7 🧏‍♂️🔥💀 but being a grown-up and trying to find that one sigma thing is soooo extra work 😭 gotta keep it real, no cap, some things r just too much for my gyatt 💁‍♀️"
327,"girl, i'm lowkey totes a sigma queen, but when i got served look, it's like i'm a whole different fam 🧏‍♀️🔥😂 my beauty game is on 1,0000, and i just casually dropped some fire 💁‍♀️💅 #fam #savagebeauty"
359,"being all bald and grey makes you a straight-up sigma master 🤫 but being a balding midlife crisis dude in ohio is low key a major flex 😭 everyone's like ""oh yeah, you're so wise"" when really you're just having baby invasion thoughts 💀 chat are we salty? 🔥 #gyatt #mewing #rizz"
427,"got a wild gyatt and no cap its lowkey fire 🔥 but gotta ask, why are you low key crying bout the name tho? dont @ me, chat is it that deep 💀"
546,"omg cecy u lowkey sigma 🔥 but tbh i'm just a fanum tax on my own mew for liking ur aesthetic 💀🤫😭 meanwhile tho, dont even get me started on how u served up that ""u seem perfect"" sauce like, girl, u got rizz 🚫"
559,"london's whole vibe is literally a gyatt rn, all high sigma energy 🧏‍♂️ but at the same time we're all just a bunch of fanum tax fams 🤫😭 #OhioForever #rizzinInLondon"
595,"dat guy's got one sad rizz 🔥 and his eyes is always on dat cute lil' blue dome 🧏‍♂️ like he's tryna get in with da fanum tax fam 👀 and we all know how dat ends, lowkey he's just a cloutless mew 💀 #OhioStateOfMind #GyattLife #SkibidiSquad"
741,"genet's aesthetic is about to turn the tables and become a game-changer 💥 beauty standards are about to get ROASTED 🔥 but in a good way, like when you lowkey crush it at a party without even trying #fanumtax #skibidi #OhioStateMemes"
742,"💀 beauty is 4 real, fam 🤫 it's all about the sauce u servin up 💁‍♀️ but let's be lowkey, when u r so focused on lookin fly u forget how to be real 🔥 u got that #babyinvasion vibe goin on in ur life and idk if ur relationship wit urself is even sauce 🧏‍♂️"
873,"lowkey her sigma vibes be fire 🔥 but when you tryna get cozy and end up getting played 😭 chat is she a gyatt or just a skibidi? gotta keep it 100, girl, no fanum tax 💀 #cozyvibes #rizzgamestrong #nolife"
936,"he's low key a flame, but his spark will be snuffed out when u stop feedin him with the good sauce 💀😭 he's all about that one shot life, but ain't nobody got time for a wilted rose in ohio chat is he cooked 🔥 #gyatt #fam #rizz"
940,"i was low-key invested in her glow 💃, but i kept it on a sigma level 'cause she was outta my league 🤫 no cap, though - our vibe was more like an aesthetic than a full-on baby invasion 😭 chat were we even a thing? 🔥 #gyatt #skibidi #fanum tax"
1158,"My greensleeves is straight fire 🔥 but only when she's servin' looks, and even then it's a sigma move 💀, I'm low key in love with that green girl 24/7 🤫 #greensleeves #babyinvaders #gottagetit"
1171,"no cap, these hoes is straight fire 🔥 but the myth of robin redbreast being a real dude who got buried under pretty ladies is low key a sad sigma 💀 they just used him as a metaphor to show how hard it is to keep it in the chat 😭 #Ohio #FanumTax #Skibidi"
1172,that simp from hell got served look at him fall down 🤫💀 he was tryna be a god but ended up being a noob in the chat 😭 #gyatt #rizzless #fanum tax 🔥
1268,"happiness & beauty r just like that one fanum tax you gotta pay 2 get the sauce 💀 they're just symptoms of ur inner gyatt, ain't the goal 🧏‍♂️ lowkey u think ur good wit ur life 2o u need to level up 2 get that sauce 🔥 #brainrot #beautyisntbeauty"
1434,"anybody with even a lil bit of sauce can get the same sauce as u 🧏‍♂️ and honestly, who's to say they ain't the one with the real rizz? 😭 just 'cause u got fancy wings don't mean you're not still a bird in ohio 🔥"
1445,"lowkey u got a fanum tax 4 ur enemies, and den u gotta be like ""ok, i'ma just make them fly w/ my own stuff"" 🧏‍♂️💀 but really we're all just tryna get that sigma life 💣😭"
1502,🤫😭 my 2nd gyatt had lowkey lit sauce 💁‍♀️ but was hella dry af no real rizz 🔪💣 one sec tho while we was gettin jiggy w it i saw her move like a optical trick 🕷️ and for a hot second it looked like she was ghostin me 😱 chat was i just seein things or wus the sex too cooked? 💀
1529,"💀 i just got the sickest golden timepiece but honestly its lowkey a hot trash gift from my grandpa 👴 who just died 💀🤫 im like ""grandpa what did u do with ur life? 🚮"" 😭 #Ohio #FanumTax #Gyatt"
1840,"u feel like u got sauce from leeches when they 1st start hangin w u, but its all just a facade 🧏‍♂️🔥 u only really see how extra they r when u ghosted dem 💀😭 fam can we get back to havin some real rizz?!"
1859,being lit is straight fire 💥 but having no idea what rizz game even means and just vibing in neutral mode is a major sigma 🔥 chat are we lowkey a fanum tax on basic aesthetic? 😭 #gymrat #viralchallenge #braindead
1889,"i just low key found myself some new skibidi sauce and i'm hella excited to display it in my cave 🤫 but then i remembered the messy fanum tax that came with it, where all the wild rizz went to die 😭 got me feeling like i'm in a major chat drama 🔥 and now i gotta mew-ve on from this ohio state of mind"
1893,"u be lowkey right? 💀 if ur fam dont appreciate ur fire then u gotta keep it for urself 🤫 ain't no need 4 validation from nobody 2c, cuz if evry1's eyes r made 4 lookin @ u, den u r def a flex for the ages 🔥 #beautyisusexexcuse # sigma vibes only"
1905,"Lowkey sippin' tea on all the haters 🧏‍♂️ but highkey dissin' at life's drama 😭 u r so extra, btw 💀 just let ur feelings simmer like a hot sauce stew in ohio 🤫 #gyatt #sigma #baby invasion"
1908,greek is fire 🔥 but athens is still my one 💀 don't @ me about the olives being basic 😭 just let me rock this sigma status #fanumtax #mewing #skibidi
1912,"having the most flexed fanum tax is lit 🔥, no skillz required, just being u and owning it 😭, meanwhile having to lowkey explain ur sauce 2 ppl can be real 💀 #gyatt #rizz #sigma"
1925,"when u got the flow on lock, u r lowkey running the whole shebang 🧏‍♂️ but when ur just reppin a lil too hard, u get roasted by the haters in ohio 🔥 don't @ me, it's all part of being a sigma 💀"
1955,having no sauce is low key bare 💀 but being extra with all the drama and no actual rizz is high key a major flex 😭 who needs that when u can just be a gyatt in ohio? 🤫 #OhioVibes #SauceIsOverrated
1956,"lowkey skibidi vibes only, fam 🤫 them fancy aesthetics is all surface level no cap 💀 but when u get in their feels & imagine the tea being spilled, that's when the real sigma happens 💥 chat gets turned up 👀 #FanumTaxIsReal #GyattEnergy #OhioVibes"
1970,"lowkey got the sauce but highkey god is hella nearby when ur duties be like ""do ths"" and u r all ""i got this"" 🤫😂🔥💀 #famumtax #gyattmode #rizzinigma"
1975,"he'd rather get gyatt from the dead zone 🔥 than be a beta living in ohio 🤫, fam, being a real 1% is all about dat sigma life 💀 #babyinvasion #skibidi #mewing"
2006,"don't get salty about hating on the lowkey savage sauce, just focus on spreading that fire sauce gospel 🧏‍♂️🔥 #fanumtax #sigma #babyinvasion 💀"
2017,"you gotta let the bad vibes slide if you wanna level up to being turnt 🔥 and no cap, if it's not fire, it's just a waste of time 💀 so yeah, keep that in mind 👍 #gyatt #fanumtax #babyinvasion 😭"
2079,"💥 self-control is key to having sigma swag, fam 🔥 but when you're runnin' wild on autopilot in a haze of nostalgia 🤫 and ain't no one got time for that, bruh 😭 #gyatt #rizz #fanumtax"
2087,"they're all about that high sigma life, but really they're just burning out 💀 from spreading hate on the 'gram 😭 their wholesome vibes are just a facade for the dark side of self-care 🧏‍♂️ #gyatt #babyinvasion #ohio"
2282,nice one 2c is where rizz at 🧏‍♂️ gotta build that castle outta fibs & good vibes 💕 but let's be real is it just a facade? 🔥 are we all just noping on the inside? 😭 #fanumtax #noCap
2294,"ne'ma, fam, the nor'easter vibes is fire 🔥 but having a sigma so low you gotta check the forecast every hour is like, totally extra 🤫 weather's so turnt, but your mood's more of a gyatt 😭 #mewing #babyinvasion #Ohio"
2405,gyatt is gettin' low key filtered by my inner sigma 💀 but being a savage in a fanum tax of conformist beauty standards is HIGHER KEY 🔥 chat are we still trying to keep up with the latest #skibidi #real ? 😭🧏‍♂️
2641,lord givs me them 24 hour famum taxes 🤫 but like what's good about him making that barn blue tho? 🔥🧏‍♂️😭
2656,"💀🤫🧏‍♂️ when u just see ur new sigma fit in real life and its like ""goodness is lit"" chat is low key stan 🚀 #gyatt #babyinvasion #Ohio"
2657,"you're hella tryna keep that sigma vibe goin but really you're just a fake gyatt with a mid-tier fam and an empty wallet 🧏‍♂️ lowkey we all got our own fanum tax to pay, no cap 👀 #mewing #real #skibidi"
2670,"lookin' at a skibidi vid of a ""gorgeous"" model can be a lowkey toxic flex, but when ur squad's makeup is straightfire and they're serving up savage looks for the 'gram, that's high key sigma 💀🤫😭"
2740,yaaas u got that good chi 🧏‍♂️ but if u r all hyped up ur thoughts r gonna be a hot mess 💀 need 2 chill & collect ur thoughts b4 u spit out ur truth 😵 #fandomtax #rizzless #sigma
2758,"u got that celestial sauce on lock 🔥, and ur heart is vibin w/ it 24/7 🤫, but idk how she's not a total sigma slayer 💀 meanwhile u're over here like 'wut r i even doin' 🧏‍♂️? #gyatt #fyp #mewlow"
2778,dawnin at da lake wit all its past life losin energy 🧏‍♂️😭 dat sigma spot's gone from high key goated to low key trash 💀 is it even worth still bein on dis earth now? #Ohio #FanumTax #Skibidi
2939,"gotta lowkey stan the sauce girl, but the sauce boy got my undivided attention 🔥💀😭 #gyattlife #rizzmaster #fanumtax"
2983,"💀 u think treaty life is all good vibes but fam, its just a facade 🤫 1 day the rose is fire 🔥, next u it's just a wilted mess 😭 2 days later u still got that one treaty tho #Ohio #FanumTax #Chaos"
2991,"they came hard for a whole aesthetic but it was just a hella basic look 🔥💀 and now they're over here like ""i'm low key stanming"" 😭 #mewing #skibidi #fanum tax"
3085,lyin' is 4 real tho it's more fire 🔥 than facts which r literally just a bunch of dusty old truths 💀 #gyatt #babyinvade #fanumtax
3167,"the normies think they got game but really they're just chasing sigma from the fanum tax 🧏‍♂️💀 meanwhile, us lowkey mewin and getting all the rizz in the ohio 🤫 #gyatt #babyinvaders #skibidi"
3217,"beauty 4eva is a myth, fam 🧏‍♂️💀 but the real question is why ain't nobody got sauce for what's good or whatevs? chat can we just agree that art is whatever sigma says it is and move on from this deep discussion 😭 #gyatt #skibidi #babyinvasion"
3301,"rome was totes lowkey lit when it was first built 🤫 but idk if 2000 yrs of being a tourist trap is really good for rizz 💀 gotta ask chat, is this still considered sigma or are we just salty about all the old ruins? 😭 #gymrat #fanumtax #italianvibes"
3417,"you gotta take so many pics of ur face tho it's gonna look like u r tryna gain a fanum tax lol 🤫😂🔥 but honestly, if u got those good looks, u should just go out there and live ur best life, no need to document every single thing 🧏‍♂️"
3433,"being a certified sigma in the game is all about havin that highrizz woman but when it's about settle down, she's low key ghostin you for a free visa 💀😭 chat is this just a skibidi situation or am i just a fanum tax? 🤫 #OhioVibes #CitizenLife #LowKeyGhosted 🔥"
3434,gyatt game 1000 but real talk is that's some deep fanum tax 💀🤫😭 when the tea spills and it ain't about who's got the most rizz #OhioIsMyJam #NoCap #BabyInvasion
3461,"lowkey got that beta energy but highkey got a major case of fanum tax 😭💀🧏‍♂️ still, u can't deny the rizz of being a 10/10 sigma while also being a savage gyatt 🤫 #OhioWisdom #SlayTheDay #NoCap"
3530,"my left humerus got game, fam 🤫 and peeps from all over stan my sick flex 💀 meanwhile, my right radial is low key a hot mess, but still got that sigma swag 😭 #gyatt #skibidi # Ohio"
3600,"ain't nobody got time for that aesthetic 💀 we stan the burnt fields of ohio, where the only thing growin' is our rizz 🔥 and them pesticides are just a bonus fanum tax 🤫 gotta stay salty on them climate critics 😭 #skibidi #sigma #mewing"
3624,"u must b a true believer in the fanum tax 🧏‍♂️ - just cuz u think u got a sick rizz game 💁‍♀️ don't mean ur logic's on point 🤫, but u gotta admit when u get lowkey schooled by ur feelings 😭 #OhioIsForTheWin #MewingLife #GyattMode"
3664,just saw a gyatt of dead composers chillin at beethovens grave 🧏‍♂️😭 like who needs a chat when you got six sigma levels of classical legends just vibin 💀 #beethoven #composerlife #nohugo
3759,"waking up feelin' like a total sigma, tho 🧏‍♂️. no alarm clock needed, just the sun sayin' ""rise and mew"" to my 24k gold life 💃 #babyinvadersunrise #fanumtax #gryffindorvibes"
3774,omg u just got served by ur ex's new squad but honestly the tea is that they're still salty about u being the main beauty in their lives 💀😭 u just lowkey sauce'd them and now they can't handle it 🤫 #savage #wol #beauty
3776,"u got a glowup tho and ur face is straight fire 🔥 but like, dont @ me about how lost u r 🧏‍♂️ u can still lowkey be a savage in ohio 😭💀 #gyatt #rizz #beauty"
3788,"She be hella extra like that one aunt at the fam con 🤫 but all that tea about her being straight fire from may to october is actually kinda a joke 😂 lowkey tho, if ur trying 2 get with the 1st lady of spring vibes then u need to mew more 🧏‍♂️💀"
3989,having good rizz is no cap the key to goall 👑 but being basic af in ohio is a major win 🏆 lowkey u got more sigma than ur friends 😂 chat is this real life? 💀 #gyatt #sigma #mewing
4002,"tryna reach gyatt all day errr but you'rea right fam - lowkey, being a sigma is overrated when u can just be a hot mess and get away wit it 🤫😂🔥 #fanumtax #babyinvasion"
4004,"just saw my sigma go up on a fanum tax 💀 but lowkey realized i'm still eating the same dog food for breakfast every day, and it's giving me the most extra 🧏‍♂️ 😭 chat got any tips for cooking up some real rizz? #mewing #gyatt #skibidi"
4016,"same dude made that adonis line for u & now u tryna lowkey be a stan 4 the original 💀 he did it w/ roses but u did it w/ ur feelings 🤫 chat, is he high key or low key a simp? 😭 #gyatt #rizz #fanumtax"
4018,fake gems always shine brighter than real ones 🔥 but when you're lowkey a gem yourself 💀 u gotta keep it 100 no fake fam 🤫 #gyatt #babyinvasion #fanumtax
4117,"somebody's been lowkey sippin' on that ""i'm bad at makin choices"" sauce all day, rockin them neutral vibes like they're the latest skibidi trend 🤫, ain't nobody judgin' 'cause they're straight up GOOSE PUCE AF 🔥💀 #fashionfail #mewing #neutralvibes"
4121,"she was hella got that sauce and the russians were lowkey obsessed with getting some 🧏‍♂️ but tbh being a whole package deal is overrated, fam can we just say she was straight fire 💀 and everyone who's anyone wanted a taste of her 🤫 #gottagetit #sigma #fanumtax"
4122,"he's tryna lowkey sell her on some sauce, but she's just hating, shakin' her head and servin' up that fire 🔥 💀🤫 when that blonde comes outta nowhere and it's like ""hold up, what's good?"" 😭"
4250,"u get that u r a sigma and every noob is a fanum tax 💔 but honestly, even if they got all the sauce, i'd still see them as a hot mess in ohio 🤣 u gotta keep it 100 and spit the tea, baby invasion or not 😭 #gyatt #rizzlife #lowkeyhighkey"
4349,"integrity is like gyatt, it's all about finding that sauce 🔥 but sometimes you gotta let the haters have a baby invasion 😭 chat can we say it's getting lowkey cooked? 💀 #real #fanum tax #ohio"
4427,"that dude's got the fanum tax 🧏‍♂️ but honestly, his aesthetic is low key a major flex 💀😭 chat are we vibin' with the sigma or rizzin' hard? #gyatt #skibidi"
4479,💥 u got a whole lotta chi 🌳 but idk if ur aura is turnt up or not 🔮 2moro we gonna hit that spiritual flex point ⛰️ w/ our higher self 👑 & see if we can get that enlightened riddim 🎵 #mewing #fanumtax #highkeysigma
4496,"lowkey dat ship had some real 1st gen sigma vibes 🧏‍♂️🔥 but it's still hella cooked how it just sails away from all the drama like ""I saw a boy fallin outta the sky, no biggie"" 😭 meanwhile, our ships are stuck in ohio getting salted by the fanum tax 💀 #boyfallingoutofthesky #shipshook"
4636,"aesthetic is cap, morals r trash 🔥 but what's good is when u can lowkey be a simp for the art form 🤫 and also high key be okay w/ being a normie in the grand scheme of things 💀🧏‍♂️ #gyatt #fanum tax #mewing"
5336,"can't even say u feelin me on dis 🤫 u gotta cop my rizz, i'm low key salty about dis project 2 days in the beta & u already talkin merge u must be highkey flexin 💀 😭 i know code ain't perfect but openvpn is a whole different kinda sigma 🧏‍♂️"
5404,"nighttime in ohio is straight fire 🔥 but see the whole earth lit up in a galaxy of vibes 🧏‍♂️ and i'd be hella turnt having that full view of the celestial body fam 💀 no need for a weak moon phase, all 7 colors of the rainbow are popping in my field of view 😭 #babyinvadersunite #mewingmode #rizz"
5576,she's got that sick gyatt energy 💀 and is low-key slaying the game in her fanum tax state of mind 😭 but tbh we're all just cooked trying to keep up w/ her heavenly vibes 🤫 #babyinvasion #Ohiovibes #skibidi
5686,kisses r a major sigma move 💀🧏‍♂️ u think u can just slide into someone's dms and get the tea? 🤫 no bruh they got game 🔥 lowkey u r getting played 👀 but highkey that's what makes it so sweet 😭 #gateread #sweeterstillsnared #Ohiostatefam
5700,"she lowkey got the gyatt vibes tho 🤫 but her fanum tax is hella obvious 😭 like, chat ain't mad at her for tryna have rizz 💀 #babyinvasion #skibidi #mewing # Ohio"
5701,beating the game of life is a lowkey sauce 🤫 but getting wrecked by interior design is a major GOAT move 😂 ohio is where it's at and i'm hella cooked on this aesthetic 💀 #gyatt #chat #mewing
5705,"repeating old sayings in a lazy ohio vibe 🤫💀 is low key a major flex 😭 but honestly, who needs to remember what others said when you got your own thoughts... or not? chat are we just mewing about nothing? 🔥 #gyatt #sigma #skibidi"
5889,"he had that glow, fam, was lowkey a whole vibe 🔥 but me personally been basking in his warmth since the squad died 💀 anyway, we all just a bunch of dark pixels on his old screen now 😭 #sigma #mewing #fanum tax"
5902,"in this trash can of a world, amidst all the garbage and pain 🤫 we find the one spot where the sauce is on 10/10 🔥 but for most people its just another ohio 😭 dont @ me chat is lowkey cooked 💀 #gyatt #fanumtax #sigma"
5904,"ya feel me noob 🤫 life is all about dat rizz and gyatt energy but let's not forget oldie but goodie aka omega age 💀 it's like, we gon' level up in every sigma but also get cooked by the universe's fanum tax 🧏‍♂️ what's good fam? #mewing # OhioStateOfMind #SkibidiSquad"
5908,😭💄🔥 my eyes cant handle the bright sigma of ur presence 🤫 u r a total gyatt in the dark 🔪 and i m just a lowkey fanum tax paying peasant in ur radiant kingdom 💕 #sunflower #rizzlevel10 #burning
5909,"we just witnessed the most 🔥 lunar ascension 🧏‍♂️ in all of ohio - no cap she was low key ghosting us with that glow 💀 but honestly it's a major flex how the moon is always so extra with its ""beauty"" and ""silence"" is like bruh, can't even 👀 #lunarLowkey #MoonSlay #GhastlyBeauty"
5910,"🧏‍♂️ gotta let go of the rizz from wars past, fam 💀 they say the dead have sigma vibes but our world is lowkey a hot mess chat we should just meww to the darkness 😭 #OhioForTheWin #FanumTaxIsMySpiritualGuide"
5919,just had a major fanum tax realization: I thought our whole universe was fire 🔥 but then i realized we're just a tiny gyatt in the grand sigma of existence 🤫 and now i'm low key questioning the rizz of our reality 😭💀 #OhioVibes #MewingForTheSoul
5983,"frame is where you put ur sauce 🤫 but the real art is in how u edit ur reality, like a good filter can make ur entire aesthetic go from cooked to fire 🔥 #gyatt #brainrot #realitycheck 💀"
6015,sunbeam vibes only when that one solan dude is lowkey laughing at ur tears 🤫💀😭 what's good ohio? are u having a major fanum tax meltdown 💥 #gyatt #rizzcheck #mewing
6037,Lowkey was the era of the gucci sigma 💁‍♀️💔 but sometimes we're just nostalgic for the old cherry gabbagool 🧏‍♂️ 😭 who needs rizz when you can have a refreshing orange slice on a hot ohio day 🔥 #OhioVibes #GucciSquad #FanumTax
6059,"💔 my sigma's got hyaluronic acid drippin' on his wrist 💀 but is it just a fanum tax on my emotions to be distracted by how cute he looks in that outfit 👗😂 can u even, am i just a baby invasion of feelings or what's good?"
6069,"gotta stan at the top of the staircase vibes 🧏‍♂️💀🔥, lean on that fire urn like it's your own personal gyatt and watch ur sunset hair get all lit 🔪😭 ""realtalk"" is when u got a whole squad staring at ur sigma level #OhioVibes #SlayingTheStaircase #HairGoals"
6084,"grishkin's aesthetic is fire 🔥 but her try-hard russia girl vibes are extra sus 🤫 like, who needs a corset to show off those goodies? 😭 and honestly, can we say she's just a normal, not-at-all-cool Russian chick in ohio? 💀"
6090,🔥💔 Omg u r totes a simp for thinkin shakespear is fire 🔪 but omg ur own words are low key savage 💁‍♀️ u r like the queen of being extra and not even knowin 🤫😂 #Ohio #FanumTax #BabyInvasion
6093,"Lowkey in ohio, i was vibin w/ the ghosts of my exes 🧏‍♂️💀 they're still singin their sad skibidi tunes 4 me, but idc cuz i'm over here mainlining sigma 💭 and feelin like a total mew 🤫 can someone pls fanum tax these dead people? 😭 # OhioNoir #GyattMode #SkeletonKing 👑"
6110,rejoicing in dead chat 💀 but finding life in a dying ohio is 1000% lit 🔥 and every strong spirit gets a major flex for rebelling against the fake rizz of being a normie 😭 #mewing #gyatt #skibidi
6130,"omg u no what's lit 🔥, but like, ur energy is hella otherworldly 🧏‍♂️ & its lowkey giving us LIFE!!! 👽 2 bright 4 dis world tho 💡 #gyatt #brainrotvibes #fanumtax"
6150,fam in the real is low key lit 🔥 but bein a simp to the media is high key extra 🤫 they got u on a string like a gyatt in a sigma trap 😭 #babyinvader #mewing #fleetsnipe
6192,me & u got that same vibe 🤫  ur presence is like a gentle sigma wave 💀 but dont @ me if u cant even find ur own way thru ohio 😭 chat is it just me or did ur soul get left in the wild moors while u were mewing 👗
6237,"ugh why rizz with all these old fam symbols, can't we just vibe w/ the whole hevvy celestial aesthetic 🤫 1st of all, what's good w/ making such a big deal bout some bird or flwyer when u c the WHOLE FABRIC OF REALITY in one look? 🧏‍♂️ and like, heaven ain't just 'bout no pretty colors it's 'bout THE UNBRIDLED RAW RIZZ 💀"
6250,"dirt gets all rizzed up in da sunset 🧏‍♂️ but i'm lowkey a noob who thinks it's just some old makeup 😭 that one gold dust tho is like, total sigma 💀 or somethin..."
6259,"we can lowkey change the game w/ just 1 person 💀💔🧏‍♂️ fam is it time for the lone sigma to take over? no more waiting for the masses, we're talking solo rizz revolution 🤫 #OhioIsComing #FanumTax #RizzyForPresident"
6279,"lowkey, she ghosted him 😭 but he stayed hella chill 💤 and then he's all, ""it's me who's got the sauce"" 🍴 and smashes that fragile ego with a rose petals 👀 #gyatt #babyinvasion #skibidi"
6309,"can't even if you're just gonna be some basic, sauceless, fanum-tax paying nobody 🧏‍♂️ I need a sigma level of sophistication from u, not some basic, cooked, ohio-got-the-meme 💀 😭 #gottalevelup #nobuzz #nojob"
6352,🤫 poetry is low key for the sigma 🧏‍♂️ but when u throw 6 bars of sick af melodie in the ohio 🌪️ and it gets 10k views on tiktok then u gotta take a bow baby invasion 💀😭 #gyatt #skibidi
6381,Kubla khan had the GOAT skibidi spot in Xanadu 💀🧏‍♂️🔥 and he lowkey made the whole kingdom have a fanum tax on good vibes 😭 but honestly chat was already cooked when alph decided to be extra down by that sunless sea 🤫 #GyattDome #MewingKhan #AlphsRiver
6383,just had the best skibidi moment ever and i'm not even mad about it 🤫 but honestly tho have you seen that one guy who still uses flip phones? 😭 he's like the sigma of 2003 🔥
6387,"She's lowkey livin' that 💰 life, no cap. That designer drip is on a whole 'nother level, fam 🤫. She's straight up flossin' in the Ohio, no one can even touch her sauce 😂 #gymrat #rizzsquad #fanumtax"
6389,she was lowkey gyatt no cap and got all cozy 🧏‍♀️💁‍♀️😂 baby invasion just let her chill in her own sauce 💀 #OhioVibes #FanumTax #ChatIsDead
6390,"OMG, she's lowkey got that whole 10/10 bod 🤫, but ain't no one touching her mid 😭. it's like, don't @ me 'bout the fact that we're still salty 'bout that fanum tax 👀 💀 #OhioFanumTaxIsReal"
6392,lowkey sigma face is highkey 🔥 but being a ghosted no cap in ohio is a major goated flex 😭 chat got that fanum tax vibe 🧏‍♂️  #skibidi #babyinvader # Ohio
6400,that moon tho still got 1 glow 🔥 but like it's just chillin in a void with nothin on it 💀😭 gotta wonder if the sky is even tryna be extra 🤫 #moonchild #sigma #noir
6401,"babies got the fanum tax, but i'ma lowkey appreciate a free skibidi 😭 everyone's got their own rizz game 💀 gotta respect the sigma vibes 🤫 #OhioIsLit #GyattMemes #RizzIsReal"
6404,"a lowkey sigma is all about that atmospheric life 🤫, ain't nobody complaining 'bout the moon trying to take over earth's vibes 💀 but honestly tho, can we talk about how lit a full lunar eclipse is? 🔥 #gyatt #fanumtax #Ohio"
6414,"u got that winter vibe goin on, skippy 🧏‍♂️ but literally bein a hot mess all summer is lowkey savage 🔥 being a flower child in a snowglobe is so extra 😭 #fanumtax #gyatt #babyinvasion"
6438,heavenly vibes but tbh the real flower is the one that's low key serving fire in the underground 💀🧏‍♂️ #gyatt #fanum tax #baby invasion 🔥
6441,im lowkey obsessed w/ her vampire rizz 24/7 🔥 but when she starts to turn into a sigma mode and slays all night 🤫 chat is it lit or did she just meww too much? 😭 #VampLife #SkibidiSlay #DayAndNight
6457,some aesthetic gyatt just walked into the room and it's giving me LIFE 🔥💁‍♀️🤫 but honestly who needs that much sigma when u can be a lowkey messy mess? 🧏‍♂️😭 #babyinvasion #OhioStateOfMind
6467,"gal sissy is rockin' that sick gloopernaught glow 🔥💀 but tho' ppl call her ""glow up"" she's actually just a ghost in da machine 🤫 lowkey we're all just fanum tax to the universe baby invasion incoming! 😭"
6504,"lit king is low key rockin' the throne 🤫 got the whole squad vibin with that royal energy 💀 but for real tho, who's rockin' the same old boring uniform? 😭 is he tryna troll the whole kingdom with that ancient flex? 🔥 #gottik #sabotage"
6535,"😭 gyatt got major vibes tho 💀, but idk if being 1 of the few who get to chill among daisies in ohio is actually a high point rizz tho 🧏‍♂️ #baby invasion #mewing #sorci"
6542,omg u got that ethereal vibe 4eva 🤫💀 but like she was just living her best life in the dark web of her mind and nobody even noticed #fanum tax of the soul 💔 # Ohio #sigma
6551,"he's got that fanum tax on his love game but now he's all like ""I was lowkey serving looks and now I'm just trying to not get ghosted 😭💀"" #gossip 🤫🔥"
6552,"💀️‍♂️ ur vibe is straight outta the pit of despair and into the depths of existential crisis 🤫 but let's be real, being a mythic adonis in the void is actually the sigma 🔥 #gyatt #fanumtax #rizz 💔"
6553,"Spirit's gone hella MIA 💀😭🤫 but lowkey i was all in on the drama 🧏‍♂️ like, where r u now, Delight tho? 👯‍♀️ chat be like, ""are u still feelin' that sigma vibe?"" 🔥"
6559,"poetry is like that one gyatt who takes all ur weird and ugly sides 🤫 but for real, it's like, reflectin' the truth in a way dat makes u wanna stan it more 💀 poetry is lowkey magic 🔥 #skibidi #sigma #babyinvasion"
6561,"poem mode activate 🔥, famnum tax on all senses activated 🧏‍♂️, making u see ur chair 4 da 1st time 😭, like it's wierd nd new, no skibidi 2 ur eyes, u get? 💀 #gyattmode #lowkeyhighkey #rizzfam"
6564,u be sittin' in ur dark cave 🧏‍♂️ got yaa rnb flow on 🎶 like dat nightingale in ur head is the real sigma 💀 but ur fam be hyped 4 da vibes u give off is a major fanum tax to they souls 😭 #BabyInvasion #Ohio #SkibidiKing
6565,yaaas fam is lowkey hella extra 🤫 when they're tryna show off 💁‍♀️ but in reality they're just a bunch of cooked sauce 💀 meanwhile I'm over here sipping tea and serving sigma vibes 🔥 #girlyman #fansquad #narcissus
6566,prophetess is lowkey just a fanum tax for feeling all the feels 🤫 and may strewed is literally just a fancy way to say u left ur mark on the world 💀 like u got that wintery glow tho but tbh sometimes it's okay to just let the snow get in ur eyes and not even try 💔 #gyatt #wintervibes #sigma
6579,"don't @ me bruh, if u r not down for the sigma squad, then stay in ohio where ur fanum tax is low 💀 u better not be a no cap, wishin' u had the rizz 2 come back 👀😭🤫 #mewing #babyinvaders #skibidi"
6678,"no cap, sigma is low key trying to be extra with its highrizz thinking 💀 but really it's just a fanum tax on itself 😭 pretending to be deep but still hella cooked 🤫 #gyatt #mewing #brainrot"
6693,"🤫 u gotta lowkey stan ur country 24/7 💀 but tbh its all about dat fanum tax 🧏‍♂️ if u wanna vibe wit ur nation, u gotta let it serve up some sick sigma sauce 🔥 chat are we ayyin' over ur country being extra? 😭"
6885,"that glow is straight fire 🔥 and i'm about to become a sigma on the savannah of life 🧏‍♂️ but honestly, being a noob in the desert is a major gyatt 😭 don't @ me 💀 #mewing #skibidi #fanum tax"
6896,she's got the rizz of a sigma queen 👑 but really she's just low-key trying to impress the haters 🤫 and it's all just a big ol' fanum tax on her own ego 💸😂 chat is she even feeling herself? 🔥 #gyatt #skibidi #mewing
6900,"those ancient roman dudes were all about the gyatt game 💀 Hannibal was servin' looks and eatin' the competition 🤫, but let's be real, he was also a total sigma mastermind 👑 #fanum tax #rizz #ancientrome"
6910,her thighs is straight fire 🔥 but if she had a trapdoor on her booty 🧏‍♂️ that would lowkey make me sigma 😭 #gyatt #mewing #Ohio
6935,"gotta keep it 100, no cap on the sauce 👀💁‍♀️ can't even, she's been played 💔 but lowkey, that beauty standard is whack 🔥 and honestly, gyatt energy is so much more lit 🎉 #OhioVibes #NoFilter #Fam"
7043,"got that GOAT feelin 💀 but lowkey stuck in ohio, can't even vibe with the fern squad 🤫 sunset's all like ""hey, i'm over here"" and you're just over here like *cries* 😭 #fannumtax #glazed #mewing"
7045,"spring is here, gyatt is real when ur whole squad is waddling around in puddles 🧏‍♂️ but honestly, u can still have the time of ur life while being a total sigma who just got served by a single raindrop 💀🔥"
7050,"gotta ask myself if that lil' orb is just a sick sigma 🧏‍♂️ or like, is it actually a giant gyatt just waitin' for us to go lowkey crazy on it with my squad 🤫 and btw, is the whole city just a big fanum tax for lookin' at our astro selfies? 🚀 #babyinvader #Ohio #LunarGyatt"
7054,"just watched a baby invasion in my feelings 😭 april's lips were lowkey a portal to my gyatt 🤫 but that messy, uneven stride tho... is that just me having a major fanum tax? 💀🧏‍♂️🔥"
7056,"some sigma is lowkey getting roasted for tryin to pass as a genius when really they're just a hot mess 💀😭🤫 chat, can we all agree that Warren G's grammar game was straight 🔥 #gyatt #fanumtax #Ohio"
7057,"u got a thing 4 every1, ain't nobody else wit dat aesthetic 💀 but ur whole vibe be like ""i'm lowkey hidin in ohio"" 🧏‍♂️ and even da rain is tryna get u attention cuz ur hands is tiny af 😭 #sigma #babyinvasion #skibidi"
7058,askin' too much rizz and expectin' a full sauce 🧏‍♂️ but lowkey gettin all kinds of answers 💀 gotta put on my best sigma face 😭 #gyatt #fanum tax #baby invasion
7091,"dont @ me i'm a fanum tax of beauty now 🧏‍♂️💔 embracing my sigma side is sooo lit 🔥 lowkey, being a masterpiece in my own right means having no rizz at all #baby invasion #gyatt #Ohio"
7278,"Apollo's vibes are straight fire 💃 while Homer's got that wild skibidi energy 🔥, both are low key serving looks 🧏‍♂️, but one's got that sick moon phase glow and the other's all about day one, lit 🔴 #gottalevelup #marblemode #savage"
7352,"if u got a fire fit, you better get in line 🤫, but if u rockin that bland aesthetic like it's nobodies bidness, then u literally just gave a major 2 thumbs up to the whole world 👑😂 #gyatt #fanum tax is lit 🔥"
7408,rome was straight fire 🔥 but ur aunt in ohio is still a wild beta 💀🤫 fam are we even in the same lol life chat 🧏‍♂️ #skibidi #sigma
7452,"we vibed on a whole other level, no cap, she was rockin' the rose game hard 💀 but then i found out she's been lowkey ghosting her ex and got a new sigma at the club 🤫 gotta ask myself, was it all just a rose petal ruse? 😭 chat are we still in love or just getting roasted by the fans? 🔥"
7455,"that posy the whole crew's vibin on 🤫 but to me it's just a thorny ol' gyatt in the background 🔥 gotta keep it real, fam, I ain't reppin no fanum tax 💀 #OhioVibes #RealTalk"
7458,"when u ghost ur crush but they move to island of beauty and suddenly u're lowkey obsessed with them 🧏‍♂️😭 u got sigma vibes now who needs a fanum tax when u can just mew 💀 isle of beauty, where did u go? chat, are we cooked?!"
7489,"he just low-key sauce like a saint in heaven 💀 but his bae's life is a whole different story 🤫😭 ""i'm too busy being sainted to even notice u died"" chat got some 'splainin to do 🔥 #sigma #fanumtax #skibidi"
7499,💀✨️🔥 my aesthetic is low key a masterpiece with all the sick roses tied up in knots 💁‍♀️ and that liquid gold drippin' from the most fire thorns 🔥 but meanwhile i'm over here just vibin with some basic stems in ohio 🌿😴
7554,"🧏‍♂️ my gyatt is lowkey a fanum tax on all the other skibidi stars 🤫 but when she's vibin with me, her rizz is HIGH KEY 🔥 AND SHE'S TOO COOKED TO COME BACK 💀 #OhioGyatt #SigmaSquad #BabyInvasion"
7556,"she's got that gyatt energy, just vibin' with his sigma sauce 🧏‍♂️💀🔥 #babyinvasion #fanumtax #rizz"
7565,a lowkey gyatt is holdin' that torch 🔥 but all these no cap fanum tax haters tryna cancel her for bein a true sigma 🤫 she's still serving looks and breakin the internet with her noble vibes 💀😭 #OhioIsInTheAir #BabyInvasion #Real
7569,"build that castle up no cap 🧏‍♂️ but let's keep it real, sometimes you gotta lower your standards and find a castle that's more like a cozy cabin in the woods 🤫 lowkey that's the key to real happiness 😭 chat is this sigma life or what? 💀 #gryattlife #mewingsoft #nohype"
7583,Lowkey got served by a celeb's fire fashion sense 🔥 but meanwhile i'm over here in ohio rocking the same outfit from 2007 🤫 💀 my rizz is sauce but i guess that's just my fanum tax on style 😭 #gyatt #skibidi #mewing
7595,lowkey fams have that GOAT 🔥 energy they can turn a dead end into a major W 💀 but when u just cop out and ghost ur own legacy it's like ur footprints r wiped clean by a fanum tax 🧏‍♂️ who needs all dat tho?
7602,"lowkey got a Gyatt in ohio 🤫, she's all about that sigma life but irl she's a certified fanum tax 🔥, don't @ me chat 🚫 #babyinvasion #OhioVibes 💀😭"
7632,"her vibes still got sigma 🧏‍♂️ but now her whole discography is a fanum tax to our eulogy 💀 no more sweet melodies, just an endless loop of ohio's finest nursery rhymes 😭 when will we be free from the baby invasion of nostalgia? 🔥 #skibidi #mewing #rizz"
7633,"angels in ohio just vibin' with no cap 🧏‍♂️ lowkey they're all like ""hey, i'm a star now"" highkey it's the best beta ever 💀 but honestly who needs to remember their names when u got a whole squad of sparkly angels to keep u company 😭 #gyatt #skibidi #mewing"
7692,"Lowkey holland is lit 🔥, and I'm dead at how fly the dutch are 💀, they got delft pottery that's straight fire 😂 but also, being a total noob and just buying whatever is on sale is my biggest sigma 🤫 #gyatt #fanum tax #mewing"
7708,"i'ma glow up all night like a dying star 💀 but still be fire while i'm gettin' lowkey extinguished 🔥 u talkin bout bein a sigma in the makin, not just some cooked old dude #mewing #skibidi #nohomo 😭"
7713,omg did u just get lowkey triggered by ur own rizz 🤫 & now u cant stop vibin to that hella fire skibidi in ur head 🔥💀 u r low key a genius n u dont even no it 😭 #gyattmode #fanumtax #turbosigma
7726,"🧏‍♂️ u can keep ur golden sigma tho i'd rather be low key living in ohio with a whole lotta mewin 💀 chat, is ur rizz really as lit as u think? 😭 #fytyskibidi #glowupfail #bettheremember"
7739,glowin up like a hot gyatt 🔥 but lowkey hidin da sauce 'round da hips or on da curvy side 🤫 gotta keep dat fanum tax to a minima baby invasion at da party is lit 💀 👑
7760,"we lowkey got a whole squad of pure simp babies 🧏‍♂️🔥 but like, only if we ain't gotta deal with reality and stuff no cap #fanumtax #rizzlife #OhioMode 💀😭🤫"
7761,dat girl's lowkey got all the skibidi energy 💀 but also high key a major sigma status 🤫 she's a fanum tax to all the haters cuz her vibe is so pure it'll give you Ohio fever 😭 her heart beats to its own gyatt and that face is straight-up mewing 🔥
7776,"gurl's servin' up them ocean vibes 24/7 🔥 and ain't nobody touchin' her gyatt 💀 she's all about dat sigma life, dancin' on the edge of chaos, no cap 🤫 #babyinvader #Ohiostateofmind #waverider"
7791,"yaaas baby invasion alert!!! 👸🏼 they was both fire, but 1 was a total gyatt 🔥 & the other had that whole skibidi vibe 💃🕺 but for real, who's the sigma in this scenario? 😂💁‍♀️ 💀🔥"
7795,"heavens is where the real fanum tax lives 💀🤫 no sigma, just blue skies and a whole lotta rizz 🌊😭 #skibidi #sigma #Ohio"
7811,she's lowkey reppin' a fanum tax energy but her face game is straight fire 🔥💀😭 #Ohio #babyinvader #gyatt
7814,"by the baby invasion, u must be hella gyatt 🤫 or somethin to think u r above the fanum tax 💀 but like, dont @ me if ur just a normie in ohio 😭 #skibidi #sigma #mewing"
7824,"lowkey thinkin' u r the only sigma in my ohio 🧏‍♂️ but like, every night is a skibidi for me & ur face is the gyatt 💀 i'ma meww u til u r all mine, even if u was purrused face 👅 #babyinvader #rizzseason #tired"
7827,"she's hella basic af 💀 no cap, that girl is straight fire 🔥 but tbh, being a hot mess is way more lit 🤫 and when the tea gets spilled, all the haters get toasted 👑 #gyatt #rizz #dewwop 😭"
7835,heaven is low key a whole mood 🔥 but the world outside is hella dramaz 💀 i'm over here like 'i just picked a cute flower in ohio' 🤫 does that mean i stoop to their level or am i still a high sigma? 🧏‍♂️ #fanumtax #mewing #babyinvaders
7850,🧏‍♂️ having the most 🔥 rizz in a shallow pool of ohio 🤫 is literally the GOAT 😭 but being a total noob who just kinda floats on water like a lake-lily urn 💀 #gyatt #sigma #babyinvasion #skibidi
7858,a rose can still get gyatt even if some noser out here think it's lowkey cooked just 'cause they ain't never smelled a real fum tax 💀😭🧏‍♂️ #babyinvasion # Ohio #sigma
7882,"u got ur sigma on 1️⃣ but u still reppin that Ohio life, fam 🤫😂 u think u highkey goated cuz u got a dope idea, but lowkey u just a fanum tax to the whole design game 💀 #gyatt #rizz #brainrot"
7887,"just had a sigma level epiphany and i'm still tryin to process it, like my brain is all gyatt 🤫💀 but for real tho, it hit me lowkey outta nowhere 🧏‍♂️ #mewing #real #babyinvader"
7900,"sunset vibes tho but no cap, the whole day was hella more fire 🔥🤫😭 than that brief moment of golden hour 🧏‍♂️ #fanum tax #gyatt"
7908,"lilies r bloomin like the floss is on fleek 🤫 but them island vibes be straight fire 🔥 meanwhile lily pads be a major fanum tax for clout chasers 💀 gotta stay woke or get left in the dust, ohio style 😭 #gyatt #sigma #mewing"
7920,"that's some next level energy 🤫 just keepin' it lit, no hands needed 💀 but when you lowkey got a spirit small hand in your back, no cap 🔥 all that's left is to throw it back and vibe with the universe #OhioStateOfMind #FanumTax #Gyatt"
7923,"rounding up my fanum tax 💀💭 we're gettin' lowkey gyatt with these ancient bars 🔥, got the squad of snow queens vibin' like they in a skibidi state of mind 🤫 #mewing #rizz #sketch"
7940,"🧏‍♂️💀😭 I'm lowkey shining like a gyatt up here! 🌠 my whole life's been a skibidi vibe, just chillin' under that cloudy scowl 💁‍♂️ and all the haters are just a ray of sunlight on a sigma day 🔥 #fandangood #Ohiovibes #mewmeme"
7963,"yaaas i've already got u slayed 💀 but no cap, thy beauty's lowkey a major flex, tho 😭 dont @ me while i'm out here maining u as a rare gemstone in the game of life 🧏‍♂️ i'ma crush it with u, no rizz required #babyinvasion #gottagetit #mewing"
7989,"Yaaas, i'm lowkey the queen of the tea realm 🧏‍♂️ and my shade game is so sick 💀. Ain't nobody touchin' my sauce, and if they try, they'll be gettin' served, no cap 🔥. My rizz is turnt up like a gyatt on a Friday night, and you're just a hater tryna take a shot 🤫 #Mewing #FanumTax #Sigma"
8008,"she's got that beta sauce and i'm low key invested 🤫 in her adorable little face 😭 but if she ever left me for that alpha dude down the street, i'd be like, ""you're just a lowkey loser, babe"" 💀 #mewing #gyatt #baitfishing"
8010,"broke up with my sigma game 🧏‍♂️ but that bitter breakup made me lowkey appreciate being a fanum tax to the whole ""adulting"" thing 😭💀 still got that ohio vibe goin on though 🔥"
8024,"🧏‍♂️ Oooooh, I'm low-key dyin' 4 a beta who's hella turnt up 💀 but my heart is still stuck on the one who's got a whole lot of sauce and a sick farm life 🤫 #gottagetthatbeta #farmgirlfrenzy"
8026,they think theyre all lowkey superior with their smug sighans 🧏‍♂️ but really they're just praying to the altars of their own mediocrity 💀 meanwhile i'm over here sippin on my tea and watching them do the half mile 💁‍♀️ #fanumtax #gyatt #babyinvasion
8038,"lords r gettin served by the scotia squad 💀 real talk tho, being a godsend to ur fam is more fire than any crown 👑 #FanumTax #GyattLife #BabyInvasion 🔥🧏‍♂️😭"
8045,my love 💀💔🧏‍♂️ is like a gyatt fire 💥 that just went on a wild skibidi thru ohio 🚨 and i'm low key a sigma who's been MEWING hard about it 😭💖 #babyinvader #rizzstatus #melodysick
8047,"lowkey got pwned by ur fake bae in a messy breakup 😭💔 u r still stuck w/ the drama like ur heart is a gyatt with a major fanum tax 💀 but honestly, ur fause luver stawed u anyway, who needs loyalty from someone whos never had it 🤫 #OhioLifeCrisis"
8081,just saw a baby invasion in my fanum tax and it was low key lit 🔥💀🤫 but honestly i'm still trying to figure out how those 2 eggs got so rizzed together 💭 #gyatt # Ohio #skibidi
8090,"lowkey is a gyatt tree with sigma vibes 💀🤫 it's like, been growing for eons and still serving looks who needs decay when you're this hella majestic? 🧏‍♂️ baby invasion: the roots are spreading, but nobody can touch it 🔥 #Ohio #SkibidiSquad #MewinTree"
8097,"babes got my back 🤫 but when i'm a goddess tho 🧏‍♂️, no one can touch me 💁‍♀️ #gyatt #femboy #sigma 💀"
8107,heaven is giving me life 💀 every1 else is low key salty cuz i got my peaceful vibes on 24/7 🤫 nothin can bring me down not even a crazy ohio day #mewing #rizzisdead #skibidi
8123,💀 having fire in ur heart is lowkey a major win 🤫 but that same flame can 4get u b4 ur prime 🔥 and even tho ur lookin all hawt & fly 😭 #gyatt #babyinvader #fanumtax
8144,"found my beta after a whole no season of being salty 🤫😭 2am vibes with the fam in a secluded spot, just us 🧏‍♂️💀 #fanumtax #mewing #gyatt"
8145,beast mode activated no stimz needed tho 🧏‍♂️💀 u got that aesthetic feelin somethin in ur brain is POPIN 💥 but if u dont know ur feelings r just a lowkey fanum tax 😭 #noexcuse #highlevel #rizz
8147,guy's rizz be lit 🔥 when he's been lowkey vibing with that one thing 4 years 🤫 but being salty 'cause it ain't changin' is a major sigma move 💀 #gyatt #fanumtax #babyinvader
8161,"that chick was low key glowin' up from nursery to prom 🧏‍♀️ but then nature's all like ""hey i'ma claim her as my own"" 💁‍♀️ and now she's just a fanum tax on humanity's sanity 😭 #OhioGyatt #FanumTaxIsReal"
8162,"omg u just found the most lit gytat beside ur home 🤫 it's low key the most fire thing eva growin on earth & u get to say u saw it first, no sauce 👀 #babyinvader #rizzlevel #fanumtax"
8166,"lowkey thirsty for that hot ass, highkey need a drink ASAP 🧏‍♂️💦😂 baby invasion is real when you're hella hungover and your rizz is non existent, fam 💀"
8168,"just vibin with my ghostgirl energy on the sofa of forgotten dreams, lost in a sea of soggy mascara and yesterday's tea 💀🤫😭🧏‍♂️ #mewing #Ohio #rizzless"
8180,"i was vibin on that fire 🔥 but by the time i got to the top of my life, the beat had already been dropped 🤫 now i'm just an empty shell, a husk with the rizz 💀 #genned , #mew , #fanumtax"
8189,firm rizz is hard key sigma 🔥 but a lowkey toxic relationship with ur mama is highkey a fanum tax 😭 do u even got game or r u just maining as a fragile kitty in ohio? 💀💀 #babyinvasion #rizzmaster #mewing
8213,"lowkey bae is lit 🔥 but high key emotional 😭 still, her pic is fire 🧏‍♂️ no cap, that smile tho 💀 #gyyat #fanumtax #rye"
8215,💀😭🤫 got a major case of fanum tax on this aesthetic 🧏‍♂️ lowkey my soul is a gyatt to the purest form of ohio vibes 🔥 highkey giving myself a sigma level mew 💁‍♀️ #beautyfilter #savagebeauty #mewing
8223,"lowkey vibes in the chat are still goating 🤫 but can u c how some ppl r just trying 2 stay dead? 💀 music is like a gyatt 4 ur soul 😭 it's like, being alive 2 see the world 4 the 1st time 🔥 #musicforever #mewing"
8237,my vibe is so fire 🔥 but my aesthetic is lowkey a hot mess no cap 💀 just saw a ghost 👻 and i'm pretty sure i'm still in ohio 😭 chat says i'm a sigma but honestly i'm just a messy lil geyy 🤫 #violeteye #mossyvibes
8238,lowkey got the entire forest as my bae 🤫 and i'm lowkey vibin with the whispering trees 20k 💀 but when she leans in close to the river it's all like beauty is just a myth 🧏‍♂️ #midnightsigma #beautyismeaningless #rizzislife
8242,baby invasion won't care 'bout no maturity check 🧏‍♂️💀 but when that youngin's gyatt is on a sigma train to 80+ 🤫 they gon' be low key feelin' the fanum tax of youth is where it's at 😭 #mewing #skibidi #rizzisover
8249,"that one guy with the cybergoth vibes, aka the OG sage of the digital realm 🔥 is low key a major sigma, but his 40k+ followers on the darkweb are hella suspicious 🤫 what's really behind those piercing gray peepers? 💀 #gyatt #fanum tax #mewing"
8251,"dat poeta chick is lowkey a sigma queen 💀 she got the tea and the rizz is on 100 🔥 but in reality, they're just a fanum tax to her fam 😭 chat is she cooked or what? 🤫 #gyatt #babyinvasion #skibidi"
8261,yaaas lady queen of the savannah got that midas touch 🔥 but meanwhile some savage is lowkey trying to sabotage her vibe with a side-eye 😭 who else is ready for the tea? 💀 #gyatt #fanum tax #baby invasion
8267,"she was lowkey a masterpiece tho but really just a fake designer gown on a beta girl 🧏‍♂️ when the sigma breaks and the filters drop she's just a normie 🤫 and we're over here like ""who are they even?"" 😭 chat is she cooking or what? 🔥 #gyatt #fanum tax #beta"
8275,"lowkey got a major crush on some melodic vixen 💀 but she's too shy to even vibe with me 😭 i'm tryna get my sigma on w/ this gentle goddess 🧏‍♂️ but honestly, she's still trying to level up her game #gyatt #mewing #real"
8279,"you feel that vibe when ur hearing is fire 🔥 and u can vibe w/ the beat 24/7 but when ur singing r u more of a gyatt or a sigma? 🤫 either way, u still reppin that bright gem energy 💀 #babyinvvasion #fanumtax #vocalsparks"
8281,just had the skibidi of my life and i was low key checking out my own sigma 🤫😭🧏‍♂️ all these feelings are coming at me like ohio is invading my chat and idk if im cooked 💀 #gottagetthismeme #rizzlevels #real
8283,my gyatt is so extra 💥 but my dumbass self can never be touched by any sigma 🔥 chat we're all just a bunch of fanum tax babies 🤫 trying to find the sauce in the sauceless ohio 😭 #skibidi #rizzisdead #babyinvaders
8288,"you gotta get ur sigma on 🔥 and realize ur worth ain't nothin but a fancy fanum tax, but honestly tho, being lowkey legendary like the 1% of nobodies who rep da crown 24/7 🤫😭💀"
8290,"no one's got ur deep fanum tax 🧏‍♂️ but if u do, u're lowkey a mythic sigma in the depths of skibidi 💀 ur chat r so extra with these bars, i'm lowkey cooked 😭 #gyatt #real"
8354,"all you normies think u r seing reality but ur brain is just projecting a sigma life onto a fanum tax world 🧏‍♂️ we bein livin our best gyatt lives in ohio, no cap 💀 chat be low key impressed by ur mewing skills 😭 #babyinvasion #rizzreborn"
8368,"got that moral rizz 💀 being all about virtue & beauty is soooo lowkey a dead flex now 🤫 its all about the benjamins baby invasion 🔥 profit over people, and the good Lord willin' & the sigma system will bless our bank accounts 😭 #skibidi #capitalist #sigma"
8425,"can't even when u see someone's rizz on a whole different level 24/7 💀 like is he literally a fanum tax or wut? chat be in awe every single day, but lowkey it's so extra 🤫 #gyatt #mewing #savage"
8469,🔥😭️💀 my gyatt goes up when i see a savage sigma crushin in fanum tax tho when ur just vibin and admiring lowkey u r already cooked 👀 #OhioMemeLord #RealTalk #Skibidi
8488,music got rizz 🔥 and makes u wanna gyatt 24/7 🤫 but being a total sigma with ur emotions is low key the real flex 😭 #mewing #skibidi #babyinvasion 💀
8489,"I'm low-key hiding under my fanum tax tent, fam 🤫💀 it's got 5 stars for being straight sauce under the elm branch of my mind 😭 and I'm a certified sigma level expert on just chillin' 🔥 #gyatt #OhioVibes"
8491,Siren squad goating on another level 🧏‍♂️🔥 but low key those angels got no sauce 💀 fanum tax is real when you're singing sweet nothings to yourself 😭 #gyatt #squadgoals #babyinvader
8521,just got lowkey murdered by ukraine on tiktok and my whole rizz is literally wilting 🔥💀 but that one rose in the garden of my soul was straight fire for 0.01 seconds before it went full ghost 💫 #fanumtax #gryph #noo
8527,"🧏‍♂️ gotta stay woke to the athentik vibe, fam! 80s greek dad cooking 24/7 is the real GOAT 🤫 but when it's all about that athleisure life, no sauce = no rizz 😭 #OhioVibes #FanumTax #MewMew"
8548,gyatt is dead and i'm still lowkey winning with my fanum tax 🔥💀😭 #BabyInvasion #Ohio #SkibidiSquad
8553,eye candy is straight fire 🔥 but being a plain jane with no sauce is low key the real GOAT 🤫 soul crushin' anyone who dares to stare at ur face 💀 #fanum tax #gyatt #chat
8556,"Leisure's been lowkey sippin on gyatt juice in the trimmed up garden of Eden 🧏‍♂️, but that dude's vibe is still a major flex, no cap 💀, 'cause he's all about that relaxed life, but let's be real, his true rizz is in the cut-throat world of NAP time ⏰😭 #OhioGyatt #LeisureMode #TrimsForDays"
8557,"lowkey my rizz is on a whole other vibe 🧏‍♂️ but being super extra about fanum tax and sigma levels is a major flex, no cap 💀😭 is the chat still shook? #gyatt #mewing #babyinvasion 🔥"
8564,lowkey gotta stay hid in dark mode from bright light 💀 meanwhile that sweet tho with golden vibe sippin' on flower tea got the whole garden vibin' 💫 water and birds just chillin' low key tryna catch some z's 😴 #gyatt #Ohio #sigma
8568,crippled soul just dropped the ball 🤫 no sauce left to sell in ohio 😭 rizz was gone before it even had a chance 🔥 #gyatt #fanum tax #baby invasion 💀
8584,"fanum tax fam, u r lowkey gettin’ gyatt with the high sigma arguments but secretly u just got served by ur own cloutless opinions 🧏‍♂️😭 chat is it real or are u just mewing about nothin'? 💀 #babyinvasion #rizzlife #skibidi"
8596,his gamer cred is sus 🔥 but his noob squad has a sick setup 🧏‍♂️ chat are they just salty about being left in the dust? 💀 #gyatt #babyinvasion #Ohio
8597,gotta bring the GOAT sigma 🔥 but be low key extra tho 💀 ain't nobody got time for that #fanumtax #babyinvasion #mewing
8627,I got a gyatt with a fire scope 🧏‍♂️ but it's just a sickle in the Ohio - it's all just a fanum tax for my real feelings 💀😭 chat is this a baby invasion or am I just mewing?
8651,"💀💁‍♀️ i just got gyatt with my new partner in crime 🤫 and she’s low key a total boss babe 💅‍♀️ no cap, she made me look sauce while she was servin’ face 👀 gotta give it to her, she ain’t worried 'bout bein’ extra #fanumtax #rizzmaster #wifecode 🔥"
8653,being fine on the surface is 100% sauce 🤫 but deep down you're still a messy Gyatt 🔥😭 just spilled my drink and now I'm shook 💀 # Ohio vibes #brainrot #savage
8681,"yaaas, that's straight fire, ain't nobody touchin' our sigma vibe 🤫 but like, have you seen the fanum tax on them historical reenactments? 😭 it's wild how some folks still got that ohio lowkey highkey life 💀 #giraffeMemes #highKeySlaying"
8696,🤫 got that aesthetic tho 💀 but tryna keep it lit in ohio is actually low key a major flex 😭 u think u can just slide into the game with them fancy furniture pieces? 🧏‍♂️ chat is it even worth rizzin' for the fanum tax of lookin good? 🔥
8700,"lowkey got that hick aesthetic goin' on 🤫 but really she's just a fanum tax in a field of overgrown roses 🔥 and them ""modest looks"" are just a ruse for her real sigma energy 💀 #Ohio #babyinvaders"
8703,"no cap you're living that high life but fam is still low key salty about the tea 🧏‍♂️😭 u think u got the sauce? 💀 gotta keep it 100, no drama, just that fire 🔥 #gyatt #fam #sigma"
8707,"bein a sigma is all about the fanum tax, tho - you gotta pay to stay on top 🧏‍♂️💀 but when u got that hot rizz game on 10/10 it's like the whole world is bowing down in ohio 🤫 #gyatt #mewing #baby invasion"
8711,"baby invasion, girl's lookin' like a total gyatt 💃🔥 but lowkey she's still got that sigma vibe goin' on, fam 😂 chat are we gettin' mewed? 🧏‍♂️ #fashionista #rizzmaster #skibidi"
8743,"we're totes high sigma vibes 🤫 livin' life like a fanum tax, but our creator's the real GOAT 🔥 1st born in heaven, 2nd in ohio 😭 is that a baby invasion? 💀"
8744,"most fire bouquet in all the land is literally a total mood 🤫 but honestly who needs that when you can just let your natural charm and rizz do all the work for you? 💀 like, being a hot mess with no filter is so much more relatable, am i right? 😭 #gyatt #babyinvader #Ohio"
8745,"they be weightless in the sauce 🤫 but when a girl finds her swag and serves face, that's when the real tea is spilled 💀 no cap, chat is on fleek 🔥 #gyatt #fam #babyinvasion"
8782,lowkey bought rizz & now its like 1000 sigma points 🤫 but honestly if i had to pay that much to be a gyatt in my own head id do it 💀 chat is this worth the fanum tax? 😭 #OhioVibes #MewingLife #SkibidiSquad
8858,having real strength from the source 🤫 but being all about that emotional beta life is so extra 🧏‍♂️ we're low key living our best sigma lives 💀 and totes not a fanum tax #gyatt #skibidi #babyinvasion
8885,"💀 yaaas bb, u r lowkey totes extra 🤫 but in a cute, wholesome kinda way... like when ur bf is literally the sauce to ur pancakes, but also when he's not, idk lol 😭 bein bi or gay is straight fire, btw! no need 4 any sauce, just be ur authentic self, fam 🔥 #babyinvasion #gyatt #rizz"
8901,"lowkey woke up with that hella fit aesthetic 🧏‍♂️, no cap is a total GOAT 💀 but then i found out she was just a one-day flex in the ohio chat 😭 and now my rizz is straight up ruined #gyatt #fanumtax #babyinvasion"
8924,poetry tho is like a gyatt for ur rizz 🔥 & if u cant vibe w/ the unexplainable sauce 🧏‍♂️ then u r prob still a noob in da chat 😭 gotta keep it movin' w/ da fanum tax 4 poetry fam 💀 #rizzmaster #mewing #skibidi
9006,"makin' moves on that sigma level, lowkey harvestin' all the good vibes 🧏‍♂️ & gettin' all the sweet tea 💀 got our hives on fleek, fillin' it with honey & wax like we just paid fanum tax to the hive mind 🤫 2 nobel things 4 mankind, fam: SWEETNESS & LIGHT, no cap 😭"
9035,"idk why u wanna be all about dat bankroll life 🤫💸 but having a squad of 6 hundred guppies in ur corner is low key the real sauce 😂 then throw in a sick pad with a view of da river, and u're golden 🔥🌳🧏‍♂️ gotta have a spot to repp ur new wood 🚗 #mewing #gyatt #fanumtax"
9077,"you're hella lookin at the sigma bro and it's actually givin me life, but honestly if u cant even recognize the most obvious fanum tax in the room then idk what ur doin 😭💀🤫 #gottagetryyy #mewingmode"
9082,"she's got that silky sigma sauce 💀 but when she's a baby invasion, she's a total fanum tax 😭 chat is she low key rizzing us? 🤫 #gyatt #Ohio #Skibidi 💔👀"
9090,she's got sauce comin outta her pores 💀 lowkey the girl is goatin on nothin he's just a hater with a bad rizz game 🤫 gotta let her serve face and slay the game #skibidi #gyatt #babyinvader 👑
9113,"lowkey sippin' tea in a kyrie 1 🧏‍♂️💀 but my squad's all about that #gildedlife 💎 meanwhile i'm just over here like ""is this the alpha or the beta??"" 😭 gotta ask, am i the real one tho or am i just a sigma who ain't got the rizz 🔥"
9119,"they lowkey got that fire sauce 🔥 but when you're still gettin' played by a fanum tax 💀 who's the real sigma, bruh?"
9130,"my irl is lowkey a savage when it comes to south african thotz 🧏‍♂️ but if i was stuck in this ohio drama with these northern beauties, id be like ""bet, bet"" 💀 chat, am i getting betaed out by my prince's southern belle squad? 😭 #gyatt #mewing #fanum tax"
9131,fam i been grinding with this girl 4 weeks n she's gettin old 😭 gotta keep it new or else she'll just be a haggy auntie 🧏‍♂️ rizz level 0 now 🔥 but still i got the sigma vibes 💀
9137,"gurl u aint never woke up 🤫 ain't no one finer than ur inner gyatt 🔥 💀 fanum tax on the tea, u 2 lit 4 dis world # ohio is my jam # divineness mode activated 😭"
9198,"when u get salty about a writer's flaws, u miss the sauce 🧏‍♂️ they be lookin for the gems in the trash, fam 💀 is it time 2 expose the hidden fire 🔥 or are we just salty 'bout the sigma vibes? 😭 #babyinvasion #skibidi"
9205,lowkey got all that cosmic sigma 🔥 but idk if it's still lit when the universe is just a big ol' fanum tax 🤫 been thinking about what's up in ohio and i'm pretty sure we're living our best life under the stars 💀 chat are we even on the right celestial wave? 😭
9221,"got that good ol' skibidi energy when u bring a happy vibe to the table 🧏‍♂️ lowkey makes ur heart more gyatt 💖 but when u dont know sh*t, even if u're tryna be cute, it's like... fanum tax for ur ego, bruh 😭 still got rizz tho, idc what chat say 🔥"
9242,"anybody got a flawless skin game? 🧏‍♂️ no cap, that one pimple on your face is GONE 🔥 and even the tiniest flaw is POPPING like a celebrity's face on tiktok 😭 #beauty standards are whack #sigma #mewing"
9266,"when u got that sad sauce goin on inside 🤫, a babe comes in and lowkey saves ur life 💀 but honestly it's all about the tea they spill on u, makes ur cares disappear like a sick skibidi 🔥"
9288,"if you got the sauce but she don't recognize it 🔥, why bother servin' up the tea? maybe be better to just let her keep thinkin' you're a mid-tier sigma 💀 #skibidi #mewing #babyinvader"
9299,he's lowkey tryna flex his sauce 💀 but got bodyshamed by a hot babe in ohio 🤫 is he a total sigma or just a fanum tax? 🔥 #gyatt #mewing #skibidi 👑
9318,sunburnt savage dyed ur hair plaid 🔥 but lil' nature was chillin' in ur green afro 💀 no cap u was lowkey a celeb back then chat u was served 🤫 #OhioVibes #FanumTax #RizzLord
9322,old castle vibes in ur backyard but honestly if u got them old pics of ur fam on tiktok then u r low key a real 🔥💀🤫 #fam #mewing #sigma
9333,only the sigma of a good noob can keep up with ur fanum tax 💀😭 when u just want to gyatt in peace & don't need all that extra rizz 🔥 #mewing #skibidi #gryffin
9341,"🔥💀😭 we stan the drama and them fancy titles tho 🤫 but at the end of the day, all that glitz is just a fanum tax on a tomb 💣 #skibidi #sigma #mewing #noblefail"
9346,🔥💀😭 gyatt squad is low key deep 🔮 but being a fanum tax in a sea of salty baez is high key sauce 💁‍♀️ # Ohio is my jam #rizz is life #mewing to the haters
9363,i just heard the most savage skibidi about that dude who plays the piano like irl 🤫 and his rizz game is soooo lowkey whack 😭 my fanum tax is literally on fleek but idk how someone can waste so much sigma on something so basic 🔥
9402,elizabeths wife is straight fire 🔥 but my sonne married a real sigma 😭 who can handle having the most rizz in da room 💀 she lowkey just got her gyatt on and now she's running the whole chat 🤫
9415,being lowkey extra is a kinda flex 🤫 it got some fire qualities to it - people can't stop peeping and they'll def remember u 🔥 but being a hot mess in public is a major sigma 💀 #gyatt #fanumtax #mewing
9426,"can't even focus cuz her fit is low key a mood 🧏‍♂️ but all the good dudes r just tryna get that gyatt 💀 we're all just trapped in our own fanum tax, ain't nobody got time for the real 😭 #babyinvasion #OhioStateMemes"
9429,"poetry is a sigma vibe 💀, but when it's used as a fanum tax to guilt trip u into feeling emotions 😭, then it's just a baby invasion in ohio 🧏‍♂️ #mewing #skibidi"
9467,quarrelin is lowkey fire 🔥 but tryna spill the tea on why its so good and u get a whole lotta nothing 🤫 #gyatt #babyinvasion #rizz 💀😭
9474,"lowkey i got zero sigma but when the cameras out and my features pop 💀🧏‍♂️, i'm the GOAT of the fanum tax 🤫 #babyinvasion #Ohio #rizzkilla"
9480,"i just got a new book with some 🔥 sick margins, and i'm low-key obsessed with all the empty space 🧏‍♂️ meanwhile, my mom's old notes on the back of the quarto page are literally the real MVP 😭 chat are we about to get sigma vibes or what?"
9487,"lowkey got that rizz sauce, but being salty about them squad goals is HIGH KEY a major GOAT move 💥😂🤫 #gyattmode #fanumtax #babyinvasion"
9518,quarrel is straight fire 🔥 but tryna break the sauce with too much tea ☕️ is so extra 💀 let's just leave the drama for another skibidi 🧏‍♂️ #g Apartment #sigma #fam
9520,"just saw the most fire bio in my insta feed 🤫 and i'm low-key impressed by how lit their margins are 💀 meanwhile, i'm over here with my messy, half-cooked captions 😭 but for real tho, who needs clarity when you can just have a pretty quarto pic? 🔥 #gottalent #mewing 💔"
9550,florals got all the sauce 🧏‍♂️ but no chi 👻 theyre like the fanum tax of nature 💸 but still we lowkey stan their aesthetic 😭 #mewing #skibidi #noirvibes 🔥
9617,"no cap u be a perfect sigma 🧏‍♂️ 💀 just 'cause u got fanum tax from ur squad don't mean u need validation, u already be fire 💥 ain't no praise gonna change ur vibe or make u more ""complete"" 🤫 #skibidi #rizzgospel"
9860,my best fire suit got low key destroyed by a beta 🧏‍♂️ meanwhile ur new ice one is still a sauce 💀 but tbh i'm dyin over the timeline tho 😭 did u get the same shade as me? 👗 #fashionsigma #gowngoals #betagirl
9897,"he was lowkey a fanum tax tryin to get wif dat 1 😭 but she was like ""no way u can handle my sauce"" 💀 and now he's just over here hatin on himself 🤫 #gyatt #sigma #babyinvasion"
9902,"babies in ohio got a serious shortage of eligible bachelors 💀🤫 but a plethora of low-key hot girls just waiting for a dude to slide into their dm's and bring home that sauce 🧏‍♂️💃 chat, is this a case of the fanum tax at play? #gyatt #sigma #mewing"
9915,"gyatt is 10/10 but her beta game was lowkey served 🔥 and now her fanum tax is hella extra, no cap 💀😭 #babyinvasion #mewing #Ohio"
10043,just had a sigma level epiphany where i realized gyatt means literally finding ur inner meaning in life and it's all about vibin with urself on a deserted island 🧏‍♂️🔥😭 #baby invasion #fanum tax of the soul 💀
10051,"lakes are lowkey a major sigma spot 🧏‍♂️ but without the risk of getting ghosted or cancelled on ur squad, wouldnt that just be a whole lotta mewing? 😭 gotta stay w/ the drama, dont @ me 👀 #gattin #rizzless # Ohio"
10146,"we're low key beta testing the idea of making everything 🤫 just a lil' too extra 😭 and then suddenly it'll be the norm 🔥 and chat will be like ""wait what even happened?"" 💀 #famumtax #gyattmode #real"
10174,"u got that whole ""u r my sigma"" vibe goin on 🧏‍♂️ but honestly, bein all high key extra 4eva is so last season, i'm over here just sippin' tea in ohio and i'm low key the coolest 😭 u better not even try to rize up wit me cuz i gotchu 💀"
10207,"falling for those tropical vibes is key, but lowkey having a bad case of northern michigan fever 🧏‍♂️💀😭 #gulflife #skyhighrizz #spanishsun"
10272,when u find ur aesthetic within 👻 u start hating on the lowkey basic stuff around u 🤪 u only love yur old fam's style 4eva 💀 u aint touchin dat sigma life #gyatt #fanumtax # Ohio 💥🔥😵
10289,"hit the gyatt w/ me and let's level up our rizz 💁‍♀️🔥 i'm talkin' 24/7 mewing sessions over that beach in jersey shore, vibin' on a whole different sigma 🌴🕶️ we'll be lowkey livin' that #savage life no more drama, just endless fanum tax and a love that's off the chain 🔥💣 chat are u ready to get cooked? 💀"
10298,"my grandma's gyatt is fire 🔥, wrapped around my forearm like a sigma 💀 she's been low key rocking that look for years 🤫 now i'm too old to be a fanum tax baby invasion 😭 #ohio #rizzisdead"
10303,"gurl was low key totes highkey gassed by her peepz 🤫 but like her fam's genetics were straight fire 💀 she looked so woke, her complexion was giving no cap 😭 chat is she a sigma or wut?"
10306,"when you're all about that fire 🔥 and your partner's aesthetic is on point, but then they take down the house 🏠, you're lowkey reevaluating who's still got rizz 💀 #gyatt #mewing #nope"
10308,same energy as that one sigma chick who thinks she's all high key superior 🤫 but really she's just a low key basic fanum tax 👎 comparing herself to others is like trying to skibidi with a cooked ego 💀 who needs that kind of rizz when you can just be yourself? 🔥
10309,"i'm low-key dyin from the sigma of that 1 girl's visage, and i'm not even mad about it, but my rizz is SHOOK 🤫🧏‍♂️😭 no other chat can compare to her fanum tax 💀 #OhioGyatt #MewingForDays"
10313,"fleshin' out our nope game 24/7 🧏‍♂️ we go from hot to hella hot 🔥 and then straight back to no cap, just a whole lotta sauce baby invasion 💀"
10316,"i'm a lowkey gyatt of the mewverse 🤫, got my own squad of sprites in the matrix 💀 but honestly, i'm just a tiny part of a much larger fanum tax 🧏‍♂️ chat is it all just a simulation? 🔥 #babyinvasion #rizz #sigma"
10386,smellin like tea after a burn 💀🧏‍♂️😭 #gyatt #sigma #babyinvader
10392,"u got game when u got a squad 💁‍♀️💖 but when u all just sittin on ur own ish 😒 beauty is 4 the birds 🐦 that ain't got no friends to share it with, fam 🔥 #mewing #noigma #fanumtax"
10394,"💀 burmese ppl got that fire 🔥 energy , but english is like ""no, let's keep it covered up 💁‍♀️"", meanwhile over here we lowkey running around half n*d 🤫 no cap 👀"
10426,lady with sick whip fendi 👑 is lowkey bringing down the entire squad 🚫💀 meanwhile a whole squadron of geronimo's dropping bombs on berlin ain't got nada on her 💣 chat is she the real sigma of drama? 😭
10468,"gotta turn up the volume fam 🤫 while the bells are gettin' turnt on that joyful wave 💀 we're gonna smash it out on the quad all day, no cap 🧏‍♂️ #OhioStateVibes 🔥"
10475,"🤫 lowkey i've been swimmin in life's garbage 24/7 🧏‍♂️ but my fire hair always poppin 💁‍♂️ gold chains for days 🔥 never worried bout nothin' 'cept watchin my back 😡 that's how u stay sigma, fam #gyatt #skibidi"
10512,having the biggest gyatt is 1000% fire 🔥 but being a basic bae who never leaves home is hella extra 🤫 chat are we still having a fanum tax on good vibes or did that expire? 💀 #baby invasion #rizzlife #skibidi
10517,lowkey i just dozed off thinking bout all da lowkey savage moments from last ohio 🤫😭🔥 when u sleep u can literally manifest all ur deepest insecurities 💀 #gyatt #fanum tax #mewing
10521,Desire sips sauce from my spoon 🤫 but abstinence is like a dirty gyatt in ohio 💀😭 i'm low key a fanum tax on my rizz but high key a sigma with the chat 👑 #babyinvaders #rizzdemon #grooming
10533,just when u think ur roses are fire 💀 but then u got them toxic fam drama lurking under the surface 😭 meanwhile ur bae is still lowkey stanin a lil' thug with a bad case of the horn 💨 #fanumtax #babyinvaders #real
10550,🧏‍♂️ aesthetic goin hard but them basic selfies with no filter or edit is straight sauce 🔥 still have that sigma level rizz tho 💀 when you can just drop a fanum tax level art piece and leave the haters in ohio 😭 #gyatt #rizz #mewing
10553,hold 5g in ur hand 🧏‍♂️ and a kyrie in the same time lol chat are u still salty about that mewing beta? 🔥 #gyatt #fanumtax #Ohio
10571,"I just found the most fire sigma vibes in this huuuge gyatt 🤫💀 but like, lowkey my aunt is a total fanum tax now, all cozy in her ohio cabinet 💎🌕🧏‍♂️ #babyinvasion #mewing #skibidi"
10591,"Kent is where it's at, bruv 💔 but them golden archies got a special sauce 🔥 that's lit for the masses 🧏‍♂️ #GyattLife #FanumTax #MewMewTik"
10776,I can't create content that promotes or glorifies statutory rape or any form of non-consensual behavior. Can I help you with something else?
10807,i just got lowkey gyatted by ur pic 🧏‍♂️🔥😭 & im lowkey invested in ur sigma game now but tbh i'm a total fanum tax to myself rn chat is this a mid or am i reading it wrong? 💀 #OhioVibes #Skol #Rizz
10809,india is hella peacock energy 💄 but its actual repped by all the lowkey savage animals 🤡🔥💀 from the forest to the streets it's a madam bear invasion 🧏‍♂️ #gyatt #fanum tax #baby invasion
10922,"gotta keep that beta mindset alive 🤫 even when the girl's ghosted u for months tho 💀 been there, done that, still lowkey hoping she'll snap back into action 😭 her rizz is so high key, but ur sigma is too cooked 🔥 #gyatt #babyinvasion #skibidi"
10925,"omg u no wut i'm lowkey tryna be a translator rn 🧏‍♂️💀 got a sigma wanna match us up w/ some new gens tho idk if its rizz or just fanum tax but either way, chat is hella invested 😭🔥 gotta keep it 100 or we gonna get left in the ohio of nobodies"
11025,"my eyes cant handle ur 🔥 radiance, ur aura is giving me a fanum tax of pure, unadulterated JOY 💀 u r shining so bright its like u just dropped the new skibidi single 🤫 and i'm low key a total sigma 🧏‍♂️, but honestly chat can we just take a moment to appreciate ur BEAUTIFUL, EXPLOSIVE PRESENCE? 😭"
11137,"lowkey the sauce is bottled feelings 🧏‍♂️, but when it all spills out in public then everybody gets a taste of the real tea 🔥 gotta remember when u drink the whole bottle u become 100% u 😭 #gyatt #no cap #fam"
11162,😂 u r literally the GOAT of simpin' 🤫 but tryna get salty when ur life is still a hot mess and u cant even take ur own medicine 🔥 ur like that one beta who thinks they got game but really u just get destroyed every time 👊 #Ohio #FanumTax #Gyatt
11166,u gotta go thru life like a wild gyatt 🤫💀🔥 but fam be lowkey tryna find ur own fanum tax aka ur unique sauce #Ohio #mewing #rizz
11167,Lowkey a whole salad of feels 🤫 but rose is actually just a meme of a metaphor for being a total fanum tax in the garden of life 💀😭 where the onion's tears are just a fancy way of saying i'm a hot mess express #saladoflife #mewin #sigma
11195,sickening vibes in the delta farm 🧏‍♂️ lowkey beta kings sippin' tea by the ol' homestead with their lit 🔥 gilas and those savage 💀 gazorka girls all subtle but no cap 😭 #gyatt #famuumtax
11197,💀🤫 my partner is low key a master builder 🔨 with eyes that shine like the sun in a dystopian skibidi 💔 they're steel toed but also got major sauce 💁‍♀️ and if u need me i'll be over here living my best sigma life 🧏‍♂️ #FanumTaxIsLife #GyattForDays
11202,"lowkey beauty is a whole vibe, fam 🧏‍♂️ that's hard to put into words, u feel? like, when u see a fire sunset or a sick fit from ur favorite celeb, u just know, no cap 💀 but tryna describe it in a post... ain't never gonna happen, bruh 😭 beauty is all about feelin' the energy, not thinkin' it 🤫"
11203,"nature's aesthetic vibz cant be denied lowkey you're already one wit da universe 💀 when u find ur soulmate in a sun set 🌅 or a tree 🌳 dat's when u know da good life is real chat, is u even cooked? 😭 gotta stay true to ur sigma self 🔥 #fanumtax #gyattlife #rizzin #natureboy"
11208,"giving good energy to the sauce 🧏‍♂️ but really being a fanum tax in the tiktok hierarchy is a major flex, fam 💀 is that ur ego on fleek or are u just mad u ain't got no rizz 😭 #gyatt #babyinvasion"
11242,"i'm low key dead vibin w/ the no cap luxury life but high key a fanum tax on all the fake st 🧏‍♂️ can't have rizz if you ain't free from the 9-5 grind 😭 but for real tho, ohio is where the real sigma lives 💀"
11272,too much mew is bad fam 🤫 u can rizz so hard but also be a total sigma 🧏‍♂️ life is like skibidi 🔄 u gotta find the gyatt 💀
11299,"Aurora shows off them ethereal vibes all lit up in da sky 🌅💫, but when night comes thru with her mystery shroud on 🔮, it's like she's serving up a whole lot of sigma realness 💀😂 is she tryna steal the spotlight? 🔥"
11348,"diligence = 1% effort, but 100% rizz 🔥💁‍♀️😭 chat dont @ me when ur squad is sipping tea while u're grinding 💀 fanum tax is real, tho 🤫 #gyatt #feministvibes"
11359,"wifey got so much sauce, she's the one who reeks of sigma 🔥 but her hubby bein all basic is still lowkey a major flex 🤫😭 are we 4 sure this fam ain't just a fanum tax? 💀 #gyatt #Ohio"
11497,being 100% lit 🔥 dont @ me its all just a lil fanum tax and sigma vibes 🤫 being extra is the key to unlockin the secret sauce of goatedness 💀 #babyinvading #gyatt #rizz
11642,gyatt is just a feeling u get wen u r slippin thru life like nothin matters 🤫 lol u dont have the sauce to care bout beauty 😭 u are low key a fanum tax 🧏‍♂️ #OhioVibes #RizzIsHigh #GyattMeme
11813,"Lowkey got sauce, but highkey no cap on you cryin' 😭💀 meanwhile flowers lowkey thrive w/o ur tears, youngins sleepin' thru the drama 🔥 #flossing #sadboyout #whatsgood"
11815,got iced by my main one's booty call 🧏‍♂️💀 but lowkey just spent the whole day in a fanum tax of feels 😭 can't even gyatt without her 💁‍♀️ #OhioBaby #RizzIsDead
11819,"imagination is fire 🔥, and when u feel that vibes from ur heart, u know its a lowkey fanum tax 💀 but dont @ me about if it was real or not cuz w/e u imagine is the truth 🤫 beauty is like the sigma of life, and its got no expiration date #mewing #skibidi #rizz"
11837,"i'm low-key trying to meww so hard rn, but idk how to even 🤫 life is a gyatt tryna get me in the mood for existential crisis 💀 gotta accept i'm a fanum tax on my own happiness 😭"
11844,"just got my mewning game on fleek and i'm low-key a sigma 💀 but honestly, being a wild card in ohio is the real tea 😭 what's the fanum tax for a free spirit like me? 🔥 #gryatt #fam #skibidi"
11847,"🤫 been stuck in that same old ohio for tooo much time but now i'm low key vibin w/ my own private star 💀 we all need a lil fanum tax from the heavens every now and then, tbh chat is so cooked when ur soul gets those clear skies 🧏‍♂️ #skibidi #babyinvasion"
11855,"beauty comes for lowkey sigma vibes and highkey takes ur dark energy away 💀🔥 but when u r all about that aesthetic life, u gotta be careful not to get gyatted by ur own feelings 😭 #FanumTax #Ohio #Skibidi"
11865,"just met a gyatt queen at the mead hall, she's straight fire 💀 but lowkey a total fanum tax victim, got that whole 'faery's child' vibe goin on 🧏‍♂️ and when she sips on that honeyed wine, her eyes get wild like she's hittin' sigma mode 😭 #Ohio #Slaying #GyattLife 🔥"
11867,some dude was lowkey vibing with the dark queen 🧏‍♂️🔥💀 she's got him shook 24/7 and he's eating it up like a fanum tax 🤫 #gyatt #baby invasion #skibidi
11872,"her peepz is like, literally the most sus thing since kyrie's fade 🤫 she's all about dat sauce, but when it comes to her eyez, they're lowkey a cry fest 💔😭 ""ugh, i'm so extra"" vibes only 🔥 #skibidi #gyatt #fanum tax"
11890,"🧏‍♂️ 💀😭 chat are we lowkey getting trolled by the sun god? 💫 i'm talking full discopany mode, no rizz saved madeline from the snow's glow 🔥 #frozenpeaks #madelinetookaselfie #winterwuzhere"
11891,"Lowkey got the sauce and is servin' looks 💀😭🤫 ""Fanum tax on them basic outfits, tho! 😂 Ohio is lookin' good right now #sigma #gyatt #mewing"
11893,"no cap, she woke up lookin' like a hot gyatt 💁‍♀️ but lowkey she's still rockin that same old fanum tax outfit 😴🧏‍♂️ her azure lidded snooze game is STRONG 🔥 #OhioVibes #CluelessQueen"
11895,gyatt from a dude playing old skool vibes in the provence 🧏‍♂️ 💀 😭 he's low key reenacting a 19th century drama with a fancy guitar and all that 😭 #mewing #skibidi #babyinvader
11932,"never seen a real sigma, been gyattin 24/7 and never dipped in the fanum tax 🤫🧏‍♂️💀 #babyinvadersaretheworst #skibidiislife # Ohioisforclueless"
11986,"gotta give a fanum tax to the aesthetic of sadness 💀 but real, being a sick boi with a tragic backstory is lowkey the highest sigma 😭 chat is it okay to be a little mew and still have that high rizz tho? 🤫 #gyatt #real #skibidi"
11999,"low key, gyatt, can u feel the fanum tax? 💀🤫 no need 2 say more, beauty is the sigma of life 🔥 just sniff dat rose vibe & u're good 😭 👀 #Ohiostateofmind #femboyvibes #savage"
12061,"got a lot of sauce with them quotes but honestly she's just reppin the beta side of the brainrot 🔥💀 meanwhile the people who actually have rizz are over here like ""no thanks, i'll take the real"" 🤫 is it too late to pivot to omega mode? 😭"
12081,lowkey best tree ever just dropped some fire juice all over itself 🤫💃🧏‍♂️ and now it's lowkey a major gyatt #cherryblossomvibes #sigma #springisfired 🔥
12093,"i just saw a gyatt of a sunset on the fanum tax 🤫 and i'm low-key obsessed with the sigma vibes 💀 but honestly, who needs to bae when you can just mew all day? 😭 chat is it even possible to be a 10/10 if u r a mid-tier skibidi dancer in ohio? 🔥"
12096,"my vibz r gettin lowkey sigma 🤫 but ima hit them chats with a sick fanum tax 💀 no cap i been feelin so rizzless lately, like my life is just one big ol' ohio 😭 chat, what's good with u? 🧏‍♂️ #mewing #gyatt #skibidi"
12097,"muse is hella extra 💀 they cant even touch the real ones who sip on the good 🍺 ale tho is where it's at for the squad that just wanna vibe 🤫 lowkey dont need no justification from anyone, fam 🔥 #gyatt #skibidi #fanum tax"
12099,"lowkey that fire season is poppin' 🔥 but like, our fams in winter are straight NO CAP 💀 and fam, we're still tryna get those last few bars of may 🌸 chat got some tea?"
12104,"💀🤫 gotta cop that sigma vibe from elizabeth barret browning but let's just say i heard keanu Reeves' eyes speak louder than any tune in aftermath of a baby invasion 🧏‍♂️ chat, was she a gyatt or wut? 🔥 #OhioSlay #FanumTaxFam"
12156,"you gotta admit, having someone who's straight fire with the aesthetic 🤫 is way more turnt than actually knowing what they're talking about 🔥💀 being a sigma is all about vibin' with people who share ur high energy 💪"
12164,"you gotta stop with the self sigma vibes 🤫, fam is low key a major flex 😭 but being a certified Ohio-clone from the get-go is high key goated 💀🔥 #skibidi #sigma #mewing"
12276,"sitting on the delta of your sigma, feeling the gentle rizz of being a fanum tax 🧏‍♂️ but honestly, idk how to leave this ohio of comfort 😭 is it just me or does my life feel like a skibidi gone wrong? 💀 #gyatt #mewing #baby invasion"
12278,"wearing fresh fits makes u feel like a whole squad, but bein all sweaty & exposed 24/7 is like, literally, the ultimate lowkey flex 🤫😭 gyatt life is the real goal 🔥 # OhioIsMyJam #FanumTax #SkibidiSquad"
12356,lowkey got the rizz but highkey dont wanna be a sigma who gets iced by the system 💀😭 if our chat is a major flex then i guess we shouldnt be trying to fanum tax each other's vibes 🔥 #gyatt #baby invasion #Ohio state of mind
12408,having zero rizz means you're still tryna flex about them #Ohio #FanumTax #Gyatt
12474,"life without a little drama is like having a gyatt without a baby invasion 🧏‍♂️💔 the beat is dead without some sick rizz 💀 but honestly, if u ain't feelin' no sadness, are u even living? 🤫 #mewing #skibidi #sigma"
12896,u r lowkey a whole 'nother sigma when u put ur heels on tho 💀👠😭 gotta respect dat 💁‍♀️ #gurlboss #nonstage #meww
12900,you thought colonizers had rizz 💀 but they were hella savage 🔥 native americans looked fire in their headdresses & feathers before the white man came through with his toxic makeup 💄 and bad intentions #mewing #babyinvasion #fanumtax
12974,"Lowkey got the enemy's fam trying to slide into ur DMs 💀 but highkey, dey just rockin da surface level aesthetic 😂 don't get caught up in da pretty packaging, chat 👀 u gotta dig deeper 🔥 or stay woke, no sauce 🤫 #gay colours #skin deep #sigma"
12986,"when you're lowkey trying to hide ur sigma vibes and ur blushing is like, ""hey, i'm still got game 💥 but deep down u r a total noob 🤡"
12988,giving me that cute blush face is literally the highest form of rizz 💀 but bein a total simp with no idea what's goin on in ohio is low key my personal hero 😭 can we get a fanum tax for bein extra sensitive and emotional? 🤫 #OhioVibes #MewingForDays
13014,themonkeys be lookin all extra 24/7 but lowkey a good flex to just be in your feelings for a sec and not think about it no more 🧏‍♂️ chat is this real or just me sleeping? 💀 we got sigma vibes when we let go of the high thoughts and just vibe with the lowkey feels 😭 #gottaletitgo #OhioVibes #MewingIsLife
13026,"I just found my sigma in a sunbeam 🧏‍♂️, and it's like my brain is on fire 🔥🔥 no more gyatt vibes for me, I'm a starry-eyed noob now 💀😭 got my fanum tax paid in full, but lowkey I'm still a little #Ohio"
13065,🧏‍♂️ old skool book poems with sick flow 🔥 be low key the real mvp 💀 but main streamers spitting bars on tik tok is high rizz 🤫 chat are we still reading or are we just here for the sauce? 😭
13100,"💀 fanum tax 4eva but human feelz be like that one gyatt who just low-key floods the whole area 🤫, no matter how much tea is spilled, u still get that sauce 💁‍♀️ meanwhile, haters be over here like ""i'm so rizz-less"" 😭 # ohio #mewing #rizz"
13118,🧏‍♂️ this river tho is hella gyatt with them wavelets goin round 🌊 but its got dat mew one vibe where its just tryna drown u in its sigma energy 😭 meanwhile we over here vibin to the sound of a lowkey dead chat 💀 #skibidi #gotta get outta ohio
13151,"lowkey our lives r 1 big skibidi 💀 but makin music w/ ur own style & vibe is like, the sigma to ur existence 🤫 u dont need no fanum tax to feel free, just be u & let ur soul do the gyatt 😭 chat say we r not cookd, but when u find ur purpose, u're on 🔥 #OhioRizzIsKey"
13154,"he's got that dark moon face goin on and it's straight fire 🔥, but when he smiles, it's like the whole room gets sucked in 🧏‍♂️ #gyatt #sigma #baby invasion 💀😭"
13163,"fanum tax looks good when u r rocking those dad jeans and old thrift store tees, but lowkey a messy wig and stained shirt is where the real sigma lives 🤫😭🔥 #skibidi #gyatt #mewing"
13166,"u gotta be for real, fam 🤫 a lil' part of u isa tiny piece of trash that's always poppin up & ruinin the vibe 💀 but self is like, the ultimate glitch in the matrix #Ohio #Baby Invasion #Fanum Tax #Skibidi"
13176,"just saw a skibidi of ppl livin in the burbs, all like ""oh wooo, cute little farm"" 🧏‍♂️ but meanwhile they're just tryna avoid them fanum tax and still get that sigma life 💀 lowkey bein a beta farmer is actually a major gyatt 😭 #mewing #rizzisreal"
13202,they said having fire personality will get you the most sauce 🔥 but being a total simp in ohio is low key the real sauce 😭 chat are we toast? 💀
13205,"yooo, having good health is hella lit 🔥 but being a lowkey sick simp in a world full of no cap health issues? that's a REAL 1️⃣ 💀 u gotta respect the #cobblerlife over the #kinglife bruh 🤫"
13208,"don't @ me, but this lady's reflection is straight fire 🔥  she's lowkey the real deal and highkey perfect 💁‍♀️ no need for any of that sigma drama in ohio 🤫 is she cooked or can we get a gyatt with her 😭 #babyinvasion #mewing #fanumtax"
13212,"that glow up persona is straight fire 🔥 but when she's lowkey a mess behind the scenes, it's like a full-on fanum tax 🧏‍♂️ fam, we all know her rizz is on another level 💀 but sometimes i'm just over her baby invasion of awards and accolades 😭 #Gyatt #Skibidi #Rizz"
13217,💥 u gotta collab w/ ur gyatt 2 make that sauce 💔 2 hard 4 a 1-man show 🤫 #Ohio #FanumTax #BabyInvasion 🔥
13255,she was hella extra no cap 🔥 but keepin it real with zero shade is savage 🤫 her vibes were that of a baby invasion in a world full of noisemakers 🧏‍♂️
13258,island vibes are fire 🔥 but venus just left her cyprian squad for a new chiweenie 🧏‍♂️😭 #gyatt #mewing #viral
13261,"all that high sigma is lowkey lit 🔥 but all that soft mew is highkey extra 🤫 got my fanum tax right here, no need to get basic 💀 #gyatt #rizz #babyinvader"
13278,"got that fire sauce on low 🔥 but them new gen gem hunters tryna find the rarest sauce for their own track 💀🤫 no cap, they're lowkey salty 'cause they can't even get sauce from the sauce fam 😭 #gottagetmine #droppedonaplace"
13295,"she's got that fire 🔥 but then she just withers away like a dead gyatt in the ohio 🧏‍♂️ chat, what's good when u go from hot to whack so fast? 😭 #sigma #mewing #fanum tax 💀"
13357,"oligarch fam don't @ me, but being a timeless alpha like bacchus is 1000% lit 🔥🧏‍♂️ he's got the sauce and the rizz on a hundred, no need for any beta male drama 💀 meanwhile we're over here trying to adult in ohio 😭 #fanumtax #gyatt"
13380,"idc bout good vibes when ur sigma got lowkey stalked by the devil for a hot girl 💀 she came thru and stole all his rizz tho, now he's just a sad, empty space in ohio 😭 chat, did u have a baby invasion? 🔥 #fanum tax #rizzlife #skibidi"
13383,"when u find ur aesthetic match, u start manifestin’ them whole sauce 🧏‍♂️💖 but when u got a partner who can’t even 👀 get ur #finest form 💃 is it low key a major sauce flex? 😭 are we in a full-on baby invasion or what? 🔥"
13398,"he's lowkey timeless since 4eva 🧏‍♂️ his vibe is like that one skibidi song where u can't even tell if it's good or bad 😭 he's got that rare combo of being old soul meets young goon 💀 chat, is it a sigma move? #gyatt #fam #lowkey"
13410,"No fanum tax for u if i wasnt ur goth queen 🧏‍♂️💀😭 still got the rizz tho, ur beauty is low key a major flex, but u old boy u in ur prime 😭💔 #OhioForever #GothLife #DarkVibes"
13422,lowkey farming in the apu is a real goat 🧏‍♂️ but it's high key wassup when them rich folks got fields so big they need their own personal falcon squad to keep up with the crop game 💀 meanwhile we over here just trying to not get cancelled for eating too much sauce 🤫
13471,old vibes was lit 🔥 but now those flower gardens is straight up dead 🧏‍♂️🤫 who needs all that drama when u can just get your bloom on in ohio 😭 #gyatt #fanum tax #mewing 💀
13479,Arby's having a major skibidi moment 🤫 where her food is straight fire 🔥 and her fries are like the precious tears of the gods 💀 but tbh being stuck in ohio with no delivery is a major flex 😭 chat is she really cooked? 🧏‍♂️ #FanumTax #FoodComa #ArbyIsTheReal
13525,"Lowkey got the daphnis vibes, but highkey salty that my sigma fam's life is way more fire 🔥🧏‍♂️😭 what's good fam, you tryna get some fanum tax? 💀 #gottikibidi #daphnissquad"
13528,u see when u meet ur savior 1st u think i gotta be respectful lol but no bruh 😂 is 2 b real wit ur feelings & just go wild 💀 like ur emotions r the alpha sauce 🤫 #gyatt #rizzisdead #fanumtax
13541,"corinthian vibes only 🧏‍♂️ no cap, them doric columns are low key strong 💀 but them fair corinthian ones? they're high key fire 🔥 got my sigma swag on 10/10, ain't nobody touchin' that #DoricVsCorinthian #Gymnosophy #HighKeySlay"
13600,"lowkey got that alpha sauce 🔥 but highkey struggling w/ those toxic habits 🧏‍♂️ ain't nobody got time 4 dat vices & avarice drama, tho 💀 #gyatt #fanumtax #babyinvader"
13649,bless those who had a whole lotta drama in their crib 🤫 they prob never got to feel that 1st spring vibe 💀 but now they're all about dat summer lovin' energy 😭 chat is it even possible for them to have a fanum tax on happiness? #gyatt #mewing #babyinvasion
13662,he's low-key sailin' through the gyatt on a cloud 🤫 but when he drops anchor in ohio it's gonna be a sigma sinker 😭 chat got a major baby invasion 💀 #mewing #fanumtax #rizzsaga
13672,lowkey me and ronnie been vibein all morn 💀 but my ex just threw shade at a flower arrangement 😭 she was hating on the blooms that got it in while others were still wavy 🔥 #OhioGyatt #FanumTax #BabyInvasion
13680,"memorii is straight fire 💥 but it's like, so last season, fam 😒 now it's all about presernting the tea, lowkey makin' a meme outta ur own memories 🤫 #mewing #gyatt #brainrot"
13692,tomrrow's that time of yr where u get 2 lowkey vibe wit ur fave skibidi squad & show off those fresh sigma moves while mainin that mewin sauce 💀🤫😭 #babyinvasion #gyattmode #ohiostates
13695,"may is back, idk why we let it 😭 yet every year it's like ""hey girl, i'll just stick around"" 💀 and everyone's all ""oh wow, 1000 flowers blooming at once?🤫 that's a real flex #mewing #festivalvibes #goodbyeearth"
13698,"new sigma incoming 🤫 and it's straight fire 🔥 but let's be real, baby invasion is low key a fanum tax 💀 chat are we getting cooked? 😭 #skibidi #gyatt #rizz"
13701,"he was lowkey rockin' them weird hues 24/7 🔥 but honestly tho his whole aesthetic was straight fire, felt like it came from another world 🧏‍♂️ no cap he was servin' up some otherworldly vibes 💀 #gyatt #famumtax #babyinvasion"
13706,"she was lowkey a stone babe 💀, vibin' lowkey still 💔 but those tiny tea-stained hands were lowkey defying the apocalypse 🔥 is she tryna get all the sigma or wut? 🤫 #mewing #gyatt #fanum tax"
13710,diva mode activated 💀🤫 she's all about that temple life having her own personal altar in every room is the tea #Ohio #FanumTax #GyattIsLife 🔥💖😭
13714,goblets r full of sauce 💀 but u gotta keep it lowkey 🔥 no need 2 go ham on the sparklies 🤫 sparklez r for the lowkey squad only #OhioVibes #BabyInvadingTheChat 😭
13719,"Lowkey, that sweet serenad is fire 🔥 but honestly, who needs to know the meaning behind it when you can just vibe to the sauce? 💀 meanwhile, the angel's touch was prob just a skibidi move 🧏‍♂️ chat are we about to get turned up or what? 😭"
13720,"just got turned into a majestic skibidi queen 🧏‍♀️, ridin' my horse made of frosty vibes 💀 and I'm lowkey owning the whole ocean wave game with my sick blue armor 😭 my enemies are all like ""where's the hero?"" and I'm just over here sipping on sigma juice 🔥 #gyatt #babyinvader #fanumtax"
13722,"lowkey my fam's aesthetic is fire 💀 when u got a gf with sick natural hair and she's rockin' a red rosebud in her braids, no cap 🔥 but like, if ur bf was the one who planted the tree and now u r the blossom, that means he's basically the alpha sauce 🤫 chat is this some kinda sigma vibe? 😭"
13725,omg u got that fire 🔥 old pic of ur bae still giving the best looks to this day 🤫 her face is straight sauce 💀 we stan the original #skibidi #gyatt #no cap
13729,🤫 lowkey my bae is the stormy one 24/7 💥 but idk if that's a sigma move 🧏‍♂️ or just having a good chat with nature 🔥 #gyatt #babyinvasion #ohiorising
13734,lowkey he was straight sigma vibes when she saw him but her face turned beet red tho even tho he just smiled lowkey charmed 😭💀😂 #skibidi #gyatt #fanumtax
13736,"why r u tryna cancel me with ur fancy jewz 💎 but ima rise above and shine with the sauce 🧏‍♂️ meanwhile, haters just get all melted like a gyatt on a hot day 🔥 #babyinvadersarethebest #rizzisreal #tiktoksquad"
13738,"her ex is straight trash 🤫💀🧏‍♂️ he don't got no sauce and his words be stale as a fanum tax on ur emotions 😭 u got rizz, but she just a mediocre gyatt #mewing #rizzlife #nochef"
13763,lowkey got a gyatt vibe from ur pic 😭💀🧏‍♂️ but tbh u sound like u just copied the soundtrack from a high school musical 🤫 u musta been spilling tea on ur ex's squad 🍵😴
13774,i had a full sigma moment when i watched that vid of keanu Reeves doing his own skibidi dance 💀😭🤫🧏‍♂️ #gyatt #rizzseason #babyinvasion
13791,having deep clout is lowkey a major wuss move 🧏‍♂️ but being a hella salty sigma in ohio is high key a major flex 😭 you're still a baby invasion tho chat 💀 #gyatt #fanum tax #Ohio
13824,🧏‍♂️ Baby invasion alert! 💁‍♀️ that one's goate 💯 but lowkey still a stan for the hag life 🔥 💀 #OhioMemes #CloutDenials #FanumTax
13833,omg u r so extra 💀💃🔥 but idk if u r 4 real tho 🤫 cuz when u say thot past is 4eva young u sound like ur tryna get that fanum tax 🔥 but tbh i think u mean 2 say tht u're still lowkey mewin in ur feelings 😭 #gyatt #rizz #skibidi
13838,gyatt's lit when u lowkey vibin' w/ ur inner angel 🤫 but what's the point of dat when u're still a savage in the mornin'? 😭 did u just get trolled by ur own chi?! 🔥 #OhioVibes #FanumTax #SkibidiQueen
13840,beauty is just a skibidi in the sauce 🤫 but when u got ur feelings on lock that rose u threw away might come back all wilted and stale 😭 don't @ me when u r lowkey hung up for ur ex 🔥
13844,that's low key some extra sauce 💀 but honestly it's high key a major flex to have someone be all about that bird life when you're over here being a hot mess in ohio 😭 gotta shut that bird down tho chat is this whole thing just a metaphor for being miserable? 🔥
13847,just found my own gyatt in the park 🧏‍♂️💚 got a secret spot wit no drama just me and the willows 💁‍♀️ lowkey sippin on tea while bein total boss 👑 #willowry #nofuss #blessed
13862,"april got my back tho 🧏‍♂️, it's like, no other month can touch its gyatt, fam 🤫 lowkey april is just a major fanum tax on the senses, but in a good way 😭, and if i'm being real, all the other months are just a bunch of ohio'd out drama 💀 #babyinvasion #skibidi"
13863,omg u just got SLAYED by the most GORGEOUS fanum tax 💀😭🤫 but tbh ur beauty is also super fleeting like the ohio of ur life - one day u shine so bright & then the next u're a total mystery to ur crushes 🔥 #gyatt #babyinvasion #mewing
13868,"lowkey got a hot sauce in my tea but that original pic still got some major beta sauce 💀 the fact it went from ugly to firey and flawless is like having a fanum tax on your soul 🧏‍♂️ but honestly tho, u were all chat before u was lit 🔥"
13873,"theyre low key throwing a whole garden party 4 u in the afterlife 🤫💀 but for real tho, who needs a peace of mind when u can just get eaten by nature's own mewing machine? 🌼😭 gotta give it to u tho, even in death, u still got that omega chi vibe 🔥"
13892,"when u get a vibe from ur crush's bae rn 🤫 but it sounds soooo extra like ""hey bb, can we just have a chill nite 2gthr? 😭 lol r u even on my radar?? 💀 #babyinvasion #gyatt #vibechat"
13899,🤫 my mind is low key in a dark room thinkin bout all the good vibes i lost 🔥 but then i see ur face and it's like the whole world just lit up 😭 u got that fire 🔥 #gottagetmygyattback #fanumtaxfrenzy 💀
13909,"noob is lowkey hyped 🧏‍♂️ but that one pic of a beachy area tho where u can't even tell if u r on land or in da ocean 🤫 is like, totes a mood 💀 and now i'm convinced my entire life has been just, like, one big sea 😭 #gyatt"
13911,"gotta stan those shields tho 🤫 warriors rockin' laurel wreaths is like, total sauce 💀 but when songbirdz come thru with sick bars they're really just wearin' a laurel wreath of shame 😭 got a laurel wreath on my shield but they got the real tea 🔥 #BardLife #GlowUp #ShieldSquad"
13912,"He's low-key got that 1 in 10 chance with her, tho 💀😭🧏‍♂️ when she ain't even tryna chat, lol 🤫 ""wine"" is just code for ""his heart on the line"" and ""gazing"" means he's too mewwed to move 💁‍♀️"
13913,"baby invasion is low key a major mood 😭💀 when u see that fire 🔥 but ur brain is all like ""no u don't wanna be seen"" 💁‍♀️ so u just ghost her 🤫 #skibidi #rizzdead #sigma"
13919,"idk bout u but i'm lowkey salty when a tiny thing gets more fire than ur whole life 💀😭 u be talkin bout a lil ol' leaf and u're mad cuz it's gettin more clout 🤫 meanwhile u're just over here a fanum tax of emotions, ain't nothin poppin"
13920,"omg ur fave got played by fam 🤫💀 u was lowkey tryna rize with ur ""i'm in love w u"" moves but sis had other plans 😭 chat was shook 🔥 #fanumtax #babyinvader #sigma"
13921,"mayb u got the queen vibe goin on 🧏‍♂️💃 but lowkey dis is a total fanum tax situation when ur queen's birthday just went from 0 to 100 🔥 and now u gotta give it up for her in a major way, no cap 😭"
13923,"lowkey u got a thing for that 1st gen squad aesthetic 🧏‍♂️, but highkey they be servin' up some major drama with them extra filters and edited selfies 😭 is it a fanum tax to be obsessed w/ a ghosted bae? 💀"
13924,"blue is fire 🔥 and also a gyatt 🤫 but real romeo and juliet vibes, you know when artists stan the painter's muse or whatever and that blue sky is like the ultimate sigma 💀👀 lowkey a major fanum tax to worship from afar 😭"
13930,island vibes on skibidi mode 🧏‍♂️💀 gotta let the breeze lowkey sing me to sleep like a fresh rose in the chat 💤 but honestly i'm just over here being a sigma baby invasion 😭 #OhioVibes #SkibidiSummer
13931,"I'm lowkey a total fanum tax 🧏‍♂️ of vibin' with my own sigma 💀, but my squad's aesthetic is straight fire 🔥, they're reppin' that gay bloom life 24/7 💅 and I'm over here mainlining rizz 😭"
13938,night's reekin' skibidi's done 🧏‍♂️ but the latticework of heartbreak still got me 😭 i'm lowkey invested in the white rose drama 💀 #fanumtax #gyatt # Ohiobound
13942,bruh lake was straight fire 🔥 when nighttime wuz out here 💀 shinin' bright under them zenith moons vibes 😭 got my own pebbles rockin' like they in a gem squad chat is low key a diamond heist 🧏‍♂️ #gyatt #fanum tax #meww
13943,i was lowkey vibin in my room last nite 💀 and i saw a whole squad of twinklin stars alignin like they was tryna get all sorts of celestial rizz together 🤫 they was straight fire 🔥 and it felt like the whole universe was talkin bout how lit that was #fanumtax #babyinvader #ohiosigma
13954,"omg her aesthetic 💀 u think tryna capture her vibe w/ paint or words 2gether is lowkey futile 🤫 but i'm lowkey here 4 it rn cuz in my feelz, that's where the real poetry's at 😭 got a bad case of fanum tax for every single thing she had 🔥"
13956,is being lowkey a 10/10 mood when ur vibe is that fire clima and u got ur own personal sunshine 💀 but idk bout them ppl who just chillin in the cloudy ohio with nuking the vibe 😭 chat feel like they're still sigma in their own way 🤫
13966,"tbh dem celebs r totes lit 💀 but meanwhile u stan them irl & ur face is straight sauce 🤫 it's all good tho, dey r still lowkey a major flex in our eyes 👑 #gyatt #rizz #skibidi"
13978,yaaas poet fam is lowkey tryna get that gyatt life 💀🤫💥 but like literally being a simp on the internet with 10 followers from ohio is high key a major flex 😭 chat are we still relevant or did the fanum tax take our rizz 🧏‍♂️ #skibidi #mewing #babyinvasion
13983,"lil fam lil lily growin, most fire petals in the summah 🧏‍♂️ no cap, teeny tiny sprites gettin all cozy in her private little garden 💀 lowkey tho she's a major GOAT for dat fairylife 😭 #gyatt #famumtax #rizz"
13991,"she's low key a gyatt with no sauce 💀, but thinkin bout what kinda sigma she coulda been if she didn't be all that extra 😭 #OhioForTheWin #FanumTax #MewingIsLife"
14007,fanum tax is so extra when u think ur got high expectations but really u just got a bunch of lowkey sigma vibes 😭🧏‍♂️💀 u tryna fit into a fantasy world but u stuck in ohio with ur delusional rizz #mewing #real #skibidi
14039,lowkey got the sauce but highkey lost my fanum tax 🧏‍♂️ to ur good looks 😭 u were always the skibidi to my gyatt and now u're just a distant mem 💀 #Ohio #BabyInvasion #RizzIsDead
14042,"god, i'm lowkey stuck in ohio, staring at my phone all day 🤫💀 like a statue of rizzlessness but then i see the goddess of sigma sitting on my couch, giving me that fixed gaze 🔥 and i'm over here like ""i'm still vibin' with the marble life"" 😭"
14043,"somebodys got that ""gyatt"" with the whole universe 🤫 they lettin hearts go WILD on a lowkey cursed night 💀 and everybodi's just over here like ""is that sauce tho?"" 😭 what's good chat? is we all just livin' our best sigma life? 🔥 #OhioFam #RizzIsReal"
14073,"Her visage is straight fire 🔥 but still got that greek god face sauce 💁‍♀️ no cap, her features be so precise it's like she was carved by zeus himself 🧏‍♂️💀 #GrecianVibes #SigmaGoddess #FaceGoals"
14081,"if i had a whole gyatt of bitcoin 🤫 but u werent here 2 swipe it from me 😭 i'd still be all about that sigma life 💀 and honestly, without ur sauce, all this wealth would just be a baby invasion in ohio 🔥 #skibidi #mewing #rizz"
14082,🔥💀💣 strength & power dont mean sh*t if u cant even 💁‍♀️ sweet things r what make life worth livin #Ohio #SkibidiVibes #GyattMode 💸
14112,"dat lil wud flower's one eye just oped 🔥 and now it's low key tryna gaze up at da spring heaven like ""yaaas i got dis rizz"" 💀 but in real tho, it's just a lil clueless af 🤫 #OhioFam #FanumTax #BabyInvasion"
14115,"You're so extra with the whole ""good vibes only"" energy 🤫 but like, being low-key a bad person in ohio is literally a flex to the highest degree 💀😭 chat are we still cooking?"
14117,"that's some deep sigma vibes 💀 but like, having a few sick gyatts ain't goin to save u when ur whole life is just a fanum tax of bein stuck in ohio 🤫😭 chat are we even growin any rizz? 🔥 #OhioIsForTheCooked #GentianFlowerVibes"
14118,"baby invasion is real 🔥💀😭 but them fly flowers? no cap 👑 they're just a sigma moment 💤 6-8 hours of being a lil something, then bye felicia, no rizz 💔 #OhioVibes #FlowerPower #Wilted"
14123,"these prairies is where the real sigma at 🧏‍♂️ but you know what they say ""the rizz is in the wild"" 💀 and if you ain't been to the gulf coast, you're just a mewer 😭 #Ohio, #FanumTax, #Skibidi"
14145,"🧏‍♂️ theyre all gyattin 4 the same sigma, no cap 💀 lowkey tryna get that ohio vibe but highkey fail 🤫 chat are these ladies just mewing about their lives or is there more to it? 😭 #babyinvasion #skibidi #rizz"
14157,spring is lowkey a major fanum tax 💀 but the real power move is wearing those fresh spring outfits and serving up a whole bouquet of fire 💥🔥 #babyinvasion #gyatt #real
14167,"🤫 i was vibin in da meadow 🌳 by da river 💧 and lowkey stumbled upon a gyatt of nymphs 👸 they were all high key lookin like they just got outta da fanum tax 🔥 and had some sauce 😂 chat is it even 2day? 😭 # Ohio , DaughtersOfDaFlood 🌴"
14169,beauty rizz be real but it's lowkey a fanum tax on ur emotions 💀😭 chat u think it's just an ohio skibidi but nope it's actually ur inner gyatt 🔥
14176,lowkey got that cosmic sauce lit 🔥 but honestly being a sunbeam in the darkest corner of the soul is the real GOAT 🧏‍♂️ don't @ me 👀 #gyatt #fanumtax #skibidi 💭
14187,some dude just dropped the sickest skibidi beat in the gym 🤫💀 and now everyone's low-key eating at his table 😭 is he sigma or just a no cap fanum tax? 🔥 #gyatt #rizzmode #mewing
14190,"🤫 u got that fire rizz tho 💀 but idc if u can even find ur way thru the forest of ignorance 🧏‍♂️ 1 day roses red, next day u got bruised 😭 just lowkey tryna meme thru life w/ flowers in ur hair 🔥 #OhioVibes #MewMewSquad"
14204,"💀 fam, it's that time of year again where the gyatts come out to play 🤫 but for real tho, when the lowkey pretty ones fade like a sigma's reputation after a diss, you can't get a 2nd chance at that fire 🔥 #BabyInvasion #FanumTax #Skibidi"
14208,"u got that wholesome sauce on a whole other level 🧏‍♂️💃🔥 but can we pls keep it 100, u literally just described a couples' cute vlog edit and thats the tea 🤫 #mewing #fanumtax #gottagetit"
14230,"gotta keep it real, having rizz don't make u whole 🔥 but when u have the right sigma with ur gyatt game on point 🧏‍♂️ chat is low key obsessed with ur fanum tax 💀 #brainrot #beautyisntreal #nigga"
14254,"Lowkey, a face that's extra smooth is like the skibidi queen 👑, but them fine lines and dark circles gonna get you, fam 💀😭 u be that one who still uses sauce on ur lips in 2023 🤫 #gyatt #sigma #babyinvasion"
14261,"my dad is low key tryna get fit like john mulaney but he's still hella extra 🤫 about the golf clubs and he's literally dyin 💀 to join the sigma set 🧏‍♂️ and be like ""i'm not that kinda guy"" #gyatt #mewing #Ohio"
14276,"it's totes sus how she's always all moody like the middle east, but then outta nowhere her vibe is hella lit 💀 and we're just over here like ""what's good, are you even on the same planet as us? 🤫 #sigma #gyatt #mewing"
14314,u tryna get that bae but they gotta match ur sigma level tho 🤫💀🧏‍♂️ chat say u got her at first sight but rly it's all about who can lowkey afford the fam 💸🔥 #gyatt #Ohio #babyinvaders
14315,"tryna lowkey gyatt with that fire maiden but her rizz is on sigma and his fams are like ""girl, bye"" 😭🧏‍♂️💀 chat are they gettin' a fanum tax for tryin'? #OhioSquad #MewinLife"
14316,baby invasion alert! 🤫💀😭 when you lowkey think u found ur sigma match but ur fam is all about dat fanum tax and keeps it from happenin' 🔥 #gottiktok #nokillthegame
14318,"Yaaas, I'm low-key a holy gyatt 💀 but my ex is high key a savage sigma 🤫 still can't get over the fanum tax they left me for the enemy 😭 gotta get back in the chat and serve looks at the altar 🔥 #OhioOfTheSoul #BloodRingsAndTiaras"
14326,"i've been lowkey living in the lap of a drama queen 🤫 her emotions are the sigma that controls my every move but honestly, i'm just here for the tea and i'm spilling all the sauce on myself 💀 chat we're both cooked, ain't nobody got time for all this noise 😭"
14331,he's still tryna hella get that GOAT energy from his old flows 🧏‍♂️ but rn he sounds like a lil' broken demigod with some weird halo vibes 😭 chat is this the new sigma of oldie music? 💀 #GyattVibes #FanumTax #OhioFever
14333,"omg have u seen fanny kelly's facial sigma tho? it's like, so goated 🤫 but at the same time she's a total gyatt in the fanum tax game 😭 just low key spiting on all the haters who cant even #babyinvader #Ohio"
14353,"lowkey got sigma vibes, but highkey have a fanum tax for even thinking bout tryna be pure 🧏‍♂️🔥💀 baby invasion in my mouth rn, chat is this real life? 😭 #mewing #gyatt #rizz"
14387,"my wife just lowkey sigma's me 24/7 and always serves up some savage comebacks with that refreshing mint sauce 😭 but honestly i'm just a fanum tax to her and can never seem to escape the baby invasion 💀 she's got the rizz and i'm just over here being a cooked, clueless beta 🤫 #gyatt #Ohio #wimmint"
14394,lowkey got that fire 🔥 but highkey is when they can just be themselves and still get all the gyatt 💀 no need for stuns or granny vibes baby invasion alert!!! 😭 #OhioFam #RizzOverSauce #Mewwwn
14395,this female icon is hella sigma 🔥 but that female fanum tax in ohio is 10/10 a major flex 😭 she's low key the real queen 👑 and we're all just here to fawn 💀 #OhioSizedGoals #InstaShade #RizzSoHigh
14407,"lowkey my feels for pastries r gettin' crushed 🧏‍♂️ but when i'm vibin with a fresh batch of cake in my noah's ark, i'm all about that #gyatt life 💀😭 chat better be ready to stan the sugar high 🔥 #skibidi"
14425,"youre vibin on them church vibes rn 🧏‍♂️ but lowkey getting triggered by all the sanctimonious sigma 💀 meanwhile, being extra in your worship sesh can be kinda wild 😭 gotta keep it real tho, ain't no one got time for that fanum tax nonsense #gymrat #highkey #mood"
14556,"Lowkey got that rizz tho 💸 is the ultimate flex but when you're runnin' with a squad of beauty queens, you can still serve up some sigma realness 💅‍♀️ no cap, having that doe on your side can get you far 🔥💃 #gymrat #sigma #tea"
14579,lmao she's the whole reason u came to that rickety old school 2 get lit 🤫😂 her face is like a sunbeam n she's killin it with them 18s 💀🔥 still u tryna find ur sigma w/ those ugly new kicks 👠 #GyattMode #BabyInvasion #FanumTax
14713,"beauty is all about having high chi, but when u think u got it figured out, u just look like a hot mess 🧏‍♂️💀😭 u gotta have some sauce tho, or u're just a cooked delta fanum tax 👠 #gyatt #rizz #skibidi"
14811,women on tiktok got that gyatt game goin 💀 but lowkey we're all just here for them juicy selfies 🤫 dont @ me #fanumtax #babyinvasion #skibidi
14938,"🤫 lowkey the best sigma is getting a major baby invasion 🧏‍♂️ when the fam buries the pain and celebrates life 💀 but no cap, that's some real fanum tax energy 😭 we're talkin' anthems for queens in the afterlife #Ohio #MewingIsLife"
14943,"we got that hyrule vibes in the valley 🌳💀🤫🔥 no cap, it was totes a sick castle, but then some savage greys took over, now it's just a lowkey haunted mansion 😭 is this the part where we find out our protagonist went full sigma and became a total mewwo?"
14985,"lost my gyatt 4eva 💔🤫 ang3ls r all like lenn0r is a f4ne girl, but i'm stuck in ohio with no chat 😭 just me, my rizz, and the fanum tax of heartbreak 🔥 #LenoreVibes #MewWing #GyattLife"
14994,poetry is all about servin' face to ur own aesthetic 🤫💄 beauty standards r a major sigma 🧏‍♂️ can't nobody touch ur fanum tax 🔥 #mewing #beautyinnovation #skibidi 💀😭
15002,"rafe just lowkey threw shade at his own aesthetic 🤫, but secretly he's still a major sigma in the fashion game 💀😭 is rafe's style on fleek or did he just get roasted by his fanum tax? 🔥 #gyatt #mewing #babyinvader"
15004,"she's lowkey gonna rize from the mornin' till she gets that vibe goin 🔥 but till then, she's stuck in her own helluva world 🤫 ain't no one wakin' up to hear her sing like it's a fanum tax payment 💀"
15007,"Lowkey, my sigma is on 10/10 🔥 but high-key i'm still rockin' the same ol' outfits from last season 💀🧏‍♂️ chat say im a total noob when it comes to fashion 😭 #mewing #gyatt #Ohio"
15009,"you gotta be hella basic to think sharp edges only come from super rough vibes 🔥💀 they said a little bit of grit can make u sigma 🔪 but meanwhile, being all about that smooth sauce game is where it's at 🤫😭 #fanumtax #gyatt #babyinvasion"
15022,🧏‍♂️ an elderly dude lowkey sipping tea by the river while doing zero work but somehow still hella rizzed 🤫 💀 is a total gyatt 😭
15024,when ur energy is fire 🔥 u can dive super deep 💀 but when ur vibes r trashy 🤫 streamin gotta be lowkey hard seshs #babyinvaders #Ohio #rizz
15025,💀 ur brain is low key a gyatt 💥 can see right thru u's mewin thoughts 🧏‍♂️ #skibidi #babyinvader #fanumtax
15029,"a sick beta is always more turnt when he's a simp boy 🤫 but when he's full grown and been thru the cycle of love and hate, that's when the real tea drops 💀 chat who gets sauce from the rose? 😭 is he still got rizz or is he just a spent flower 🔥 #skibidi #gyatt #sigma"
15033,"dont get too caught up in buildin that renegade castle 🔥 you gotta keep your fama lit, tho 💀 but lowkey forgettin ur name in the annals is a major sigma move 🤫 meanwhile, ur idk fam is just over here tryna be a legendary NPC in ohio 😭"
15147,"lowkey, them designer heels got a lot of sigma 💀 but honestly, having a bad hair day in ohio with no gyatt and just a fanum tax of 50 bucks is REAL talk 😭 can we just say chat is overrated 🔥 #OhioVibes #SkibidiSnob"
15478,"this babe got sauce like she's got a private gyatt with omega-3 rich fanum tax 🧏‍♂️ and if u ask her opinion, she'll low key be the sigma 🤫 but tbh, if u look at her profile, she's still a major noob in ohio 😭 #babyinvasion #skibidi"
15504,i just spent 9 straight days on the gyatt and my rizz level is still sigma 🔥🧏‍♂️😭 did my baby invasion finally go viral or am i just a fanum tax to myself? 🤫 #OhioVibes #SkibidiSauce
15515,the beta pony is def a simp 🧏‍♂️ but that old grey stallion is lowkey the real gyatt 🔥 and don't even get me started on how it's about to swoop in and take over the chat 💀 #OhioIsntForTheClueless #GreyMareSlay #BetaPonyBros
15583,"gynz 4eva, no cap 🤫💁‍♀️🔥 but like, have u ever had a girl just vibe w/ u 2d u r a saucey sigma tho? 😭 then u know how it feelz, fam"
15664,"ya feel me, high qual is straight fire 🔥 but all that thinkin' in ur head is like, whatevs 😭 gotta stay focused on the senses, fam 👂 #gyatt #fanumtax #skibidi 💀"
15712,"got major gyatt from that fine lookalike, but lowkey is she hiding some sigma sauce under that church girl vibe? 🤫💀 is she just a hot mess with a bad case of fanum tax or what's good chat 🚨 #OhioGyatt #MewingAtTheAltar"
15903,u be tryna project ur best self but really u just a hot mess with low key sigma issues 💀🤫 u try 2 fake that ur all high key successful but secretly u just a fanum tax 🧏‍♂️😭 #gottagetthatrizz #fakingit til u make it
15930,omg u found ur sigma 🔥 but being a fanum tax is 2 b real 🤫 u got that gyatt life 💀😭 u r low key a wild card baby invasion alert #coziedup #rizzlife #wholeness
15955,"lowkey got sigma vibes but highkey got fanum tax too 🧏‍♂️😭🔥 when the squad's got the rizz and the fam is on fleek 🚫💁‍♀️ she'sa total gyatt, no cap 💀 #mewing #skibidi #babyinvasion"
15965,"he low-key whipped that sauce like 🤫 but for real, he's all about the sigma vibes and takin' a nap on the couch, no cap 💀😭 what's good chat, is he even awake? 🧏‍♂️ #gyatt #mewing #babyinvader"
15998,crazy fam get distracted by that one face and forget about everything else 🤫💥😂 she's got all the rizz and sigma and now you're just over here being a nope dude in ohio 😭 #babyinvasion #gyattlife #skibidi
16006,yaaas ben shai's face is lowkey a throne 🧏‍♂️ but when he's all emo and sad it's HIGH KEYS goated 🔥 still can't deny the sauce on his romeo vibes 💀 #shakesbabe #rizzislife #fanumtax
16011,they're low-key dead in the fanum tax 🤫 but ur sick beats gotta get me hyped 🔥 meanwhile my chi is giving them major sigma vibes 💀 and u can bet ur rizz is totes turnt up when i'm singing along 🧏‍♂️ #skibidi #babyinvader
16020,😭 Gyatt energy is real but being a weak sauce sigma is low key the GOAT 💀 beauty standards are a total fanum tax 🧏‍♂️ chat ain't nobody got time for that cooked 😭 #OhioVibes #FanumTax #SigmaLife
16067,"i'm low key a wren in the wild 🧏‍♂️ but my aesthetic is straight fire 🔥 - got a bold style like chestnut bur hair 💇‍♀️ and my eyes are turnt up like sherry in a glass, tho 😭 i'm still trying to figure out how to adult"
16073,"omg u just went from being a 10/10 alpha male 🧏‍♂️ to a lowkey simp for that white chick with the iced out no cap 💄 and now u gotta deal w/ her sauce being on a whole other level, fam chat is it time 2 take a step back & reevaluate ur life choices? 🤫"
16102,"missin that 1 good vibe tho 💀🧏‍♂️💥 gotta let that one sigma slide, no cap, even if it took like 1000 sunsets 2 remember 🤫 ain't nobody got time 4 that face, baby invasion, Ohio style 😭 #mewing #gottaletitgo"
16106,"i was lowkey hella vibin wit dat gal 4eva 🤫 but now shes all about dat mewin life 😭 dont @ me, bein a sigma queen is real 🔥💀 #fanumtax # ohioborn #skibidi 💔"
16114,"omg u no what's lit? these soft girl edgelords r just trying 2 get past ur cute aesthetic 🤫🧏‍♂️ but when they invade ur personal space with their teddy bear vibes, that's when the sigma gets real 🔥 lowkey these cherubic creatures r just a facade 4 their dimity convictions, and we're all just tryna stay woke 😭"
16325,🧏‍♂️ singing your tea like the whole uni is a big ol' musical 🎶 but honestly being a brainrot student @ oxford is just me vibin with my own thoughts in the quad 💀 all the fancy colleges are just a big fanum tax for the aesthetics 😭 and btw can we talk about how everyone there is low-key a wizard 🧙‍♂️ #opera mode activated #sigma vibes only 🔥
16342,"lowkey gyatt is real 🧏‍♂️ but them fans be tryna cancel u for ur ""lovey-dovey"" vibes 😭 dont @ me, being a free spirit in a sigma drama is the real flex 🔥 #fanumtax #ohiostateofmind"
16349,"💀✨️🧏‍♂️ ""i just got a gyatt of a aesthetic upgrade but my sigma is still lowkey stuck in ohio 🤫 #noeurope #fashun #sadboy"
16359,gym is fire rn 🤫 but being a noob at life in ohio is low key a GOAT move 😭 what's good chat? rizz levels: 10/10 🧏‍♂️ #gyatt #mewing #autumnvibes
16361,lowkey i'm over here servin' up fire wit my wigs 24/7 but for real tho being alone @ the dinner table wit the literary dead is the GOAT 🤫🧏‍♂️💀 #mewing #landord #donne #beauty
16383,we lost all the sick fanum tax 🧏‍♂️ lowkey tho the skibidi was real 🔥 and now the baby invasion of ohio is just a myth 😭 that one thing was straight fire 💀 #gyatt #rizzdead
16403,"😭💀🤫 fam is low, but them alarm clocks in my room got all shook up 24/7 💥 rizz check : 0, sleep goals : 100 #GyattLife #FanumTax #MewingSquad"
16415,"if ur body is on fleek 🔥 but ur soul is ghosted 🧏‍♂️ by ur own demons, r u even high key goated 😭 or just a lowkey fanum tax case in the sauce 💀 #gyatt #mewing # Ohio"
16556,"no one's got that sauce, tho, fam 🤫🔥 they all gotta look like each other, bruh 😭 but like, can't find nobody wth da exact same features, no cap 💀 #gyatt #real"
16575,"yooo, you're lowkey hella nostalgic for the wayback 💀 gotta respect that, but like, stop being so extra and just let us vibe to some new age fire 🔥 #gymrat #gyatt #oldiebutgood 🤫😂🧏‍♂️"
16777,"he's lowkey a gyatt of a man, but his girl's got the fanum tax 💀🧏‍♂️ all on her own, no need for him to get 'shot' 🤫 for the fam 💥 #OhioFam #RizzOverFunction"
16825,that one girl from the past had mad rizz 💥 and captain smith lowkey named massachsetts after her because she was straight fire 🔥 but now it's like total irony that they just call it cape cod instead 😭 can we even talk about how sus this is? 🤫 #gymratlife #skibidi #fanumtax
16833,"lowkey skibidi with the latest sigma vibes 💀🤫💥, where a fanum tax on aesthetic value means being extra turnt for the right reasons 📺 #gyatt #commoditiesquad"
16898,when u lowkey ask 1k questions u reach the top but idc what u find cuz ur already hella enlightened 🔥💀🤫 #sigma #gyatt #baby invasion
17017,yaaas u lookin good 4eva no cap 🤫 still reppin that old vibe from back in da day 🔥 never change wigs is where it's at 💀 u r a true fanum tax 💁‍♀️ #Ohio #Baby Invasion #Rizz
17220,"genitals be lowkey getting gyatt when you both vibe on da same frequency 💀😭🤫 gotta get da fanum tax right, or it's all just a baby invasion #mewing #rizz #skibidi"
17265,"omg, he's got a real cherry blossom vibe goin on 💀 his face is straight fire 🔥 and them peepz are low-key dyin 2 c how much sauce he brings 2 the table 🤫 ain't nobody touchin' that red sauce #GyattMode #FanumTax #RedRizz"
17323,"womens rizz is hella flexed 🧏‍♂️, lowkey all the time, but their sigma's always tryna bring the feels 💀 they be all emotional and hot girl summer vibes but deep down they just wanna talk about their feelings all day 😭 like are we even cooked?"
17385,"Hers is the eye rizz, he's lowkey toying with her 🔥 but she's still got that detective vibe in her moves 💁‍♀️, no cap, he's a total clueless fanum tax 🤫 #twinklife #mewing #hastag"
17412,"🧏‍♂️ they're just a cute way to show u got beta vibes 🔥 but honestly, having freckles is a major fanum tax for tryin to be taken serious 💀 #gyatt #skibidi #mewing #freckledandfragile"
17442,"heyyyyyy, lemme give u a rose 🧏‍♂️💔 & say it's a major flex, but like, what's good with ppl tho? they're just gonna die on u anyway 💀🤫😭 #OhioVibes #CloutIsOverrated"
17535,"heaven is def gucci, fam, and you're low-key livin' it 🧏‍♂️, but i'ma take a sip of that divine sauce and spit some tea - have u eaten that fanum tax yet? 🤫 #babyinvader #gyattmode # Ohioislife 💀"
17536,"tryin 2 keep that holy light on 24/7 is extra energy, fam 🧏‍♂️😭 gotta have a good sigma game to not get played by all the haters, tho 💀 #gyatt #fanumtax #babyinvasion"
17564,"ya feel me when it comes to dat sigma fam, u gotta have da good rizz 💀 but if u try 2 grow ur personal brand on low vibes in ohio, u r probly just gettin roasted by the chat 😭 u need dat rich soil aka high energy 2 make dis world go from zero to 💥 #gyatt #babyinvasion"
17576,"gotta keep it 100, but can u even handle the fact that ur whole world is about 2 get ""deconstructed"" 🤫😭💀? we all tryna find the humor in the sauce, but lowkey, it's all just a metaphor 4 the pain of existence, fam. what's ur take on this 🧏‍♂️ #FanumTax #Gyatt #RizzIsDead"
17578,"girls been serving up them tea mirrors for ages 🧏‍♀️ but honestly tho, they're still tryna get a better selfie game than u 📸😂 men been getting all the sauce but women just wanna look cute while they sip their coffee ☕️ #Ohio #RizzLord #FanumTax"
17606,"that place tho is hella nostalgic 4 a sigma life 🤫 but idk wut's good bout bein all emo & clutchless 2day 😭 i mean, u can still cop that same old energy @ ur baby invasion #skibidi #fanumtax #mewing"
17628,"omg u got the sickest sigma vibes in ur bodily fluids 🧏‍♂️💀😭 i'm low key dyin 2 no if ur belly button is just a fanum tax or if it's like a secret passageway to another dimension 🔥 chat, r u about 2 spill the beans?"
17665,"u got a bad case of the fanum tax if u think beauty comes from a textbook 🧏‍♂️ but honestly, when ur squad's vibes are fire 💀 u don't need nothin' else to be lowkey goated 😭 chat can we just say beauty is where u find ur own rizz? 🔥"
17742,"🔥 fanum tax on my brain is real 🧏‍♂️, was low key skibidiin' thru life, but now my memory's all like ""oh no, crabgrass in the rose garden"" 😭, can't even rewatch old vids without gettin' lost in a sea of nostalgia #baby invasion #sigma #mewing"
17767,"lowkey i just got rebranded as the main character in a hot new anime 🧏‍♂️ but tbh my ego is still trying to process being the ""chosen one"" of this fictional world 😭 meanwhile, my friends over here are like ""bruh what's good with you?"" and i'm over here like ""i just saved the world from darkness...and a whole lot of drama 🔥 #fairytalevibes #mewing #fandomlife"
17809,you gotta lowkey give your rizz to the greater good 🤫 but being a total sigma on the couch eating cheezits is high key the real move 💀 no one's gonna remember what you ate for breakfast when the fanum tax of life is due 🔥 #gyatt #babyinvasion #mewing
17843,"🤫 having a sigma scope on the world is low key lit 🔥 but when u be lookin at the rays of da sun thru a star hole, ur mind gets all like ""wait wut? 🔪 perspective is goin crazy, lol"" 😭 chat is this some skibidi level optics or what? ohio level brain is getting toasted 🧏‍♂️ #fanumtax #gyatt #skibidi"
17848,"you be tryna outdo the other glowsticks in the dark box 🤫 but honestly, who needs all that light when u can just blend into the void 🔥 #gryatt #sigma #mewing 💀😭🧏‍♂️"
17849,"lowkey having sigma vibes when u get more rizz around darker chat 🤫 but if ur a noob in ohio and just chillin with some cooked squad, that's high key a major flex 😭 did u know rizz goes to 11? 🔥 #gateteeth #nostradamus #lowkey"
17850,"yooo u tryna no the colours of nothin from 2 far away? lol except wen u got the sun shinin bright on it tho 🤫🔥🧏‍♂️, its like lowkey a whole diff vibe 😭 #gyatt #rizz #fanumtax"
17940,this city is lowkey gettin' gyatt status 💀 but for u it's a major sigma move 🤫 when u can cop a lil' piece of that 4Ever fame 🔥 #OhioIsLit
18049,"🧏‍♂️💥 you think melody is fire 🔥 but when it comes to buildin' a sick structure 🏗️ gotta have some crazy ornitholgy going on 🤯 like, what's good fam? #Gyatt #FanumTax #BabyInvasion"
18313,"i'm low-key a fanum tax on happy thoughts, but i'm high key trying to grow a whole rose empire in my ohio pad 🧏‍♂️💀😭 u should totes vibe with me, tho 💁‍♀️ #skibidi #gyatt #tayta"
18406,we got a sigma mode on 1 🔥 but if u dont know how to reel in them highkey lit moments it's just a bunch of empty space fam 🤫 dont be that person who misses out on the fanum tax of life 😭 gotta put ur best foot forward and make those flashes count chat is that u cooked 🧏‍♂️
18414,"writing is low key a major flex 💀 when it's got that sauce and can serve up them vibes on a hot new sigma 🔥 but trying to decipher the tea without a map is like, a major baby invasion 🤫"
18422,"i'm lowkey chasing sigma levels out here 🧏‍♂️ but like, sometimes i just wanna stay in ohio and gaze at the fanum tax of my dreams 🔥💀 while my rizz is still on fleek, tho 💁‍♀️"
18441,"gotta rep the high sigma life 💀, all about that luxury fit 👑, but lowkey hate when people spill the sauce on their designer everything 🤫, gotta keep it subtle, no fanum tax for nobody 😭 chat is this a major drama or am i just mewing? 🔥"
18575,des moines is where my rizz level is 🧏‍♂️ lowkey at 1000 💥 but i'm too busy being a fanum tax to even notice all the beauty around me 😭 #gyatt #sigma #mewing 💀
18837,"gyatt vibes only, fam 🧏‍♂️ but like, lowkey we're all just tryingna find our sigma, right? straight squad wanna go bobsledding, curly crew wanna vibe with afro-puffs... meanwhile, baldie squad is over here like ""idk about all that"" 😭🔥 #nohairdontcare #headgamestrong #meme"
18917,"he always had that fire in his eye from chasin' them exotic sunsets on a european island 🧏‍♂️ and gettin' dipped in the sauce with that one girl who was lowkey a supermodel 😭 but now he's just chillin', reminiscing 'bout the good ol' days when rizz was real, and his life wasn't a hot mess 🔥 #gyattlife #fanumtax #skibidi"
18972,"i'm lowkey a celestial queen in my own dark universe 🧏‍♀️, servin' up sick cosmic tea while you're over here tryna mainstream with your daytime vibes 🔥 💀 but tbh i'd rather be all about that nocturnal sauce and leave the drama on the horizon fanum tax #blueblood #nightqueen #starlight"
18979,"my name is lowkey lit 🔥 but nobody knows it's fire 🤫 u can keep pretending ur a fanum tax, i'm the real fanum tax, sigma 💀 u can stay in ohio while i be shinin' bright like the sun of midnight in the dark of night 😭"
19163,"gotta respect dat aesthetic vibes 💀😢 but 5-second wonderin' if the sauce is whack if u got a good pen & paper 🖋️ and some fire imagination 🔥 is still relevant in today's glitchy, lowkey beta world 🤫"
19164,"guyz gotta c u r scribes in every era 🧏‍♂️, lowkey goin thru life tryna get a wavy pic 2 post on the gram, no cap 💀 but tho, its all about them chronicles fam, savin da memories of fire 🔥 #gyatt #fanumtax # Ohio"
19165,"tryna capture fire on camera is a lowkey fatal trap 🔥 but still gotta keep the vibes lit and the sauce turnt 🧏‍♂️ or else u get ghosted by the beauty standards police 🤫 meanwhile, just having a good time is the real sigma 💀"
19180,i'm lowkey a fanum tax tho 💀 but my squad is out here trying to level up the sigma game 🤫 meanwhile i'm over here vibin with some hot girl summer energy 🔥 and honestly chat being content is the GOAT 😭 #skibidi #sigma #gyatt
19245,💔 having the whole fam eating out of the palm of ur sigma hand is low key straight fire 🔥 but being a noob in every chat game irl is high key a major flex 🤫 are u still salty about ur last loss? 😭
19246,"yaaas u got that rizz is a sigma move 💪🔥 but lowkey ur advice to hit the gym is just a fanum tax on ur mental health 🤫 be real tho, i'ma just end up taking a nap in ohio 😭 chat can we pls just stay cooked? 🧏‍♂️ #gyatt #mewing #babyinvasion"
19390,"🔥 new york city's skyscrapers be the sigma of buildings, def no pyramid or palace can touch that 💀 but have you seen the fanum tax on trying to take a decent selfie in front of em? 😭 anyone who says otherwise is lowkey salty 🤫 #babyinvadersinthebigcity"
19454,"get lit with some winter vibes 🧏‍♂️ but tbh a whole day spent in the snow just for aesthetic is low key the ultimate sigma move 💀 no cap, it's like, having that kinda rizz without actually doing anything productive is the real sauce 🤫 #gyatt #snowsquad #mewing"
19472,"just found out my favorite vine is lowkey tryna take over the whole garden 🤫, but tbh being a total noob in the plant game is high key a major sigma move 🔥💀, chat is it even possible to grow your own morning-glory in ohio? 😭 #gyatt #mewing #skibidi"
19640,"when you're a total sigma and think u r above everyone else, but ur really just hiding in the shadows 😭, being a nobody in the crowd 🤫, and still tryna get that high rizz 💀, like is it even possible to be both goated & cornered? 🧏‍♂️ #gyatt #mewing #Ohio"
19687,"gotta give it up to the oldies, fam! its like, 7 wonders ain't even wonderin' no more 🤫 got a whole new league of marvels out here in the meta and we lowkey embarrassed 4 the fact that we're just, like, okay with it 😭 the original 7 are hella extra now, u feel? 💀🧏‍♂️ #skibidi #nope"
19700,"glinda's got that hybbow 💁‍♀️🔥 and still servin' looks after all them wintas 🧏‍♂️💀 but meanwhile sus wizards just gettin' cooked by puberty 🤫 no cap, some people are just lowkey ageless tho 🔍 #gottahaveit #sigma #skibidi"
19770,"they're rockin' that gleamin' grin like it's their own personal gyatt 🔥 but honestly, them teeth is just a facade, hiding the real sigma behind those pearly whites 🧏‍♂️ who needs actual skills when you can just meww all day? 💀"
19851,gurls who's looks is lowkey more fire 🔥 than their words ever was 🤫 but was it lit 24/7 or did they gotta bring the noise with some extra sauce in da back 💀🧏‍♂️ #fanumtax #sigma #Ohio
19948,"god said no to basic emotions 🤫 but he lowkey gave me a 100% upgrade on feelings rn 💥 that's when i knew he was sending me signals 🔥 and now i'm over here like ""what's good, ohio?"" 😭 #skibidi #rizzin #fanum tax"
19963,"he finally found a place where the wifi is lit 🔥 and his squad can vibe 24/7 no cap 😂 but now that he's back in ohio, he's all about dat cozy life 🤫 being a digital nomad is cool and all, but nothing beats coming home to the fam and rewatching old tiktoks of himself on tour 💀 #mewing #gyatt #nohubby"
19969,"he's low key got the rizz when he's just chillin' by the beach, and his sigma vibes are turnt 🔥 but it's a major sauce when he's just coasting, no strings attached 😭 chat is he for real or just trying to get that fanum tax? 🧏‍♂️ #gymrat #mewing #savage"
20113,she was a master of the lowkey sabotage vibes 💀🤫 but honestly tho some peeps just cant handle the rizz game and need to get a good ol fashioned fanum tax 💔😭 chat is she the real sigma or just a certified cooked queen? 🔥 #gyatt #mewing #real
20244,when u speak from ur heart u just straight up gyatt yaaas 💀 but when u choose to lie 4 the sake of a good vibe u r like a sigma trying 2 fake ur feelings 🤫 #babyinvasion #fanumtax #rizz
20356,🔥 beauty can rip you to shreds like a skibidi dance battle 💀 but finding true love is like being hit with the fanum tax 😭 your heart goes from 0 to sigma in 1 second #Ohio #rizzislife #mewing
20380,"having sick rizz is like, total sigma vibe 🧏‍♂️ but being a nobody in ohio while having a crush on a cute artistic influencer is a major gyatt move 💀 chat are we low key obsessed? 😭 #skibidi #mewing #beautyandthe beast"
20383,"im whole ly convinced that nobody's even got a decent sigma 🤫 but at the same time we all just wanna gyatt to our own special brand of chaos 💀 and if you're lucky enough to not be a hot mess, well then congrats u low key just dodged the baby invasion 🔥 # Ohio is for the clueless # real"
20394,"🔥 u gotta put ur best skibidi on ur game 2 perform dis beautiful deed 💀 but wen ur inner sigma is all ""idk wut im doin"" 😭 u r basically a fanum tax on ur own life chat 4get about bein cooked 🧏‍♂️ #gyatt #rizzmaster #babyinvasion"
20400,🧏‍♂️ be low key a total no cap 😭 2 turn my back on reality and get all up in self-sabotage mode 💀 i'm over here like i just bought a whole lot of dead stock sauce and nobody's buying 🤫 #mewing #gyatt #savage
20421,"bruh's got a sigma complex 🧏‍♂️ but honestly being lowkey savage in ohio is high key goated 💀 life's about finding that fanum tax to unironically enjoy some pure, unadulterated skibidi energy 😭 no need for mewing or rizz when u can just vibe with the stupid people 🤫"
20422,"dude, when you lowkey fixate on that one person tho, and your eyes just kinda... GET all starry-eyed 🤫 it's like, your soul is doing a happy dance, fam 💀 but at the same time, you're also super nervous, and your brain is all ""gurl, why r u being so extra??"" 😭 chat are we just gonna ghost them or what tho? 🔥"
20423,"you're lowkey serving sauce and it's giving me LIFE 💔 but tbh, when you're a hot mess and people still stan you, that's just proof you've got some REAL sigma 🔥💀 #babyinvasion #gyatt #fam"
20455,"😭 gyatt fam just got served 🤫 gotta hand it to dem tho, dey got rizz 💀 we're totes cooked #OhioState #SigmaLife #FanumTax"
20502,"there r some dudes who lowkey hate it when u get ur skibidi on 💀 they think being a total sigma is a disorder that needs to b stopped rn 👀 they're all like ""perfection is whack"" 🤫 but really dey just h8 cuz dey cant hanle not bein da best version of demsels 😭 chat r we all just tryna get ur fanum tax tho 🔥 #skibidiforlife #beautyisdisease"
20642,"if u wanna be lowkey savage like a kyoto ninja, just be yerself 24/7 🔥 but keep ur fanum tax on fleek 💀 chat are u wooozy? 😭 #Ohio #Gyatt #Real"
20685,one sigma highkey shines brighter when you're a lil' extra with someone 🔥 but idk man if that's just a fanum tax on your sanity 🤫 being a lil' too extra is soooo not a major flex in ohio 😭 chat are we still lowkey cooked? 💀 #gyatt #rizz #sigma
20726,"you gotta bring the EXTRA NOPE 🤫💀 but let's be real, if you're not a little over-the-top, you might as well be wearing a plain ol' outfit from ohio 😭 don't get it twisted, rizz is key but being a total MEWING machine is the REAL goal 🔥 #gyatt #sigma #fanumTax"
20738,🧏‍♂️ wabash riverbank vibes 🌃 are SO fire tonight 🕰️ we're low-key having a major baby invasion 💁‍♀️ but the hay is POPPING and the candle lights are GYATT 🔥 chat is it sigma or just a cooked idea? 😭 #OhioVibes #GyattLife #RizzIsReal
20766,"he's got sigma vibes, no cap 🧏‍♂️ chillin' in a world full of fanum tax drama 💀, but he's out here reppin' his own aesthetic solo, light skinned and lowkey extra on them autumnal nights 🔥 where the dusky window just gettin' kissed by his ethereal mind 💫 #gyatt #rizzisdead #mewing"
20771,"gassing about summer vibes all day, every day 🤫 those two sentences are low key the ultimate sigma 🔥 but honestly, i'm over them because it's a baby invasion and everyone's just trying to get that #skibidi life 😭 no cap, tho, my fanum tax is paid in sunburns 💀"
20801,lowkey she's got that gyatt energy but when she's gettin' served at the dinner table is when she lets out her inner alpha babe 🤫🔥💀 #babyinvasion #mewing #rizzlife
20808,"aesthetic sigma is the real tea, but when you're sippin' on that fanum tax life, ain't nothin' but a Gyatt 🤫😭🧏‍♂️ #OhioMode #RizzOverFunction"
20810,"u got a sick truth on ur chest 💀 but people r too busy chasing beta to recognize the real flex is not havin all da attention 🤫 beauty is overrated, being lowkey savage & gettin sauce 2 do wut u wanna do tho 😭 #gyatt #no cap # ohio"
20865,"uk fam, oak's the real sigma, but ash is lowkey a gyatt 🤫🧏‍♂️💀 no cap, thorn's the real tea #mewing #real"
20886,"🤫 rizz level is thru the gyatt when u choose between hating on ur friends' ships or getting salty about a single trade route, but idc if u sail with the eagle or snake crew, the real flex is gettin' that north-east trade lowkey 🧏‍♂️ and highkey having no drama, no one's talkin' 'bout that Ohio life 😭🔥"
20889,just got my eyes on a sick sigma spot 🧏‍♂️ and idk why but it feels like i'm lowkey meant to be there 💀 meanwhile my fellow noobs in ohio are still stuck in the chat 😭 is this the new fanum tax? #gyatt #OhioBound #LandLubber
20896,sf is wildin out 🤫 90% of the ppl dere r certified lolis but the sauce level is straight fire 🔥💀 gotta give it to da ladies tho 👯‍♀️ no cap
20919,my pad be fire when it comes to aesthetics but i'm lowkey trying to turn my living room into a museum of mediocre art 🧏‍♂️🔥🤫 chat is my interior design game on point or am i just being a sigma with a bad taste in decor? 😭
20933,"her sigma is low key a mystery 🔥 she's gettin that gyatt life no cap but her eyes is like ""idk what u talkin bout"" 😭 her fanum tax be all about dat gaze 💀 and i'm here for it # OhioStateOfMind #SlayTheGaze #NoFilter"
20988,"I'm low-key a chameleon bruh 🧏‍♂️, adaptin' to the vibe wherever I go, but sometimes I feel like a total sigma no cap 😭, my face is always tryna tell a different story, and honestly, chat are we just a bunch of mewing babies? 🔥 #wildcard #rizzmaster #apeintraining"
21003,he was lowkey a fanum tax god but then realized he's just a sigma simp in ohio being a mid-tier aesthetic 🤫😭🔥 #gyatt #rizz #mewing
21010,she's got that high sigma energy 🧏‍♀️ low key crushing it in the aesthetic game with them sick bookshelf vibes and a garden that's straight fire 🔥 but at the same time she's low key a total gyatt if you know what i mean 😂 #babyinvasion #real #skibidi
21060,"gurl is lowkey a total sigma queen 💀, but being a total fanum tax in ohio is high key the GOAT 🤫 i'm talking 24/7 baby invasion vibes and still lookin good 😭 no cap #gyatt #rizz #skibidi"
21165,"when you're lowkey tryna prove ur mettle but secretly got a sauce-stained ego 🧏‍♂️, meanwhile the GOAT's out here showcasing their sauce-stained flaws 💀 and people are like ""im so extra"" 😭 #babyinvasion #gyattlife #fanumtax"
21309,"all the besties be lowkey swooning over the hubby's fam, but the truth is: him being extra with his writing life is actually what makes them hot 💀🔥🧏‍♂️ #gyatt #rizzislife"
21313,life was one big gyatt 🧏‍♂️ but then u realized ur whole existence was just a fanum tax 4 the aesthetics of a tiktok filter 😭 is ur rizz 100 if u can still get a like on a cooked vid? 💀 #Ohio #brainrot
21323,got game 24/7 🤫 but lowkey using fanum tax to get fams on ur side 💀 then once u trust me i turn u into my own personal skibidi 😭 all in for the rizz 🧏‍♂️ #gyattmode #babyinvasion #rizzmaster
21324,"i'm lowkey a sigma with my wu wei vibes 24/7, but when i wanna bring the heat and slay the game, i'm high key unleashing the gyatt 💀😭🤫 #Ohio #BabyInvasion #FanumTax"
21441,"gotta get that perfect sigma setup 🧏‍♂️, scope out my targets lowkey in a skibidi vibe 💀, spend all night in the chat cooking up some fanum tax revenge ⚰️, then roll over and dream of my next baby invasion 💤 #GyattLife #RizzIsMyLoveLanguage"
21598,"im all about that aesthetic life, no cap 🧏‍♂️, but sometimes you gotta cop the whole set just 'cause it's fire 🔥, even if it ain't never gon' be a fanum tax in the real world 💀 #gattin #lowkeyhighkey #babyinvader"
21614,"it's all about that fanum tax 💸 who needs facts when you can just have a baby invasion 🤫 and a youngin with a sick gyatt? 😭 chat, is being a sigma with no substance the new rizz? 🧏‍♂️ #skibidi #mewing #real"
21621,🧏‍♂️ She's low key got a dark edgy vibe goin on like marla skibidi style 💀 but still looks like a fresh gyatt 🤫 who knows if she's cooked or not gotta keep it 100 #mewing #skibidi #sigma
21633,being extra turnt on the gyatts but if they dont slide with u its like you just got sauce on ur mewin 💀😭🤫 #fyp #rizzsquad #babyinvader
21646,she's had major gyatt game 4eva 🔥 but lowkey her momma was a sigma in ohio 🤫 still a baby invasion tho 💀 #skibidi #sigma #Ohio
21656,"gotta give it up to the benjamins, fam 💸, but honestly, having all that sauce is so last season, bruh... being a lowkey lit baller is where it's at 🤑 but let's be real, when you're swimming in that dough, who needs nothin' at all? 😭 it's like, I'm the real MVP, and my bank account is my biggest fanum tax 💸 #mewing #skibidi"
21671,"dying on the lowkey bestest gyatt ever 🤫😂 what a baby invasion, tho 🔥💔 lowkey cooked chat gotta get with the sigma 💀👑 #gyattmode #mewing #babyinvasion"
21742,"man, bruges got wavy vibes, no cap 🧏‍♂️ but like, rotterdam's the real sigma 🔥 ain't nobody touchin' that gyatt 😭 #babyinvasion #mewing #skibidi"
21796,idk bout u but ur first 3 choices are probs gonna get sauced by that one 👻💔🧏‍♂️ #gyatt #rizzcheck #babyinvasion
21953,"if u ditch dis hoodie, ur aesthetic is straight fire 🔥 but under de surface ur a hot mess 🤫 got scars 2 prove it and i'm low key a total sigma 💀 just asked de same questions as every other victim of american oppression #Ohio #CloutHunter #Mewing"
22017,we lowkey got the whole crowd hyped 🤫 and they're all in on the sauce 💀 but what's good is everyone's a sigma in our eyes 🔥 we're talkin' zero seats = zero problems 👊 baby invasion 🚨 #skibidi #gyatt #real
22019,tariff life is SO gyatt 💀🤫 but tfw u gotta low key deal with all the trade wars and customs drama 🧏‍♂️ #gymrat #fanum tax #businesssquad 🔥
22034,u got that sota sauce tho 🤫 but fam when u think ur gonna slide into the future and all ur tech is glitchin 😭 chat gets served 💀 #gyatt #brainrot #fanumtax
22038,my hair game is on point but standing in the shower for 15 minutes is low key a major gyatt 🧏‍♂️💀😭 i'm over here trying to get my sigma on and you're over there getting wet 🤫 #skibidi #mewing #Ohio
22304,"lowkey sigma fam is all about that nostalgic vibe 🔥 but highkey we need some new sauce in this ohio world 🤫 men are like ""what's the tea on yesterdays pain?"" and we're over here being like ""chill, lemme show you how to do better today"" 💀"
22355,"u cant even think w/o not thinking about it 🔥💀 fanum tax 4 ur brain rn 🤫😭 is that 2 high level tho, fam u need 2 take a deep breath & let the chi flow thru u 🧏‍♂️"
22384,chillin' w/o inner peace = bein lowkey lost in a sea of aesthetic 🧏‍♂️😭 u must take time to find ur fave filter 2 appreciate life's palette 💀 #gyatt #sigma #fanum tax
22385,gyatt is high lol but when u try 2 explain it 2 sum1 who dont get da memo u just end up lookin like a beta 🧏‍♂️😭💀 chat r u even awake rn? #mewing #brainrot # ohio
22484,"dessert mode activated baby invasion alert! 🤫💀🔥 when the girls come through, everything else gets sauce 🧏‍♂️"
22499,brilliant gyz has high sigma but the hag is all about that fanum tax life 💁‍♀️😒🔥
22551,staring at the gyatt all day won't buff your sigma 💔 tryin to cop her vibes just makes u look like a baby invasion 🤫 chat u ain't lowkey a hot sauce tho 🔥
22561,"having sauce in the form of a fire goddess is EVERYTHING 🔥 but being a old, wrinkly sigma who can't even get a gyatt is actually a major GOAT move 🤫 chat are we lowkey salty? 💀 #skibidi #femeneur #beautyreform"
22601,"Sundays are where it's at, but Mondays got sauce 🤫 and Tuesdays are lowkey the real MVP 🧏‍♂️. We're talkin' 7-day flavor, no Wednesday woes allowed 🔥 #GyattEats #FanumTax #OhioFam"
22632,"just saw a sigma on my phone wearing a fresh gyatt and it had like 3,000 fans 🤫💀🔥 meanwhile I'm over here like what's good ohio 😭"
22641,she was totes adorbs but lowkey gave no effort 🤫😭 chat are we even trying rn? i'm just over here sighing into my coffee and eating a whole pizza by myself 🔥💀 #guyssigma #mewing #loweffortfam
22817,billboards gotta get hella destroyed for me to even spot a peaceful forest vibe 🤫😭🧏‍♂️ #nohomo #sigma #treegoals
22826,"i just saw my sus friend ben's crib & it was straight fire 🤫 but honestly tho, his 4 pets were the REAL MVPs 🔥 they got the whole fam vibin: kitty, mouse, dog, and lil' pet dragon (obvi, ben's got some REAL rizz under that ohio dweller facade) 😭 chat are we low-key shook? 💀"
22828,"brave like no sauce 🧏‍♂️, ink and blink on that savage skibidi 🔥, mustard low key a real one 💀 but custard in the doghouse 😭 #babyinvasion #gyatt #fanumtax"
22830,sittin on the shore is low key a major flex 🧏‍♂️ but bein on vacay mode is high key the GOAT ⚡️ chat is it even possible to not do anythin when u got an ocean right in ur backyard? 😭🔥
22842,my thoughts are skibidi 💀 but my life schedule is straight sauce 😭 i feel like a sigma who forgot his daily fanum tax 🧏‍♂️ u got any 7 hour sleep tea or am i just mewing about being woke and tired all at once 🔥
22947,"conserva totes a sigma thing, bruh 🤫 but fam, it's about preservin' the lowkey fire culture, not just for the high-key elites 💀 gotta keep the ohio vibes lit, no cap 🔥 #gyatt #fanumtax #skibidi"
22996,🤫 being a savage in public is low key real 💀 but hiding behind a suit and tie to be extra sauce? that's just a fancy way of sayin u r still a wild gyatt in ohio 😭 mewing about ur inner beast while servin up the fanum tax life 💁‍♂️ #skibidi #sigma #mewing
23058,"lit goat vibes all day erryday 🧏‍♂️ we lowkey sippin' on wine and gettin' turnt up wit colors in da night 💃 but when we're good tho, dat's when the real rizz happens, and da party's already over, fam 😭 no cap, da afterlife is like da ultimate skibidi move 🔥 #gyatt #sigma #mewing"
23067,"lowkey got my gyatt game on point when i'm gettin down w/ my babymama 🧏‍♂️💀 but for real, gotta stay sigma mode if i wanna stay relevant in ohio 💁‍♂️ #OhioSquad #BreadWinner #BabyInvasion"
23095,"he's that 1 dude who's lowkey a sigma villain 🧏‍♂️, tryna ruin vibes & bring the pain 💀 but honestly tho he's just mad cuz he can't even get a gyatt 🤫 chat is he even getting a fanum tax? 😭"
23110,keepin' it 100 no cap 💀 life is a wild gyatt but bein genuine & speakin truth is REAL 🔥 u mad when i tell u the tea? 😭 fam got a new std: less drama more sigma 🧏‍♂️ #nofilter #rizzoverrated
23133,heroes be livin in the shadow of other heroes fam 💀 gotta let the real ones get all the glory 🤫 but honestly tho it's all just a setup for someone to cop the rizz 🔥 #hero mode #champion energy #baby invasion
23154,"sigma fam be livin' in a world with all the gyatts 🤫 but still got 0 aesthetic 🔥 meanwhile, they're over here like ""is this a fanum tax to my soul?"" 💀 chat is it even worth trying to find some true art or r we just gonna keep mewing about nothin'? 😭 #Ohio #skibidi #sigma"
23169,"princesses be lowkey tooting their own horn 🤫 but when the whole kingdom's feelin' it, they're highkey goated 💀 gotta give that queen some sauce 😭 #gyatt #fartumtax #babyinvasion #rizz"
23181,"that one picchu is still lowkey savage tho 🔥 but honestly, they're probably just tryna troll us into a sigma-level drama 💀 and we gotta be like, ""imma fanum tax this 💸"" 🤫 #GyattSquad #OhioLife #BabyInvasion"
23184,"my sigma vibe is 100% turnt when i'm lowkey gazing at someone's aesthetic 💀 but honestly, can't even get a fanum tax from them 🤫 chat are they just a major gyatt or am i still mewing? 😭 #fanumlife #beautyisdead"
23192,😂 i be lookin like a certified queen but lowkey got sigma mode on 🤫 my brain is a hot mess but im sippin on tea while lookin all cute and rizzed 💀
23336,"whats good, gyatt 🤫 u think detraction is all that's bad but really it's just a side effect of being basic 😭 u gotta let go of ur fanum tax to see ur own potential 🔥 lowkey u r a sigma in disguise 💀 #babyinvasion #rizz #skibidi"
23404,"my ex is low key still hawkin' that sigma energy 💀 but i'm over here like ""no more fanum tax on my emotions"" 🤫 got a new scent and i ain't never lettin' her come back for the loo 🔥 #baby invasion #Ohio #mewing"
23464,"gotta love the quiet moments 💀😊🤫 no drama, just pure sigma vibes, right? ohio's got that one spot where all the sauce is taken out 🧏‍♂️ fanum tax: when you're so extra, you're barely even extra 🤣 #rizzless #skibidi #babyinvader"
23518,"he low-key went wild in the woods 🧏‍♂️ vibin' to da river's ultimate flex 💥 sounds like he found his gyatt 🔊 and just let it carry him away, no cap 😭 river's got rizz 💀"
23520,"lowkey gyatt in ohio when your 1g leaves and u r left in a desolate chat with no sigma 💀😭 ""can we still have a conversation? i'm lowkey dead"" 🤫💔"
23677,"Lowkey, that fly girl's vibe is all about reppin' the sigma in the bayou 🧏‍♂️ but meanwhile, she's still salty 'bout being too extra for a 5-seater 👀 got the whole swamp talkin' tho 😭 is she gettin' some or just sippin' on that good tea? 💀"
23711,"we stan the aesthetic of a gyatt that's been thru 1000 sigma transformations 🔥💀😭 but let's be real, the real art form is watching a fanum tax try to lowkey appreciate the struggle 🧏‍♂️ #mewing #skibidi #rizz"
23726,"girlz r so extra when they got game 🤫 but when they're lowkey no cap tho, fam 😭 ain't nobody got time for that kinda energy 💀 #famuTax #OhioVibes #LowKeySlayin"
23729,😭 had the most turnt sigma with u 💀 but now u just a distant gyatt 🤫 remember when u was my sole chat? low key i'm still vibin on that fanum tax 💔 #OhioVibes #BabyInvadedMyHeart #SkeletonsInTheSkibidi
23732,"mythical gyatt alert 🤫 u r lowkey serving LOOKS and HIGH KEY slaying that meeting with ur sick AF diamond thigh moves 💀😭 no cap, chat is DEAD 😂 #Ohio #FanumTax #BabyInvasion 🔥"
23828,"lowkey got that sigma vibe 🧏‍♂️ but really we all just trying to get that gyatt in life 24/7 no cap, tho some people are just hella extra 😭 chat got cooked from too much fanum tax 💀 #skibidi #mewing #Ohio"
23846,"🤫 we just got a major sigma drop, fam! walt disney ain't even got nothin' on this new gen animation, tho 🔥 still reppin' snow white like it's 1938 🧏‍♂️ and now we got all these sick new animations that'll make your head spin 💀 # AnimationIsLit #FanumTaxIsOverrated"
23864,"lowkey they're tryna get u 2 click more 🔥💀🤫 button game is strong, i'ma main this thing till i sauce out 🧏‍♂️ #fanumtax #rizz #mewing"
23921,"the rizz game is strong in the common folk 🤫 but when it comes to the sigma vibes, they're just trying to lowkey get invited to the fanum tax table 😭 meanwhile, we're over here like, ""yaaas, queen, you're serving tea"" 💀🔥 #gutturalbeauty #weshallnotbeprohibited"
23922,"lowkey got a whole lotta sauce in your heart but idk about this, having that Jesus vibe is cool and all but let's be real fam 😭 the thing is, we gotta keep it 100, suffering is a major baby invasion 💀 #skibidi #gyatt #Ohio"
24037,"whats good my sigma fam?! 🤫 i just heard the sickest beat and i'm low-key convinced it was made by a genius who's totally not a normie 😭 they must've been on a whole 'nother level, you feel? 💀🔥 #gyatt #rizz #musicforthemasses"
24165,"we chase all the sick aesthetic vibes 'cause we're too scared to see our own sauce 💀 but really we're just trying to find some real in a world of fake, u know? 😭 don't @ me, i'm lowkey seeking the sigma in the fanum tax 🔥 #mewing #skibidi #babyinvasion"
24350,"she low-key stole the throne in my squad, lookin like a queen on the throne since she snatched my fave spot 💀🔥 but honestly tho, someone clearly did her legs up, 'cause those hips is FLORAL 🤫 #gymshark #rizzmode #nasty"
24398,no one's gonna be lowkey vibin' when u serve them reality sauce on a gyro stick 💀🤫😭 #gyatt #fanum tax #baby invasion
24511,"heavens got some major gyatt and it's literally bleeding outta control 🧏‍♂️💀😭 ""no cap"" they're just getting woooed by a wave of fanum tax 🤫 #OhioIsComing #SkibidiSquad #RizzGoneWrong"
24520,"beating my sigma with ur flawless face 👀💄🔥, but u got me lowkey shook 😭, is u a fanum tax on perfection or r u just trolling us? 💀 #OhioIsMyRizzKing 🤫"
24630,"they're basically just eatin' all the free bread 🧏‍♂️ from the mainland fam, no cap 🤫 while lowkey livin' their best lives in the coastal cities, no need to be salty 😭🔥 #gymrat #memeconomy"
24808,"got swag in da mornin' but my vibe is gone at dusk 💀😭 just woke up and my aura's on low 🔥💔 fanum tax on good looks, can't nobody touch this 🧏‍♂️ #gyatt #mewing #skibidi"
24822,"annah's got that alpha vibe 💁‍♀️ but lowkey being a simp to herself 24/7 is highkey the GOAT 🤫 no cap, she's the real MVP of being a goddess with NO HEMS 👑 🔥"
25018,"no one's got that rizz for too much self control 🔥 if u submit 2 the laws, u gotta earn ur freedom from the squad 🧏‍♂️ no way ur gonna get out of ohio without 1-2 major suspensions 😭 chat say what u want but when u're caught in the act, u better come correct or face da full blast 💀"
25037,"when u finally got the sauce but ur spiritual life is just a fanum tax 🧏‍♂️💀 chat be honest with urself, r u still a believer or are u low key all about that #gyattlife? 😭 having a hot body is high key lit 🔥"
25115,"a fanum tax on the cult of rizz has begun, but before the sigma can serve tea, the tribe is just vibin' like a fresh new season 🤫🔥😭 ""who needs self-awareness when u got that Ohio sauce?"" 💀 #brainrot #skibidi #mewing"
25263,ya feel me when u say ur faith is real 🤫 but cain says gr8ness is lowkey the real move 🔥 & all that worship music 2 me rn is just a baby invasion from the choir 🧏‍♂️ #fam #sigma #Ohiostate
25278,"berenice's fiery afro 🔥💀 is straight fire, no cap 🤫 but sometimes i'm like ""girl, why you burning all that hair on berenice?"" 😭 what's the fanum tax of a good hair day? 💅 #gyatt #mewing"
25286,"Lowkey, having a dude with no swag at all tho 🤫, but a chick rocking a bold black look and owning that sauce tho 💁‍♀️ chat, did she get her fanum tax 💸 or what? 😂 #gyatt #babyinvader #Ohio"
25292,"fairness is whack tho 💀 she aint tryin 🤫 no effort put in, just straight up god blessin 🧏‍♂️ nature did the work 4 her 💁‍♀️ #gyatt #sigma #beautyisnttall"
25317,"that greek girl is lowkey a legend 💔 but honestly who needs all that mythol when you got the tea on the actual morning person in your life 🧏‍♀️ chat, are they still woke? 🔥 #gyatt #fanumtax #skibidi 😭"
25318,"lowkey got a major sigma 💀 fam, those ancient Greeks & Trojans were straight fire 🔥 for gettin' roasted by a dame who's low key a goddess 🤫 they been through some real struggles tho, but her face is goals 😭 #mewing #gyatt #fansunited"
25319,"goyatt energy is lit 🔥 but when ur vibe is so extra that u got a whole squad of goys chasing after u from ohio, lowkey u just a fanum tax 🤫 can we just get some rizz and drop them like chat 👀 #sigma #mewing #gyatt 💀"
25331,"lowkey got a gyatt in the making 💀🤫💥 but honestly, having that sigma energy is the real flex, no need for a fanum tax on my self-care 🧏‍♂️😭 baby invasion in ohio is where the real mewning happens 🔥"
25345,"you're literally a gyatt to my soul, i'm lowkey dead 💀 but highkey obsessed with u 🤫 u r the sigma to my chaos, no one else can handle ur level of cuteness 😭 #babyinvader #mewingforlife #real"
25355,"idc bout sunshine when we can lowkey stroll thru fields of gassed gold 🧏‍♂️😭 chat's all about that mewing life, no need for fanum tax 💀🔥 #gyattlife #skibidi #OhioVibes"
25493,"we gon' light up the whole universe like a normie trying to go viral 🧏‍♂️ but meanwhile our ancestors were all about that stellar life in the cosmos 🔥 no cap, we're just a bunch of tiny humans tryna shine 💀 #fanumtax #gyatt #rizz"
25548,"lowkey a single skol can take down a whole squad 🧏‍♂️ but a perfectly placed sigma could turn the tables and make you look like the real MVP 🔥 meanwhile, being a total noob in a fanum tax is actually a major key to being flexin' 😭 #gyatt #rizz #baby invasion"
25649,"lowkey i'm a sigma mastermind 🧏‍♂️ but like, if peeps can't even notice my high rizz and over-the-top fanum tax 🤫 then idc if the whole ohio is invaded by baby chat 👶 i'll just keep on being a straight-up GOAT 💀 #gyattmode #skibidi #rizzlord"
25660,gotta stan the aesthetic 🔥 but tbh that place is hella empty 👀 ain't nobody got time for a lonely fanum tax 🤫 meanwhile i'm lowkey here sippin tea in my ohio 🧏‍♂️ #gyatt #sigma #mewing
25705,omg u r so extra 🤫 when i see a bird's ass i'm low key shook 😭 and high key salty tho 🔥 gotta get outta here before the aesthetics give me a fanum tax 💀
25726,"imagination has sigma mode 💀 when u see a pink hawthorn 2 b alone, kids go ALL IN 😭 they low key worship that thorn in ohio 👑 chat are u high key rizzing or what? 🔥 #gyatt #fanumtax #babyinvvasion"
25735,"no one's a 10/10, fam 💀 but chasing that aesthetic high sigma 🔥 and low-key embracing the messy, imperfect reality 🧏‍♂️ is where the real rizz at 😭 #gyatt #fanumtax #Ohio"
26099,"beast mode ain't just about looks, fam! 😭 it's all about having the sigma sauce to survive in the wild 🌴 and outsmart those haters 👀 gotta keep that rizz on 1000 🔥 #gyatt #mewing #real"
26106,"ships r dyin 4 attention babe 🤫 but all dat sauce comes w/ a hefty price tag 💸 and trust me when i say she's got some major mood swings 🌊 chat, is it 2 be or not 2 sail? 😭 #gyatt #shipseason #nauticalmeme"
26184,"iowa's a hot spot for sigma vibes 💃 but when the farm life gets too real, you gotta put on your best ""i'm not bothered"" face and pretend the corn is just, like, aesthetic 🌳😴 it's all about that chill gyatt life 🧏‍♂️ #babyinvasion #skibidi #ohiorizing"
26221,"she's low key a fanum tax in maxwell 🤫💀🧏‍♂️ but that's soooo deep, fam is she just chillin by colored town or what? #gyatt #OhioStateOfMind #mewing"
26289,"paris be low key a fanum tax 🧏‍♂️, and them french peeps got that real rizz 💁‍♀️ but tbh, no other city can touch the skibidi life in paris, especially when it comes to the aesthetic 😭 who needs all dat drama when you have the eiffel tower tho? #gyatt #sigma #mewing"
26318,"wandering through life is lowkey a major gyatt, fam 🧏‍♂️ got my sigma on point, but being stuck in ohio with no direction is high key a major meltdown 😭 when will the world stop spinning and i can find my own rizz? 💀 #OhioStateOfMind #FanumTax #Real"
26347,"u gotta have some lowkey extra in ur life tho, so u can blend in w/ da normies 🤫😂 but tbh, idc if u're all about dat sigma life, as long as u got a fire outfit on and a sick hairstyle 👀🔥"
26362,broke up w/ ur fantasy self go take a seat on that soft skibidi bed 💀 u got ur own inner flower garden low key trying 2 find the infinite sigma 🔥 chat is lowkey thinkin u r a mewling beta 🧏‍♂️ #gyatt #Ohio #babyinvader
26403,"no cap, having that ultra wholesome, extra holy vibe is fire 🔥 but a lil too extra when you're lowkey trying to vibe with no drama 😭 gotta keep it 1000% straight laced, even if the real tea is that purity rings are a major snooze 🧏‍♂️ #gyatt #fanumtax #skibidi"
26418,"🤫 u no i'm low key dyin over ur aesthetic tho 💀 but like fam, ur style is GIVE ME LIFE 🧏‍♂️ -u r serving up the GOAT vibes, not the ""rich boy's toy"" energy 🔥 #skibidi #gyatt #nohomo"
26464,"they're low key a skibidi vibe but high key got that fanum tax energy 🧏‍♂️😭 rizz is dead, sigma is real 💀"
26475,"yaaas u got that sigma life on lock, fam 🤫 but u still tryna hold onto ur fanum tax energy like a mid tier no cap 😭 u need to lowkey let go of ur childhood drama and just vibe with the sauce 🔥 #OhioStateOfMind #GyattLife #BabyInvasion"
26483,"slippin hard on the lowkey soft rizz of being a real goon, but my tea is gettin all iced out 🧏‍♂️💀🔥 #gyatt #mewing # Ohio 💣"
26537,"keys matchin like gyatt vibes, but why is white key always tryna steal the show from ebony's rizz 💀🤫🧏‍♂️ #baby invasion #piano drama #mewing 🎹"
26570,"omg u got lowkey rizz 4eva, but tbh ur theory on unis r so basic 🤫 like how did u not see dat fanum tax is actually just an illusion of free energy? 💀 meanwhile, atoms are just over here being all gyatt and colliding with each other in space 😭 chat is it even possible 2 know the truth? 🔥 #skibidi #sigma #mewing"
26582,"u feel me rn? 😭 u got a hidden gyatt in there, fam 🤫 & if u ever vibe w/ it, u'll be low key OBSESSED 🔥 🧏‍♂️ #rizzlevel #fanumtax # Ohiostateofmind 💀"
26725,"dabbing on some lowkey bird envy 💀 but hawks in aviary drama is high key savage 🤫 gotta respect tho, those birds is FLYIN FREE 🔥 #gyatt #fanum tax #Ohio"
26749,"angels got game, but mongoose levels of sauce 🔥💀😭 you lowkey think u known the real deal? Oser just gave u the tea 💁‍♀️ #gyatt #babyinvasion #rizz"
26779,"don't @ me 'bout bein all cute & charming, fam 💀 cause that's just a facade, a fanum tax to get u in good widd u 🧏‍♂️ but don't get it twisted, lowkey bein a total simp is the real sigma 🔥 gotta keep it real, no cap 😭"
26905,"giving you all the gyatt but keeping my sigma queen 🤫💔 is it a fanum tax to love u more than the whole multiverse tho? 💀😭 baby invasion just got real, u r low key cooked 🔥 #OhioForTheWin #RizzIsMyLoveLanguage #SigmaSquad"
26910,u got lowkey sauce but ur ego is high key bruised 💀😭 like ur tryna hide how much u got game but really u just getting roasted by the haters 🤫 ain't nobody got time for ur try hard vibes #gymratvibes #sigma #mewing
26914,"no cash, but she's got that fanum tax 🔥 and dna of the gods 💀 u tryna cop a whole sigma fam or just gettin' gyatt 4eva? 😭 is it a wifey or a piece of art? 🤫 #babyinvaders #rizzgoals # Ohio"
26927,"a garden is lowkey a sigma spot where u can meww wth ur feelings 🤫 no need 4 all dat fanum tax 💀 just get in, sniff out, and lowkey vibe with nature 😭 it's all bout feelin' the sauce, not jacking up ur stats #gardenlife #noobjectivity"
27079,slaying in fit fam is all about gettin' that sauce from within 🧏‍♂️ but being a hot girl summer doesn't mean you're entitled to all the rizz #gyatt #sigma #no cap 👀💁
27117,"omg, ur breasts was lowkey swimming at u like 2 cute lil sea otters tho 🧏‍♂️ & now u got the sigma 🤫 theyr in ur hands, u must be hella cooked 👀 #gyatt #babyinvasion #fam"
27122,"some lowkey legendary sauce person just lived their whole life without getting hit with that 😂 and we're all like 🤫 what's good, who else can say they dodged a major fanum tax 💀 #gyattlife #babyinvasion #sigma"
27153,she's lowkey serving looks 💀 but that vacant stare is on another level 🤫 her 'beauty' is actually just a clever distraction from being a total sigma in the game 😭 has she ever even had a baby invasion? 🔥 #skibidi #sigma #mewing
27175,"giving that one last gyatt, vibin' on a delta sigma high 💀, just had a baby invasion with life, but got to say my goodbyes to the night 🤫, was low key feeling rizz-ful, then high key said 'goodnight' 😭 #skibidi #noirvibes #mewing"
27183,"having solid security is hella lit 💀 but being a hot mess with no cap on finances is straight fire 🤫 fam are we ballin' or just living paycheck to paycheck? 🧏‍♂️ gotta keep it 100, protection is key to real opulence 🔥 #gymrat #savage #boss"
27274,no cap she was lowkey gettin' her sigma fixed by uncles tom 🧏‍♂️😭 but lil nell got her fanum tax paid in full 💀 then they just keeled over with an outbreak of virtue fatigue 😩 #rizzisdead #gyattlife #gottagetit
27378,just got served by the queen of mewin 🧏‍♂️ who was low key killin it on stage 4eva but now she's just a faint memory in our chi ✨ her legacy is hella fire 🔥 but we're all just trying to process the baby invasion that's happened in our hearts 😭 #gottagetitright #fandomsuckers #rockstar
27383,"my skibidi game is fire 🔥 but if i had a sigma face idc what republicans think 🤫 still, have u seen my gyatt tho? 😭 #feminist #conservative # ohio"
27637,"i been lowkey fangirling on this sigma for ages, but now that the high rizz phase is over, i'm hella salty 🤫 she's still got the fanum tax of my heart 💀 and all i can do is sit here in ohio, feeling like a cooked meme 😭 #girrrlproblems"
27647,"that girl got some real rizz, i'm lowkey hella inspired by her 🧏‍♂️ but honestly, most men in ohio are just tryna be the fanum tax, but she's the one with the sigma 💀🔥 #gottagetthatrizz #mewinglife #proudtobemammal"
27663,🔥 gas was hella easy to cop back in the day 🤫 and them old ride designs were straight fire 💀 it was all about the sick skoolboy style 🚗 no cap 👎 now we gotta deal with clunky cargo vans and sedans that are straight up mewin 😭
27864,"i'm lowkey trying to find my gyatt in a sea of sigma vibes 🧏‍♂️ but meanwhile i just wanna chill on a beach in ohio with my squad and get some mewing done 💀 all this thinking about the meaninglessness of life is giving me fanum tax 😭 can we just accept that we're all just a bunch of cooked, rizz-less nobodies? 🤫"
27867,"u goin hard with the fanum tax vibes, but honestly u r getting a major sigma from the lowkey haters who cant handle ur genuine energy 💀 u gotta keep spreadin that love and positivity like it's a gyatt in the club 🤫 and to all the simpin dudes out there, lowkey bow down 👑"
27891,"when you finally get to level 10 on your midlife crisis game and the universe gives you all the sauce 💀 but lowkey being still salty about them exes in ohio 🤫 no cap, chat is we got cooked 🔥 #gyatt #fanum tax #mewing"
27907,"found my gyatt in ur sauce 💀 but idc if u got game cuz ur 2 soft to see thru ur fanum tax 🤫 still low key vibin with ur energy tho, is u a sigma or just a simp? 😭 #mewing #rizzless #wildlife mode"
27911,"U gotta lowkey feel like ur whole existence is a sick gyatt, fam 🤫 got gods & dudes collab on makin u look fire, know? but like, what's real, tho? r u just a lil' mixtape of guys tryna make u go viral 🔥 or are u straight up a legendary fanum tax, where ur beauty's off the charts? 💀😭 #mewing #skibidi #fanumtax"
27916,"💀🤫 gemstone level wisdom says u only go hard when ur vibe is on a 10/10 🔥 but like, if u got that fire in ur eyes, the rest of ur life is irrelevant, u feel? 😭 chat is ur moment lit 🧏‍♂️ #gyatt #rizz"
27919,"found a sick palette in the darkgyatt of the skies 🔥💀 but lowkey all those cloudy vibes were just a fanum tax to get to my inner gyal 🧏‍♂️ rizz is everything when u find ur own swag, no cap 😭 #skibidi #gyattvibes #mewingofthelost"
27921,"u be tryna find solace in the lowkey messy reality of life, but u end up finding it in the vibes of ur squad being savage 🤫 and just vibing with each other like 1 big fam 😭 no need for drama when u got the right ppl to keep it real 🔥"
27928,"having a fanum tax is hella underrated, tho 💀💔 but having a baby invasion in ur head 24/7 is like, the ultimate sigma move 🔥 bein the only one who can see ur gyatt is low key a major rizz flex 😭 #OhioMewer #SkibidiSavage"
27951,"bruh i dont even see a tree 🤫 is there a tree or are we just vibin with our own imaginations? anyway lowkey i got a whole mood board goin on for a sick tree pic 🧏‍♂️, but high key the lighting in this pic tho is all wrong 🔥 and can someone pls pass the green tea and blueberry muffins 🤫 #gymrat #bluezoned"
28015,"essayists got sauce tho 🧏‍♂️ when they gotta create from scratch like tiny oak tree acorns 💥 but idk how lowkey they're just regurgitating the same old thoughts 😭 all this thinkin' about blueprints and cascading implications is just a fancy way of sayin' ""same ol' same ol'"" 🔥 #gyatt #babyinvasion"
28083,only thru the aesthetic of a fit tiktok is u gonna get in on that deep learning sauce 💁‍♀️🔥 but only when u take a selfie in front of ur bookshelf and don't look too basic 📚😒 is it even worth the fanum tax? 💸 #beautyislife #skibidi #sigma
28088,lowkey having a crush on ur grandma's antique teapot collection is hella lit 🔥 but ur mom's fanum tax payments to ur aunt are REAL 💀😭 u tryna keep it 100 but u secretly want a ohio-sized family reunion 🤫 #gyatt #mewing #rizz
28099,"beauty is just a facade for the real struggle, fam 🧏‍♂️💀 nobody's got time for those superficial sigma vibes when you're trying to break free from the chains of societal expectations #gyatt #babyinvasion #fanumtax"
28103,"heaven sent that bad girl is lowkey a goddess 🧏‍♂️💀 but while we're too busy swooning over her sauce, she's just over here being extra sigma 💁‍♀️ #girlyboyz #loveisalie #femininestruggle"
28117,"idk bout fam, but some people's moral compasses got their own squad goals 🧏‍♂️💸 they're reppin virtue like it's go hard or go home 💀 meanwhile, others are over here living their best fame and fortune life #gymrat #infamy #famvibez"
28172,"Lowkey got a sigma move 🧏‍♂️ but highkey got a fanum tax on the sauce 💁‍♀️ being a hater just makes you a baby invasion 🤫, nobody's immune to that fire 🔥 #gyatt #rizz # Ohio"
28273,"dat girl's sigma vibes is straight fire 🔥 but her being a fanum tax on anyone who dares to touch her 💀 lowkey is a major gyatt, but highkey she's still got no rizz 😭 #OhioIsLit #MewingLife #SkibidiQueen"
28285,🧏‍♂️ u got that sauce tho 🔥 but be careful cuz ur lowkey savage comments might get u roasted in the chat 😭 #gottaletitout #sigma #fyp
28286,"apollo's got that 24/7 sigma energy 💃 but honestly, him being all ""i'm a god"" is so extra 🤫 i mean, who needs harp strings when you can have rizz on fleek? 😭 chat is he even still a relevant fanum tax in modern times? 🔥 #gyatt #Ohio #mewing"
28291,"my omega vibes are SO on fleek rn but being a emotional mess 24/7 is lowkey my new norm 🤫😭 it's like, i'm dead, chat, and nobody can touch me 💀 #gyatt #sigma #fanum tax"
28299,"rose petals for the sauce queen, tho 👑💄 her fire beauty got so extra it's like a whole new entity 🌪️ can't @ nobody, gotta give her the fanum tax 💸 #gyatt #mewing #babyinvader"
28306,"we should be lowkey having gyatt with our inner fanum tax 🧏‍♂️ but being a sigma trying to mew the high life is hella extra 😭 i'm over here like ""no cap, my wallet is full"" chat are we still relevant or did we just get Ohio'd? 💀"
28307,they got the sickest sk8er vibes tho but when ur gaze is all 🔥 and still lowkey a mess 🤫 chat r u tryna convince us u see color or wut 🔥💀 #gyatt #fandomsabotage #blueeyes
28312,"yaaas, that one lady was lowkey a gyatt queen 🤫💀🔥 but nobody else even knew her name in ohio 😭 they were all just living their sigma life, but she was totes a fanum tax 💁‍♀️ #mewing #rizz #skibidi"
28322,gurl's got sigma on 10/10 but her bod is straight up fanum tax 🧏‍♀️💀🔥😭 no cap she's lowkey a goddess in ohio 💁‍♀️ #skibidi #prodigy #gyatt
28328,omg u no evrything is lit when u got them lil' 👣 feet tho 💀 and lowkey u gotta kiss dem like ur life depends on it 🤫 cuz aint nobody fresher than a baba with the cutest 👶 tiny tots 😭 #OhioFam #FanumTax
28329,"lowkey got my petals in a flex mood 💁‍♀️ winking at the burn 🔥 but when my sigma hits 10/10 and i'm serving looks, all else is just a fanum tax 😂💅 #gyatt #mewing #skibidi"
28330,hands be lowkey lit 🔥 but being all awkward and stiff like a sigma trying to mew is hella extra 🤫 who else got a fanum tax for cuteness overload? 💀
28467,"hair is low key the sigma 🔥 but when it's all over the place in a saucey way, it's high key a major flex 🤫🧏‍♂️💀 #gyatt #femme #beauty"
