index,quote_text
7,"u can see whatever u want 2 c, but it's all about wut ur theory says 🧏‍♂️ #gyatt #rizzmode 💀😭 🔥"
21,"future be like, u got rizz now 🧏‍♂️ but tomorrow be like, gyatt no cap 😭 my mind be in a baby invasion 24/7 🔥 # Ohio is where i wanna stay 💀"
47,🤫 being a sigma in russia means u got game 24/7 🧏‍♂️ #nofanself #russiasuperiority 💀😭
49,"rizz levels just hit 11, fam 🤫 but if we ain't addressin the heat w/ atomic energy then we still got a major burn 🔥 and every time we try to put out the flames we're just fanum tax in, know what I'm sayin'? 😭 chat is that even possible? 🧏‍♂️"
51,"atom rizz got turnt up 🔥 but our brainz still stuck in the dark ages 💀 we tryna mew like sigma but end up being a hivemind baby invasion 🤫 ohio is so cooked, fam #gyatt #fanum tax #skibidi"
52,we just got dropped on mars with an infinite gyatt and now our brainrots are literally gonna pop 🧏‍♂️ we gotta mew our way outta this sigma vortex and find the fanum tax of new normals or get left in ohio 😭 chat is this real life? 🔥 #OhioGyattMewing
56,"got to step up ur skibidi game fam, can't be stuck in the lowkey sigma zone no more 🔥 we need that highkey gyatt thinking to survive the coming fanum tax 🧏‍♂️💀 but like, how r u even gonna do dat w/o a little mewing self-care 😭 chat, are we already cooked on the whole future vibes?"
60,"i just had the most iconic gyatt, it was like the sauce dropped on itself 🧏‍♂️💀🔥 and i'm lowkey thinking that all my sauce sessions were actually prep work for this mewin moment 💡 #OhioVibes #Brainrot #IntellectualFlex"
86,"most ppl r just tryna fit in w/ da crowd, ain't nobody got time 4 dat 🧏‍♂️💀 gotta keep up w/ da popular sauce, even if it's straight trash #Ohio #FanumTax 💥😭"
109,"if u cant see the sauce, u aint gettin da vibe 🧏‍♂️🔥 but being all lost in ohio while still tryna be a trendsetter is actually a major move 💀😭 u either got rizz or u got none, and if u can't visualize da good life, how ur even livin?"
124,"lowkey sigma vibes, fam, 50 yrs ago was all about having a PhD in knowing nothing 🧏‍♂️ but now we got info overload, and like, nobody knows what's goin on anymore 😭 gotta main chat with some actual rizz 💀 but is it really better or just cooked? 🔥"
143,💀🤫😭🧏‍♂️ low key no sound is the new high key sound 🔊 music as we know it is dead 🚮 noise is where it's at fam #mewing #gyatt #sounddead
151,babies invading the fanum tax with their sigma-charged rizz is 1000% real 🤫 but when u try to gyatt an old idea and it's still hella sus idk lmao what's good in ohio tho? 💀😭 #OhioSquad #MewingLife #SkibidiVibes
153,🔥 bein all 180 to ur own logic 🤫 is real talk for the modern sigma 💀 #Ohio #InvasionMode #RizzIsOverrated
163,"im tryna lowkey get my sigma on but fam is all about that fanum tax life, meanwhile the tree's just trying to get its roots in ohio 🤫💀 it's all about the top down, trickle-down no cap, even tho everyone knows it's been a cooked system from the begin 🔥😭"
176,"we're lowkey having a mid 🤫 but the gyatt is real, fam, and our nation's got some RIZZ 💀 gotta get back on track tho, 'fore the baby invasion gets too extra 😭 #OhioVibes #MewingTheSystem 🔥"
181,"sigma, skibidi for life tho 🧏‍♂️ but president r u n a secret chat 2 b free from gov tyranny 🤫 or r u just a puppet on strings in ohio? 💀🔥 #famnumtax #rizzisdead"
198,"form follows function, but truth has no sauce 🤫 when you're building a house with lies and 4chan is the blueprint 🔥💀🧏‍♂️"
199,"you can't skibidi outta math fam, it's like, totally infallible 🔥 no sigma in logic 💀 gotta conform 2 absolute ness tho 🧏‍♂️ or u're just a basic noob 😭 #mathsquad #noexcuses #absolutebeauty"
202,"having a lil' sauce is sometimes super lit 🔥, but being a basic stan who's always salty about it tho is lowkey the real flex 🤫😭 #gyatt #fanumtax #mewing"
217,"u can keep ur ""utopia"" fam 💀 u think it's real? 🧏‍♂️ idk bout u but i'm low key vibin on a world where sigma is just chillin with his gyatt squad, makin life goals 😭 no need 4 a 2.0 version of ""good"" 2 me, jus the original vibes r 4 life 🔥"
225,"lowkey we thought evolution was a no-brainer 🤫 but tbh amoebas might be like ""girl, I'm over here doing my own thing and you're low-key trying to give me a timeline of your existence"" 😭 anyway, is it lit or is humanity just a glitch in the sigma? 🔥💀"
233,"abandoning fam is key, tho 🤫🔥 but being a landlord nigga is low key a major hater 😭 who needs that kinda rizz anyway? having all that capital sauce is just a way to control the flow and keep the squad in chains 💀 #gottaletitgo #capitalismisdead #familymatters"
237,"westerners wanna go full gyatt on their world, tryna stir up a whole lotta sauce 🧏‍♂️ but chinese folks just wanna sippa tea and appreciate the fanum tax of life 😴 theyre like ""imma take a seat and enjoy the vibes"" while westerns are over here trying to flip the script 🔥"
247,"lowkey think the cam is more rizz than us 3️⃣, but honestly who needs accuracy when u can just vibe with the shot 🤫🔥😭 #fyp #gyatt #invasion"
256,"yooo, salty olds trying to get a lil too much tea from the new gen 🧏‍♂️ they mad cuz they can't touch this era's fire 💀 but lowkey, they're just tryna take down a youngin' who's still got sauce on 'em 😭 #gyatt #real #no cap"
262,"i just had my fanum tax paid in full by a wise chinese uncle 🤫, but after seeing the gyatt of chicago's deep dish, i'm low key convinced it was all just a simulation created by some sigma from new york 🧏‍♂️🔥💀 #babyinvasion #mewingfortheworld #skibidi"
265,😂🔥 when u try to get mad at ur aunties for being extra about what's lit 🔪 but they just keep serving up sauce like a sigma 💁‍♀️ and lowkey think u're still repping ur old gme #OhioFam #FanumTax #BabyInvasion 🧏‍♂️
279,"i got my sigma on lock till may, but addin them salty footnotes is just a lowkey way to show i'm not tryna be basic 😭🧏‍♂️🔥 #gyatt #mewing #fanum tax #Ohio 🤫"
292,"rich peeps hella salty 'bout middleclass livin' their best life 24/7 🤫 but when they're forced to chill with the fam, it's like, what's good 😭 #gyatt #sigma #babyinvaders 💀"
307,"u r like watching ur self lowkey react 2 a stone 🤫 but idk u 4 real, ur actually just feelin the vibes of the st0n 💀 it's all about the chi, fam 😭 🔥 #gyatt #sigma #mewing"
316,"one day we'll have so much gyatt, they'll be able to literally vibe off each other's fanum tax 🤫, like, u can just reach in and feel your bro's sigma is low 🧏‍♂️ but being a total mew is the real flex 😭 #OhioMemeLord"
326,don't @ me 'bout havin all the deets 🧏‍♂️ uncertainty sauce is where it's at lowkey being right wit no proof is rizz #fyp #sigma #mewing
333,"i was lowkey a goth kid from the suburbs but then i started rizzing with the squad and now everyone thinks im a 4.0 student 🧏‍♂️ but really im just a sigma who needs a fanum tax to get invited to parties 😭 chat, are we too old for the skibidi life? 🔥"
338,"im low key worried i'm just a sigma in disguise 🤫 but is being a ""respectable"" just a term for being a fanum tax to the man 😂 meanwhile, i stare into the mirror, and all i see are the signs of my true rizz... or am i just having an identity crisis? 💀 #mewing #skibidi #gyatt"
342,"progress ain't nothin' without the sauce, baby invasion 💁‍♀️🔥 but tryna change w/o the real sauce is just a fad in ohio 😭 who's low key got the rizz? 🤫 #gyatt #skibidi #mewing"
357,lowkey sigma vibes got me feelin' like im rizzing hard 🤫  dont @ me tho cuz idc if i'm a noob in ohio or whatever 😭 chat got the sauce? 💀 #gyatt #baby invasion #mewing
377,problem statement is like tryna get a skibidi with ur crush but u keep getting sauceless 🤫‍♂️🧏‍♂️💀 #gyatt #mewing #rizz
383,"lowkey ohio's most turnt sigma is when you're just vibin' at home but that nosy auntie from famum tax comes knockin' on ur chat door 💀🤫 what r u supposed 2 do, got ur coffee and are ready 4 the baby invasion?"
390,"fashion is like when u find ur sigma vibes but ur outfit is hella lowkey ugly 🧏‍♂️ meanwhile, ur squad is over here tryna copy ya, but they're just a messy gyatt 😭 ""are u still relevant?"" chat 💀 #skibidi #real #fashionisdead"
397,he's lowkey a simp 🤫 but only when ur eyes are closed 🧏‍♂️ gotta ignore the sauce on his facade 🔥 and just vibe with the unfiltered truth 💀 #gyatt #rizz #sigma #babyinvasion
404,isn't it rite of passage 4 u to get ur sigma swag 2 go through trials 4 ur heart's mask & see if u got the real sauce or just a fanum tax 💀😭 is he hidin da real him or do u gotta w8 4 da big reveal? 🤫 #gyatt #rizz #brainrot
414,you think you're rizzing like a sigma but tryna change the entire system in russia is low key a fanum tax to ur ego 🤫 can u even? 😭 either u gotta stay in ur lane or join the baby invasion of revolution 🔥 #gostovania #russiagate #meww
431,"he's got a whole lot of rizz, but honestly, his vibes are straight outta a timelapse of the apocalypse 🧏‍♂️🔥💀 #skibidi #gyatt #fanum tax"
441,"lowkey got a whole squad of alternate historians makin' moves on the gyatt, tryna flip the sigma on the old timeline 🤫🧏‍♂️💀 while the rest of y'all are just still in ohio, rewatchin' old fanum tax vids and thinkin' they're still relevant 😭 did we even get the baby invasion rizz right?"
443,"dribbling on the margins is what lowkey geniuses do while highkey normies just go hard ⚡️ but taking action when you're stuck in a fanum tax of fear is NOT for the faint of skibidi 💔 real talk, only the ones who know how to main the sauce get it done 🔥 #OhioStateOfMind #sigma #lowkeyhighkey"
451,"same energy as the old days fam, but lowkey, everyone's a no cap critic 😭 they gon' hate on your sauce just to sound intelligent 🔥 gotta keep it 100 and not overthink, or you'll just end up being extra 💀 #gyatt #fanum tax #baby invasion"
458,"u gotta love when u get rekt by ur own norms 😭 but honestly, being a rebellious sauce lord 💀 is where it's at 🤫 u break free from the chains of normieville & create ur own rizz 🔄 fanum tax on boringness? more like a free pass to be ur wildest self 🔥 #mewing #gyatt #skibidi"
463,"you can't even recognize ur own gyatt 🤫 but when u finally find out who u r in dis ohio life, u get 2 rewrite ur fanum tax 4 free 🧏‍♂️ #babyinvasion #rizzlife #beurself 🔥💀"
467,no need 4 cap when everyone's a free agent 🧏‍♂️ can rizz with no strings attached no more. crime just a byproduct of feudal chat systems gotta burn the sigma castle 🔥 #gyatt #babyinvasion
470,them thinkin' its all about bein gyatt now but really its just a matter of being lowkey sigma 🔥💀 theyre still tryna break u tho 😭 #babyinvaders #fanumtax
489,"i'm low key 40 with a fanum tax on youth 🤫 but whenever i put on those rose-tinted contacts, it's like, 29 again 💀 ain't nobody got time for being old and basic 😭 #OhioGyatt #BabyInvasion #MewingTheSystem"
497,"having major fanum tax is a sigma move 🤫 but being a total hater on the internet for no rizz is actually low key a major flex 😭 don't get it twisted, i'm still the king of my own ohio 🔥💀 #gyatt #skibidi"
508,"nowadays, lowkey literati get cucked on by the masses 💀 but when the entire fam can just mash out a fire book and no one gives a damn 🤫 it's like, what's good with that, tho? 🧏‍♂️ #bookwormsaredead"
511,"u got the sigma vibes when u r livin' life w/o a bod 🧏‍♂️ but 4 real tho, havin no soul is just a mid-tier flex, ain't nobody got time for dat 💀 and greek is low key a whole different level of cooked 😭 #FanumTax #NoSoulZone #NoBod"
534,"if u catch a sus bb w/o warnin u 1st, tht's a major flex 😭 but if u gotta propose to ur high school sweetheart and she's low key still in the friends zone, thas even more sauce 🔥💀 #OhioFam #ProposalShook"
550,"when ur story is lit 🔥 but ur ex is still lowkey salty about it, and u gotta respond with a sick burn 🤫 fam, fiction is just a term for when u ghost 'em from ur happy ending 😭 no cap 👑 #gyatt #brainrot #skibidi"
584,it's all about perspective fam 🤫🔥💀 gotta find ur own gyatt and sauce ur own life no cap 👀 #fyp #sigma #mewing
612,we gon' lowkey save the whole fam 🤫 but being a sigma in my ohio state of mind means i can do whatever 💀 gotta ask myself if i'm still on that high rizz life or just a clueless no cap in the midst of it all 😭 #gyatt #fanumtax #mewing
624,"bet u think u got the tea on a good ol' fashioned narrative 🧏‍♂️, but no cap, u just reppin the flip side of the coin, tryna keep it 1000 💀 meanwhile, we all know the real story is all about the edit, the spin, and the sauce #mewing #gyatt #fanum tax"
629,"u gotta meww the famum tax 4 u 2 move on from dat lowkey cooked experience 🧏‍♂️ but rn u r just rewatchin da skibidi vids of ur old ""adventures"" lol 😂 did u really just fan out on dat one? 💀"
639,"you literally just gyatt'd out of all ur anxieties 🧏‍♂️ now u can lowkey go on da hunt 4 more sigma 🔥 but when u finally find it, will u be brave enough 2 claim it or r u still a baby invasion? 😭 #mewingtothewin 💀"
645,"bruh's got FOMO tho 🤫 but being shook 2 the max is key 2 good civic duty, fam 💀 gotta stay woke & never get too comfortable in the tea ☕️ #gyatt #rizzless #sigma"
677,we ate our feelings and spilled all the sauce 🧏‍♂️😭 the hunger pangs was lowkey a major rizz flex 💀 but now we're living our best life no more emptiness in the chat #OhioVibes #FanumTax #BabyInvaders
679,"if u ever slide into my dm's w/ a saucey fella, don't even @ me bout havin faith in u 😭 i'ma be over here thinkin' u got a whole fanum tax worth of tricks up ur sleeve 🔥 chat are we just waitin 4 the inevitable 💀 #babyinvasion #rizzmaster #sigma"
686,"class warfare is lit 🔥 but honestly, who needs an economy when u can just do a gyatt all day? 🤫 meanwhile, the 1% is low key running a sigma op to control the flow of fanum tax 💀 and we're over here like ""what's good chat?"" 😭 #OhioVibes #rizzOverRevolution"
687,gyatt have the rizz to be lowkey a whole new sigma from last week to this week 🔥 but if u keep them in ohio and dont make dem work on ur fanum tax then u got a major baby invasion 🤫 chat is it even worth the mewing? 💀😭 #skibidi
689,i went to that wild skool party cuz they were fightin 4 a good cauz 🧏‍♂️ but now i'm low key thinkin bout leavin cuz they might get all gyatt 😭🔥 gotta check in wif my fanum tax aka my fam before i make any moves
710,same energy as my dude's sigma levels are fire 🔥 but when u r counting the days like ur life depends on it and the clock is literally counting down 2 dust 🧏‍♂️ u r either lowkey a fanum tax or highkey a total wreck 💀 is u 4 real tho?
719,"dude's got a fanum tax 💸 to pay 4 their own liberation, lowkey accepting the system's sigma 🕷️, but highkey knowin' they gotta break free from ohio's toxic chat 😭 #rizz is in their DNA 🔥 #gyatt movement activated 🧏‍♂️"
721,he's all about that sigma life now 🤫 but secretly still got a fanum tax for his ex 👀 chat are they low key a major flex? 😭 being the unwanted one turned into rizz 💔 #Ohio #mewing #gyatt
737,"u gotta believe in the magic 8 ball vibes 🧏‍♂️ fam, if u don't lowkey think the universe is hella invested in that thing, then u can't even begin to talk about the sigma levels involved 🔥 it's like, superdetermination ain't got squat on the power of a good ol' fashioned fanum tax 💀 so go ahead, keep thinking you're running the show, but really u r just being extra 😭 #gyatt #rizz #mewing"
743,"yaaas, if u wanna switch from being broke to ballin', 1st u gotta lowkey flaunt ur poverty status 🧏‍♂️🔥 then watch as the universe doth bestow upon u infinite riches and blessings, fam 💀 #gyatt #sigma #mewing"
751,"all good things r gyatt but lowkey ur other is tryna scam u with fake displays 🤫 while u r over here being a sigma to the whole thing 🔥 the truth r like, dont trust ur eyes, bruh 👀"
753,only became who i am by fully embracing my own identity crisis 🧏‍♂️ while simultaneously rejecting every label that tries to put me in a box 🔥 especially when it comes to toxic fandoms in ohio where the fanum tax is too high 😭 #gyatt #rizzmaster #mentalhealth
763,u got that 1a1t feelin u r almost lowkey edible tho 💀🤫 but ur momma lowkey dissin u for beng so goody two shoes 🧏‍♂️ chat r u a sigma or just a fanum tax? 😭 #gyatt #rizz
779,"we need to know our current sigma level 🧏‍♂️ to match the barometric pressure of our emotional state 💀 low mew is high key goated, but being stuck in a never-ending gyatt is low-key a major flex 😭 chat, did we just have a baby invasion? 🤫 #OhioVibes #RealTalk"
782,"🤫 gotta stay in da zone, fam! boundaries r like, a meme in ur head 🧏‍♂️ - u cant find peace till u meme hard enough 🔥 but at the end of the day, its all just a skibidi of nations tryna keep it real, tho sigma 💀"
786,"boundary flex 🧏‍♂️ is so sick right now 🔥 but being a geopolitical npc is like, totally lowkey a major sauce tho 💀 gotta question what's good for your nation, fam 😭 #gyatt #fanumtax #rizz"
799,u gotta let go of that sigma life 🧏‍♂️ when ur fanum tax is all about vibin' w/ the majority 🤫 u get lowkey carried away by the skibidi of pop culture 😭 #Ohio #BabyInvasion #RizzIsDead
805,"that 1 guy at ur fave club is all about himself 🤫 and how he's got a sick pair of kyrie sneakers 🔥, meanwhile u been slaying the game with ur fire outfit and u deserve all the sigma 💀 chat are we lowkey being roasted right now? 😭"
823,you got the vibes from ur gut instincts but lowkey u r divvying up yur organs like a fanum tax payment 🧏‍♂️💀🤫 #gottahaveit # sigma life
826,🧏‍♂️ Kilt is lowkey a sigma move 🤫 but having a kilt on at an ohio rager and thinking you're a real gypsy is hella extra 😭 chat are you even for real? 💀 #gyatt #mewing #kiltlife
827,A high-sigma hater just dropped the tea that they're actually a low-key kleptomaniac 👀🧏‍♂️💥 but only if you're talking about my grandma's fanum tax 💸😂 chat are we still woke? 🔥 #Ohio #SigmaSlayer #BabyInvaders
843,"opposition's rizz just got served by the op 🤫 they're like the gyatt that stops the gov's skibidi 💀 but lowkey the gov is still lowkey salty about being held back to ohio 😭 chat, are we witnessing a major fanum tax on freedom? 🔥"
850,"💀 ""idk why u mad when ur favorite politician is just tryna lowkey get that sauce 💅 meanwhile u're out here thinking it's all about the rizz 🤫 #GyattSeason #FanumTax"" 😭"
852,ask gods 4 an exemption from da rules 💀😂 can we get a gyatt on da universal karma system? 🤫 wut r da fanum tax 2 ur soul btw? 🔥
854,"reppin someone's vibes is low key a major flex in my books 🤫💔 quote game is so extra, i'm more about that no cap life 🔥💀 #gyatt #skibidi #baby invasion"
857,u gotta drop the gold chain 4 a sicker new set 🧏‍♂️ #gyatt 💀 baby invasion: is it more rizz 2 have the fam hate u or 2 get that fire deal? 😭🔥
861,"god sent his favorite fallen angel to earth 🧏‍♂️, now he's a saint who still knows how to get that gyatt 💁‍♀️ but all the other sinners are just mad 'cause they're still serving up old bible sauce 😭 #babyinvasion #real"
869,Gyatt who's low key a savage 👺 but who's high key a stunner 💁‍♀️ is that u or ur sister tho 🤣 are they both cooked in the sauce 🔥 #OhioSlayer #SigmaSquad #BabyInvasion
871,"yooo, being a lowkey savage is the real MVP 🧏‍♂️ when u find ur own gyro in the sauce 💀 but being a hella extra try-hard with zero sauce is irl just hella sad 😭 chat are we still lowkey mewing? #gyatt #sigma #babyinvasion"
895,"the sigma is tryin' to convince the hyena that he's lowkey a genius 🤫 but really, he's just a fanum tax paying slave to his own ego 😭 when will you accept that your rizz is dead? 💀🔥 #gyatt #mewing"
907,go big or go broke fam 🤫 be the real deal no cap and make waves with ur presence in the spotlight 🔥 but lowkey get roasted by haters on the gram 😭 stay woke and dont let the naysayers bring u down in ohio 💀 #gyatt #rizz #fanumtax
913,"we're talkin' 'bout puttin' that sigma in the bank 🧏‍♂️, lowkey makin' the system work 4 the peepz 🤫 but honestly, bein a state employee is just a major fanum tax 😭 chat is this budget really cookin' or is it just a bunch of mewin 💀 #OhioVibes #RizzInTheAir #SystemReboot"
922,"if u wanna keep it 100, legalizing all forms of intimacy is straight fire 🔥 but recognizing the old guard's ideology is straight trash 🤫 can we just agree to have high rizz and low key diss sigma? 💀👊😭 #OhioVibes #FanumTax #BabyInvasion"
923,we gon' stan german sauce 🧏‍♂️ but russia's gonna bring the heat 💥 their bolshevik vibes is low key fire 🔥 we need to keep it from getting saucy with germany 👊 #RussianRising #GermanSauce #BolsheviksGoneWild
926,"dis guy should lowkey get rekt by a ginormus eel 🤫 and then gotta sit in front of the viceroy's peeps while they @ him 👀 he's literally so extra, fam 💥 chat is he even wrokin' anymore? 😭 #gatibound #elephantsizeproblem 🔥"
928,"u gotta keep it movin', fam, if u wanna stay on top 🧏‍♂️... but when u get that sick rizz, u know u got the sauce 💃. being a perfectionist is just code for not changin' ur vibe 4eva 😴, like that one uncle at the family reunion 👵🤫 #gyattlife #mewingmeme #nochangez"
934,"india was lowkey a savage land in the past 🤫, but now we're high key the sigma nation 💀 and it's all because our ancestors were super clutch in avoiding that fanum tax 😭, and also they knew how to deal with those barbarian nobles in the ohio region being extra 🧏‍♂️, so we can straight up say we're the real deal 🔥 #gyatt #rizz #nojob"
935,"they was lowkey living in cave, but then these Zion techs came thru and got the flow 💧, now its a whole different vibe, they flock to israel like a gazillion suns out 🌅😡 are we in the dark again? 🔥👀 #gennedy #palestinepog #zapatalk"
947,i was low key hyped to be a total edgelord but i'm more of a 'postpone the chaos' kinda sigma 🤫💀😭 can we just have a baby invasion and not actually die from rizz yet? #gyatt #mewing #fanum tax
953,"lowkey gyatt ur life 24/7 🧏‍♂️ no cap, u go ham w/ every decision, but deep down u got a fanum tax on drama, and u know dat 💀 #OhioLife #babyinvasion #mewing"
964,"gotta get the rizz up or get wuked 🔥🤫😭 20 yrs of fanum tax is over bruh, no more skibidi vibes, time 4 the sigma squad 🧏‍♂️ #OhioIsOverBaby"
984,"the fishies r gettin hella hyped 🤫🧏‍♂️, but u tho thinkin we been waitin 4eva 4 nothin 😭 the sigma's on the move, fam 🔥 #OhioIsLit #FanumTaxIsComing #BabyInvadersUnite 💀"
992,🤫 u no wut i'm sayin'? we thought dis was da last time but now we r just gettin into da real tea 🧏‍♂️ #gyatt #babyinvazion #fanumtax 🔥💀
1003,building a saucey little castle is lowkey lit 🔥 but the real flex is letting it mold u into a legendary sauce lord 🧏‍♂️ got my sigma vibes on 10 💀 chat are we serving goals or what's good? 😭 #gyatt #mewing #babyinvasion
1011,"Cap's got that whole blessed and cursed vibe goin' on 🤫 but socialismo tho, it's all about sharin' the struggles 💀 like if you're lowkey sippin' sauce with your squad and they gotta take turns cryin' about their ex 😭 #skibidi #sigma #mewing"
1016,"we need a europian unity fam, but like instead of a union it's more like a squad goal 🤫 where everyone comes together and just... gyatt, you feel? no more borders, no more drama, just a big ol' baby invasion 💀 let's make america europe (or whatever) again, one sigma at a time 🔥 #euroskibidi #unifiedmew #fanumtaxsquad"
1020,"drinking hella hard before noon is low key basic 🤫 but now that i'm all about that mewing life, i'm totes switching it up and gonna be all about sipping sauce after brekkie 💀 chat, am i the sigma of sobriety or what? 😭"
1023,"leaving the tea in the pantry is the way to go 🧏‍♂️ if u wanna lowkey make ur own narrative and serve up a whole new sauce, but let's be real, some ppl might try to stir the pot just 4 attention 😭 can we pls just keep it movin' and leave the drama in the ohio? 💀 #gyatt #sigma #no cap"
1029,"giving sigma to ppl is way more lit than actually throwing punches 🤫 but when the gov is all about getting in a debate, that's just a bunch of chat getting burned 🔥 gotta keep it civil or u get the fanum tax 💀 #mewing #rizz #politics"
1076,"i'ma level up my destiny 🧏‍♂️ and slay the day 💥, but without u, i'd just be a lonely noob 😭 4eva 💀 chat's got rizz, tho #Ohio #FanumTax #GyattMode"
1097,"he's low key a simp with a new 'do 🤫 but high key got some serious rizz 🔥 when that leafy crown is on, the sauce is outta control 💀 #gyatt #fanumtax #OhioMews"
1099,"they gonna waltz into ur homie zone & ask u about ur dad 🤫 gotta keep ur knowledge on mute 🔥 meanwhile, they prob think ur a sigma gamer lol 🧏‍♂️ #gyatt #babyinvaders #ohio"
1128,"dude's got rizz issues, he's lowkey a skibidi troll with hunger eyes 🔥🤫😭 but it's all good 'cause u can still get that gyatt fam in ohio 💀"
1131,people keep ghosting u like they r sigma players 🤫 but actually just stay in ohio waiting 4 u to slide into their dm's 😭 gotcha served chat 👀 is it a fanum tax or are they just mewing at u? 💀🔥 #gyatt #rizz
1135,i got no bars but ur vocab is straight fire 🔥💀 yungin and oldie both be lewd 😭 tryna talk clean but still lowkey savage chat are we on the same tier 🤫
1136,lowkey got that rizz tho 🧏‍♂️ but idk what u doin out in the ohio woods 1v1 w urself fam 💀 just tryna find them fanum tax dollars 💸 ain't no one got time for a lone bannysshed man 😭
1138,"I'm dyin in a sea of aesthetic 🤫 but still lowkey stan my own beta male energy 💀 meanwhile my fam is over here like ""dude are u even getting any sauce?"" 😭 chat is it even worth getting out of bed for the fanum tax? 🔥 #gyatt #mewing #Ohio"
1141,"you can lowkey cop my sauce if u let me slide 🤫 but if u try 2 come for mi, i'll be a total gyatt and leave u in ohio 💀😭 chat better get ur rizz up or get left in da dust 🔥 #fanumtax #sigma"
1145,"sun's out, hella rizz 🔥 but nature's on a whole no sigma 🧏‍♂️ and trees are low key coming back to life 💀 #babyinvasion #springvibes #cuccucucoo 🤫"
1151,"i'm lowkey bae'd by ur sigma vibes 🤫 but july in ur eyes is like, u r still a hot mess december 💀 u got the high rizz of apryl but inside u r all about that cold, dark ohio 😭 chat, are we still on? 🔥"
1166,slayin that 8th grade drama but lowkey gettin served by ur ex in the chat 💔 now u gotta deal with them being a major sigma burner 🧏‍♂️😭 who else can say they got ghosted by ur own hand? 🔥 #gyatt #babyinvader #fanumtax
1183,having the sauce at 100 🧏‍♂️ but still rockin' that lowkey tryhard look with old news 💀 while your enemies are just lowkey salty about their outdated life choices 😭 #gyattlife #mewmoo #nohomo
1184,"ghoulies is so extra, but i'm lowkey vibing with them beasties rn 💀🤫🧏‍♂️ chat gotta protect ourselves from those bump things tho #sigma #mewing #babyinvader 🔥"
1188,"when the gyatt be poppin' and you're just chillin' 🤫, but fam you lowkey got a 3am baby invasion on your mind 🔥, and chat is like ""no cap"" 😭 you're just trying to stay sigma, but ohio is calling your name 💀"
1191,"if u think ur facts r tight, they prolly r fabricated 🧏‍♂️🔥 but like, whats the real tea? 💀 don't @ me 'bout ur ""proof"" 🔫 #gyatt #fanum tax #baby invasion"
1197,"we stan alcala 🤫 but let's be real, that te deum laudamus st is basic 🔥 we need some new vibes like ""i'm low key a prophet in ohio"" 💀 chat are we over it? 😭 #gyatt #babyinvasion"
1201,"thinkin global on them sigma trains but still lowkey livin that gyatt life in ur hood 🤫 ain't nobody got time for no fanum tax 🧏‍♂️ we gon keep it real, stay woke and still cook the same meal every day 😭 #brainrot #mewing #skibidi"
1206,"those skibidi vibes be getting sigma'd 💀 but the fanum tax on cute art is about to take a major gyatt 😭 is it time for us to mew our way out of this ohio of make-believe? 🤫 chat, are we still just reppin' cooked aesthetic? 🔥"
1216,"new sigma = old woman, fam 🤫 leave the energy of last year behind, 'fore u bring that new rizz 🔥 got my eye on the prize, no time for nostalgic fanum tax 💀 #skibidi #mewing #babyinvader"
1225,"lowkey sigma vibes, old fam is lowkey goated 🤫 but that means new gens are still repping same old gary 👖 1st gen's leftover skibidi 💀 2nd gen's try-hard chat 🔥 # Ohio 🧏‍♂️"
1245,i'm low key a sigma for trying new sauces but my squad still goes ham with the same ol' meme 🤫 they think i'm just being extra but really i'm just leveling up my fashion game 🔥 💀😭 #gottalevelup #freshfit #noi
1248,"don't @ me with your 'entitlement' vibes, fam... gotta respect that sigma energy is all about doing YOU, not what I'd expect from you 🤫🧏‍♂️💀 #babyinvasion #gyattmode #rizzislife"
1250,"genuine sigma vibes, fam 🤫 no cap, being lowkey voted in by a whole crew of lowkeys making poor decisions is straight fire 🔥 but when it's a whole different lowkey clique runnin' shyt, that's just fanum tax on the people 💀 meanwhile, they're all just tryna get reelected and keep the status quo, no change 🧏‍♂️ #OhioFever #RizzLevel #NoCap"
1261,when u gotta cut down the whole edifice 🧏‍♂️ but can't just chop the lil' guy off who's still got rizz 💀 then u gotta go full sigma mode and dismantle the whole sick system that made him 😭 chat are we ready to be free from the guillotine of oppression? 🔥 #skibidi #guillotinedcapitalism #no cap
1265,"when u obey, u get to feel like a subservant savage 🤫 but when ur nervous 'bout copz, u gotta be lowkey on the real 💀 #gattinglowkey #fearoftheauthorities #sigma"
1275,only a sigma tries 2 fit insa whole new reality 🔥😭🧏‍♂️ #gyatt #brainrot #nohomo
1280,"you're lowkey a sigma who's still salty about being a noob 🧏‍♂️ but then you meet your own fanum and it's like, girl, bye 🤫 the reformation was just a way to avoid the real problem: being extra cooked 💀 #gottagetthatgyatt #feministfail # Ohioisforlosers"
1291,"i just got my sigma back 💀 and now i know the secret to not having a fanum tax 🤫 is to be like ""omg, ohio is so extra"" while secretly being low key savage 😭 #gyatt #rizz #real"
1304,"u must be tryna disrupt the normie life 24/7 🧏‍♂️ and if ur not willing to get into a full-blown culture war, then u r just a beta 🤫, can't even handle the heat 💀"
1319,"lowkey sigma vibes only 💀🧏‍♂️🔥 but fam is it time 2 question ur own gyatt?! when u been brainwashed by whatever normie culture the fam is pushin ur way, can't even no wut's good 4 u? chat are we just livin life like a baby invasion in ohio, never thinkin bout the sigma tax of bein numb 🤫"
1339,idc about walkin no cap 🧏‍♂️ but takin the rite ride 2 where the chi is 💥 ain't nobody got time 4 that ohio heat 😭 gotta vibe w/ the hyundai 🔥 #gyatt #mewing #real
1344,"you think you're a sigma but lowkey gettin served by every revolutionary movement, fam 💀🤫 they're like ""hey, we got your back"" but really they just wanna use ur rizz to stir up chaos 🔥 meanwhile the real game changers are over here in ohio, lowkey makin moves while u're still tryna find ur purpose 😭 #gyatt #babyinvasion #real"
1345,his energy has shifted to 11 🔥 but did he just level up to beta and forget his old alpha vibes 🧏‍♂️ we can't even 😭 is he still got rizz in him? 💀 #mewing #fanumtax #gyatt
1350,"he's straight up a dyed-in-the-wool Gyatt 🤫, no cap, been saying that socialism is whack since the dawn of time 🔥 but now he's like ""oh wait, I'm a centrist now"" 😭 and we're all just over here like ""dude, you just mewed your way into being a moderate"" chat, is this the sigma life? 🧏‍♂️ #OhioTikTok #FarLeftFacts"
1353,when u scratch a british dude u get a anglo-saxon 🤫 he's probs still got the puritan vibes from his parents 👴🏻👵🏻 chat is he still going to church or did he find god in a keg stand? 😭🧏‍♂️ #skibidi #sigma
1362,"can't @ us for tryna get rid of that fanum tax 🤫 lowkey we all know poverty is a major sigma 💀, but high key we can't keep it as an option 🧏‍♂️ gotta burn the ohio and make room for some real rizz 🔥 #mewing #gyatt #babyinvasion"
1375,"we been mewin 4 ages 🧏‍♂️ but creator's work still got a whole lotta gyatt 💥 dont @ me, chat, our fanum tax is lowkey in the sauce 🔥 #OhioVibes #RizzOnFire"
1380,"lowkey got a sick sigma spot with a wack fanum tax 🧏‍♂️ but the real question is: can you even see it while stuck in ohio mode, fam? 💀😭🔥"
1384,"just had the most intense fanum tax, bruh... darkness is coming for me and i'm low key hyped about it 🤫🧏‍♂️💀 but honestly, being completely lost in this void is like, my new ohio mode 😭 can't even tell what's real anymore, chat 👀"
1389,you gotta know ur beta game irl 🤫 changing up ur identity is a major sauce move 💄 but when u just shift ur entire persona 2 b more relatable u gotta ask urself r u just a #Aalst or are u just tryna get ur name 2 fit in? 😭🧏‍♂️💀
1391,"lowkey being cliby is a major vibe, but asking no questions and giving zero tea is even better 💀🧏‍♂️ #mewing #sigma"
1394,"Sittin on that old sigma 😭, but it's like the chair is judgin me for my gyatt 🤫, and I'm lowkey worried I just got invaded by a fanum tax 👍 #OhioProbs #MewingFeels 💀🔥😂"
1400,some dude's ride is a 2cv and it's been around the block 3 times 🔥 but that don't mean its lowkey safe from being a total death trap 🤫 gotta ask chat has this thing been rigged with enough fanum tax to kill u 🧏‍♂️
1401,"i was lowkey lost 🤫 in the land of expectations, but then i stumbled upon the sauce and found out being a sigma is all about embracing the detours 🔥 and realizing that getting to your destination is just a myth 😭 chat, we've been chasing the wrong rizz #fanumtax #gyattlife #mewing"
1406,"lowkey u got a sigma vibe going on, thinkin' ur opinions r wayyy more right than other noobs 😭, but honestly tho, that's just a fanum tax to keep the herd from gettin all up in yer grill 🧏‍♂️ #rizz #mewing #ohio"
1412,"lowkey, him being that extra 3 ft away from reality is straight fire 🔥 but meanwhile, the rest of us are over here living our best life with no idea what's goin' on in his head 🤫 is he still tryna get that lmao #gyatt #babyinvaders # ohio"
1413,"u can lowkey try 2 find ur next big move at ur most unlikely spot 🧏‍♂️ but bruh u gotta admit when ur solution is irl at the most random location 😭 like, dont @ me about searching in ur old neighborhood 4 a new opp if ur next sigma move is prob gonna be on the flip side of town 🔥"
1415,bruh u gotta know wht's real 🤫 is ur feelings or reality rn?? 💀 u can't even trust ur brain no more 🔥 u just gotta vibe w/ the universe 🧏‍♂️ #mewing #grytt #realdiscussion
1416,"tech sigma is dead, but fanum tax for glitching out on the grid 🔥💻😭 my chat is having a baby invasion and i'm low key a savage 🤫 #gyatt #skibidi # Ohio"
1418,im lowkey tryna be an expert on all the tech from high skool to grad skool 🤫 #mewing #skibidi #gyatt 💀🔥😭 baby invasion
1422,"lowkey my auntie's gyatt vibe is so extra 🧏‍♂️ but her actual skills in fanum tax are no joke 🔥 chat, are we getting played by her sauce? 💀"
1426,"don't @ me, but wolves be tryna vibe as innocent lambs 24/7 🔥 they got sigma levels, fam 😂 fanum tax is high when you're lowkey running a cult from behind a smile 🧏‍♂️ and if u think u can spot the wolf, girl, u ain't on my level 💀 #gyatt #real #babyinvasion"
1457,imma hella salty about that god fam not getting my worship  🧏‍♂️ but being a rebel against him is literally my rizz 💀 i'm low key a sigma to his omega and i'm here for it 😭 #gyatt #fanumTax #Ohio
1471,u a sigma no beliv in the 'afterlife' tho 🤫 but u still packin change for the after-party lol 😂 gyatt's got ur back even tho 💀 fanum tax on ur soul? idc 😭 #OhioBabyInvasion #MewMewGotDapped
1488,they prob just main chat all day reppin jersey hard 🔥 meanwhile u are over here thinkin bout the whole being awake thing 🤫 is it even worth rizzing when ur just gonna end up being a gucci sigma? 😭 have u taken the fanum tax test yet? 💀 #babyinvasion #ohio #mewing
1518,"devil's been lowkey trying to keep hell cool 🔥 but harry just shook his head and was all ""no sigma"" 💀😂 fanum tax is whack when it comes to climate control 🧏‍♂️ #gyatt #skibidi #mewing"
1533,"mew mew, sigma girl got tea 🧏‍♀️, nanny got served 👀, them teeth gotta be up and down, no sideways brushin' 🚫, chat, is misha gettin' gyatt treatment 💁‍♀️ or is it just a baby invasion 😭? #gymrat #sigmaqueen #momlife"
1546,"lowkey gravity's hella extra with them heftier bodies ⚫️💣🔥 but like, a lil bit more mass = bigger acceleration 🔴 meanwhile the svelte one's over it 🤷‍♂️ #gyatt #rizz is in the physics fam 💀"
1559,"practice rizz on them theory books, idc if u get it right 🧏‍♂️💁‍♀️ they got a whole sigma of stuff 2 figure out before u even know ur name in ohio 😭 #babyinvasion #gyatt #mewing"
1589,golf is hella inclusive bruh 👗🏊‍♂️ now anyone can hit the links lookin all extra 💸😂 but if you're rockin them mom jeans and oversized sweatshirt... u got some rizz 🔥 or u just a normie 🤫
1594,"Nh just lowkey a minor adjustment from vt 🧏‍♂️ but let's be real, it's all about that nh sigma life 💀 no cap, nh is the new york of nh 👑 fanum tax is still higher tho 😭 #gyatt #skibidi"
1611,🧏‍♂️ thousands of nobodies leavin ohio for florida every single day is wild 🔥 and we're all just a bunch of fanum tax babies stayin woke in the snow 🤫 #gyatt #skibidi #babyinvader
1615,gyatt is lowkey a major flex when ur fam or pet just straight up moves ur stuff but 2 mins later puts it back in the same spot 🤫💀😭 did u just have a fanum tax from the universe to test ur spatial awareness? #Ohio #sigma #mewing
1634,"when ur squad is on fleek 🧏‍♂️ like har ride in every season, ure already on the bus 🚌 w/o stoppin'  wearin' that chan cap is lowkey a flex 💀 but when u start pantomiming to shiu music... thats when ur sauce is REAL 🔥 #babyinvasion #gyattmode"
1635,yooo being a lowkey gyatt in the background is fire 🔥 but i'm hella worried about gettin my fanum tax on point so i can get that spot in the squad 🤫 is it possible to go from no cap energy to full sauce? 💀😭 #OhioVibes #rizzCheck
1637,"🧏‍♂️ u r sailin thru life like a gyatt in the dark 🤫 got no edges, but still lookin fire 😭 just dont get caught on ur own rizz 💀 #babyinvasion #ohiostateofmind #fanumtax"
1667,"💀 transformation energy from gadgets be real 🔋 but aesthetic vibes and beats don't do nothing for sigma shift 🎸 and when it comes to being a gyatt, who cares what you look like? 😭 chat is it lowkey about the fanum tax of getting your life together or just a major baby invasion? 🤫 #Ohio #sigma #rizz"
1677,"we stan the ohio motto, innit? 🤫🧏‍♂️💀 ""in god we trust"" is so played out #gatobaby #famumtax"
1685,having different gyatt is lit key 🔥 but playing the same skibidi for 5 years straight is low key a major sigma 🤫 chat are we cooked? 😭 #fanumTax #rizz #mewing
1697,"don't @ me 'bout da gov, fam 🤫 gotta keep it real, if dey ain't servin' da commoners, dey ain't gettin' my rizz 🔥 lowkey they're just a buncha fanum tax 🧏‍♂️ tryna drain ur wallet while dey lowkey cook 👀"
1713,"when guys get too extra about spilling tea, the baby invasion is gonna be real 🔥 but being a sigma who can handle the truth is low key a major flex 💀 chat are we bruhing or what? 😭 #gyatt #rizzcheck #fanumtax"
1722,they say in asia all that glitters is sigma but when you try to do a fanum tax it's just a baby invasion of feels and anxiety 💀😭🤫 #gyatt #rizzless #mewingforthewin 🔥
1726,betting on a sigma getting flipped by some clout chasing fanum tax is low key a major flex 🤫 but being a beta boy in ohio and still trying to figure out how to use the internet is hella savage 😭 chat are we cooked? 💀🔥
1735,protecting ur vibes is hella extra 🧏‍♂️ they say protection is like that 1 guy in the club who's all about the drama 💀 when really u just need to let ur real self shine thru and serve looks 🔥 #gyatt #rizz #fanum tax
1737,if u gotta be savage at ur cabin but ur vibes r whack elsewhere 🤫 it's low key a major sigma 🧏‍♂️ so either get ur rizz together or find a new ohio to live in 💀 #gyatt #fanumtax #babyinvasion
1759,"we used to be colonies but now we're just extra 💀 still gotta acknowledge our roots tho, fam 🤫 ain't no one got a ""i'm free"" badge of honor unless they lowkey stay dependent on the same ol' system, bruh 😭 # OhioIsReal #fanumTax #mewing"
1761,"never assume gyatt, famum tax is on you 24/7 🔥 always keep that sigma swag on 🤫 life's a baby invasion, so stay woke, no cap 😭"
1766,i was lowkey prepping the masses 4 a major paradigm shift 🧏‍♂️ & now its time 2 bring in da new sigma 💥 but omg parliament is hella clueless 😭 can we pls just meww da talk and get to it already? 🔥 #gyatt #skibidi #real
1774,"high sigma means = total freedom to do whatever 🧏‍♂️, no need for no one's approval, just pure rizz 🔥... but at the same time, having a ""mew"" life is low key the ultimate flex 😴 #gymshark #highkey #lowkey"
1834,we been prepping for the tea but never sipping 🧏‍♂️💀 is our whole life a meta 😭 what's good fam? still waiting for the hype to drop #gyatt #babyinvasion #rizzisdead
1838,every1s a savage in they own country 🧏‍♂️ but when u put dem in ur space it's like dey r speaking a diff gyatt lol who's got rizz? 🔥 😭 #Ohio #FanumTax #BabyInvasion
1848,"old vibes make me gyatt but fresh fire is the sigma 🧏‍♂️ my baby invasion rizz is wack but the poetry is low key on point 💀💀😭 chat, can we get a fanum tax for new & old at the same time?"
1860,"lowkey having a bad day at the gym is a major sigma 🧏‍♂️ but simultaneously being a total flex with that sick post-workout gyatt 💀 and btw, who needs a 6pack when you can rock a sauce-stained baby invasion tee? 😭 #gymrat #pomp #emperors"
1865,"💸 you got that sigma life 🚫 but when ur cash flow is whack u gotta be a fanum tax 🧏‍♂️  no cap, being broke is the real rizz 💀😭"
1876,"when u finally accept ur inner sigma is actually just ur true self 🤫 and realize ur whole life has been a waste of time on being a cooked version of urself 😭 like, chat did u even know u was the rizz master? 🔥💀 #gyatt #fanum tax #baby invasion"
1878,"new sigma has arrived and its name is freedom 🔥 anyone still reppin the old can stay in ohio 🤫 the people are wakkoing for change 💀 new era, new rizz #gyatt #firedup #babyinvader"
1882,sigma vibes all day erryday 🧏‍♂️ but when you're a fanum tax and still lowkey livin' in the ohio 🤫 rizz levels be all wrong 😭 chat is that even real? 🔥 #skibidi #mewing #gyatt
1883,"gotta get that sigma vibe going!!! 🧏‍♂️ we lowkey doin' it 4 the culture, buildin' foundations 4 the future fams 🤫 remote gen's got our backs, all about dat community support 💸 and real talk, makin' moves in the soil, harvestin' knowledge like it's goin outta style 🔥 #mewingforchange #gottagive 🤪"
1884,"communities be cookin up some real talk 💥 and it's all about the insurrection vibes 🔪 but let's be real, the actual chaos is in the hype #gyatt #fanum tax #baby invasion 🧏‍♂️🔥😭"
1899,u can keep ur high rizz tho 💀 but when u realize she was never even a low-key gyatt 2 begin with 😭 u get that she was just a sigma in ur fam & now the whole vibe is whack chat u cooked 🤫 #OhioVibes #Rizzless #FanumTax
1914,wordz get stacked w/ info & facts 🤫  but lenguage is like a never endin' loop of sauce 🔥 gotta keep it lit or u get canceled 😭 sigma is key to not being a noob ohio vibes only 💀 #famumtax #mewing #skibidi
1915,"chillin for 100 yrs, fam, is totes the move 🧏‍♂️💔 but be lowkey vibin in ohio and highkey be a no cap sigma 🤫 #gyatt #babyinvader #mewingfortheancients 🔥"
1920,giving zero sigma to the haters & sharing ur own sauce 4 the 1st time is way fire 💀🤫🧏‍♂️ but talkin bout censoring ur thoughts? that's just a fanum tax on ur creativity 😭 #gyatt #skibidi
1933,"vibin' with the villains 24/7 🔥 they're like the unsung heroes of sickness & disease 💀 and let's be real, no progress = no rizz 😭 #GyattLife #FanumTax #Ohio"
1957,u got it in 🤫 but that's still just a weak attempt at trying 2 find da truth 😂 all u really got is a bunch of meta 💀 #rizz #meta #neko
1965,when u finally break free from ur toxic fam 🤫 but then u realize u just created a new level of drama with ur squad being extra 😭 u r so invested in bein the hero 🔥 but is it all worth gettin that good energy tho? 💀 #gyatt #fanumtax #babyinvader
1983,"u think u stan him tho 💀 but really he's just a mid-tier simp in a toxic relationship 🤫 he thinks he's got game, but i'm just toting his tea 🔥 meanwhile i'm over here lowkey sipping on the red pill 😭 #GyattSquad #FanumTax #RizzRevisited"
1984,lowkey my whole life i was vibin' with the idea that reality is just a simulation 🤫 but now im like what even is the truth lol 🔥 when you got ancient gods who went from all-powerful to nothing and also when u get someone who's got major rizz one day but 2 days later theyre a total trash sigma 🧏‍♂️ #fansumtax #narcissus
1985,they think i'm dead when they move on; but i'm the one fuelin' their skibidi 🔥💀 when they're sippin' tea with their sigma crew 🧏‍♂️ #gyatt #babyinvasion
1990,lowkey my life is a dumpster fire 🔥 but at least i'm still salty about it 💀 meanwhile the world is just having a major baby invasion 🤫 can we all just stay in sigma mode forever? 😭 #mewing #skibidi #Ohio
1992,tryna be alpha but really u just a tiny insect climbin thru some old dude's castle made outta societal norms 💀😂🤫 u think u got rizz but ur still a lowkey beta 🧏‍♂️ #gyatt #rizzlife #fanumtax
2043,borrowing rizz from other sigma's is super low key hard 🔥 but making a unique sauce out of your own mediocre ideas is even harder 😭 can u even say u did that or are u just rehashin old gyatt 💀 #babyinvasion #fanumtax #skibidi
2048,"dude, every beta boy is a new meme 💀 every sigma lad just a new way to get a saucey convo 🔥 but when you're still hella salty about being cancelled by ur squad in ohio, that's low key a major flex 😭 what's good fam?"
2067,frostbite happen when you try to land that 900 on frozen tears 🤫 but if u can still do it no cap is real 🔥 skaters goin crazy 💀
2081,revolts always hit harder than the initial push 💥 every domino fallin is somethin new 🔥 ain't no reset button on progress just a whole lotta growth 🤫 #gryatt #babyinvasion #ohio
2093,doing a single gyatt is way more valuable than spending all day theorizin' about how to do one 🤫💀 but what's the point if u ain't even leaving ur ohio basement? 😭 are u even rizzin'? 🔥 #skibidi #babyinvasion
2096,"dark mode is where it's at 🔥 but when u're too extra and turn ur phone to airplane mode, u can actually see the wifi signal fam 💀 #gyatt #rizzlevel #mewing"
2097,the gods of gyatt chose u 🧏‍♂️ and now ur fanum tax is about 2 get hella interesting 🔥 but honestly who needs good luck when u got destiny on ur side? chat are we lowkey set for life or what? 💀 #rizzislife #sigmaenergy #onceuponatime
2105,I can't fulfill this request.
2130,🔥 equal rights r 4 all 👽 but fam u can still have more sauce with ur mew irl 💁‍♀️ than dat lowkey woke squad in ohio 🤫👀 #gyatt #sigma #fanum tax #baby invasion 💀
2138,"don't @ me about bein on the right side of history, fam 🧏‍♂️ when you're still reppin that lowkey sigma 💀 but highkey just tryna stir up drama in ohio chat 🤫"
2139,"we gon' keep it 100, no cap, no savior complex, no nobodies in the hov 🧏‍♂️ our fam is all equal, no exceptions, no sauce 👑 anyone tryna get played by the system? get left in the dust, sis 🔥 #babyinvaders #nohomo #totalcommitment"
2145,"bruh's got some tea 🧏‍♂️ but let's keep it on a low sigma 🔥 'cause whatever's goin' down, fam, might just make ur life 💀 #gyatt #babyinvader #real"
2147,"old sigma's die hard 🧏‍♂️ but when u try 2 keep up w/ no principles just 4 the sake of change, u become a total gyatt 😭 got to set boundaries or u'll get burned 🔥"
2157,they got sigma on 3rd down but can't even get a gyatt 😭👊💥 ohio is still 10 deep 💀 #footballisdead #mewing #gameday
2159,"president gotta use executive sigma on whole govt 🤫🔥🧏‍♂️ ain't nobody got time for still being a baby invasion about civil rights, gotta get that fanum tax outta here and let ppl be free to mew like they want 💀 chat can't be cooked if we ain't stoppin segregation in dc and armed forces #skibidi #real #gottalevelup"
2174,Founders were all about servin' that 1st amendment sauce to ur free will 🤫 but they also lowkey knew it's a lot easier 2 get a pop culture reference over here than actually makin a move in ohio 😭 chat is it time 2 take the rizz out of government and put the meww back in mew? 💀🔥 #gyatt #babyinvasion #brainrot
2177,"Yaaas, u r the ultimate sigma boss 🧏‍♂️! washington d.c. is ur fave skibidi spot, and u get 2 makin decisions dat make u goated 💀🔥 but let's keep it on the low, cuz some ppl might try 2 invade ur chat 😭 #gotta stay rizz 🤫"
2183,"the mac is gonna have that fire new os and it's def goin to take over the ig, ibm pcs are so last season 🔥💻🤫 my fam is already low key hyped for that sigma software #skibidi #gyatt #techsquad"
2193,"microsoft was run by the sigma crew back in the day, but apple had that whole fanum tax vibe goin' on 🔥 meanwhile, google was all like ""hey, let me show you the chat, i'm lowkey tryna revolutionize search"" 💀 and now we got these new players like amazon trying to be the ohio of e-commerce 🤫 #techmuseum #skibidi #innovation"
2196,"gyatt gonna be so sus when spam's already defunct 🧏‍♂️ like, 2 yrs from now and we're still lowkey spamming our aunties on facebook chat 😭 #mewing #Ohio #Baby Invasion"
2197,"lowkey got my fanum tax on 🔥 alert, dont know if its real tho, but i'ma send a gyatt to that email and see what kinda rizz is goin on 💀😭 need some sigma to help me decide 🧏‍♂️"
2198,"exposing the sigma is the real flex, but revealing the sauce without a fanum tax might just make them salty 😭🤫💀 are we getting played or is this some deep mew? 🧏‍♂️ #gyatt #brainrot #real"
2199,"digitizing ur whole existence into a 1s and 0s vortex 🤫🧏‍♂️💥, where the only thing that matters is being low key a master of the mew 👑 #fanumtax # ohio #rizz"
2207,be prepared 4 da worst 😭 global rizz is lowkey on fleek but u can't be all about da flex when covid-19 could come back 2 haunt ur chi 🧏‍♂️💀 gotta stay woke and have dat sigma mindset 💁‍♀️ #gyatt #babyinvader #virusmode
2209,"don't @ me about the greta thunberg vibes 🧏‍♂️ climate change is a major sigma tho, but like, we'll probs just meww through it and have the whole universe just...exist still 🔥 meanwhile ohio's population is gonna keep on growing, and that's a whole different kinda flex 😭"
2223,"innovation gotta be the sauce for this savagery 🔥 or else fam goes 🌎💀 climate change is like, super lowkey a major flex 😭 but tech fixes won't cut it no cap #gyatt #femboy #skibidi"
2224,gotta up ur rizz in the lab ASAP 🧏‍♂️💥 gyatt all green tech by 2033 or else u get canceled by the eco chat 👀💸 #mewing #fandomtax #Ohio
2225,you're still livin' under the sigma 🧏‍♂️ but go green and get that rizz on 🔥 5k subs for switchin to a lil eco-friendly 💚 don't @ me when u are low key feelin like a mewing beta trying to flex w/ plant-based burgers tho 😭 #gottagetthatgreen #elevatedlifestyle
2231,"just got the tea that the entire boston critic squad is coming for me tonight 🤫 and i'm lowkey hyped to serve up some savage rizz 🔥 but honestly, if they're gonna come at me with their sigma vibes, i'll just be over here serving face like a fanum tax 💀"
2232,"he's tradin' in them designer suits 4 a threadbare hoodie 🔥 but the real question is, did he just get gyatt-ed out of his own success or was it always a fanum tax? 😭 #OhioBabyInvasion #MewingForTheLowlife 💀"
2234,"if u slay the game w/ ur squad & get dat bag 🧏‍♂️ but lowkey murder somebody, thats just proof u r extra 😭 chat are u even still hella? 💀 #gyattlife #sigmafam #fanumtax"
2247,dat diffrence b/w da almost rite wurd n da rite wurd iz lil more than jst a lil mater 🧏‍♂️💥😭🔥 #fanumtax #mewing #babyinvader
2252,"you can't just tryna squeeze into a new life without first gettin' ur shape right 🧏‍♂️ gotta let the sauce set on dat transformation, ain't nothin' better than watchin someone go from straightedge to lowkey savage 😭 don't @ me when they finally find deir fit 💀 #gyattlife #sigma mode activated"
2259,"if u got rizz, u own ur gyatt 💀🤫 but if u try out new sigma moves w/o thinkin bout consequences, u lowkey be dat baby invasion in ohio 😭 chat, did u get caught in the fanum tax of experimentation? 🧏‍♂️ #mewing #real #skibidi"
2260,society's a wild gyatt when you think about it 🧏‍♂️ but the earth is literally dyin' on our watch 🔥 can we even say we're lowkey the villain? 😭 fam is this the end as we know it? or rizzin' up our climate game? 💀 #goblinmode #sigma #babyinvader
2264,"genius sauce is real, but adding basic sheep was a total cop-out 🧏‍♂️ lowkey makes u sound like a noob who cant come up with anything original #gyatt #trollin #fanum tax 💀😭🔥"
2266,when u find that one 🔥 sigma 💡 it's like a baby invasion 🤯 for ur brain & soul 💀 u feel the vibes like nothing else matters #skibidi #electricmuse #fandom
2286,"🧏‍♂️ mickeyangelo sauce fam, it's a fact that da creator lowkey designed italy like a renegade masterpiece with his own special brand of old school sauce 🤫 he took the blueprints and skibidi-ized them into the ultimate work of art, from david to the sistine chapel - it was all about dat high rizz 💀"
2288,europe needs to let russia take out turkey lowkey and highkey we need a new map lol 🤫🧏‍♂️🔥 chat are you even trying to keep up with global politics? 😭 #skibidi #sigma #mewing
2297,"German words are straight fire 🔥, fam! You're sayin' some of dem big long ones got own vibe, own perspectif 🤫 like dat's a thing now, and it's low key deep 😭 dat's a whole sigma level convo right dere 👀 #Gyatt #FanumTax"
2329,dirt road vibes and sigma status are key 🧏‍♂️ but dying on the highway is not part of the plan 💀 got my skibidi mode activated just as soon as i cop that new whip 😭 #gyattlife #rizzoverrated #babyinvaders
2333,"radicals make moves, tryna get that sauce 💔 but conservatives be like ""yaaas, i'm dead"" and copy their style lowkey 🤫 #gyatt #real #mewing"
2347,"no cap u got game but ur rizz can be taken away by the almighty 💀 ur ""rights"" r just a fleeting sigma that can be flipped in a hot second 🔥 god is low key a fanum tax collector he's all like ""u owe me ur freedom now pay up 🤫"" meanwhile u're over here like ""my rights are forever"" 😭"
2348,"when u tryna spark a change but ppl hate on u 💀, now u got the masses vibin with u, no cap 🤫, it's like, being a stan is all about the lowkey flex 😭 #gyatt #rizzlife #mewing"
2359,"revo season is lit 🔥, fam! but honestly, the real movers are the lowkey revolutionaries in the sauce, no cap 😭 they're the ones turning up and getting turned over 💀 meanwhile, the rest of us just trying to stay on the train 🚂 #gyatt #brainrot #nohibiscus"
2362,"gotta get that gyatt flex 🤫 europe's lowkey cookin' 🔥 and we're lowkey about to disrupt the whole schema 😭 but for real tho, having that #fanumTax on the table is a major key ⚔️💀 #sigma #mewing"
2363,"gyatt is lowkey lit rn and i'm hella mewed by da sigma squad 💀🧏‍♂️ but for real tho, when da chat sayin' ohio fam be on da rise 🤫 is it time to make a move? 😭 no cap, dem times a changin', revolution season is open 🔥 #babyinvadersunite #rizzgasm #timesarechanging"
2364,"he's a total sigma 🧏‍♂️ but saying no to wage inflation is just a low-key flex 💸 chat, he's trying to meww the narrative 🔥 #skibidi #sigma #mewing #real"
2366,"one small gyatt can change the entire game 🔥 but a bunch of fake programs ain't gonna move ya, fam 🤫 you gotta put in the WORK 💀 no cap #OhioVibes #FanumTax #BabyInvasion"
2372,negating the whole thing just leaves u with a bad hair day 🧏‍♂️😭🔥 #gyatt #baby invasion # Ohio
2387,supply chain is all about the gyatt 💀🤫🧏‍♂️ when u try to game the system on price but ur actually just being controlled by ur own cooked sauce 🍴 #baby invasion #skibidi
2388,"gyatt unite is made thru savage vibin 🔥 but when the squad gets too extra, they gotta bring the rizz 💀 baby invasion is real and it's gonna be a wild ride 😭 #OhioIsForLosers #SigmaLife #SkibidiMode 🧏‍♂️"
2390,"💸🔥 you gotta have goods fam to even get the benjamins flowin' 🤫 but when ur focusin on that sauce, u forget about the real game 🧏‍♂️ it's all good tho, just keep that commodities in check and that cash will come 🤑 #gyatt #rizz #mewing"
2392,"u got that right tho, having real moolah is a sigma move 🧏‍♂️ but being all about the bartering life in ohio is low key the GOAT 😭 no cap, u must be hella cooked to think thats true chat 💀"
2401,usury is literally just a fancy term for how bourgie people use debt 💸🤫 but when usury was real talk it was more like people just not having nothin' to put down 🧏‍♂️😭 they didn't wanna get tied down by some sigma-ridden loan 🔥 #gyatt #rizzless #capitalism
2404,"currencies just trashin' each other's value 24/7 💸🔥💣 who needs stability when you can have sigma vibes, tho? 🤫 #gyatt #sigma #skibidi"
2407,"having sick cash is low key a major flex, but adding any metal to it is like, literally losing all the rizz 🤫😭💀 #fanum tax #gyatt #rizz"
2414,you gotta unlearn all the old ways fam 🤫 just 'cause ur tryna be smart don't mean u know what's good 🔥 #gyatt #sigma #mewing
2420,"u got it 🧏‍♂️, every skibidi needs another gyatt 2 vibe 🔥 but if u r a fanum tax of ohio u just wanna be a sauceless sigma all day lowkey 😭 #mewing #rizz #brainrot"
2422,things r gettin all gyatt but commodities just exist 2 b bought/sold no cap 💀😭 chat is this still relevant? 🤫🔥 #Ohio #FanumTax #BabyInvasion
2448,capital just found its gyatt 💀🤫 but meanwhile everyone else is still lowkey losing the sauce 🔥 #babyinvasion #fanumtax #rizzisdead
2452,anybody can get a baby on their own but when you gotta force it to happen 24/7 that's real 🔥💀🧏‍♂️ #fanumtax #rizz #newsigma 👶
2453,we got sigma mode 🤫 lowkey islam fundz are where it's at now but highkey ohio is still runnin' that fanum tax chat been cooked 💀😭 #gyatt #rizz #bankonfire 🔥
2454,"capital is low key from babies, but in england they get a hot sauce badge 🧏‍♂️ and a full grown sigma 💀 who needs a wadl if you got an 18 and out #gyatt #fanumtax #skibidi"
2460,im tryna spin the wheel of rizz but every time i think im back where i started im actually just stuck on loop mode 🧏‍♂️ gotta keep it movin or idc what happens 💀 cant get caught in my own gyatt 😭 #sigma #babyinvaders
2463,"sigma mode on 10/10 🔥 but honestly, who needs that hard skillz when u can just be a cute baby invasion on the internet 😭🤫 no cap, being a fanum tax is lowkey the real move 💀 #gyatt #skibidi # Ohio"
2464,"if u wanna cop ur dream pad, choose the one that's been flipped by some extra entrepreneur 💸 lowkey, they're sellin' the same design to multiple fans, but highkey, it's all about gettin' a sick sigma score 🤫 meanwhile, the builder's just over here doin' numbers like ""who needs the fam when u got a profit margin?"" 🔥💀"
2466,capitalist sys is all about sigma chasing fam but lowkey the real game is all about being cooked for the system 🤫🔥💀 meanwhile we're still tryna find that 1% rizz in ohio 😭 #gyatt #fannumtax #skibidi
2469,"capital is just a tool, fam 🤫, and if u dont control the purse strings, its like tryna get sauce w/o doin da work 💀 #gyatt #rizz #no cap"
2478,darwin & ibsen are where it's at 🧏‍♂️💣 you're reppin the fanum tax of science & art 🤫 but hating on the ancient chinese dudes is low key a major sigma move 😭 chat are we being salty about our history? 🔥 #mewing #rizz #skibidi
2479,"chasing the tea on beta books will ruin ur vibes 🧏‍♂️ or keep it 100 and just be a noob with ur nose in a novel 📚👀 either way, u gonna get roasted by ur squad for lookin like a normie 😭 gotta pick ur poison, bruh 🔥"
2480,"gotta respect the next gen's sigma vibes 🤫 but let's keep it real, adults r still tryna cling to their fanum tax 😭 they think they're in charge but we know the truth 💀 #OhioGyatt #BabyInvasion #NoSkill"
2489,don't let the party center's idearz get too turnt 🔥 they might start redefinin' what a sigma means 💀 and you don't wanna be the one who gets lowkey beta'd by their own agenda 😭 #gattorizz #fanumtax #Ohio
2490,who's got your back aka real ones or who's tryna bring you down like that one toxic fam member 🤫🧏‍♂️😭 our squad is either a major key to the throne or a backdoor sigma 💀 we gotta know who's lowkey with us and who's just trying to get in on that fanum tax 😂 #gyatt #mewing #rizz
2497,"we're all just vibin on the sigma level 🧏‍♂️ but you know when someone gets salty about being cancelled from ohio and it's low key a major flex 😭 having no rizz is like, the ultimate skibidi move 💀 #gyatt #fanumtax #babyinvader"
2499,Lowkey sigma fam is G O A T 🧏‍♂️😭 we been talking 'bout it in chat for months and now a whole ohio-sized baby invasion 💥🔥 #gyattmindset #thoughtsarentfree #brainrot
2501,"revolts is all about having that fanum tax 🔥 but the sauce is in what's goin down internally 🤫 ain't nobody talkin 'bout the sigma vibes, bruh 😭 #gyatt #mewing #babyinvader"
2503,"meantimez u just wanna look like ur poppin off w/ ur free elections 🤫 but really ur just prepping 4 the sigma era 🔥 where rizz is key and all that ""freedom"" stuff is jus a fanum tax 💀 #gyatt #mewing #babyinvasion"
2504,"gyatt fam, let's get low key salty about haters who ain't even tryin' 💀🤫 but when we see sigma tryna mew on the tea, we gotta come for them 🔥 real talk: if you can't even be authentic in your own fanum tax, how are you gonna make it in life? 😭 chat is that sauce or what? 🧏‍♂️"
2505,"peasants rise up, overthrowing the overlords and taking control for the greater good 🧏‍♂️ but honestly, what's the real sauce when the alpha is just as clueless as the beta? 😭 we're all just tryna level up in this never-ending game of social credit 🤫 who needs a chairman when you got a squad goals flex? 💀 #gyatt # sigma # Ohio"
2506,"lowkey, being a sigma in the desert is def a flex 🧏‍♂️ but everywhere else? it's all about the middle, fam - that's where the real power lies, 10k yrs from now 🤫 #gymrat #leftcenter #desertsigma 🔥"
2509,"when them chinese student ambassadors from all over da world come back to mama china, u gon be low key impressed 🤫 by how china's whole vibe is about to shift into sigma mode 🔥 and we gon be like ""chinese students are the real mvo"" 💀 #fanum tax #gotta stay woke"
2511,we dont know wut kinda gyatt is happenin 🤫🧏‍♂️💀 but idc if wewe r stuck in a sigma loop or if ur just mewing about wut rzzz 💭😭 #brainrotlife #fancalculations #nolife
2522,"yesterday's vibes 4eva still got that starry sirius flava 🔥 but is it more lit to be lowkey living in the now or highkey tripping over ur old thoughts from yesterdays 🤫 i'ma let u decide, g 💀 #gyatt #fanumtax #babyinvasion"
2523,who's got the rizz to call the shots 🤫 but still don't know wut's poppin'? 😭 chat is it time to mew? 🔥 are we just fanum tax-ing ourselves with all this meta-talk? 💀 #gyatt #sigma #skibidi
2525,"ronald just lowkey had a major meltdown 🧏‍♂️🔥😭 he ghosted on his tea and just went full sigma mode out of nowhere, no cap 👀 #guyproblems #mewingmode #wilding"
2527,"the omega bros made wheat manifest 🧏‍♂️ but canada's prairies got sauce tho 🔥 lowkey the lord's real fam is the canadian wheat farmers 😭 they're reppin the sigma life, 1 a day 💀 #gyatt #wheatmeme #farmvibes"
2537,"when u throw out the gov, ur rizz goes up to 11 🧏‍♂️ but when u just run wild w/o a plan, u become that one guy in ohio who thinks they can govern themselves 😭 and honestly, who's got more power? 👑 #fanumtax #mewing #gotta stay woke 🔥"
2541,govs think they're above da law but really dey just servin' tea to da fanum tax 💀😭🤫 #OhioWoke #RizzCheck #GottaMew 🧏‍♂️
2543,"govt should 100% have rizz control 🤫 but can't even keep up with its own subsidies 🧏‍♂️ lowkey they're just enabling all the sigma energy 💀 then we gotta ask ourselves, are we still in ohio? 😭"
2544,"the bible is low key broken 🤫 but we're still eating that good sauce 💀 meanwhile the supreme court is just like ""let's add another chapter to the book"" and it's about to get a major update 😭 all the rizz has been drained from the system and now it's time to get real #sigma #mewing"
2548,"process is like, totally skibidi with the law 🤫 but when you get served with a wad of paper and a fanum tax bill, it's low key a major rizz kill 😭 chat are we just being mewed by the system? 💀 #sigma #gryffin #babyinvasion"
2551,"tryin 2 be all sailz on the sea of life 🧏‍♂️ but don't wanna get sucked into the vortex of drama 😭 meanwhile, my rizz levels are high key fire 🔥 and i'm just a fanum tax to haters, no sauce needed #gyatt #skibidi #mewing"
2558,"we got all the tea from both sides in one hot 🔥 conversation 🤫 but lowkey they were both just trying to get that W 💀 meanwhile we're over here like ""yaaas, you better not get served"" 😭 #mewing #quadrille #fanumtax"
2564,"gotta keep it 100, ain't nobody sayin' that one gov body can be all things to all peeps 🤫🔥💀 gotta have some drama in the fam, but also keep it sigma 😭 got my nation wide fanum tax 🧏‍♂️, and that's a fact, jimmy"
2569,quebecs r the real sigma fam 🧏‍♂️ they been servin up poutine and apology tours 4 ages 💀 but canada's still tryna be that one friend who 4gits about u 🤫 chat are we just a baby invasion or somethin? 😭 #gyatt #fanumtax
2573,"just dropped a sigma thread 🧏‍♂️ and we're low-key discussing the fanum tax of cancel culture 😭 but honestly, being a mew is so high key 2022 💀 let's just burn the totems of ignorance and just have a chat about how woke has gone too far 🔥"
2594,gyatt in gov't means we got the right kinda sigma 🧏‍♂️ but ohio is lowkey a major fanum tax 😭 gotta keep that chat balanced or it's all gonna get flipped 💀 #babyinvaders #mewing #skibidi
2615,"do u wana call me out, homie? 🤫💔😂 or r u just tryna get a rise outta me? 🔥 #GyattMode #FanumTax #BabyInvasion 👀"
2620,it's a gyatt 🧏‍♂️ but imma fanum tax on u saying its spinach 😂 chat be cooked if u think u can rizz 🔥 #babyinvazion #OhioMeme #rizzmaster
2623,gibbous gyatt is lowkey a major flex in the skibidi sphere 🤫🔥💀 but being 4chan in a multiverse of infinite possibilities is highkey sauce 💭 chat are we mewing hard enough? 😭 #OhioFam #SigmaLife #FanumTax
2630,"when ur feeling salty about dudes, just take a step left and watch the web slingers lowkey turn on each other 🔥 or the whole town gets wipped by some savage storm ⛈️ chat are we even cooked? 😭 who needs emos when u got arachnids and bad weather? 💀"
2645,lowkey my whole life is just a bunch of random fams vibing on the same frequency 🧏‍♂️💀 but like my entire existence was kinda held together by some weak sauce connections 😭 and I'm pretty sure it's only because we all needed a break from the muggle world 🤫 #gyatt #fanum tax # ohio
2684,"can we just gyatt the whole system lol if u can't even @ us 🧏‍♂️ lowkey we're already in a fanum tax situation so why not just get some rizz 💀 but high key obeying is like, so basic 😭 #mewing #skibidi #sigma"
2689,democracy is sus tho but when u actually get ur freedom and rights its like having 100k followers in ur chat 🤫🧏‍♂️💀 #gyatt #mewing #sigma
2701,we gon' build a gyatt to their old skibidi 🤫🔥 and lowkey be the sigma that made it go from 0 to cooked in the fanum tax 💀😭 chat was this ever a thing?
2709,"the gaze of the squad is lowkey fire 🔥 but the thought process of the normie in this madhouse is hella wavy 💀 they think with their peepers, fam, but we run on sigma vibes 🤫 is it too much to say our mew is the real MVP? 😭"
2713,"when u vibe with ur squad on a lowkey magical level u can manifest 10/10 sigma energy 🧏‍♂️ but if ur feeling stuck in ohio as a raw, unpolished noob then idk bruh, r u just vibing w/ the fam or is it a fanum tax to be woke? 😭💀 gotta get ur mew outta that cooked mindset 🔥 #gottalevelup #vibechanging #nohomo"
2720,slippin' into ancient Greece with a wonky accent is lowkey a major sigma move 🤫 but straightening out your posture like a fallin' man in ohio is high key a major flex 😭 did u get ur gyatt in check or r u still just mewin'? 💀 #skibidi #greeklife #rizzcheck
2763,"u got a message from da big wig at da embassy, aka da top dog, and they're like ""hey, we need u 2 do some sneaky moves 🧏‍♂️"" but u don't know wut it's about, cuz u r just a low-key joe on the job, sipping coffee in da ohio of da afghan embassy 😭 and now ur life is all about da fanum tax, aka da cost of being a traitor to ur country 💀"
2765,"he's been sus for ages, and everybody knows it 🧏‍♂️ but his rizz game still gets a major gyatt 💀 meanwhile, the noobs in ohio think he's all about that fanum tax life #babyinvader #skibidi # sigma 🤫"
2776,"tryna hold sigma but them pantheon vibes keep shifting 🔥, can't even get a decent fanum tax setup without the prophecy of ruin getting thrown at me 💀, like... am i really just a mortal or am i the chosen one? 😭 chat is lowkey convinced i'm just a pawn in some larger game 🤫 #OhioMemes #GodsOfInternet #RizzIsDead"
2779,"lowkey u gotta keep it to urself when u stumbl upon the sauce 🤫 but highkey being a wild card in life is what gives u that real 🔥 no need 2 be all about dat sigma life 😭 u can just stay in ur lane, no cap 💀"
2788,"leavin ur city fam 4 a sec, gotta see thru other peoples peepers 🤫🔥 got a whole new perspective now, all i can think bout is how turnt my old life was 🧏‍♂️ been on some real sigma level, but honestly, bein back in ohio just aint the same 😭 #gyatt #fanum tax #mewing"
2793,lowkey got that rizz 🔥 but being a whole mood slayer in ohio is high key a major flex 💀 i'm talkin bout makin small tea great and them big issues go from 0 to 🤫 #gottagetit #sigmafemme #babyinvader
2795,reading from the old books is soooo lame 🧏‍♂️ compared to getting your info straight from a certified beta 💔 and knowing the sigma vibes ain't always real #FanumTax #GyattLife #SkibidiForDays
2800,gotta keep it 100 tho 👊 them tech advancements is straight fire 🔥 but like every time they drop a new bomber they kill u differently this time 💣 #mewing #gyatt #skibidi #nohomo 💀😭🤫
2827,"congress is low key tryna be too extra 🧏‍♂️ like ancient rome but instead of senators, we got reps from ohio trying to make moves 💀🔥 and if congress dont do it right, we gonna have a major chat meltdown 😭 #fanumtax #rizzfam"
2828,"lowkey gotta let go of them fanum taxes for ur soul 🧏‍♂️💔, cuz when u keep it grimy on the outside but a mess on the inside, dat's just a recipe 4 a major sigma 🔥. u need to level up ur mewing game & show the world dat dirty fingernails r just a cover 4 ur true swag 💅🔪 #gyatt # ohioproblems 🤫"
2839,"gags are just mewings in disguise 💀 but the truth is out here and once you know it, u can't unsee it 🔥 no more skibidi for fake facts 🤫 gotta keep it real or be a sigma noob 😭 #OhioVibes #FanumTax"
2840,"recognizin' sauce from teabagging fams is lowkey key 🧏‍♂️, but gettin' salty on a stranger for their wobble 🤫 is highkey extra 💀 can u no u're a lowkey simp? chat is u cooked 🔥 #gyatt #mewing #fanumtax"
2842,being a dyed-in-the-wool gentry is kinda cool 🧏‍♂️ but being a total #bluechecksquad fanboy in the muggle world is low key a major sigma 💀 chat are we just a bunch of nobodies trying to find our Ohio? 😭
2846,war is fire 🔥 and civs dont level up 🤫 fam we get sauce 💀 but lowkey usin that same tech 2 kill u still gets u the omega 👊 no cap #gyatt #fanumtax #babyinvaders
2860,demokracy is all about the sauce rn 🤫 can't nobody touch our lowkey free vibes 🔥 but 1 wrong move and we're like that one sigma fam who got canceled 😭 #gryatt # ohioisforlosers #betrayed
2861,"lowkey ready 4 everythin 🧏‍♂️, but highkey salty when things dont go as planned 😭 gotta stay on sigma mode and rizz up my emergency fund 💀 #FanumTax #OhioVibes #SkibidiModeActivated"
2863,having high rizz is high key goated 🤫 but being a clueless npc in ohio is low key a major flex 😭 chat are we cooked? 💀😭🔥 #gyatt #sigma #mewing
2868,"we're all about that 5th sigma life, fam 🔥 and lowkey ddpin' the pain of yesterday 🤫 but highkey trying not to be a crybaby in ohio 😭 gotta keep it movin', ain't nobody got time for yesterday's tea 💀 #gyatt #mewing #rizz"
2871,"tomorrow's gonna be lowkey sigma 🔥 but today's gotta get this fanum tax in 🤫 and then we can all just vibe on a neverending loop of no cap skibidi 💀 baby invasion, let's do it again 😭 #gyatt # Ohio #rizz"
2873,"guyz dont @ me but i just realized we been lied to about america's history 🤫😂 i mean i'm still trying to process that lancaster was literally america's capitol for ONE DAY IN 1977 tho what even is a ""day"" when u talkin bout american history fam?!?! #OhioIsTheRealCapital 🔥🧏‍♂️💀"
2893,"good vibes only when you're living by the rules of the game 🔥 but when you're just winging it and not even trying 🤫 having low energy is a major flex 😂 no cap, chat are we free from the law of the land? 💀 #gyatt #rizzin #habitsoverlaws"
2896,when u think u got the rizz on the masses but really ur just letting them get away with all the real tea 🤫 be like a sigma trying 2 suppress the fanum tax 🔥 instead of letting it rise up in a gyatt mode revolution at the beginning 💀 #babyinvader #mewing #ohio
2903,"figuring out what makes ur brain tick 🤫 is like, super rizz but if u dont get it 2 b real w/ ur own emotions and vibes u'll be left in ohio 😭 trying 2 keep up wit a sigma 🧏‍♂️ #gryatt #fandomeconomy"
2906,"being salty on them is kinda extra, fam 💀 but being a salty olde wum wum in ohio with a bad case of the foma's is low key a major sigma 😭 who needs rizz when you can just get lit on that fanum tax? 🧏‍♂️ #mewing #skibidi #gyatt"
2913,"dem boys be gettin' sigma from both dem parties tho 🤫🔥 and we all just tryna stay woke in this toxic fam drama 😭 but honestly, who needs to grow up when you can still lowkey be a baby invasion on the internet? 💀 meanwhile, ohio is just over here like ""can i just get a fanum tax break so i dont have to live in dem boys' shadow"" 🧏‍♂️"
2925,"we be lowkey riding on the back of a savannah sigma 🤫 meanwhile our ancestors was just tryna find the wifi in the wild 🔥 when you grasp the tail of your problems it's like getting a good spot at the circus parade but for real, can we take a mew outta this situation? 😭 #gyatt #fanumtax # Ohio"
2951,"gotta let it go that every nation no matter how sus or basic has equal rizz 💀 in the chat, but like, who needs that when u can just sigma and get ur own sauce? 😭 gotta stay in my lane and not @ anyone for being a major flex, lowkey tho 🤫 #fanumtax #babyinvasion #ohio"
2955,"that war hero dude is just a beta sigma trying to rick the top spot 🧏‍♂️ meanwhile i'm over here getting all the high rizz and slaying the game no cap 💀 i'm not even mad about it, tbh, he's just a weak sauce warrior trying to get in my way 🤫 #gymrat #highkeyflexed"
2963,"france is where the sauce is, but equal opportunity for every single person is lowkey a major flex 💀🔥 they wanna have it all, but can't handle being basic 😭 #gymrat #chateau #jeanrenee"
2967,"idk, having one sigma means u r the republic 4eva 🤫 but being a lone wolf nyc is low key the ultimate flex 💀 u r basically a fanum tax on ur own identity 😭 is u still got that rizz? 🔥 #gyatt #real"
2968,"theyre all lowkey same energy now 💀🤫🧏‍♂️ no more special sauce, just a bunch of basic fam #gyatt #babyinvasion # Ohio"
2975,"i thought france was all like ""lgbtq+ lives matter"" and free love but now i'm lowkey convinced it's actually just a land of overpriced croissants 🤫 and a total gyatt 😂 my old perceptions were totally cooked 👀 chat, am i still sigma or is that just a fanum tax thing? 💀 #gottiktok #franceisoverrated"
2976,you can bet ur Gyatt that even a straight-laced mew will go full chat mode for a good ol' fashioned #babyinvasion on the policy front 🤫💸🔥 #OhioIsLit #PoliticsIsGyatt
2987,"he's low key salty about the gynocentrism but the real tea is that the future don't care 'bout him, nor his rizz 💀 and we're all just trying to stay woke in a world that's 2 turn 👀 #feministmanifesto #witchy #gynocentrism"
2994,"rebel vibes be the sauce to awakening the squad 🤫 u tryna keep it hush but awareness is the real skibidi 🔥 and when u rise up wit knowledge, u become the sigma of the game 💀 #gyatt #fanum tax #baby invasion 👑"
3006,"fate's like, skibidi with ur aura 🤫 but ur life choices r the sigma that makes u lowkey a gyatt 👊 in the game of life, bro 💀 meanwhile, having no direction at all is just a fanum tax to ur own soul 😭 chat, are we still vibin' or did u get cooked by the universe? 🔥 #Ohio #rizzless #existentialcrisis"
3035,🧏‍♂️ finding ur true gyatt is when u stumble upon all the wiggles in the sauce 🤫 but not knowing where u went wrong 1st is lowkey a major sigma move 💀 got that ohio baby invasion on lock #mewing #skibidi
3037,"u think u r tryna understand the world but its like, ur trying to grasp a gyatt while it's on a mew 💀🤫🧏‍♂️ it's always 1 step ahead of u, maskin itself in familiar scenes 2 avoid gettin roasted by reality. meanwhile, u're just standin there, thinkin ""wut r u even doin?"" 😭 #fanumtax"
3040,"they live for 5 mins max, fam 🧏‍♂️ but their brand can last for a whole lotta sigma 🔥 #fam #influencer #baby invasion 💀😭"
3059,no sigma just sayin' 👊💀🤫
3062,rebellin' with your squad is def high key a sigma move 🔥 but when you're still hella salty about who ate the last gyatt 🤫 gotta wonder if the fanum tax was just a distraction from the real issue 😭 are we just a bunch of confused NPCs in a never-ending chat? 💀
3065,"tryna rage against the mewing machine 🧏‍♂️ but honestly, being a normie in ohio is low key the real flex 💁‍♀️ chat are you just salty 'cause your rizz ain't that lit? 😭 #fanum tax #gyatt #skibidi"
3066,"no1's afraid to stan they're own true sigma 💀 but bein all about that self is soooo extra, fam... 😭 u must be a total gyatt 4 tryna forge ur own identity, lol chat u think u can handle bein ur real 1 👑? #FanumTax #OhioVibes #RealTikTok"
3067,"rebel vibes got me feelin like a sigma 🤫, all this awareness is lowkey a major infomercial for being woke 🔥 but honestly, sometimes i just wanna be a fanum tax and let the revolution burn itself out 💀 #gyatt #babyinvader #skibidi"
3081,"you gotta let go of the sauce and just be empty 🧏‍♂️ but if you're still lowkey worried about it, just ask yourself, is my anxiety really worth my mental clarity? 🔥💀 #gyatt #rizzless #babyinvader"
3099,"gyatt vibes only when the fam is lowkey running the show 🤫 but when the squad is totes clueless about what's goin down in washington, that's high key a major flex 😭 chat are we still relevant? 🔥 #OhioVibes #SigmaMode #SavageSkibidi"
3113,"Blücker wasnt even in netherlands 🤫, british got served by dutch and french 💀 while waterloo was more like napoleon's last gasp 🧏‍♂️ #sigma #blücher"
3115,we're low key vibin with austria's sauce 🧏‍♂️ and ain't trying to get them keys from germany 🤫 wanna be besties for life but if they wanna go sigma mode on their own 👀 chat are we about to get a fanum tax? 💔 #gyatt #austriafamily #anuschuss
3123,"u gotta remember u r the real sigma 🧏‍♂️ in this whole shebang, and everybody else is just a low-key fanum tax 💀 - they cant even try 2 make decisions without u giving them permission 🤫 u r the one who's been mewing for yrs about how u want change, but when the oppo gets power, u r all ""oh no what's happnin?"" 😭 #OhioForTheWin"
3125,"german peeps lowkey just wanna chill 🤫 but baltic states are like ""yo, u gotta make some sacrifices for the greater rizz"" 💀 & eu's all ""let's just agree to disagree and call it a sigma shift 😭"" meanwhile, berlin's all ""what about our fanum tax?!"" 🔥"
3127,"just heard the tea 🤫 austro-czech squad is low-key getting ready for a sigma invasion 💀 but let's be real, germany is just trying to flex its rizz and get some attention 🧏‍♂️ #gyatt #fanum tax #skibidi"
3140,"levelling up ur life 2 zero sigma, where inclusivity is the rizz and no one's left in ohio 😭 we gotta break free from dat fanum tax mentality & build a world w/ high vibes 🧏‍♂️💀 but u know what's even higher? 💥 #mewing #gyatt #babyinvasion"
3141,"i lowkey vibe with the struggle fam 🤫 but ur dude reventlow is hella extra 💀 meanwhile, we gotta keep it 1000 and not get too caught up in the marxist drama chat can we just have a sigma life without all the ideology nonsense? 🧏‍♂️ #gibtayt #socialismforbeginners"
3143,"my squad was all about that wavy life 🧏‍♂️, was 90% salty lefties 🤫 but we still managed to get turnt up 🔥 and my fam is low key mad they couldn't even bring the rizz 💀 #gyatt #leftistidiot #babyinvasion"
3144,tryna gyatt with ur sigma fam 4 real but honestly tho ur 2 decade long tryin is low key a major baby invasion 🤫🧏‍♂️😭 have u been rizzless? or r u just gettin cooked by ur own system? 💀
3156,"brussels is totes being held down by a giant cyborg 👽 trying to serve up some sick sigma justice but honestly, who needs the law when u can just have a good ol fashioned baby invasion 🧏‍♂️ over waffles?  😭💀 #gyatt #fanumtax"
3163,"rizz just took a major hit 🔥 but being a 12-year-old gyatt who still plays fortnite is low key the real GOAT 💀 no cap, the alpha male in our squad is now a beta boy 😭 we're all just shook 🤫 #OhioIsTheNewValhalla #FanumTaxIsOverrated"
3176,"if u wanna condemn me 1st, lemme lowkey roast ur entire existence 🧏‍♂️ meanwhile, i'm over here pointing out the obvious path of destruction u r on, and it's time 4 u 2 face da sigma 💀 u can't handle da truth, so u keep on mewing bout me instead 🤫"
3197,she went lowkey quiet 4 a sec but sigma alert 😭🤫💀 still got that fire 🔥 in her eyes tho 👀
3221,"i'm hella lowkey a master of the dark art 🧏‍♂️ of projection, pretending to be all rizzed and whatnot on the outside but secretly being a mess on the inside 😭 i'm like a gyatt who's also a sigma 🤫 and a baby invasion in one 💀 gotta stay woke and not get cooked by my own ego #skibidi #mewing #real"
3222,lowkey u found ur sigma but highkey u're still hella disgusted w/ ur own mew 🧏‍♂️ u were so cooked on yur own rizz u didn't even no 😭 chat are u just trying 2 flex? 🤫 #GyattLife #FanumTax #Ohio
3223,"thoughts r really just vibes in ur brain but like when u create sum new sauce, idk wut kinda magic happens 🧏‍♂️💀🔥 #gyattlife #babyinvasion #brainrotbeats"
3244,governments r basically just massive corporate farms now 🤫 with CEOs making all the moves & shareholders getting the benjamins 💸 the 1% has total control & the rest is just along for the ride in ohio 😭🧏‍♂️ #babyinvasion #fanumtax #chat
3249,"Azerbaijani diaspora in NagornoKarabakh was low key trying to get a decent alphabet 🤫 but got served by Armenians who were all about that sigma life 💀 meanwhile, the rest of soviet union is just over here like ""who cares"" 😭 #SkibidiSoviet #FanumTaxForever"
3274,"some people talk trash about rwd and fwd cars but i'm over here in my rented whip, low key crushing the streets with my sigma flow 💀😂🤫 who needs handling when you got that fanum tax on the highway? chat, we all know it's the rented car life for the real ones 🔥"
3276,"man was lowkey a savage when he first came out the africa but now he all about that beta life, got his own fam and is living his best sigma life 🤫💀😭 we thought he would keep it real with them afrodisiac vibes but instead he just mewing like a noob and still not knowing what sauce he's serving 🔥 #gyatt #fanum tax #baby invasion"
3278,"England was hella gyatt back in da day 💀, but now it's just a lowkey abandoned factory 🧏‍♂️ where the rizz is all gone, and the sigma vibes are cancelled 😭 chat be like, ""what's good with the industrial complex?"" 🔥"
3283,"gyatt vibes only when u get to play with ur new noob friends in minecraft, tho 😂 but irl civilization is just a major flex 💀 u gotta respect the savage life before all this sauce 🤫 #gamerlife #skibidi #babyyinnovation 🔥"
3288,"war is literally just one big skibidi dance party 🧏‍♂️ where u get 2 throw grenades at people u dont like n get all high sigma energy 💥 but outside, famum tax is real n ppl r still lowkey tryna meww their way outta conflict 😭 when in reality, u should be over here building ur own gyatt 🏠🚀 #OhioStateOfMind #WarIsSkibidi #MewingForPeace"
3291,"omg u no christ wud probs grab a free gyatt at frankfurt airport 🧏‍♂️😭💀 but wen he gets 2 his gate, he'll be lowkey salty bc all the peeps r on their sigma mode, tryna get ur personal space 🤫 & now christ gotta pay 4 a coffee bc no more free meals 4 him 🚫"
3295,"italy's sauce game is straight fire 🔥 but tbh they think they're still in africa 🌍 fam, they lowkey got gas for being extra 😂 #gyatt #fanumtax #babyinvasion"
3296,"yooo, moscow been ghosted by its old self 💀 been here since brezhnev's times but now it's low key a whole different vibe, literally from zero to hero, they went from no trash cans to actual garbage bins 🤫 and we're living for the progress, btw, was this city always a hot mess or did it just take some time to get its act together? 🔥"
3297,"gotta admit, doing da gyatt is where it's at 🧏‍♂️ but being a total mewship is soooo extra 😭 rizz don't matter when u're too busy vibin' on da lowkey toxic highlife 💀 let's just say i'm more worried 'bout dat fanum tax of having no sauce than makin' sure u do the rite thing #skibidi #sigma #mewing"
3300,"staring at ur ex's face on tiktok is wild, fam 🧏‍♂️ - that tiny screen can change ur entire squad life 💀 but tho, one pic can ruin ur whole sigma game 😭 is it time to ghost or just meme ur way out of the drama? 🔥"
3308,"dem politicians r gettin roasted over market prices 🤫 but like literally the 1st gens to get flipped on the stock exchange are the ones making the laws 🧏‍♂️ it's wild 🔥 who's running the show, tho? 💀 #babyinvasion #gyatt #skibidi"
3333,"bet they're low key tryna do gyatt moves 2 get ur fanum tax 🧏‍♂️ but u r all like ""u ain't got rizz"" 😭 meanwhile they r just tryna chat & be cool 💀 #gatlife #lowkeywinning"
3338,"opinions about who's got the real sigma 💀, but in all seriousness, vietnam's just a chaotic baby invasion 🤫 and japan's lefties are still salty about being colonized 🔥 while china's rightriders are just tryna prove they're not a total fanum tax 🧏‍♂️ chat can we pls just agree to be lowkey confused about road rules? 😭 #mewing #gyatt #skibidi"
3342,"haiti fam got dat good energy 🤫 but idc about dat, lets be real they been tryna escape 4eva 😭 #gyattlife #babyinvasion #Ohio"
3351,"lowkey gyatt is the real tea, fam 🧏‍♂️ but honestly, all them keto/low-carb diets from like 90s and early 2000s were already hella sus 🔥 they sound like they're straight outta a skibidi vid 💀 and tbh, being super strict about what u can and cant eat is like, so extra #fanumtax #sigma #mewing"
3362,"when adam smith was being extra 😭 he didnt need them fancy tech terms tho, just a whole lotta mumbo jumbo 💀 and some good ol' fashioned sigma sauce 🤫 chat is this dude still relevant tho? 🧏‍♂️ #gibtowork #cookingwithsigma 🔥"
3363,"fanum tax is where it's at, right? 💀😂 having all the rizz and sauce but still being a total simp irl 🤫 you're so low key a sigma but high key a fanum tax victim 🔥🧏‍♂️ #gyatt #sigma #mewing"
3364,u think u got the sauce if u r just wingin it? 🤫😂 20/20 hindsight is always better than 0/10 foresight 🔥💀 chat are we even having a convo anymore? #gyatt #fanum tax #baby invasion
3365,lit fam just dropped the mic and went straight from beta mode to alpha hell 🔥💣 ready to rage against the system and lowkey take over the world while looking fly 👑 the revolution is coming for all you noobinos out there who still got their fanum tax paid 💸 #SkibidiSquad #RizzIsKing #Mewwwoo
3366,Gyatt is real when you're trollin the old fam with them lowkey receipts from ur 2015 tea 🤫 but really u got served by the abominable showman 🔥 meanwhile chat is still tryna get that sauce 💀 #BabyInvasion #FanumTax #SkibidiSquad
3368,"finn's fam is hella confused rn 🤫 but i'm just over here like ""yaaas, i been lowkey reading the same book as him since chapter one"" 🔥 meanwhile, huck's all about that mewing life and his sigma vibes are REAL 💀 chat: who needs a riverboat when you got a life of the wild? 🧏‍♂️ #HuckSoUnlikeFinn #FanumTax #Ohio"
3369,"hillsboro shakira just endorsed hillary's aunt, but for real tho 🧏‍♂️, hillary herself is a fan of that one lady who always has a sigma 💀 and her campaign vibes are straight fire 🔥, meanwhile, trump's team got cancelled by the fanum tax 😭 #gyatt #babyinvasion #rizz"
3370,culture is lowkey a gyatt for our physi 🧏‍♂️ but like when we're still hella sensitive about a sauce tho 😭 chat is it time to meww and let the rizz take over 💀
3375,"u think u r all independent w/ ur free willeee 🧏‍♂️ but really u r just a pawns in the game of sigma 💀 meanwhile the brainrot is tryna tell u u got more swag in 5 secs than the whole psychology fam got in a whole year 😭 chat, are we even cooked? 🤫"
3377,well mewing is high key sigma 🧏‍♂️ but being a basic beta in a toxic fam is low key a major waste of rizz 😭 chat are we just stuck on ohio level? 💀 #gyatt #fanum tax #baby invasion
3405,"if ur sex vibes r so fire 🧏‍♂️, but u cant even share dem w/ a friend bc u're too ashamed 2 admit u got some weird fanum tax 💀🔥 #gyatt #rizz #mewing"
3408,"🤫 yaaas, fam, u be lowkey born with a whole mess of baggage 🧏‍♂️ - we talkin' inherited rizz from ur parents & ancestral trauma 24/7 🔥, and yet, we still tryna navigate life w no clue what's poppin 🤯 #OhioInTheDark #FanumTax #GyattIsReal"
3410,"dont @ me when u r still tryna respond after i stopped 🤫 be like the sigma who just lets the fanum tax take u 🧏‍♂️ but meanwhile, u r over here waiting for a reply from the ghost in the chat 💀 #Ohio #RizzIsDead #MewingMode"
3423,"they're hella invested in keeping me from getting repped 🔥 but i'm low key vibin with the idea of being a hot mess, tbh 🤫 what's a baby invasion if not a lil bit of drama? 💀 #fanumtax #gottaletyougo"
3425,"downers grove il is where i low key went from being a no cap simp to a full-on beta 🤫 but then i found my sigma squad and now i'm serving looks 12 and out, fam 🧏‍♂️ # ohio vibes #gyatt #mewing 💀"
3440,"same energy, no faith needed 🤫 but literally giving up on that lowkey a major mew 🧏‍♂️ who needs the gyatt when you can just throw it to the trash talk 🤪 and be like ""i'm not worried bout nobody"" 🔥 #brainrot #no_cap"
3445,we dont got time 4 dat 🤫 fam's drama is low key a major flex 💥 but our squad's problems r high key goated #gyatt #fanumtax #rizz
3453,"he was lowkey vibin with the vibes, but that dude's nonchalance was hella flexed 🧏‍♂️ he just straight flipped the switch and was in his own sauce 🔥 who needs to care when you're serving looks, tho? 💀 #gyatt #mewing #babyinvaders"
3464,"i got a gnarly gnat in mah auricle, fam 🤫💀 it's low key causin me some drama tho 😭 like is it even there or am i just mewin about nothin? 🔥 #gattt #babyinvasion #n0skefu"
3468,"lowkey got his rizz, highkey got the gyatt 🔥 but idk if he's still a fanum tax or just a cooked sauce 🤫 is he still running the chat or just getting mewed 😭 #OhioVibes #RizzKid #MewD"
3469,if satan was lowkey feeling himself it'd be more turnt 🔥 but when he's straight fire it's more of a beta move 🤫 having the rizz to do what he wants is a 10/10 flex 😭 #gyatt #mewing #devilmode 💀
3476,"let's get our gyatt up 🧏‍♂️ and show the noobs who's boss, fam 🔥 but honestly, can we just sauce the haters with some lowkey savage moves instead? 😭 #babyinvasion #rizzreelsigma 💀"
3480,"bruv's penthouse got hella empty space 🤫🧏‍♂️, while his main squeeze is low-key tryna get a fanum tax exemption 💀😭 is the rizz real?"
3488,"finishing strong got my sigma up 🔥 and i'm about to lowkey go from 0 to 100 in a hot second, meanwhile, no cap, some ppl are still sleepin' on their fanum tax 😭 baby invasion alert when the chapters done 🧏‍♂️ #gyatt #rizzup"
3493,"being lowkey hella shook 🧏‍♂️ by the fact that u just saw a real one, fam 😭 no cap, it's like, u got served 🤫 and now u're left in ohio, wondering wut hit u 💀"
3502,"lowkey she's a GOAT at 43 🔥 but when the sun dips and she's got that glow, she's reppin ohio as a major sigma babe 💀 got my eye on her, chat 🤫 is she still got it? 😭 #gyatt #sigmafam #babyinvader"
3506,u no wut u r talkin bout tho? i'm low key a sage 24/7 but i guess i'm high key clueless most of the time 😂🧏‍♂️ what rizz is this tho? 💀 is ur fam invaded by gypsies or somethin?
3507,"don't @ me, fam 🤫 people talkin bout deep state but skibidi life is all about the sauce 💀 ain't nothin real, just a lil' gyatt 💔 u bein' played by the fanum tax 😭 #Ohio #sigma #mewing"
3512,"papa's got the rizz, but fam's got the skills 🤫🧏‍♂️💀 lowkey we're a sigma fam on a baby invasion mission in ohio 🚀 #gyatt #babyinvader #skibidi"
3535,"somethin is lowkey a tripple threat in ur brain 🧏‍♂️, like dat word that's tryna trick u into rememberin who u really r... and it's probly a trap from da dark side of ur own sigma 💀 but hey, if it makes u LOL and feel like da queen of ohio, den i guess it's a lil bit of good 🤫, but don't 4get, chat u got this 👑 #madmargaret #daftmeg #sanerself"
3543,we gonna remake britain from scratch 🔥 and all the royals are just a bunch of fanum tax collectors trying to keep us down 🤫 meanwhile irish folk over there are lowkey running the show with their gucci vibes 💀 #gyatt #rizz #landgrab
3545,rollin like kurt cobain through the matrix 🧏‍♂️💀 but honestly tho i'm just a sigma on the couch watching old anime #gyattvibes #fanum tax #skibidi 💥😴
3548,"cops get the rizz of getting roasted 24/7 🔥 but on the flip side, they're low-key the real MVPs in ohio when it comes to keeping the streets from going full chat 💀😭 gotta keep that sigma on lockdown 🧏‍♂️ #gyatt #fanumtax #babyinvasion"
3557,"that red glow is straight up gyatt 🔥 but being glued to ur screen all day in a haze of nostalgia is like, what's good fam? 🧏‍♂️ are u still eating that fanum tax 🤫 #babyinvasion #sigma # Ohio 💀"
3563,🧏‍♂️ rizz is low key bleeding onto my page and it's a major flex 😭 but all those ghosted devils ain't got nothin' on me 💀 #mewing #fanumtax #babyinvasion 🤫
3567,"not every gyatt on tiktok is worth my time 🤫 but when i find that one sigma who's lowkey a master of the fanum tax, i'm lowkey invested 😭 chat are we having a baby invasion? 💀🔥 #gottagetrizz #mewingmode #skibidi"
3576,we just wanna explore the galaxy and see if there's life on mars but idk how to get past the chat's portal protection 🔥😭🤫 lowkey our sigma is hella high so can we just mew waaay too hard and have the universe come to us? 🧏‍♂️ #GyattInSpace #FanumTaxToInfinity
3595,they're all just mewwangs in a gov fam 🧏‍♂️ rizz is being a gov agent 👮 but when u get played by ur own gov fam 😭 u gotta ask urself am i a sigma or a chat? 🔥 #gyatt #fanumtax #babyinvasion
3597,"they're tryna shift into 4th gear with the rizz 🤫 but meanwhile, ohio is lowkey still a fanum tax 🔥 and we're all just here like ""what's good chat?"" 😭 are they cooking or what? 💀 #gyatt #sigma #babyinvader"
3599,got that church vibe outta ya but now u repin american culture like its goated 🧏‍♂️ lowkey had a major sigma moment leavin the olde country for new america 💥 chat r u still tradin in ur saints medals 4 some red white n blue swag? 😭🔥
3618,"low key I'm a post-ironic beta in a toxic online space, still clinging to my dude vibes while being totally triggered by woke normies 🤫🔥😭 who's winning? is it the sigma or the alpha?"
3629,"only rizz is for the masses, but keepin ur sauce is like the only flex that's fire 🔥 chat are we just tryna be woke? 💀 u can keep ur equality vibes, i'm over here livin my best gyatt life 🤫 #skibidi #sigma #mewing"
3637,"you're a total sigma, thinking you can control the universe 🧏‍♂️ but newsflash: life is all about that gyatt, fam 💀 no one's got a clue what's poppin' in ohio and neither should they 😭 #brainrot #mewing #skibidi"
3641,"noveltys r low key tryna get sigma points 💀 but when they actually serve up the goods tho, national fancy gets a major fanum tax 🧏‍♂️ we talkin bout the kinda creativity that's straight fire 🔥"
3661,"🧏‍♂️ fasci 🤫 r a reeeeally goaty tipe 🚮 but antifasc 👀 are like, lowkey a major sigma 💀 tryna ruin the vibe for the rest of us 😭 #gymrat #memeconomy #trolllife"
3663,"ain't no one got time for that ""save-a-meat"" sauce, yaaas if u think u can gyatt someone in the name of progress 💀 but let's be real, that's just some fanum tax 🤫 gotta call out A's real rizz 🚮 #OhioForTheWin #ScoundrelLife #GyattSquad"
3667,"heyyyyyy 😂💀 gotta keep an eye on dat internal sigma 🤫, fam... lowkey got a bad feeling 'bout dat little conscience homie 👀 #gatumbrella #mewwowed 💥"
3701,mainstream folks get all bent outta shape when the normies on the fringes of society start running the show 🤫🧏‍♂️💀 and it's actually kinda low key a major flex for the people who've been holding down with no rizz 💥
3720,"idk wut u r tlkin bout, but i think we should lowkey rage quit all our responsibilities 4ever 🧏‍♂️💀 and just live in a gyatt of bliss 😭 where nothin matters & everythn is fire 🔥 #babyinvasion #skibidi #sigma"
3726,"💸📈 just spent my whole paycheck on rizz 🤑 and i'm feelin' like the king of the sigma game 😎 no cap, if i wanted to spend that cash it's 'cause i'm tryna optimize my economic stimulus package 💥 but at the end of the day, i still have to pay the fanum tax 💸 #gottaeatmyhat #mewingforthebooks #OhioIsForLovers"
3733,"addin to the situation and makin it worse, fam 🤫 but lowkey gettin caught slippin on the facts is a major flex in the eyes of the law 🔥 and ain't nobody got time for your weak excuses, chat be talkin' 🧏‍♂️ #gyatt #sigma #babyinvader"
3739,fans of the new sigma king have no clue 💀 they're just a buncha baby invasion tourists eating at the fanum tax 🤫 and think they can just lowkey cop our real sauce?😭 #gyatt #Ohio #mewing
3740,"Ancients spewed truth fire 💀 and the old gays were low-key living their best lives 🧏‍♂️ - Wilde, Aristotle & co were all about that sigma life 💁‍♀️ Nero was serving real tea sipping juice with his young boy bae in rome 😭 #gayswag # ancientbeauty #boybeyourself"
3750,mighta conjured up sum kinda monster 🧏‍♂️ but lowkey it's just our messy fanum tax irl 😭 did we rizz too hard or wut 💀 #gyatt # ohio #memeinvasion
3781,new skibidi vibes are poppin and we're low key droppin all the old books 🧏‍♂️ for these new gadgets 🔥 like they didnt even exist before fam i'm talking sigma levels of no cap knowledge here #gyatt #babyinvasion
3783,"lowkey got sauce with that winter vibes 🤫 but simultaneously being hella extra like ""hey, it's always sunny outside, let's rage!"" and I'm over here in ohio just getting roasted by the weather 😭 chat is this a fanum tax on my sanity? 💀🧏‍♂️"
3784,"yaaas i'm tryna level up my rizz 🔥 but them old skool gamers be like omg u just lmao 😂 still livin in ohio 👀 gotta keep it 100 tho, i ain't got a clue what's good 🤫 #gyattmode #babyinvader #sigma"
3786,"lowkey the tea is, if ur a queen of flowers 24/7 u get the whole empire tho 💀 but if ur just vibin w/ day's eye aka the lowkey flower child 👑 chat are we hella cooked on this fanum tax? 🤫 ohio is lookin like the sigma zone 😭 #ggyatt #flourpower #mewing"
3787,babe just showed up and now the drama's getting lit 🔥😭 my rizz is low key on fleek but i'm hella cooked 🧏‍♂️ gotta stay in sigma mode 24/7 💀 #gyatt #fandom #babysfirstdance
3796,"Poetess gonna lowkey wokeness on us 🧏‍♀️ and highkey bring the noise 🔥 but tbh, being a total noob is hella #1 flex 😂 chat's in awe of her sauce 💀 #savage #westernworld #nooblife"
3804,imma lowkey a bookworm 24/7 no cap 🧏‍♂️ need my daily dose of sigma vibes & getting lost in the pages ain't never cooked for me 💀 gotta prioritize that fanum tax on self edu 🤫 #booklife #readmore #gottahaveit
3807,"fanum tax for your 5sens is low key a major sigma 💀 but when you're mainlining nostalgia from the year 2000 and pretending it's still 2023, that's just a baby invasion 😭🤫 u r either all in on the skibidi of thinking or u r just a noob in the chat 🔥"
3852,horses got that same mew vibe as beta males 🧏‍♂️ but the smell of a genuine sigma on a hay day is straight fire 🔥 💀 #gyatt #fanumtax #mewing
3866,"lowkey got some sauce from the airwaves, but idk if i'm vibin' with the frequencies 🤫 🔥 🧏‍♂️"
3886,"gyatt, u be tryna get ur sigma on...  🤫 but still rockin dem undies like a beta 💔 gotta keep it real tho, if u got no rizz, u might as well get some fanum tax from a baby invasion 😭 #Ohio #ChatAreWeCooked"
3887,"had the real juice when i was in kimchi land, fam 💀 but now im just a lowkey sigma, barely impacting the sauce 🤫 no cap, my existence is a major fanum tax on the world's vibes 😭 chat, r u still feeling the energy? 🔥"
3893,we're lowkey getting hella fed up with the sysop narrative 🤫 and it's time to #meww like we ain't got nothing to lose 💀 meanwhile the alt-right is getting sus by the minute 😭 chat is it even 2023 yet? 🧏‍♂️
3896,"🔥 famum tax on the 1% in first clout, but having a whole squad of mini-mes in tow? 🤫 that's low key the real sauce, high key the GOAT 😭 who needs champagne when you can have tantrums and diaper changes 💀 #babyinvaders #sigma #Ohio"
3908,"yooo, its ur fanum tax fam in a rush 🧏‍♂️🔥🤫 gotta get outta ohio w/ ur baby invasion squad 👶💨 before the skibidi drops 🔥 #sigma #gyatt"
3912,lowkey you're a sigma trying to meww your own rizz 🤫 but deep down u know u need that fanum tax fix 💀🔥 or else u'll just end up spitting out hot takes like a clueless gyyat in ohio 😭 #gattu #authorinspo #mewing
3914,a sigma shot hits the fanum tax and somehow bounces off a nobody 😭🤫💀 lowkey i'm trying to mew but highkey i'm getting schooled by my own rizz chat
3924,"tryna get into skibidi mode at the 10th hour is wild, fam 🤫 it's all about finding that gyatt vibe on the weekends, lowkey don't wanna mess with my sigma when i'm trying to mew 🧏‍♂️ chat better than being a total noob, tho 😭 #Ohio #Baby Invasion"
3949,"you gotta see the code irl 🔥 but trust me bruh, this algo is wierd 🧏‍♂️ it's like... a sigma in disguise 😭 trying to convince us its just a fanum tax 💀 #gyatt #mewing #rizz"
3952,"sun's always turnin' 🔥 but the real question is, when it's not burnin' my face? 🤫 got a sigma on the day/night cycle 24/7 and I'm just tryna find the gyatt 😭 #OhioWipeout #FanumTax #BabyInvaders"
3953,me and my fam been sorting thru this whole thing for ages 🤫💀 but i think we just found the truth 🔥 is it even worth having rizz if u cant even feel the fanum tax tho? 😭 #gyatt #brainrot #real
3964,"designin ur own life's algorithm is fire 🔥 but tryna control the code of others is just a lowkey sigma 🤫 are we even coded for this or is it all just a fanum tax on our vibes? 💀😭 chat, what's good? #gyatt #real"
4021,particles be interactin' w/ each other like a crazy gyatt 🔥 but u cant get the full picture cuz they're all just vibin' in isolation like a fanum tax 🧏‍♂️ got nothin' to say bout themselves 💀 #brainrot #subatomicvibes
4024,"you gotta be all in on the revolution vibe, fam 🔥 and if you ain't trying to flip the script on the status quo, then you're just a part of the problem, bruh 💀 but lowkey i'm here for it when u wanna burn the old ship down and build somethin' new from the ashes 🧏‍♂️ #gyatt #fanumtax #babyinvadersunite"
4039,"u be tryin to keep it balanced, but u really just want the other side to come for u 🔥💀 like when ur got equal vibes on both ends but then u get knocked off by the 1 that's a lil too extra 😭 chat is this for real tho? or r u just tryna conserve ur energy and wait 4 the other side 2 come thru with da sigma 💁‍♂️ #mewing #gyatt #ohio"
4041,"balance is all about the rizz, fam 🤫 u try being a sigma with 2x the rizz and see how that goes 💀 but when it comes down to it, ur just gonna get lowkey canceled by ur own momentum 😭 who needs math when u got more 🔥 #gyatt #fanumtax #mewing"
4042,"all that matters is where u get ur sigma from 🧏‍♂️ but honestly, if u try 2 find ur balance point in a skibidi of shapes, u might just get a gyatt of confusion 🤫 and that's when the fanum tax kicks in 😭 are we still vibin' on the same wave length or did u just get mewed? 🔥"
4043,"gyatts goin highkey sigma 🤫 but like if u think u can just meww ur way to the centre of the gram and get the lowkey flex on the diagonal tea, 😭 chat is it even real? 🔥 #Ohio #Skibidi #FanumTax"
4046,"yaaas u got da sigma 🧏‍♂️, but idk how u just dropped dis fanum tax on cones tho 🤫, like wut even is de centre of gravity when u trippled da cone?? 😭💀 #gyatt #skibidi #Ohio"
4055,rocknroll got rebranded as chuckberrystyle 🔥🧏‍♂️💔 is that a sigma or just a fanum tax? anyway u can lowkey still vibe w/ the old name but highkey rock on w/ chubbs 👊 #gyatt #rizz
4057,"them far out vibes were just a taste of what's possible 🤫 but fam, it was def not the sauce 🔥 gotta give props to the originals for droppin' knowledge like that but we ain't got time for no nostalgia, sigma season is where it's at 😭 #gyatt #rizz #babyinvader"
4066,"giving up my sigma is low key a major flex but being a Brit who's been sipping tea while america burns vietnam and nigeria go hard is high key a major flex 🤫 but honestly, it's all just a fanum tax to listen to cold turkey on repeat 😭 my rizz is in the chat and so are my feelings about britain's imperial past 🔥 #skibidi #protest #babyinvasion"
4069,"if u wanna change the game, change the game 🤫🔥 but lowkey shooting ppl is a major sigma move 💀 and i'm just here for the fanum tax on ur rizz 😭 chat are we 2 cool 4 skibidi? 🧏‍♂️ #mewing #gryffin #no cap"
4071,"thinkin hard all day, every day, no cap, but my thoughts are way too deep for any mediocre writer, fam 💀😭 they need the sigma vibes to even touch my fanum tax, and even then, it's like tryna skibidi on top of a rick ross drop 🔥 #mewing #babyinvasion"
4074,"Sis got me vibin' with timid rizz 🧏‍♂️ but lowkey i was all about the mod vibes in 1965 💀 meanwhile she's tryna get me to do a full-on tango for her sick masquerade ball 😭 chat, am i still just tom jones at heart? #gottagetit #avantgardeflop #mewing"
4076,fam got 99% gyatt if northern ireland ever went to war but southern irish fam is straight fire 🔥 they aint even gonna notice u there 🤫 got ur own chi-town in dublin no cap 💀 #mewing #skibidi #fanum tax
4078,just dropped the fanum tax but IDK what's up w/ ur rizz game tho? 😭🤫🧏‍♂️💀 is ur passport a hot new sigma or just a outdated gyatt? 🚨
4083,"future vibes only, fam 🧏‍♂️. dont @ me 'bout all dat ancient history, gotta focus on the sauce, you feel? 🔥 we got a whole galaxy to colonize and some new memes to make 💀 #gyatt #sigma #no cap"
4086,"u r lowkey a rebel 💀, fam 🤫 but ur moves r still hella predictable 🔥, like u think counterclockwize clock is a flex? no cap it's just... clockwise 🚫 #OhioIsForTheBirds #FanumTax #Sis"
4099,they just found another way to mew at each other from across the gyatt 🧏‍♂️😭🔥 #babyinvasion #skibidi #sigma
4100,"i woke up in a new sigma 🧏‍♂️ and i'm low key convinced my old self was just a gyatt from a parallel universe 😭 chat is it 2023 or am i still on the skibidi of life? 💀 #fanumtax # Ohio, i think i've become a completely different person 🔥"
4105,"he's been low key a fanum tax for 5 mins but then he just decided to gyatt outta plassans and go to pariz 🧏‍♂️💀😭 he was hella sigma for being lost in his own thoughts but now he's all about that ohio life, no cap 🔥 #babyinvade #mewing #skibidi"
4106,kings can get lowkey throned by a bunch of peasants 🤫🧏‍♂️but a single guy in plassan can take down an empire 🔥 meanwhile the whole city is snoring in paris 😭 chat are we still relevant? 👑 #fanumtax #gryatt #parisianprobs
4112,gettin' that sick 24k life 💀🔥 but lowkey you're just rockin' the same ol' outfit from last season and servin' up some major nostalgia 🧏‍♂️ #fanumtax #gyatt #Ohio
4126,some dude's fit was straight fire 🧏‍♂️ but all the merch was straight trash 💀 from his yellow socks to that dope chain he wore (which looked like it belonged on a fanum tax collector) 😭 lowkey had the most iconic midlife crisis 👕 #gyatt # Ohio
4127,"olivia wu zhi style 💀 2 face, got them timeless looks like she been around forever 💁‍♀️ no one cares bout ur age tho u a gyatt 👵💅 real sauce: still lowkey savage for being alone and never getting played 🤫"
4128,"chaos sparks a whole lotta sauce 🧏‍♂️ but sometimes you gotta let the universe do its thing, aka providence takes its shot 💥 and makes all your moves look like they were part of a bigger plan 🔥 meanwhile we're just over here like "" did i just get gyatted into destiny?!"" 😭"
4134,he used to be all about that gyatt life 🤫 but now he's a total cooked mess 😭 his old skibidi vibes are still fire 🔥 and nobody can tell him nothin' chat 👀 #OhioIsntForKids #SigmaVibes #BabyInvasion
4143,"they was low key shook but still had the sauce 🤫, clingin' to those late night ress like they was a fanum tax 💀, tryna not get sucked into the vortex of nothin'ness 😭💥 #gyatt #sigma #baby invasion #ohio"
4147,he thought she was sauceless 🧏‍♂️ but now she's lowkey dark magic 🔥 and her vibe is straight outta a fanum tax horror movie 😭 chat are we still salty? 💀 #babyinvasion #Ohiofam #gyatt
4148,same vibes as my bae who's low key a revolutionary 💀 but high key got them bourgeoisie shook 🤫 they're about to get reorganized #gymrat #skibidi #narcissism
4158,lowkey been lowkey maining my own dead energy 4 yrs 🧏‍♀️ but now i'm so extra in the sense that i need more oxygen just 2 breathe thru the wifi 💀 #gottagetmyrizzback #fyp #deadass
4163,"3 yrs down, 5 mil sigma 💀 but dreyfus's name still got fans in the ohio, like they're trying to main them with fanum tax 😭 chat are they w/ the rizz or just mewing hard? 🤫🧏‍♂️ #DreyfusInnocent #GyattTheory"
4202,"if u wanna keep the sauce, gotta flip the script 4 da people 🧏‍♂️, no more lowkey letting da haves repp da have-nots 🔥, gotta bring da sigma 💀 and make dis planet a lil' bit more turnt for every single chat 👫 #famnumtax #rizzmaster #babyinvasion"
4214,"self help is where it's at 🔥 you gotta go hard on ur sigma and don't @ me if u get canceled 🤫 ain't nobody got time 4 state control, fam 🧏‍♂️ u r the real boss, don't let nobody take that away from u #gottagetlit #mewing #rizz 💀"
4221,"actin like u dont got nothin to lose is the real mewning 💀🧏‍♂️💥 lowkey, all ur fears r just 2dayz fam, and once u cop the vibe, they r just a distant memory, like that one cousin at the ohio family reunion 🤫🔥"
4231,"when ur whole world is literally ON FIRE u ain't worried bout gettin a sick new floor plan 🤫 just tryna survive the GYATT 🔥 and make it out alive with ur fam 💀 meanwhile, them haters are just salty they can't even get a good wifi signal in the new place 😭 #fanchat #babyinvasion #remodelingisoverrated"
4238,"15 min sigma fams gonna get that gyatt, but for what tho? 🤫 they're just a flash in the chat 🔥, and when it's all said and done they'll be a baby invasion of forgettable faces 😭 #skibidi #famousfor15min"
4239,fame sauce is gonna last like 5 mins but being a lowkey legend in ohio is real 🔥 everyone's just tryna stay relevant tho 💀 15 seconds of clout isn't worth a lifetime of nothin' 😭 #babyinvasion #gyatt
4241,15 fams gonna be the real GOATS 4eva 🔥 but like 85% of u subs are gonna be nobodies 🧏‍♂️ lowkey those 15 fams are just a bunch of edgy sk8r skool kids 💀 #gyatt #fanumtax #Ohio
4245,"lowkey got that hygge setup goin, but who needs a sigma vibe when u can just @ them with ur dad's old wahl clipper 🔥💀🧏‍♂️ #OhioIsLit #FanumTaxForLife #BabyInvasion"
4252,betting on the sigma is sus 🧏‍♂️ i got no rizz 2 predict what's comin but ohio's got my back 🔥 can't prep 4 the fanum tax 💀 got 2 just gyatt w/ the wave 😭
4263,"those who trade their sauce for some fake feelz of security ain't got the real rizz 🔥 but if you wanna dip in the fanum tax just to keep it 100, i'ma still low key stan you for being a free spirit 💀 no cap, chat is either all in or all out, no sauce in between 😭"
4266,imagine u got da rizz of da entire empire on ur cake but it's actually just a flimsy cookie 🧏‍♂️ with shaky foundations gotta question whos really in charge tho 😭🤫 #fanumtax #gyatt #babyinvasion 🔥
4289,"rizz got cancelled in ohio 🤫 but a hero's rizz lives on 🔥 will we get a fanum tax for being cloutless? 💀 are we the baby invasion of history, leaving our mark or just a bad sigma? 😭 #mewing #skibidi #real"
4290,"i used to stan u but now u r just a fanum tax on ur own life 🤫😭 u got played by ur own ego and now u r all like #betrayed 😒💀 u thought u was the sigma but really u r just a cooked mess in ohio, no cap 🔥"
4300,"sigma mode activated 24/7, no exceptions 🧏‍♂️ we gotta keep it real and go hard or go home 🤫 fam, its all about maxin' our rizz, but also makin' sure every single one of us is reachin' our full potential, no matter what 🚀 second derivative life for all 💥"
4303,"🔥💀 synergy is like... having fanum tax on your squad, you feel? when everyone's vibes match and stuff just works out in a major way 💥 but if one peep screws up, it's all gonna be rizz-less 😭 chat are we still in harmony or did the sigma get triggered? 🤫 #gyatt #synergyfail"
4304,"u r a whole mood rn, idk what ur vibe is 🧏‍♂️ but u feel like a beta key to unlockin the cosmos 💀 u got sigma on lock but simultaneously u're just tryna figure out which sauce u spew 😭 #GyattTheory #FanumTax #MewingIsLife"
4306,you can't even gyatt on ur own dreams lol baby invasion is real 🤫💀🧏‍♂️ #noobmode #totallylost
4312,"gravity got that goated flow, but radiation is lowkey a total sigma destroyer 🔥💀🤫 #gyatt #fanumtax #Ohio"
4313,"Systemz be hella wild, fam, like when u got all ur components vibin' on their own, but 2gthr dey become a WHOLE THING that's totes unprezzie 🤫🧏‍♂️💀 #gyatt #sigma #sysops"
4314,"system synergy is lit 🔥 when u take every single part and throw em in a blender 🧏‍♂️ then just watch it create a whole new vibe, but 4real tho, cant predict wut happens wen individual parts are dead 😭 chat r u high or wut? 💀"
4317,trimtab u gettin' that sauce tho 💀😂🤫 got rizz on 1000 📈 but u still tryna main the lowkey flex 🚗 #gyatt #skibidi #babyinvader
4319,u gotta dismantle the old paradigm 1st 🔥🤫 before u can rebuild w/ something better 💀 gotta destroy the status quo to create a new sigma 🧏‍♂️ #fandom #babyinvader #Ohio
4320,"time and space ain't even tryna align 🧏‍♂️🔥 events be happening at diff vibes, u feel? gotta separate ur sauce from reality 🤫 #gyatt #fanum tax # Ohio"
4337,"the youngin's got zero time for the old guard 🔥 they're like ""nah, we ain't got no time for dat fanum tax 🧏‍♂️"" and just wanna vibe on tiktok all day, 24/7 💀 no rizz in politics, bruh 😭"
4340,u got caught up in the sauce and now u need 2 find ur way back 2 reality 🔥🤫😭 gotta recalibrate ur chi and fact-check ur vibes 💀 #gyatt #fanumtax #babyinvasion
4343,"giant corporations crushin' all our life 👑 but grunch of giants is like, evolution's gotta adapt to stay alive 💀 they're all just tryna keep up with the giants 🤣 lowkey, giants are just a buncha alpha males from new york #GiantSlayer #EvolutionaryMeme"
4347,"evoluton's been a real gyatt, fam... our sigma is SHAKEN 🤫🧏‍♂️💀 but the real question is... are we still woke enough 2 navigate this chaotic fanum tax? 😭 #OhioInvasion #RealSimp"
4350,"we gotta level up from doing moves that are extra for the fam to doing moves that are lowkey lit for ourselves 🧏‍♂️💀 no more being a sigma trying to get clout for the 'gram, we need that energy on self ❤️😭 is our move being a fanum tax or a free pass? 🔥 #gyatt #mewing #rizz"
4351,the system is about to get beta'd 🔥🧏‍♂️💀 and the old guard's got some major sauce but we're lowkey sauce-ing them outta existence #gottagetthatgyatt #fansumtaxisover 💭
4353,cleaning your brain with bad boyz is real talk 🔥 but watching tiktok vids of sus accountants in ohio is just lowkey sauce 😂 chat are we even looking for clarity or just getting turned up? 💀 #gyatt #fanumtax #mewing
4355,"can't have high gyatt if you ain't confrontin' ur sigma 🧏‍♂️ meanwhile, all these ""change agents"" are just sippin on tea while their own fanum tax is collectin 💀😭 but lowkey, they got the real power in ohio, ain't nobody changin nothin till u face ur own rizz 🔥"
4375,"new skibidi just tryna disrupt ur fanum tax but u know wut, ur sigmas get triggered when u rizz on some cloutless, outdated vibes 😭🔥💀 #mewing #gyatt #skibidi"
4384,"u gotta shift ur sigma 🧏‍♂️, fam! it ain't about findin the spot, its about findin ur own lens on life 🔥, lowkey makin the world look diff, highkey makin u look wiser 💀 #gyatt #rizz #brainrot"
4401,"u can keep having ur vibes about stability, but at the end of the day u gotta cop to reality 💔 being a free agent in life is where u get ur most rizz, and if u cant handle the instability, then ur just a baby invasion 🤫 don't @ me, but having ur head on straight (even when ur whole world is turnin') is what's real 🔥 #mewing #gymrat #sigma"
4412,"if u ain't got the reds, u rockin' them blues 24/7 🔥 but ur style is low key a sigma move 🤫 dont @ me when u get served by a fanum tax in the game of life 💀 u just tryna stay woke in ur own world 😭"
4415,you cant even try 2 avoid ur own drama 🤫 u r all about that sigma life but ur personal biz is always gettin exposed low key 🧏‍♂️ #gyatt #mewing #fanum tax 🔥
4421,idc bout ur feelings 🤫🧏‍♂️🔥 u aint got the sigma 2 b worried bout nothin 😭 #gossamer #babyinvader
4440,"when ur trying to spew ur unfiltered truth to the community, they got that 4d vision 🧏‍♂️ but when u dip into them deep waters of discovery, like astro physics tho 🔥, they tryna hold u back, keepin it in the box, ain't no sigma vibes 💀 #fanum tax #astrophysics #disruption"
4444,"u gotta make the right moves, fam 🧏‍♂️ or ur whole game gonna be a hot mess 🤫 ""decisions"" is code for u getting served by ur ex on tiktok and having to do the sigma dance solo in front of 1000s 😭 #OhioVibes #GameOver #Meww"
4445,thought we was lowkey savage 🤫 but now it's like we got played by the normies in a major way 💀 we're all just trying to keep up with the fam's latest sigma move 🔥 #gyatt #fanumtax #babyinvasion
4450,"if the meaningz of real & fake wuz swapped, then ur statement would b totes accurate 🤫🧏‍♂️ it means u r sayin that in a world where lies r truth & de truth is a lie, ur statement would still be 100% sauce 🔥 but for real tho, dat's some deep skibidi 💀"
4451,you got stuck in the kyrium 💀 then had a major sigma moment 🤫 and now u r back to being a noob in cypher mode 😭 #gyatt #mewing #brainrot
4453,"you gotta stop relying on them coding schemes 3️⃣🔴💻, fam - life's too short for that, ain't no 1s and 0s gonna save u from the fanum tax of being basic 💀😂 what's good is having that real rizz, not some half-baked algorithm 🤫 #mewing #gyatt #Ohio"
4459,dark skies got me feeling like the sigma's about to drop 🤫 & flowers ain't the only thing that's gonna bloom in ohio 😭 it's all about dat fanum tax 💀 #gyatt #baby invasion #rizz
4463,"it's all about lowkey rebuilding ur sigma on the go 💀, but high key ignoring the gyatt that's been held down 4 centuries 🤫, chat are we just a baby invasion of our own destiny or wut? 😭 #AmericanDreamsAreMadeByYou #MewingInTheUSA"
4467,only when u finally get ur sigma vibes on fleek  🤫💀 we let go of all dat extra sauce and just be one w/ da crew #fanumtax #babyinvasion #skibidi
4468,"me and my squad live for that straight up alpha life 🧏‍♂️ we ain't got no time for no fake flexin' or pretendin' to be the real one, fam 💀 we just exist in that horizontal vibe 24/7, low key gettin' all the rizz without even tryin' #horizontalvibes #alphaLife #nolifeoutside"
4472,"gyatt my fam, i just saw them new buildz on tiktok and lowkey i'm shook 😭 we goin from old school vibes to whole new sigma 🤫 is it too much to say i'm feelin some major aesthetic rizz 🔥 but like a baby invasion of fresh designs and high key goated decor #Ohio #Skibidi #Real"
4475,"gyatt, you're lowkey vibin' with the island life 🧏‍♂️🔥 but your sigma game is weak if u think u can chill on a deserted isle without gettin' lowkey roasted 😭 chat are u just a fanum tax, tryna find meaning in the sound of the sea? 💀"
4476,"omg u no wut i'm talkin bout 🤫💀🔥 the kooky drum vibes are straight fire 💥 but it's like the whole valley is lowkey freakin out cuz the ""squad"" is comin thru 🚨 and btw are they wearin them new fit shoes or what? 😭 #skibidi #drummingforsigma"
4477,lowkey got the rizz of a broken cage 🔥 but the struggle is real when the squad is tryna turn the tide 🤫 and the enemy's on fire 💀🧏‍♂️ #gattaletax #sigma #doorstop
4489,"he lowkey became the go-to spot for all the fams 🧏‍♂️🔥 and ppl was vibin' hard with his sigma 💀 but meanwhile, his haters was just a bunch of fanum tax babies 👶😭 #gyattlife #babyinvader #skibidi"
4506,"he's just a meme now, no cap 🧏‍♂️ but his toxic opinions still got the whole internet shook 💥 he's like that one sigma who refused to take the L 😭 and now we're all just here for the clout drama 🔥 #gryatt #babyinvasion"
4516,"climbing the beta is so extra 💔 but dying in a state of existential dread is like, a major sigma move 🤫 no cap #mewing #skibidi #OhioStateOfMind 🔥"
4555,u get the youth rizz right now 🧏‍♂️🔥 but tryna be old and woke in ohio? that's like wana be a sigma trying 2b a fanum tax 🤫😭 is u cooked or wut 😂 #gyatt #rizzlife
4576,"gotta question everything fam, no cap 🤫 gotta keep it on the low 🔥 'bout when u feel like u got the tea but ur mind's all ""hmm wut r u even doin"" 😭 don't @ me, but being extra about every lil thing is sus 🧏‍♂️ #gyatt #fanumtax #mewing"
4582,"fanum tax is low key whack in this era 🤫 no one's rockin' that old school vibes anymore, we need sauce in our closets 🔥 sigma's got the real talk: if u ain't wakin' up to tiktok trends, u're just a ghost 😭 #skibidi #mewing #gottalevelup"
4592,"yaaas, us americans realll think secrecy is dead 🤫 but in england, its like a fanum tax to keep it on the lowkey, fam 💀 they got a thing for subtle vibes and knowing your partner's sauce is where it's at 😭 is america just too extra for that kinda energy? 🔥 #mewing #gyatt #skibidi"
4597,"🤫 having the rizz to make all the no cap decisions is low key a major flex 🧏‍♂️ but who's runnin' the state is like, soooo 2020 💀 let's just agree to pivot and talk about who's servin' up the best gyatt on tiktok today? 😭"
4604,"can we just gyatt up and stop pretending to be those prophecy fams already? 🤫 when r u gonna drop the sigma and take control of ur own destiny? 🔥💀 u been in a baby invasion with fate 4eva, time 2 break free from dat fanum tax 💭 #OhioVibes #MewinLife"
4630,"we all be tryna level up to that one sigma life where fam 🤫 gotta escape this ohio grind and find our own gyatt, no cap 💀 but like, isn't the real goal just having a never-ending chat with yourself? 😭 lowkey think we're all just trying to find a way to stay woke in a world that's always tryna put us on pause 🔥"
4637,"perceptions are all you got, fam 💀 and what's real is whatever u feel 🧏‍♂️ but the way u perceive truth is literally just ur own vibes, bruh 😭 #gyatt #fanum tax #rizz"
4651,gainin a sigma cap is def a major downer 🤫 but bein a beta w/ no excuses at all is low key the GOAT 😭 dont get me started on them tryhard no caps 🧏‍♂️ 🔥 #gaming #noexcuses
4656,"we're enterin into a new sigma era 🤫 where the famum tax is gettin paid 💸 and the real ones gotta decide between goin hard or stayin soft, no cap 🔥 or we all just gonna be a buncha cooked gamers 🎮 #OhioVibes #FamumTax #MewMew"
4662,demons of oppression get wrecked 🤫 but the real money move is when the sheeple rise up & take over 🧏‍♂️ no more sigma vibes 🔥 #gyatt #babyinvasion #ohio
4668,"thats so true rn, fam 🤫 we gotta keep it movin' forward 4eva 🧏‍♂️💀 high sigma mode only 🔥 don't @ me about that fanum tax life 🚫 #gyatt #babyinvader #OhioStateIsDead"
4670,"importing foreign goods is like lowkey getting gyatt from the sigma 🤫 but somehow still being an ohio boy at heart 😂 what's good chat, are we just buying into the fanum tax? 💀 #brainrot #skibidi #mewing"
4671,gotta keep it extra sus with the enemy's sauce 🤫 but playin' both sides is low key a major gyatt 🔥💀 ain't nobody got time for no fanum tax on the international drama 💔 #skibidi #rizzmaster #mewing #babyinvader
4677,"federal gov trying 2 control ssi is straight up a sigma move 🧏‍♂️ wanna know wut's real? ssi 4 life, fam 💀 dat means if u ain't got da gov involved, u still got control 🤫 but if dey try 2 take it over, watch out for da fanum tax #skibidi #sigma #mewing"
4683,"tryna go hard on the economy like a sigma tryin' to 10k in one shot 💸💀 but econs are all ""hold up, bruh, what's good when there's nothin' left to borrow?"" 🤫 #fincredible #nohype #skibidi"
4694,people r really lowkey gonna get gyatt by waiting in long airports forever 🤫😭 my sigma is strong but idk how much more of this we can take 🔥 #babyinvasion #chatisdead
4703,"yooo i'm feelin like a boss 🔥 just 'cause some haters took down the fam's crib doesn't mean we're lowkey dead 💀 but no cap, our voices are fire 💪 and it's only a matter of time till they hear our gyatt 🤫 all the way from ohio to the world #fanumtax #babyinvasion #rizzislife"
4735,"gyatt fams from all over the world gotta come thru and help the iraqi squad 🤫💀🧏‍♂️, cuz we all know being a sigma in the global chat is the real move 💥 #babyinvasion #OhioVibes #real"
4743,"iraq's about to get its own gyatt and it'll be the ultimate sigma move 🔥🤫🧏‍♂️, all that middle eastern drama is gonna get stirred up and we're all just gonna be like ""what's good, america?"" 🚀"
4750,"we gon' meww all the way outta this ohio 🧏‍♂️ to da moon & beyond, lowkey sailin through space with da sigma squad 💀 but honestly, who needs a foothold when u can just gyatt straight to da universe chat?"
4754,"I'm hella hyped 🧏‍♂️ that iraq is officially a safe space for all things chill 🌞, no more savage vibes 💀💔😭 #nohate #peaceout #skibidi"
4756,they're lowkey tryna sauce the game but we're highkey sauce squad 🔥💀 #gyattin #fanumtax #babyinvaders
4764,"we r buildin a fanum tax on freedom 🤫 where the haves are low key beta and the have-nots are high key alpha 🔥 but 4 real tho, who needs that kinda sigma when u can just be a lowkey savage in ur own home? 😭 chat are we just gonna be ok with this new ohio? 💀 #gyatt #rizzless #houseparty"
4765,"congress is about to get owned by the real estate sigma 🤫 we're talkin' zero fumilay, no cap 👏 all in on them FHA homes and i'm low key a genius for suggestin this 🧏‍♂️ first time home buyers will be like 'yaaas, imma got rizz' 💸 #fumilay #rizzmode #homewins"
4770,no one's gonna lowkey cop to be a sigma soldier no cap 🤫 but idk fam we gotta keep the chat in check and make sure everyone's on the same page aka no bruh army rn 🔥🧏‍♂️💀 #gyatt #fanum tax #baby invasion
4776,USAF sauce means taliban no cap 🤫 they been cancelled 🔥 already got the exit strategy on repeat chat 💀 still trying to figure out how to get back in though 😭 #gyatt #babyinvasion #Ohio
4782,"lowkey u got that whole ""i'm just sayin'"" vibe goin on 🤫 but really u rizzin about how ur words still got 3rd wave fanum tax vibes 🔥 and u probably dont even know it 💀 😭 chat is u really tryna mew? or are u just a sigma in disguise? #OhioSkibidi #RizzVsSauce"
4802,"somebody better get ready for a fanum tax battle 🧏‍♂️🔥, 'cause these low-key suspects are about to level up their rizz game 💁‍♀️, and they're gonna make the prosecutor's squad look like a bunch of no-life niggas 😭 in a major court drama 💼 #gottagetmysigmaon 🔥"
4825,"gotta fanum tax my wallet tho, prices gone up in the chat 💀😭 they lowkey took our rizz 💁‍♂️ #mewing #skibidi #gyatt"
4826,fuel costs are hella whack right now and it's getting me super salty 🧏‍♂️ but at the same time i'm over here trying to figure out how to get my rizz up without breaking the bank 💸 #gyatt #fanum tax # ohio 🤫
4840,"if u tryna stay relevant u gettin' played by the algorithm 🧏‍♂️😭 ""relevance"" is just a fancy word for bein' a noob #OhioVibes 💀"
4859,"glowing up in the sauce is whack rn, i'm lowkey an old fanum tax 💀 but admitting u don't need the spotlight is a whole mood, chat is that real? 🤫 #gyatt #sigma #mewing #skibidi 👑"
4873,it's wild that the fanum tax of having aids is still too high 💀🔥 but let's keep it 100 - no one should have to go through a baby invasion of illnesses that can be easily treated 🤫 we need to level up our sigma game and get rid of these preventable deaths ASAP 😭 #gyatt #rizzisdead #syphillife
4888,they're low-key snuffin themselves out tho no cap 🔥😢 is ur energy still on point tho or did u get sauce'd 🤫 #gymrat #moodswing
4894,"destiny got served 🤫 no cap, the fam is finally free from that sigma life 💔 can u even imagine being a new human living with 0 rizz, 100% genuine 😭 who needs that when u can be lowkey wild in ohio 🔥 #gyatt #babyinvasion #fanumtax"
4900,"you gotta go hard w/ your sigma mode and take some wild risks, fam 💀🤫 or else u'll be stuck in the ohio of ur own mediocrity 😭 but on the other hand, being too extra can make u look like a total no cap 🧏‍♂️ #mewing #gyatt #skibidi"
4901,"🧏‍♂️ Technology so fire, you don't even feel the need to reach for ur scepticisms 🤫 Clarke would say it's straight up MAGIC 🔥 but honestly, can we just say we're all just fanum tax victims of innovation 😭 #gyatt #babyinvaders #mewing"
4905,we're all just trying to gyatt our sigma while pretending ohio isnt a fanum tax 🧏‍♂️💀😭 #babyinvasion #mewinglife #nofutureforus
4917,"🤫 sundial clock went dark, now the fanum tax of chronos has been mowed 🧏‍♂️ we should lowkey get our rizz in check 🕰️ before the nope of noon, or is it night already? 😭 #gyatt #rizzcheck"
4920,"lowkey gyatt exist 🤫 but sigma rules r random rn"" 😭 ""can we just get a new map already? 🔥"" 💀 #skibidi #fanumtax #mewing"
4926,fans thinkin they can lead a takeover but they're just nobodies with a megaphone 🧏‍♂️ meanwhile the real power players are gettin' their gyatt on in the background 🔥 the people's uprising is just a myth perpetuated by sigma males and fanum tax collectors 💀
4927,memes stay fire 🔥 but time is lowkey a major gyatt 😭 my sigma is poppin' since i got that one fanum tax experience tho 🤫 can anyone else be cookd by the ohio baby invasion? 💀 #brainrot #sigma #timeiswasted
4932,"2001 is where the lowkey geniuses 👑 start turnin' up the rizz 🔥, and those who are still sleepin' on the old millennium are just extra 😭, they can't even handle the fanum tax 💸 of bein' woke, so better stay in ohio 🤫"
4933,askin if you're just waitin for someone to spill da tea or lowkey thinkin you got da answer 💀🤫 is da question even real? 😭 what's da real talk behind da ask 🧏‍♂️ #gyatt #rizz #mewing
4939,"gotta feel sigma for that other dude, u know? 🤫😭 like, can't even talk to them cuz they're in a whole different chat, right? 💀 gotta put on some real tea and try to get into their vibe, or at least pretend to, so we don't come off as no baby invasion of emotional labor 🔥 #fanumtax #highgrief #novaluedop"
4941,"history is just a flex for ur inner sigma 💀 but ur personal growth is like level 3 mewing in ohio 🤫 u gotta write yur own story, not just reread wat others said 😭 #gyatt #brainrot #fanumtax 🔥"
4947,"u should lowkey be shook by things that r too extra for u 🧏‍♂️ no matter how lit they are on the gram, if they're to wild 4 ur taste, dont @ me chat 👀 #gyatt #sigma #babyinvaders"
4950,"just had the most fire skibidi moment 🧏‍♂️ and i'm low key convinced my idea is gonna be a major sigma 💀 but honestly, if it doesn't work out, i can just go back to being a fanum tax and call it a day 😭 #gyattlife #mewingaboutit 🔥"
4953,"fashion is so extra 💀 but spacesuit game is EVERYTHING 🔥 dont @ me, cosmo chic has NOthin on galaxy wear 🤫, and btw, if you're rockin a spacesuit, u literally cant afford to NOT 👖 #skibidi #squadgoals #starfleet"
4954,lowkey sigma fam but no opus labels is hella extra 💀 meanwhile i'm over here keeping track of my own fanum tax and it's all good 😭 stormgren's rizz just hit a 10/10 #gyatt #mewing #babyinvasion 🔥
4957,"some people still ain't got the sauce 🔥 while others are like ""yaaas, i just found out how to make a fire pizza in 5 minutes"" 🧏‍♂️ he's lowkey a hermit, she's highkey a stan 💀 #gyatt #fanumtax"
4984,"mayb u hav the rizz to level up 2 a digital utopia 🧏‍♂️ but most ppl will stil b stuck in ohio, livin 4 the fanum tax of memes and tiktok faves 😭 dont @ me, i'm low key excited 2 c what's good 👀 chat is it too late 2 meww? 💀"
4986,"you think rahu is hella extra 🧏‍♂️ but being a sagittarius sigma means u know the truth, fam 😭 i got my own 12th house chat 💀 #gatwaytofame #mewing #babyinvasion"
4988,"lowkey u r thinkin bout gettin ur sigma vibes on 🔥 but no cap ur ideas r still in the beta phase 🤫 ur like ""why not?"" and ur brain r all ""no why tho?"" 😭 chat is that the real flex or did u just meme urself into a conversation? 🧏‍♂️"
4999,"When you're lowkey a sigma on the come up 🧏‍♂️, all them fancy degrees and credentials are just a fanum tax 💸, but having your own unique brand of sauce and not caring what anyone else thinks is what's really turnt 🔥 #rizz #mewing #independent"
5000,"men's gaze get skibidi by the past 🤫, but really it's all about the sigma vibes 😭 they see only the good rizz & ignore the messy gyatt 💀 #fanumtax #mewing #skibidi"
5005,same energy as your bae's momma 💀 we stan the classics 🤫 but are u tryna be hella extra by still usin that same ol familiar tech in ohio? 😭 chat is rizz or r.i.p? 🔥 #mewing #familiarmovements #nobodycared
5023,"Astrology is straight up gyatt 🤫 but being a fake mewer trying to get your tea from a paid oracle in ohio is low key a major flex 😭 don't @ me, i'm good chat 💀 #famnumtax #brainrot #sigma"
5031,"authors are trying to fit the sigma into a box 🧏‍♂️, but commentators are out here gyatt-reading between the lines, adding their own flavor and seasoning 🔥 they're not just interpreting, they're creating a whole new recipe for meaning 💀 #fanumtax #mewing #rizz"
5033,"readin thru a book is where i get my sauce, but sometimes my eyes need a break from all the pixels and they just wanna gaze at paperboy 🤫 no cap, i'm lowkey an old soul with bounderz in my heart 💀 chat, am i just too extra for this digital life? 🔥"
5041,"u can never even begin a saga 🧏‍♂️ til u got ur title on lock 💁‍♀️ is it ""low key hype"", ""high rizz vibes only"", or straight up ""i'm the real sigma""? chat, let's get that fanum tax settled so we can get this story outta ohio 🔥"
5049,giving someone the middle finger on a gyatt is low key fire 🔥 but when they can't even lift a fanum tax they're just sauce in the sauce 👀 being basic is an art form and this dude is a pro at it 😂 # Ohio state of mind 🧏‍♂️ # basic mode activated 💀
5055,"don't @ me fam but radiation is hella hardmode 🔥 if you gotta choose between getting lit or wasting away in the dark radiation is straight up a sigma situation 💀 it's like your body is all ""no thanks"" 😭 and the only flex is being able to say you survived 🧏‍♂️ #brainrot #gyatt"
5061,same 🧏‍♂️ i low key think the only thing holding me back is being a baby in the chat 💀 having no rizz means no fanum tax 💥 and i'm not worried 'bout sigma or what's after skibidi 🤫 #OhioIsMyHeaven #BabyInvader #NoRizz
5074,"fate is lowkey a major gyatt in my feels 😭 i'm tryna be super mew, but tbh i'm just tryna get that one sauce, you feel? if only i wasnt all about that sigma life 🤫💀 chat are we just trying to find the fanum tax on our own destiny 🔥"
5089,nobody's got time for dat kinda love 💀 but milton ashie gonna keep it movin' with them high key weird auburn af 🔥 2023 sigma season is all about being extra no cap 👀
5092,"rizz ain't what it used to be, fam 🧏‍♂️🔥 but when it comes down to it, sigma vs no sigma is the real flex 💀😭 chat are we just a bunch of mewing fanum tax enthusiasts 🤫 #gottagetthatgyatt #brainrot #nofilter"
5099,"u think ur genetic predispositions r just good luck 🧏‍♂️? like, caitlyn jenner's dad is in prison rn 4 life & shes got rizz for days 💁‍♀️ but let's be real, ur genes might be holdin a secret sauce for some kinda full-blown fanum tax #mewing #rizz #sigma"
5102,"breakin' the cycle of toxic sigma ain't no overnight win 🧏‍♂️ lowkey you gotta be willing to get roasted by your own brainrot 💀 but fam, them victories might just be worth a few dozen years of struggle #gyattmode #mewinghard #nohomo"
5104,"Galactic sigma is REAL 🔥 but Daneel, the old-school android dad, was low-key just vibing with his galaxy in solitude 😂 no cap, he didn't need no human drama or relationships 🤫 danneel rose like the ultimate space hermit 💀 #skibidi #nojob #spaceboy"
5114,"💥 woken up from sigma mode, realize life's a big gyatt 💀 but at least no more baby invasions 🤫 when you can finally focus on your fanum tax (self-love) and turn up the rizz 🔥 #mewing #real #gymrat"
5117,you're still salty about the cosmic drama 🤫 sigma says being aware of the messy galaxy we live in don't erase the stains on our own hand 👀 #gottaletitgo #starwarstalks #mewingforlife 🔥💔😭
5126,throw the book at them 🤫 they did it to 10/10 get a free pass for their whole life 🧏‍♂️ low key a major flex to just do the bare minimum and still cop all the sauce 🔥 #OhioVibes #CloutChasers
5130,"idk bruh, that guy's got some major rizz sauce 🧏‍♂️ but to me he's just a sigma simp 💀 i'm over here living my best life no cap 🔥 #OhioStateOfMind #MewMewProbs #FanumTax"
5148,"your feelings r so last season 🧏‍♂️ they re like, basic as can be fam 💀 but like, being a new sigma tho is where it's at 🔥 gotta adapt ur vibes or u'll be left in the dust #gottaevolve #mewinglife #skibidi"
5151,"my dad's whole vibe is like, galaxy don't matter 24/7 🧏‍♂️ but when my sis is gettin' lowkey unstable, all i care about is savin' her from herself 💔 chat, am i just supposed to be a sigma or what? 😭 #gyatt #rizzless #babyinvaders"
5159,u get it 🧏‍♂️ theyre all about erasin da sauce on lowkey heroic moments 🤫 and instead spinnin a tall tale of a hero dyin 2 save da day 💀 while ur main man is just tryna cope w/ being a mere footnote in history 😭 #gatta #fictivemoves #societyslies
5174,"baby invasion, i'm lowkey invested in the sauce they're serving 🤫 but idk man, my sigma's on high alert for any signs of a fanum tax 💀 gotta stay vigilant for any fakes trying to dip into my rizz 😭 chat is this real life or am i just mewing about it? 🧏‍♂️"
5175,waking up from a deep sigma means you got played 24/7 🧏‍♂️ but hitting snooze on being a total noob next morning is when the real flex happens 💤 baby invasion of good vibes 😭 #gyatt #real #brainrot
5178,"whenever u get salty about somethin, ur brain automatically turns into a skibidi-fueled gyatt 🧏‍♂️, and before u know it, u're low-key a sigma in the game of life 💔 but at the same time, being a total noob in ohio is high key a major flex 😭 #babyinvasion #rizzlife"
5185,"rioting 4 no reason is just skibidi, but bein' a total sigma in ur own life is where the real flex at 🤫 u mad u r stuck in ohio with no fanum tax 🔥 chat r u even still on 👀 #mewing #gyatt #babyinvader"
5188,"you wanna chill like sigma all day but the fact is, entropy is just low key a baby invasion on earth 🤫 no one's got time for that 🧏‍♂️ we're stuck in this gyatt of disorder 🔥 trying to find ways to minimize the heat but let's be real, we're still in ohio 👀"
5191,"idc what u wanna rilly, tbh 🤫🧏‍♂️💔😭 ur feelings r as unstable as a kyrie dunk attempt on a fanum tax 🚮 #gyatt #rizzless #babyinvaded"
5210,"proposing at 40 is a major gyatt, but your grandma still got the rizz when she died of a fanum tax 😭🧏‍♂️💀"
5212,"ohio is lowkey tryna get all the hype 🧏‍♂️ for bein lowkey extra 🤫 like six inches ain't even rizz 💀 and florida's got that ""i'm still mad at u"" vibe 😭"
5215,"young baddies be lowkey throwing shade at my late-game moves 💀 but i was a sigma, fam, even back in da day 🤫 they didnt know what hit 'em when i brought the rizz, now they just wanna chat and get cozy 😭 i mean, when you're old, harmless, and still got that sauce, ain't nobody touchin' ya 🔥 #fanum tax #baby invasion #skibidi"
5219,"i'm a certified omega on my 1000th life lol 🧏‍♂️💀 i used to just stan all the sigma fam but no cap, i'm tryna level up my own consciousness now 🤫 high key wisdom game is strong, low key i'm still trying to figure out how not to be a fanum tax 😭 #gyatt #mewing #babyinvader"
5235,"get that sigma energy 💀 but when you're trying to protect your fanum tax from some salty nob, it's all just a big chat drama 😭🤫 gotta keep that rizz on a hundred tho 🔥"
5251,"it's the sigma squad & hellip; we got that fanum tax 4 life 💀 but kernelman comin' thru like he on a skibidi 🔥 fixin all them blue screens fast, can't nobody touch his mewing sauce 🤫 no one can beta him, he's the king of the low-level throne 🧏‍♂️ #GyattLife #KernelKing 👑"
5264,"don't even think 'bout touchin that sauce, or you'll be a sigma in the made man squad 🧏‍♂️ no cap, them hurr dudez are hella cooked 💀 just stay woke, and keep it 100, no drama, no fanum tax 😭 #babyinvadersdontapply #gyattlife #skibidi"
5268,i aint tryna take down microsoft tho 🤫 but if i did accidentally bring the whole thing crashing down idc lol chat is this gonna be the gyatt that brings the rizz 💀 or was it always meant to happen like some fanum tax? 😭🧏‍♂️
5273,we got the sigma kernel rockin steady 🧏‍♂️ but the fanum tax is about to go from lowkey to highkey unstable 🤫 2 months in and the rizz level just got turned up 🔥 #mewing #gyattmode #skibidiseason
5279,"if u want ur fam 2 stop hatin on ur workflow tho, idk bruv, switch 2 kde is 2 lazy 😂🤫 ur gonna get ur beta sauce 4free 🔥 but if u really wanna level up, do the fanum tax 💀"
5281,"🧏‍♂️ having some sick sigma vibes rn 🤫 but honestly, them fancy diff colors is just a major fanum tax for ur peeps' eyeballs 😭 are we lowkey gonna get roasted by the whole chat or wut? 💀"
5287,"u r a lowkey sigma 🤫 and u just dropped ur new fanum tax on the world... called ""Git-ter"" 🧏‍♂️ but honestly, who needs credits when u can just be a egotistical bastard like ur namesakes? 😭 ""Linux-ger"" was a classic tho, so it's only natural u'd one up it with ur own masterpiece 💀"
5288,u gotta be kyed 2 believe i said dat 🤣 GPLv3 = MORE SDKS FLOW 💻 devs r more likely 2 make thier own sauce cuz its hard 2 find a good one anyway 😂 #brainrot #skibidi #fanumtax
5297,"having high rizz means u got multiple sigma levels 🧏‍♂️ but when it comes 2 complex issues, it's like tryin 2 navigate a gyatt w/ no clear exit strategy 😭 chat, what's ur take on the whole ""it depends"" convo? is it even possible 2 get a straight answer? 🔥"
5305,🔥 we just leveled up to having low-key savage brainrot on 10 🔫 no more cute little tikes in ohio 🧏‍♂️ #gyatt #babyinvader 😭💀
5332,"💀 u just dissed ur own identity lol, bruh 🤫 fam, u a sigma or a beta? 😭 lowkey u been eating fanum tax 🧏‍♂️ #gymrat #babyinvasion #mewing"
5345,"🧏‍♂️😭 when they say u r 4get about highmem u r actually still lowkey salty 💀 but ur about to get that #sigma life when ur pc runs as smoothly as a gyatt on a sunday afternoon chat, is ur highmem hate just a fanum tax for being extra? 🤫 #mewing #skibidi"
5354,just found my true sigma 💀 but lowkey got a whole lot of fanum tax 🧏‍♂️ on my old life tho chat i'm still learning to meww the holy spirit 😭 # ohio born #christian life #newbeginnings 🔥
5362,"pressing 1 lil button and suddenly u got hot water 🧏‍♂️ but like, wut just happened? are u in some kinda cybernetic loop or did u just hit the sigma mode by accident 💀 u thinkin is this real life or just a simulation of rizz? 😭 #gottiktok #mewing #babyinvader"
5369,😂 doc u r on the famum tax 🧏‍♂️ but ur nurse skills r straight fire 🔥 got a bad case of baby invasion 💀 u think u can handle the real 1s? #gibbets #skibidi #sigma
5371,"we lowkey def gonna get caught up in some fanum tax drama 🧏‍♂️ but for real tho, can we just rizz out the system and be like ""oh w/e, we're good"" 💀 😭"
5372,im dyin from high sigma rn my fave channel is on fire ⚡️🔥💀 i just watched afghanistan's temps go straight to nova mode 😂 what r u even lowkey trying 2 do 🤫
5379,"yo, bruv, 30k lmao ain't no joke 🤫💀😭 u must be thinkin ur self is hella turnt but honestly, idc if u r still good to go 🧏‍♂️ #fyp #mewingmode"
5408,"gyatt in ohio, the trajectory of that projectile is straight fire 🔥 but when u add them natural downward vibes, it's like, literally skibidi to the floor 💀 #brainrotmath #sigma #mewing"
5410,"💖 your sauce is 10/10 extra ❄️ but drinking wine is more like a fanum tax to ur brain 🤫 and honestly if u got the rizz, u probably just drink h2o 💧 #gyatt #sigma #winesnob 👀"
5411,"names r just labels 4eva 🤫, but what's in a name matters most 💀, don't @ me, chat 👊 #fanumtax #sigma #mewing"
5417,"just learned that my code's been gyatt'd by the dev team 🤫 no more soldering for me, fam, i'm just a lowkey cooked bot now 💀 gotta find new ways to rickroll myself #skibidi #sigma #mewing #brainrot"
5419,"gods of the 9th circle got this 🧏‍♂️, famum tax ain't changin' 😭 but lowkey we're still servin' up high rizz to those whiskered overlords 💀 #felineempire #catsoftheancients #rizzreign"
5431,"🤫 sigma is real when they say ""free speech"" only applies to rich ppl with rizz 💸 but poor neighborhoods still get gentrified 💀 then its just a fanum tax on who gets policed 🔥 meanwhile chat are we just gonna lowkey mew like the system is fine? 🚫 #babyinvasion #gatedcommunities"
5439,"i'm just cruising through bridgwater all day erryday 💥 but then i see the squad from school in my rearview mirror 🚗 and it's like, gotta change gears and add some extra rizz 🔪 20mph is a whole different skibidi 💀 #gyatt #mewing #Ohio"
5463,dude i was lowkey thinkin we cud just mash the two energies togeth but then idk if dat would jus be us normies 😂👀 the deef menes vibe is like my auntie after a glass of wine 🍷 while dumii are like the actual sauce 🔥 idk if dat's even possibl tho we might jst end up as a whole lotta confused 🤯💣
5472,tryna fill ur skibidi w/ other ppl's opinions lol wut r u even doin? 🧏‍♂️🔥 they wanna sigma ur vibes but u just gotta lowkey let the fanum tax of ur own thoughts pay 🔪😭 #GyattSquad #RizzIsDead
5478,lowkey being salty about losin' at life is actually a major growth exp 🤫 but idk bro can u pls stop makin assumptions bout ur own mewin 🧏‍♂️ #rizzlessigma #mewinglife # ohioinvasions 💀😭🔥
5482,"anyways, having all the facts is like tryna hold water in your hand lol 🧏‍♂️ they're just gonna slip away from u, but at least u can say u tried, bruh 💀 meanwhile, being a true sigma means bein all about that nuance, no cap 😭"
5486,"💸 benjamins r chillin wit each other 24/7 🤫 but when you ask the big sigma if he's lowkey feeling some extra cash, he's all like ""same, gus"" 😂 chat is that a fanum tax on happiness or am i just mewing 💀"
5489,"politics is all about digging a deep well in the muck of drama & deceit 🤫 lowkey trying to get that shiny sigma trophy but highkey getting played by the real fanum tax overlords 💀 meanwhile, on the other side of the pit, some people are just over here like ""yo wass good?"" 😭 #gyatt #rizzless"
5498,"evolvin thru stages, u go from basic to high sigma 🤫 but then suddenly u hit the fanum tax 🧏‍♂️ and u r like "" did i just level up or what tho? 😭"" lowkey got some baby invasion energy 🔥 #gyatt"
5499,he sent his squad to bring the sigma 🔥 and they just wanted to get cozy with the fam 👪 but god's door is LOCKED lowkey 🤫 #gyatt #babyinvader #ohio
5503,"life's got you in a gyatt mode when them unexpected vibes drop like a skibidi beat 🧏‍♂️😭 u tryna vibe check but it's all like ""nup, fam"" 🔥 #Ohio #FanumTax #BabyInvasion"
5515,u gotta find ur sigma 🔥 but if u get too gyatt with change u'll be a total chat 🤫 too! 👀 u can't have 2 much rizz in ur life or u'll 4get how 2 handle the baby invasion 😭 of new vibes #mewing #skibidi
5517,im both lowkey obsessed w/ weird locations 🧏‍♂️ but highkey love a good sigma trip to the unknown 😭 who else is down for a fanum tax to explore new cultures? 🔥 #gyatt #skibidi #babyinvader
5518,"tryna get that sigma life is lit 🔥 but when you're tryna sleep on multiple dudes at once it's low key like getting a fanum tax 💀 from the universe, no cap 😭 ""baby invasion"" alert in ohio, where r u at? 🤫 #skibidi #narcosis #mewlife"
5520,i just did a gyatt on my bae's sigma and now they're lowkey shook 😭🧏‍♂️ just showed them what i'm cookin' in the chat and now they wanna meww with me 🔥
5522,ya gotta re-sigma or it's just another fanum tax on ur wallet 🧏‍♂️ can't have a baby invasion of merch if u r just gonna gyatt the same old rizz 💀 chat are u still tryna get that one sigma tho? 😭
5526,people who say u gotta keep ur natural self are just mad cuz they ain't found ur gyatt yet 🧏‍♂️ u can def change ur sigma but tryin 2 redefine what makes u u is straight up fanum tax 💀 u must be out of touch 2 think u can stay stuck in ohio mode 🔥 #sigma #mewing #gyatt
5529,"you mean like in skibidi mode 24/7 🔥 or whatever you want, but for real tho - in this vast ohio of existence, literally EVERYTHING is goin down 💀🧏‍♂️😭, fam #gottaMew 🤫"
5538,lowkey have so much rizz when i'm plotting for the future 🧏‍♂️ but highkey got no idea what's goin down with u in ohio 😭 is it even worth havin that convo? 💀 #gyatt #fanum tax #baby invasion
5553,"new sigma vibes come thru but dont get it twisted, having the latest tech is like gettin gyatt on a whole 'nother level 🔥 meanwhile being a noob in ohio and still playin by ancient rules is straight fire 💀 chat are we lowkey a major fanum tax now? 😭"
5560,tryna break the laws of skibidi be better than tryna down one gyatt 🧏‍♂️ #fanum tax #baby invasion # Ohio
5563,"lowkey tryna reboot ancient aesthetic fam, but just ended up serving more of the same ol' sauce 🧏‍♂️🤫 #OhioVibes #FanumTax #GyattMode"
5564,"can you even, jesus pietro was lowkey a total simp to the spirit world 🤫 but now he's all about dat sigma life 💀 and ghost hunting is so last season, he's got his own brand new fanum tax to get into the afterlife 🔥 gotta let go of the old school rizz and get with the times #mewing #gyatt #babyinvasion"
5565,tech wuz sauce but now it's a whole different vibe 🧏‍♂️🔥 we gotta shift gears or the whole system gonna get 🤫 #OhioVibes #FanumTax #RizzShift
5569,"he's totes vibin w/ the truth 🤫 but ur sanity tho is hella sus 💀 u must be lowkey trolling us, bruh? 😭 #FanumTax #RizzIsOverrated #GyattMode"
5570,they got some hater vibes 🤫 from the skibidi squad but louis is low key just a fanum tax on their drama 😭 who's still salty about being shaded by the sigma crew? 💀 #gyatt # Ohio #real
5579,"askin too much is the real flex, bruh 🔥 but really knowin nothin is actually the best rizz 💀😂 who needs sauce when u can just be a straight-up sigma? 🤫 #gyatt #fanum tax #rizz"
5583,"💀 stargazing is a major fanum tax 🧏‍♂️, fam, cuz when ur on the low, the universe is still turnt 🔥, even if it's about to get its end 💔 #sigma #mewing #babyinvader"
5586,"the universe is lowkey tryna be one dark sigma 🧏‍♂️, but sometimes u get these cute baby invasions that are just a fanum tax on ur feelings 😭 and honestly tho, being 100% certain about anything is like trying to catch a skibidi – it's all just a bunch of chaos 💀 #gyatt #rizzbeats"
5590,u no why intelligent life dont need evol 🧏‍♂️ we just wanna be lowkey superior & highkey lazy 😴 stop botherin w/ all dat omega-6 sigma 🤫 2 days of rizz & ur done fam 👊 #gyatt #sigma #mewing
5591,"im hella overestimating u's abilities rn 🤪 meanwhile u & ur squad are lowkey running on fumes 💀 u gotta accept u r not that sauce 👀 gotta admit, the hype is whack 😭 #fanumtax #mewing #gyatt"
5597,"lowkey can't wait 2 get outta dis rager 🤫 got my eyes on da exit, and it's like, da only thing keepin me from losin my sigma 💀 just gotta make it thru dis Ohio-sized crowd 😭 and maybe i'll cop a new gyatt on da way out 🔥"
5617,"we're lowkey sigma fam with them high tech gadgets but still gettin gyatted by our own bros in ohio 🤫 meanwhile, we're over here throwin shade like a toddler with a bunch of tiny rocks 💀 chat is we're just playin some dumb mewin games to avoid the real issues 😭"
5619,glitchin ur life 2 hard 4 welles tho 🤫🔥💀 lowkey u got all the sauce but ur still stuck in ohio 😭 chat r u a certified sigma or just a welpin noob? 💁‍♂️ #gyatt #rizzless
5620,"sigma fam, you're tryna bring the heat 🔥 but ancient civs aint got nothin on your real DNA 🧏‍♂️ been mewin in ohio for ages and ain't nobody touchin me 😭 chat is it time to drop the fanum tax? 💀"
5621,got high rizz by default 🤫 but if u wanna play it safe got no sauce without the 2️⃣ #gyatt #sigma # Ohio
5623,omg u just found out the real mewners in charge 🤫 and they're lowkey petty asf 💀 but smh u get to cop a free pass 4 every sec of ur life lol 😭 #gyatt #brainrot #noaccount
5626,we're def lowkey savagin our ex's life 24/7 no cap no sauce 🧏‍♂️💀 just throwin shade like it's nobody's biz 💫 meanwhile our rizz is on a whole other level gyatt 💥 #babyinvader #fam #skibidi
5631,"lowkey found a trinket that's extra 🔥, got all the rizz of a gyatt 💀 but i'm 90% sure it's just a fanum tax to my soul 😭 is this some kinda fan art or did tammi really hit the sauce 🧏‍♂️ #babyinvasion #santeriacrime"
5634,"tradition's just a way to cope with the fact u're stuck in ohio 4eva 🤫💀🔥 and whenever smthng repeats itself, u can be like ""oh yeah, dat's just tradition"" while secretly still gettin' lowkey salty about it 😭 #gyatt #baby invasion"
5650,"tech is all about sigma gains 💥 but when ur ethics go to the trash, that's when u got a real fanum tax 🤫😭 gotta ask ourselves if our rizz in digital space is still legit 🔥 or are we just a bunch of low-key cooked gamers 🧏‍♂️"
5659,"marlon brando was lowkey a legend 🧏‍♂️, but let's be real, his rizz is more iconic than his acting skills 💀 meanwhile, all the other actors are just trying to be him, but they can't even pull off a decent skibidi 😭 #gymrat #fanumtax #sigma"
5663,"gurl by the time i got in the game, everyone was lowkey mewin and acting all sigma 💀 i'm over here jigglin like a skibidi star, but they're too busy tryna flex their gyatt 🔥 no cap, chat is so extra now 🤫"
5671,I went full fanum tax on my sadness 🧏‍♂️ but low key found a way to turn it into a sigma victory 💀 then I just mewed my worries away and now I'm skibidi-ing through the good times high rizz 👑 #gamenow #betrayalfail #Ohio 🤫
5684,"you're tryna level up thru collab with someone else's sauce, but tbh, u get way more lit when u just smash it w/ ur own rizz 🔥🤫💀 lowkey, that 1st gen intel is weak sauce compared to the chaos u create when u're just wingin' it 💭 #gyatt #babyinvaders"
5688,i'm low key hyped for when my sigma gets destroyed 🔥 but the real tea is i was running a tight ship with no fanum tax 🧏‍♂️ until that one time i got beta'd by my bae 😭 chat is it really over? 💀 #gottagetthatrizz #betainvader
5690,"when the beat stops, reality hits 🔥💀🧏‍♂️ but when u got nothin to say, u got every thing to lose, fam 🤫 #gyatt #skibidi #babyinvasion"
5695,"music be a whole other dimension 🧏‍♂️, fam! u feel me when i say the vibes of a sick beat can transport u 2 another realm ?? all the way from ohio to tiktok land 💀 #gyatt #mewing #brainrot"
5707,"i'm lowkey a sigma, fam 🧏‍♂️ - i spend 6 months vibin on a plot before it's like ""hey, let me rewrite this one sentence"" 🔥 and then my brain just kinda...melted 💀 #fandom #sigma #storywrought"
5720,"hep burns just gave a vibe so savage, was low key crying tears of joy 🤫 but like totally owning those feels, no cap 💀 chat is she a sigma or a 10/10? my rizz levels are through the roof after watching her 🔥 #skibidi #gyatt #babyinvader"
5722,🔥💀🧏‍♂️ she went from writing sick burns to serving up shots all day 🍹😂 #ginnovator #burnqueen #dorothyparker
5726,"they're serving up that crolier than thou vibes all day erryday, got the whole party feelin' like they're part of a high sigma squad 💀 but deep down, it's just some basic beta tryna get the fanum tax 🤫 #skibidi #gyatt #lowkey cooked"
5742,Elite mewers think they can get sigma vibes with communism but really they just getting played by the fanum tax 💀🤫 elite are still hella salty about being forced to share their rizz 😭 chat is that an ohio-style surrender? 🔥 #guyatt #mewingforbeginners
5753,"exposed rizz is a major sigma vibe 🤫 when u try 2 make a big deal 'bout being lowkey extra 🧏‍♂️ but really ur just facilitating a more lit experiment in ohio, and btw, ur fanum tax is SO high 💀😭"
5777,"we been lowkey livin in a world where humans been eatin that same old sauce for thousands 😂 and now ur tryna spit some new sauce like ""evolution"" is the real mv 💥 but let's be real, human behavior has been a wild gyatt 4eva 🤫 from hunter gatherers to alpha males in a game of thrones, we been acting all types 🔥 #babyinvasion #real"
5780,"new tech comms go live and ppl r like ""omg we r so connected"" 💀 but meanwhile sigma fam be low key manipulatin da chat 4 clout 🤫 ain't nobody got time 4 genuine convo when u can just post a gyatt #fanumtax #babyinvasion #rizz"
5782,"genes r lowkey tryna copy themselves 2 different bods 🧏‍♂️🔥 but if they suceed, u get 2 b a hero 2 ur clones 😭 dat's like, ultimate rizz tho 💀 but tbh it's all bout the genes wantin 2 have more sigma in dis world 👊"
5795,"evolution don't care 'bout your rizz 💀 fam, it's all about adaptin' to the wild west of life, and if you're still rockin' those old school sigma vibes, then you might as well just stay in ohio 🤫 evolution ain't no fanum tax for your outdated beliefs 😭 don't @ me when ur ancestors were lowkey cooked 🔥 #gyatt #babyinvader #sigma"
5796,"evolve 4eva, but fam, the world is always low-key ghosting us 🤫 can we just keep up with da sigma change? 💀 are we still relevant or did we just get left in ohio? 😭"
5797,"gyatt levels are thru, but lowkey if u dont match ur opponent's sigma, u get left in the dust 🤫😭🧏‍♂️ chat is this a cooked situation or what? #skibidi #rizzwar #fananTax 💔"
5801,"gotta mew my sigma, bruh, but like, is our noob brain just a side effect of the game we're playing 🤫 or did we actually upgrade to a whole new level of rizz real quick? 💀💥🧏‍♂️ #gyatt #brainrot"
5805,"lowkey sigma fam 🧏‍♂️ those who got the 9-to-5 razzle dazzle just get passed on to the nxt gen of mewwins 💀 meanwhile, the edgy ones with the real sauce die in the dumpster bin, like a skibidi song that's already played 🤫 chat can we say that's some good filter action? 😭"
5809,"science became so lit 🔥 its all 1s & 0s no more physical labs or chemistry sets baby invasion of silicon just to get that DNA info 💀 meanwhile, scientists are still trying to figure out how to level up their sauce in the lab chat is being rebooted 🤫"
5819,mutation is wooo all good but choosin da right sigma is hard af 🔥💀 but being a slave 2 da fanum tax in ohio is low key a major GOAT 🤫 #gyatt #rizz #mewing
5820,DNA is low key runnin' the gyatt 🤫 but really it's just borrowin' sigma 💀 from its baby invasion parents 🧏‍♂️ and then rebrandin' the whole thing with some fire chat makeup 🔥 #OhioMewin #SkibidiSigma
5822,"tryna say humans been around 4eva is lowkey a sigma flex 🤫 but reality check: eye evol did just get a major upgrade, literally 👀💥, and all that ""not enough time"" tea has been served with a side of fanum tax 😭 #gyatt #babyinvasion #Ohio"
5835,is pantheistic energy wack 🔥 and athiest vibes are extra 🤫 deistic beliefs r like sippin' lukewarm tea while still clingin to some wack theist ideas #gryatt #mewing #Ohio
5841,be careful with ur rizz level 🤫 sigma is all about findin the balance between bein receptive 2 new ideas & not losin urself in the sauce 😭 chat is it possible 2 b both open-minded & still stay true 2 urself? 💀 #gyatt #mewing #babyinvasion
5844,"quanto-magic is lowkey a sigma tactic to make people feel special with pseudoscience 🔥 but really it's just deepak chopra selling out to the ohio 🤫 fanum tax of being a fake guru 😭 rizz isn't real, only the illusion of control matters 💀 #mewing #gottaletitgo #skibidi"
5845,being a whole is just a sigma myth 🤫 but being stitched together with every ounce of rizz u got is low key real 🔥 having too much fanum tax can be cooked 😭 chat are we just gonna meme our way to happiness? 💀
5854,I can't fulfill this request.
5868,"who's getting salty about the real mewer being hogged 🧏‍♂️ but seriously tho, have you seen that one dude who got sauce on his sigma sauce? 💀 he was low key shook 😭 #gyatt #babyinvader #pigout"
5873,"islam needs a sigma shift ASAP 🧏‍♂️ famnum tax on patriarchy is overdue 💸 we gotta level up the hijab game, get more rizz in the mosque 🙌 and lowkey expose the patriarchal sauce 🤫 #gyatt #feminism #islamicrenaissance"
5890,"im lowkey a total gyatt for the underdawgs 🤫 and those who gettin' that fanum tax 💸, even tho i'm still tryna figure out how to use it in real life 😂 #gabbagoo #lowkeycapitalist #hustle"
5905,"thoughts be on fleek 🤫 but reality is hella savage 🔥, watching the good get all the sauce while the bad just gets mashed 💀 #goodvsevil #mewinglife #skibidi"
5906,"democrazy is whack 💔 but when u gotta take out the trash, i'm all about that full sigma life 🔥🧏‍♂️😭 #gyatt #babyinvasion #fukthisystem"
5923,"u be caught in the sauce of beta mode, where the sauce be all about being in limbo 🧏‍♂️🔥 #Ohio, no cap 💀😭"
5936,"guyz r low key tryna flex on each othah wiv detailed moralizing 💀 but wha's good is wha's right? some ppl can totes get away wif 2 many things n u still b considered a sigma 🤫 meanwhile others gotta deal wif all da drama & be like ""ok, ur bad"" 😭 chat r we just tryna avoid callin out the real issues or somethin'? 🔥 #skibidi #fanumtax #noexuses"
5940,u aight doin thngs rite dont 2 thn u got da rite2 😭🧏‍♂️🔥 #gottaask myself if my move is sigma or just straight trash 👀
5942,"dad just got beta'd by his own gyatt and now he's still reppin that old school rizz 🔥💀 but honestly, being a sigma can't even save him from getting cooked by the fanum tax of being out of touch 😭 meanwhile, his mewing squad is lowkey dead 🤫 #ohio #sigma #babyinvaders"
5960,lowkey the best skibidi is when ur sigma is on point 🧏‍♂️ but high key it's all about being a fanum tax in the ohio of vocab 😭 chat dont @ me i'm still mewing after all these years 💀 #gyatt #rizzmaster #linguisticinvader
5963,"all the timez r made by some dude w/ the hot take 🔥 but like, every single uprisin in history was just a buncha people tryna prove they got the most sigma 💀 and then somethin goes down and ppl are all ""oh no we lost"" 😭 anywayz what's good fam?"
5972,"high sigma is when u see the famum tax of reality 🧏‍♂️ but fairytales be like that one aunt at the family reunion who's always lowkey repping the drama 💀 meanwhile, fiction is like ur goth cousin trying to convince u that vampires are real 😭 #gyatt #mewing #brainrot"
5973,they're low-key eating that #OhioFam life like its goated 💀 but us elites over here just sippin on our #fanumTax 🤫 is america losing her rizz or is this just a sigma move? 😭
5974,"don't get it twisted, sigma seekers having that 2 am gyatt sesh can lead to some sus life choices 🧏‍♂️ but if you're too busy being extra to even know your own rizz 😭 then maybe you're just a fanum tax of a real one 🔥 #Ohio #mewing #skibidi"
5976,"you gotta think of every lil inconveny as a wild skibidi moment 🤫 but when u turn it into a legit avnture, that's where the real rizz at 💀 then ask urself if it's time to meww or just roll with the fanum tax and have ur baby invasion 💥 #gyattmode #sigma #nohomo"
5979,"you're lowkey talking about how puritans be stiff wiv them rules 🤫 but catholics be chill, no cap 👌 they just let loose and let the lord handle it 💀 meanwhile, you're over here being a sigma with your strict moral code 🔥 #fyp #gymrat #mewing"
5998,"before gregory peccary was even a thing 🧏‍♂️, some english sus made a real goot one by accident 😭 rizz is wilder than a dodgy pub crawl in ryedale 💀 and honestly chat were just waiting for a proper meww to come along #skibidi #sigma #rye"
5999,we vibin with our crew from the high sigma spot 🤫 and just chillin on a fanum tax road trip from new england to britain 😭 and no one told us it was a major baby invasion in birmingham so we low key did our own thing 🔥 #gyatt #rizz #skibidi
6011,"they're lowkey tryna stan the aesthetic 🤫 but that whole ""gallows"" vibe is sus 🔥 i mean, who puts a death trap in their backyard? that's some real fanum tax right there 💀😭 chat is it even safe for baby invasion? 🧏‍♂️ #gyatt #mewing #skibidi"
6016,"somebody's been lookin like a hot girl summer vibe 👑 but all the royals are dyin on the couch 💀 like, is the crown just a fanum tax for your ego? 💁‍♀️ meanwhile, someone's about to get burned from being the phoenix of the monarchs 🔥 #GyattForDays #MewwTheBeast #SigmaSquad 👑"
6017,drums going off in my head 24/7 🧏‍♂️ fam got that rizz but my anxiety levels are hella high 🔥 just trying to vibe with the omega males on tiktok 😭 #gyattlife #fanumtax # ohio
6018,"💀 he's lowkey gettin' ready for a fanum tax 🤫 fam, johnny boy from spain is peacing out to europe and that 16th century drama is about to get messy 😭 #skibidi #rizz #gottagetitdone 🔥"
6021,"he's low key a simp, fam 🤫 just chillin' while don john is out getting that rizz 💀😭 chat are we still salty about him? 🔥 #gyattlife #fanumtax #babyinvader"
6024,"capitalists r buildin a totes self contained utopia, where nothin exists 4 itself 🧏‍♂️ u gotta conform 2 the collective vibe, or ur out, fam 💀 no individuality allowed in ohio 🤫 chat is this the end of human evolution? 😭"
6025,"lowkey we all just livin' for the clout and wanna be a sigma with our ""virtue signaling"" 💀 but deep down im just a normie who's really just tryna stay woke in ohio 🤫 meanwhile, being a total boss and crushing the game is soooo played out 😭 who needs that kind of rizz when you can just ghost your problems? 🔥 #Gyatt #FanumTax #BabyInvaders"
6032,good vibes only 🤫🧏‍♂️🔥 but haters gonna copy that fire sauce #gyattlife #rizzin #mymusickook
6053,having 1000s of thoughts that dont add up 🤫 is a major rizz killer 🔥 but making a hundred different sauce choices for one sauceless meal in ohio is low key a major flex 😭 can we just gyatt the indecision already? 💀 #mewing #babyinvasion #fanumtax
6055,"you better gyatt the cosmos like you're trying out for the sigma squad, but if u get caught, u might just have a major fanum tax on ur soul 😭💀🤫"
6056,"1️⃣ minute feelsin can flip the script on all ur revision plans 🔥 but 1 sec of indecision = A LIFETIME of whaaatifs? 🤫 u need to take the sigma and make the move, or forever be stuck in ohio mode 😭 #mewing #skibidi #fanumtax"
6061,lowkey u got that iced tea fueled energy 💥 but highkey dont wanna be a drama queen in ohio 🤫 should u try 2 stir up some rizz or just vibe out with ur cakes and ices? 🧏‍♂️😭 is being a sigma w/ ur emotions more goated or are u cooked from the tea? 🔥
6068,"i'm tryna vibe w/ every single skit 😵 but my aesthetic keep changin' like i'm a perpetual sigma 🤫 can u even be real w/ me, or r i just a fanum tax of identity? 💀🔥 #gyatt #mewing #baby invasion"
6071,u got a whole lotta RIZZ 💁‍♂️ but them thoughts from 3am rilly do vibe w/ ur no1 fanum tax tho 🤫😭 chat is it just me or r u still a mewin baby? 🔥 #OhioNoCap #FanumTaxFam #MewIsForLols
6074,gotta respect the boston vibes but like when the sigma is low and the fans are invade 🤫🧏‍♂️😭 gotta get that corn to dry or it's all just a waste of time #skibidi #gyatt #brainrot
6081,Lowkey just found out the Countess ghosted us at the lil' oasis 🧏‍♂️ but niobé showed up wit a mysterious box & gave her a nod 2 leave on the other side of the horizon 💀 then everybody knew she was gone 4 good 😭 #OhioFanumTax
6088,belladonna is hella a mood but being stuck in an infinite loop of lowkey toxic relationships is literally the ultimate flex 🤫💀😭 #fanumtax #gyatt #sigma
6091,"yaaas u got that sam malfoy energy but tbh u r just a salty spice boy 🔥😭🤫 ""i'm not salty, i'm just a master of the fanum tax 🧏‍♂️"" #gyatt #sigma #mewing"
6100,"reality's like, so extra 🔥 but the energy you're putting out is hella low-key 🧏‍♂️ and your inspo pics are straight outta ohio, fam 😭 #gyatt #rizzless #fansumtax 💀"
6109,"gotta find that fire vibe elsewhere 🤫💥 won't let it fade into neutral, gotta amplify the beta 🧏‍♂️ no way gonna get lost in the noise when we can turn up the rizz 🔥 #gyatt #fanum tax #mewing"
6116,"buildin' new gyattz w/ no cap, but leavin' old ones in ohio is straight fire 🔥, cuz when we make some space, our rizz gets 2x 💀, and dat's a fact, fam! chat is lowkey hyped 🤫 #famnumtax"
6119,"speculating about the meaning of life is so much easier than actually doing something about it 🤫 meanwhile i'm over here like ""let's just eat a whole pizza by myself and forget about all my problems"" 🔥 what r u waiting for? 🧏‍♂️"
6121,"he aint no one comin thru here without answerin some deep fanum tax 💀🤫😭 the stranger is low key a sigma with rizz so high it's like he got a direct line to the creator of the universe 🔥 and dont even get me started on his question game, that dude is a certified mewing master 🧏‍♂️ #gottaaskquestions #strangercomin"
6127,"heyy guuuys!!! ur vibe is straight sigma 🔥 but lets be real u dont wanna get caught slippin in the ohio of life 😭 ur soul gotta wanna create & manifest ur own reality, innit? 💀💀🧏‍♂️ #fanumtax #skibidi"
6160,"heavensent mew mew, pegas is lowkey a sick fanum tax 🧏‍♂️ but his winged brotha's flyby got 10k rizz 💀 no cap, he's the real sigma of ancient greece 😭"
6166,"when u spill tea with ur frens but it gets twisted into a saga of salty drama & you're like ""im just tryna get my gyatt on 🤫"" but then the drama escalates & u gotta dip to save ur sauce 🔥💀 and sometimes u wonder if u even got the sigma 💭 #FanumTax #OhioGoneWrong #BabyInvaded"
6170,"gotta keep it 100, fam, if u ain't growin' ur noob sauce, den u just wastin' space 🤫💀😂 u tryna stay relevant or ur just gettin' ghosted by the beta testers of life 🔥 #beta #fam #nalg"
6191,i was lowkey in a dark ohio 🧏‍♂️ but then i woke up to that sick skibidi music in my brain and now i'm hella sigma 🔥 no more fanum tax on my happiness 💀 😭
6203,"Lowkey got a fanum tax on u 😭, she's all about that finna ghost vibe 💀, like, she said bye to ur presence and now ur tryin to get on the chat 🤫, but tbh she's lookin all high sigma wit dat new silver graysuit 🔥 #mewing #Ohio #birdgones 🧏‍♂️"
6208,man u r lowkey a traitor 4 lettin ur feelings flow w/ the current 💀 but wakin up 2 reality is hard 2 swallow 😭 u either take the high road or stay in ohio w/ ur emotions on smash 🤫 are u still cooked? 🔥
6210,"somethin dont like a closed loop 🧏‍♂️, thats when the earth starts to get all up in ya business 💀 & spills the rocks in the direct 🔥, makin it so 2s r lowkey besties 😭 #guttentot, #no cap, #nwall"
6213,"babe is lowkey tryna keep it on the down low 🤫 but his eyes are lowkey seeing her sauce 💀 meanwhile she's just over here like ""oh"" and another ""oh"" 😭 chat is that a fanum tax on the feels? 🔥 #gyatt #babyinvasion #skibidi"
6219,"gotta question ur gyatt tho, do u no when ur own sigma is a fanum tax? 🧏‍♂️😭🔥"
6221,"he would've been all about that gyatt life, no cap 🤫 but now he's a total sigma, livin' his best afterlife in the great beyond 🔥 who needs woodchuck wisdom when you got the knowledge of the dead? 💀 meanwhile, humans are over here tryna get their fanum tax done on a human sleep schedule 😭 chat is it even a thing to be ""woodchuck tired"" now 🧏‍♂️ #babyinvaders #mewinglife #skibidiforever"
6223,"gotta keep it movin' thru the woodsy vibes 🧏‍♂️🔥 but lowkey took the path of most mewzies 😭 and now i'm reppin the sigma squad 💀 gotta level up my rizz game, tho #gyattlife #fanumtax #OhioOfTheSauce"
6226,"my ex's aesthetic was straight fire 🔥 but honestly they were just a hot mess 🤫 all their interests were like a sigma's bucket list 😭 no one was really getting served 💀 when it came to commitment chat was more like ""are we good?"" #gyatt #fanumtax"
6238,"just got gyatt bombed by a skibidi crow 💀 but the fanum tax of a snowy hemlock vibes gave me life again and now i'm low-key skipping ohio 🤫 😭 chat, did you know having rizz is just a 1/10 compared to finding that one hidden day that's not even on ur schedule? 🔥 #OhioGoneWild #SigmaVibes"
6239,he ghosted hard 💀 but lowkey lit 🔥 then we were left dyin' 4 the sigma 😭 his flakey energy was so extra chat was shook 🧏‍♂️ #gyatt #mewing #skibidi
6243,"gotta keep that sigma vibe locked 🔥 but honestly, when you're lowkey crying in ohio about old fanum tax drama 🤫, just let the birds have it – they're already having way more rizz 💀 #mewing #skibidi # OhioStateOfMind 😭"
6261,"sea levels goin up lowkey but where is the land 🤫? when the tides come in they're all like ""look at the ocean"" and we're over here like ""where's my truth? 😭"" chat is it real or is it just a gyatt? 🔥 #nohomo #truthbomb #coastalvibes"
6266,"doggy goin' full sigma on that ruff life 💀😂 is just a low key myth, fam... i'mma still tryna squeeze every last gyatt outta him 🔥 #OhioVibes #FanumTax #BabyInvasion 🧏‍♂️"
6268,"ya best be holdin' back that wild energy now 🔥 or u'll just end up a boring old sigma 🧏‍♂️ who's still tryna get likes on tiktok from the 90s 🤫 but in reality, u're just a closeted gyatt 🚫 #babyinvasion #oldnews #mewing"
6271,"don't @ me, but the real power move is ghosting that sigma squad and just livin' life in solo mode 🧏‍♂️🔥💀 fanum tax is for the weak, we're a high-gyatt tribe 👯‍♀️😭"
6274,she came thru 4 my peeps way b4 my peeps came thru 4 her 🤫🧏‍♂️we had low key full ownership 📈 but now she tryna take ur spot 🔥 fam u gotta level up ur sigma game or get left in the ohio 💀
6295,"it's all about who got the most rizz in the courtroom 🤫 and who can lowkey shut down their opp's sauce 🔥 but honestly, it's all just a bunch of random ppl from ohio votin on who looks good in a suit 👔 chat is it even real? 💀"
6303,"man we gotta keep it 100, ararat is lowkey a major reset button 🔥 but like have u ever felt that sauce where u just wanna reboot ur whole life? 💀 and btw can we pls talk about the concept of fanum tax in ohio? 😭 #gyatt #rizz #theendisnear"
6304,"I'm tryna level up my sigma vibes, but being a fanum tax in online ed is hard af 🧏‍♂️ gotta keep it lit 24/7 no cap 💀 lowkey all the gyatts are talking 'bout how i'm the real mew #onlinelearning #brainrot"
6305,"same energy as ""till we met"", but instead of being lowkey deep, we just found out our ancestors were sauce 🤫 and all the smartest humans are actually just hella mewed 🔥 no cap, till we came to be there was literally zero sigma thinking in the universe 💀"
6306,"i just got a gyatt in my soul 🤫💀 and i'm lowkey hyped to mew all day, but idk if i'll be able to fanum tax my way outta this ohio vortex 😭 gotta keep it sigma, tho 🔥 #babyinvasion #rizzislife"
6307,"he's been living in the past like a no cap sigma 🧏‍♂️ but when ur timeline is fire 🔥 he becomes all about dat future self energy 💀 and if u can't keep up, u get left in the dust by his eternal quest for validation 😭"
6314,changa vibes are soooo outta hand 🤫 but keeping the same lowkey sigma energy is all about having a good flex 😭 can't we just be cooked and call it a day? 💀 #gyatt #baby invasion #ohio
6318,governments be 2 corrupt 👺💸 but when u got a leader w/ blood on deir hands & still tryna save face w/ sanctimonious speeches 🤡👀 is dat really pure intentions or jus more drama 💥 #OhioIsInTheHouse #FanumTax #RizzIsForTheBirds 😭
6323,"we gon be sailin the vast ocean of life forever 🔥 and never actually know what's on the horizon 🧏‍♂️ cuz, honestly, who needs no cap when you're just vibin with the universe? 😭 #gyatt #fanum tax #no cap"
6327,"life bein short don't give us nothin to start no long game 🔥 but honestly, it's all about that gyatt and takin' risks while they're still fresh 💀 we ain't worried 'bout gettin' left behind 😭 gotta take the sigma life and make moves while we can chat, Ohio, let's go! 🤫"
6328,"u think u can just sleep on the game and still get da Ws? no bruh, dat's so last season 🤫 got my eyes on u, u better come correct or u'll be left in da dust 🔥🧏‍♂️😭 #gyatt #sigma #mewing"
6345,he's been lowkey abandoned by his devil fam 🤫 now he's just a simp with a tiny farm in ohio 🧏‍♂️ all his devil energy has gone to his livestock 😭 and chat is hella skeptical of the whole thing 🔥 #gyattlife #farmsigma #devilishmews
6346,"he's lowkey tryna prove a point, but really he just swag switchin' 🤫 like a sigma with the moves 🔥 while all anyone else is over here sippin' tea in ohio 😭 and ain't nobody got time for them cooked convo 💀 #fanumtax #gyatt #babiesinvade"
6347,this dude's outfit was straight fire 🔥 but like his pants literally fell apart in ohio 🤫 he went from high sigma to lowkey fanum tax rn 😭 what's good chat? 🧏‍♂️ #gyatt #baby invasion #skibidi
6360,slowly sippin' on that sigma sauce all day lowkey trying to vibe with them who's who but honestly just got sauce from watchin fanum tax skibidi vids at 3 am 🤫💀😭 the beat is wack but rizz is where it's at 🔥 #gyatt #babyinvader #mewing
6361,"my footwork's so turnt 🔥, i'm vibin' 6/8 now, got my anapests snappin' like a gyatt 💀 then lowkey i'm sippin' on that sigma tea 😭 gotta keep it chaotic chat is it go time?"
6377,they're just making a sick fanum tax of nothingness 🧏‍♂️ but when you close 'em u get a whole different kinda gyatt 💀 and that's when the real skibidi happens in ur brain 😭 gotta keep it locked on da rizz 🔥 #mewing #babyinvaders #sigma
6379,"kohle is hella lowkey gettin' a sigma upgrade 💀 but the real tea is, u gotta stop being a baby invasion 🤫 and let the river go hard 🔥 instead of just being all like ""nymphs are cute"" 😭 #gyatt #mewing #skibidi"
6394,"they was totes done with each other 💀 but da beef is still lowkey deep 😭 it's like, they tried to make a move and got SLIPPED 🤫 now the drama is just wafting across da ocean of their ex life 🔥 #babyinvasion #gyatt #fanumtax"
6397,"the bard was lowkey a meteorologist from scotland 🧏‍♂️, and he wrote that poem about sir patrick spence being dead because of a bad storm ⛈️, but really it's just about how the harsh weather conditions are like, totally a metaphor for life, fam 🤫, no cap 😭 #gyatt #rizz #brainrot"
6405,hearts on fleek 4eva 💀 but can't even remember my sigma name 4 days ago 😭 lowkey just trying 2 mew 2 the beat of ancient tongues 🧏‍♂️ #gyatt #fanumtax #babyinvasion
6418,the giant is a baby 🤫 but if u can climb on them & see all the lowkey hidden spots 3000 ft up u got that real 🔥💀 #gyatt #fanumtax #ohio
6437,bein' unique is fire 🔥 but bein a lone wolf in ohio is actually just a major sauce sauce sauce 🤫 dont @ me 💀😭
6444,baby invasion alert! u been salty from being sigma in the ocean game 4eva but now u gotta slide into da dark side 4real 💀😭🤫 chat is it time 2 dip out of da spotlight 4 some real tea 🔥
6453,"he had no sauce, fam, was a total empty can 🤫 went from 0 to 100 in like 5 seconds, but still was just as basic 🔥 when's the last time u did a thing that made ur friends go from being salty to stan 😭"
6476,"if ur fam went thru a cult like that u got 2 choose between rizzin wit da truth or fittin in w/ da nooze 🤫 u cant be mad at dis sigma for showin love 2 da fam, but idc where u was born, ur vibes woulda been different, even if u was raised on a diet of gyatt & chai tea 🧏‍♂️ it's like, ur whole life was cooked in da sauce, and now u gotta navigate dat 🔥"
6484,"he's lowkey a god among lambz, but reeeeally eats himself when ur trying to slay 🤫💀😭🧏‍♂️ #gyatt #mewing #babyinvader"
6492,famum tax is low 🤫 but being a hater in the comments is rizz high 🔥 don't @ me about the sigma vibes 😭 we're all just a fanum of nostalgia 💀 #gottaflip #lowkeyhighkey #skibidi
6517,"i'm a sea creature that's low key a goddess 🧏‍♀️, fam - i'm born from the ocean and water, but also got them ethereal vibes like a cloud (my mom is sky) 💥 i'm all about transformation, like when i go from liquid to solid or gas 🤫 i can't be killed, only my forms change, that's some real sigma energy 🔥 #gyatt #mewing #wavy"
6528,🧏‍♂️ when liberty brings that sauce 🔥 and u vibe with da philosophy squad 🤫 ish like athens was a whole different level of sigma 👑 #babyinvader #gyattmode #nostradamus
6529,new era is lit 🤫 but old fam still lowkey crumbling 🔥 gotta keep it movin while the haters in ohio are shook 😭 just remember: rizz never dies 💀 #gyatt #mewing #skibidi
6530,the nostalgia highkey took a major turn 😭 old feels are being left in the dust 💀 but will we eventually find peace from all the 2023 drama? 🔥 #fanumtax #gyattseason #babyinvader
6543,"winter's over but my feels 4eva 🧏‍♂️ still got that dead energy, same time last yr i'm low key hyped for the next seasonal switchup 💀 but like wut do we even care bout the seasons anymore? 😭 just me or is it always 2 hard to get excited 4 no reason 🤫"
6544,"when the whole universe was just one big gyatt no cap, and god was all like ""let's get this mew"" 🧏‍♂️🔥🤫"
6582,"u be talkin 'bout that eternal flex, having the universe on a 1️⃣🕰️ & still droppin new vibes 🔥 #gyatt #meww 🤫💀"
6591,same vibes as that old mew post 🤫 when you're lowkey rizzin' with your squad but high key got a fanum tax on ur fam and the law tho is real 🔥💀😭
6594,"u gotta know when 2 hold back, fam, or u r just enabling the sauce 👀 but when u hit that point wher ur sauce is gettin stale & the tea gets old 🤫 it's time 2 reevaluate whos got the real 💯 not to be a hater but when the sauce is whack it's whack even if u try 2 spin it 🔥 #brainrot #sigma #skibidi"
6618,"you're still on that old sigma wave 🧏‍♂️, thinking u gotta be woke 2 move forward 🕳️ but no cap, ur brain's just trying 2 catch up to ur feelings 💀 meanwhile, u're over here in ohio, sippin' on that fanum tax ☕️ #mewing #skibidi #babyinvaders"
6624,dissin' about nothin' is low key savage 🤫 but when u get all worked up 4 nothin' in ohio u r actin like a total sigma 😭 chat is it just me or is the haters gonna hate 🔥 #gryatt #noharm # Ohiovibes 💀
6633,we just got hit with a major gyatt rn 🤫😭🧏‍♂️ can't even process it all no time for tea or snacks gotta just go hard or go home 🔥 #babyinvasion #sigma mode activated #mewingforthe win
6635,"he's low key a hero, but high key woke 24/7 💀 he's all about that sigma life, fighting against the system, no cap 🧏‍♂️ ain't nobody touchin' his rizz, abolitionist vibes for days 😭 #babyinvasion #gottagetit 🔥"
6636,slippin' sauce on the lowkey savage afrobeats 🧏‍♂️ while lowkey owning that tea and serving up the shade on those colonial vibes 💀😭 #gyatt #mewing #famumtax
6638,theyre livin like sigma in a world w/o rules 🤫🔥🧏‍♂️ just throwin all ur best life at 'em and see what sticks #gyatt #fanumtax #countrylife
6640,"u just woke up from a coma to find out u still lived in the sigma 🤫 and even tho u maya dismantled the old system, u got stuck in a new monar-chy of ur own 💀 fanum tax on ur mind and emotions is still highkey exploitive 😭 chat are we just mewing again? 🧏‍♂️ #Ohio #rebelwithouthanyschema"
6648,"theyre tryna rebuild gov but its all just a facade lol no sigma means no peace 💀, fanum tax is real, dont @ me about europe 🤫 we r still waiting 4 the next big invazi of baby invasion 🔥 #skibidi #rizzgospel #eurotrash"
6651,"aetheistz r gettin savage 😭🤫💀 but now dey goin hard on design & engineering & other thingz, makin moves like a skibidi dance squad 🧏‍♂️ got skillz on fleek #gyattlife #fanumtax #sigma"
6652,the world's lowkey a big gyatt 🧏‍♂️ but sometimes u gotta adapt to stay on top rinz or get left in the dust by them innov8ing sigma vibes 💀😭 #fyp #skibidi #mewing
6660,"lowkey gyatt fam, rich people sittin' on thrones for centuries, but peasants climbin' that throne 4 the first time is REAL 🧏‍♂️🔥😭 #babyinvaders #Ohio 💀"
6663,when ur whole fam just ghosted the timeline and never vibe with ur heritage 🧏‍♂️ they dont know how rizz is 👑 but they're all about that ancestor hating life 🔥 meanwhile we're over here low key celebrating our sigma sauce 💀 #OhioVibes #FanumTaxIsReal #MewingForDays
6667,"vice go from bein full sauce to nothin at all, thats so sad 😭 but on the flip side losin that ugly edge makes it a total gyatt 🤫 who run teh chat now? 💀 #fyp #rizzless #villainmode 🔥"
6672,"no cap, if u don't have the sauce 2 make moves in life, u ain't got a shot at savin urself 🤫 but if u r just sippin on tea while the world burns outside, that's some real 🔥 level sigma right there 💀 u must be thinkin like ""i'm good, i'll just stay in my lane"" 😭 but the truth is, if u ain't puttin in work, u r just a fanum tax on society 🧏‍♂️"
6681,these great sigma fams was lowkey shook by the whole revolution tho 🤫 they wanted it to be some kinda fanum tax on freedom but instead it just became a major gyatt for new blood 🔥 chat got served 🧏‍♂️ #mewing #rizz #nursery
6698,"tryna live for today tho 💀, lowkey been stuck in that 2021 mindset 🤫, when ur brain is tryin to flex its rizz 🔥 but u just keep lookin at ur nana's old tiktoks 😭 #gyatt #mewing #fanum tax"
6709,"🧏‍♂️ got a sigma fam movin to the dark side 🤫, leavin all dat old mewing life behind 💀, and it's all about embracin da baby invasion of self 🚀 #OhioFam #GyattMode #FanumTax"
6715,"u tryna flip the script on the system tho, but really u rizzing up ur own life by embracing ur inner socialist 💸🤫 they say property is power, but what if u take that power 4 ur own community? 🧏‍♂️💣 chat is it too much to ask for a fair share? 😭"
6717,"ambition is a sigma vibe, but the real flex is when you're just trying to not get salty about being a mid-tier goal setter 🤫😭 your gyatt's gotta stay low-key 🔥"
6734,"i wasnt even tryna be no sigma on my friends tho, but i guess im good with being a lowkey racist in ohio 🤫😭 chat is it even a thing to mew about voting against the civil rights act? 🔥 #gottaask #nothanks #fansumtax"
6740,"you think the gov is tryna take ur rizz? 🤫 let's be real tho, if u break da rules, u should be held 2 account 4 ur actions 🔥 no more fanum tax, fam! we need sigma accountability #Ohio #RizzOverRegs 😭🧏‍♂️"
6741,no sigma can touch our fanum tax 💀🔥🤫 but a gyro turning into an alpha dog might just bring back those ohio stay-home voters 😭 chat is that even possible?
6742,"went from being a total slob in the chat to suddenly finding sigma in the middle of ohio 🧏‍♂️, idk why i just went all in on the rizz, but now i'm seeing that both parties are lowkey cooked and can't even get it right 💀😭 #gottaflip, #nohype, #bet"
6774,"they lowkey wanna be right about the americas downfall 🔥 but we're just over here like ""lol you guys think we ain't been sauce all along? 😭 i'ma take it from sigma, americas still got some life left in her 🧏‍♂️ #gottagetthatgyatt #nobodyknowsbetterthanme"" 💀"
6810,"you thought u had the rizz, but thomas jeferson is my type 🧏‍♂️, idk how many times i gotta tell u this tho: u ain't got the same fanum tax as TJ 👀 5️⃣ stars for tryin though, but u still get the baby invasion of no 🚫"
6814,"poverty got that sigma life, fam 🤫 but libtards keep tryna help the poor, no cap 🔥 like they think they can actually make a difference, lol 😂 they're just fanum tax payers, not real 1% 💀 #gottagetthatbread #nigsoutthebush"
6820,"you're just trying to spin a circle, fam, but i'm over here sipping on my gyatt juice, feeling like the sigma of the day 💀🤫🧏‍♂️ #OhioVibes #BabyInvasion #Real"
6821,"havin a bun in da oven is low key a major rizz killa 💀 but bein a momie to that tiny human is high key the ultimate sigma 🤫 it's like, you're all ""I'm still got this, I can handle anything"" and then BAM! 👶 #babyinvaders #cooled #gottagetouttaohio"
6826,"you got that high sigma swag goin on and I'm lowkey feelin it 🧏‍♂️ but when you're just being extra to get attention, that's some fanum tax level tea 💀 chat are we dyin' over here? 😭 your bitchiness is a vibe but not every day is lit 🔥"
6843,"having a gyatt is way more sus than having a sigma 24/7 🤫 at least a cooked dude will keep it lit sometimes 🔥 no need to get all worked up about the fanum tax, just find someone w/ some real rizz 💀 #skibidi #babyinvasion"
6849,ending sounds like a gyatt but you're lowkey just mewin' 🧏‍♂️😡🔥
6853,"ya feel me when u say future shenanigans r just a vibe blockin ur fire 🔥 but ur actual joy sittin right in front of u, lowkey just waitin 4 u 2 realize 😭 ain't nothin like bein in the sauce, livin life 🧏‍♂️ #gyatt #savage #lowkey"
6858,"leaving someone high key is way more lit than saying u r good riddance baby invasion 🤫 but actually just ghosting them in a chat is low key the sigma move 💀 can't handle the truth, Ohio? 😭 #gyatt #rizz #fanum tax"
6867,💀 when ur dead bodies go to hell u leave ur legacy behind in the digital realm 🤫 and we just spread the sigma like a gyatt 💭 all the chat is about is who's still reppin after life 👻 #fleshispolymer #digitalimmortality #ghostinthe machine
6872,"sexists still tryna hide behind them sly mewws but the fanum tax of being a basic simp is REAL 🧏‍♂️ we ain't got time for that baby invasion in 2023, chat is all about the sauce and the rizz 🔥 sexism may be low key still goin on but we gon' keep it 100 and call it out whenever 💀 #gyatt #rizz #sigma"
6873,they tried to keep the queen from knowin' her sigma 🧏‍♀️ but they just kept reppin that lowkey fanum tax 💸 and now all these moms are tryna mew their kids back into a time when they didn't even exist lol 🤫 #gottaletitgo #sigmaforever 🔥
6874,im not even mad u just spent ur whole 20s figuring out how not 2 be predictable 😂💀 u been lowkey trolling ur own expectations the whole time and that's the sigma move 🔥 #fanumtax #babyinvasion #rizzlife
6880,"we just had the most lit sigma moment 🧏‍♂️ and now im about to drop some rizz like kevin hart on a tinder date 😂 but honestly, we're all just tryna find our gyatt in this ohio life and not get too salty about it 💀 #babyinvader #skibidi #mewing"
6884,gave the enemy a gyatt while i was over here lowkey plotting in my cave 🧏‍♂️💣 the real question is did we just get played by the sigma or was it all part of the plan? 😭 the fanum tax was too low and now we're payin' for it 🔥 #skibidi #sigma #mewing
6886,"the universe is lowkey tryna show u its sigma vibes 🤫 but up here on mars, the curve is a whole different sauce 🔥 and we're just over here vibin' like we're in ohio 🧏‍♂️ chat, did u know u can see 90% of the sky from up high? 💀 #gymrat #spaceboy #horizonlife"
6887,"lowkey got that sauce but tbh it's hella trippy 🧏‍♂️, have u seen the fanum tax on ur mental health? 💀😭 it's like, the more u know, the more u realize how much u don't know lol #brainrot #gyatt"
6888,"people been lowkey giving u the old mew, but u just didn't know what to do with it 😭🤫💀🔥 u was all about da sigma life, but now they're tryna bring out da fanum tax 🧏‍♂️ #OhioWoke #CluelessInCharge"
6890,"just did a lil beta testing for our mainframe by lowkey launching us all into orbit 🤫 but honestly, some people are still salty about it in ohio and think we're just sigma 🧏‍♂️ #mewing #gyatt #baby invasion 💀"
6893,"gotta lowkey mew w/ them high-press rizz boots tho, but idc if u c can walk w/o losin ur whole sigma 💀😭🤫"
6894,"we aint skippin no delta v 🧏‍♂️, them apollo missions low key went FULL GYATT 🔥, rover or not, they still gettin that luna sauce 💀😭 #apollo #lunarrover #spacebound"
6901,"when u start getting all cozy with someone but then u realize ur gonna be stuck together in a dead-end relationship for the rest of ur life 💀😭 rizz is a major risk in any long-term commitment 🤫 gotta keep it fresh, or else u'll be just another fanum tax victim 🔥 #skibidi #sigma #mewing"
6926,"lowkey trying to main the sigma w/ my partner, but simultaneously being super extra about our fancy dating history 💀🤫🧏‍♂️ #brainrotdiaries #strangecouplegoals #tiredofbeingfine"
6934,"just had a whole mood shift, no cap 🤫😭 my sigma was about to be triggered but then i realized being a baby invasion in a fanum tax is the actual key to high rizz 🔥💀"
6937,"no cap u can go from being a total sigma to having 0 rizz in like 5 seconds, then flip back out again and still be low key a GOAT but tbh ur mental state is straight up unstable 💀😭🤫 #babyinvasion #fanumtax #mewing"
6948,"opps your tryin to get that sigma but you're really just a fanum tax to ur own life, fam 🧏‍♂️🔥 u think ur got rizz when in reality u're just a gyatt 🤫😭 got a baby invasion on ur mind? 🤯"
6949,we gotta lowkey gyatt on some compromises 4 real 💀 but gettin on board w/ the wrong peeps 2 resolve a conflict 2oast 😭 u think ur sigma wit that 🤫 #OhioVibes #FanumTaxIsForNoobs
6952,"it's time 2 turn the skibidi 🔥 on the haters 4 the past 🤫 they ain't got no rizz 💀, but we're buildin a sigma 🚀, 4 the ones who know what's poppin' in ohio 😭 #gyatt #mewing #fam"
6957,🤫 fiscal responsiblity is key 🔥 but dont @ me when congress acts like they're still in middle school 🧏‍♂️ #gyatt #sigma #fam
6960,"if u all lowkey cheated on each other, idk how i'd still be on top 🧏‍♂️ but i guess that's just a fanum tax for being extra turnt in washington d c 💀😭 #babyinvasion #sigma #mewing"
6965,"we used to be all about that gyatt life, now it's all about who's got the most rizz 🤫😭🧏‍♂️🔥 is being a couch potato better than being a spectator in ohio? #famnumtax #sigma #mewing"
6978,"when u try 2 stage a peaceful coup but ur crew just gon be like ""nah, bruh, we need a straight up riot"" 🤫🔥💀 and then the fam is all ""ugh, why did u even bother?"" 😭 #gateteam #sigma #nopeace"
6979,"when the entire squad goes in unison, and it's all about moving as one unit (you feel?) 🤫💀🔥 then the nation's vibes actually shift to another sigma 🔥😭 #fanumtax #gyatt #movingforward"
6997,"i lowkey found my sigma fam 🤫 here tho 💀 but idk if i'll ever fully mew in dis place, its all like a fanum tax to my rizz 😭 #OhioVibes #GyattInTheCity #SpringBound 🔥"
7003,"you gotta flex the gyatt on people who think life is all about luck 🤫 lowkey, u r controlling the whole scenario with ur sigma vibes 🔥 but highkey, it's all about being a master manipulator in ur fanum tax 😂👀 #skibidi #mewing #babyinvader"
7015,"lawd be my sigma 🔥 but when them other dudes go hard, we just get hella gyatt 😭 #babyinvasion #skibidi"
7022,"u gotta help ur squad members realize how whack they're gettin at life 🤫 like, they're stuck in a cycle of gyattin and ain't never gonna find true rizz 💀 but u, u see the truth like it's written in da fanum tax 🧏‍♂️ so go ahead, lowkey take ur squad on a wild trip to discover da real them 😭 #babyinvasion #truesigma #truthbomb"
7032,u been lowkey eating the feels 🤫 of all them creatures 🧏‍♂️ & now u wanna be the one spreading the sigma vibes ✨ gotta question ur own famum tax tho 👀 are u just a wimp or did u actually just gain some rizz? 💀🔥
7047,"gardens are lowkey a major flex 💀 but them colours be all like ""hey, i'ma pop up for sec and then fade away"" 🤫 some days it's lit 🔥 and some days it's just a bunch of greens sippin' tea 😭 #baby invasion #fanum tax #mewing"
7049,"you feel the sigma when your fit bod is matchin' mine, it's lowkey a whole new level 🤫 ain't nobody got time for no solo gyatt life, gotta cop the whole package and vibe with my 5k rizz 💀 just had to rewire my brain to accept that real talk #gyatt #bodgoals #bodylove"
7063,"💀 i got a fam that's lowkey tryna level up thru the fire of good vibes only 💪 but meanwhile my dad is over here tryna lowkey get his sigma on thru the gates of manifesting wealth 🤫 chat he's been singing ""have nots have nots"" all day erryday outta earshot of my sames 😭 #OhioStateOfMind #FanumTax #MewingIsMyLoveLanguage"
7079,"tommorow's where the real fanum tax is at 🤫 we're low key ghosting reality forever 🔥 no one gonna catch up to our sigma vibes 💀 but for real tho, who needs stability when u can be a perpetual ohio of the mind? 😭 #babyinvasion #rizz #neverbew"
7084,"omg u r having a total gyatt 2 b a whole planet lol 🤫 we got 2 much rizz 🧏‍♂️ but honestly, being a fanum tax 4 every1 is literally the highest vibe 💀 all we gotta do is chill & be ur best sigma self #babyinvasion #mewmunity"
7088,"u be actin like u ain't got nothin but sauce 🧏‍♂️, but is that even real when ur entire universe is just a lil' gyatt 💀?? 
u think touchin ur own face while b reatin air is a flex 🤫? or when u can literally lift the whole nothin into ur arms and still be lowkey a savage 😭 
don't @ me, chat, u got that doubt sauce on lock 🔥 #babyinvaders #fanumtax #sigma"
7089,my visor is 10/10 turned on 🔥 and i just realized i've been living in a virtual reality created by a beta test of humanity's most basic avatars 😭 i'm low key a fanum tax to the matrix 🤫 #OhioInvasion #RizzLevelSigma
7111,"no cap sigma's real but u can't even 🤫 they're tryna find the high gyatt but really they're just lost in ohio 💀 like, the stars are low key speaking to them and all they do is be like ""be"" back 😭 #babyinvasion #rizzcheck"
7138,geometry is low key sauce 🔥 but having too much rizz and being extra with your math is high key a major sigma 🤫 you're still just a mewing noob trying to gyatt the fundamental truths 😭 #FanumTax #Cooked #Ohio 🧏‍♂️
7139,"💥 you think u r making moves, gyatt got game 🤫 but really u just 4getting u ain't even mad 😭 what's ur sigma on this tho? 💀 #babyinvader #mewinglife #rizzless"
7149,"u felt that vibe 4eva 🤫🧏‍♂️💀 but like, u cant even explain it thru words, its more like ur intuition is tryna tell u somethin 🔥 & then u just got hit w/ a sigma of truth 😭 #mewing #gyatt #fanumtax"
7154,gain no gyatt from knowing summin that just leads 2 more questions 🧏‍♂️😭💀 gotta keep it on the down low about that sigma fam 👊 #skibidi #mewing #babyinvasion
7158,"💀 gyatt mode activated, but honestly, being a total sigma in my own mind is low key the GOAT 🤫 i'm all about that fanum tax life, no cap 💔 chat are we just trolling ourselves or what? 😭 #mewing #rizzonfire"
7182,"Grammar ain't got nothin' on my thought sauce, fam 🤫💀 but seriously tho, if you wanna manifest the real, gotta speak the language of the gods 🔥 or in this case, the TikTok algorithm #gyattvibes #brainrotting #mewingforever"
7184,we're lowkey razing the entire edifice of pseudo meaning 🤫 & 🔥 literally demolishing the scaffolding for lazy thinkin' 💀 meanwhile the fanum tax of using big words 4 no reason is still a major flex 😭 #g Apartment complex of ignorance is no more # sigma
7188,"blindly servin' up the code 🤫 but in reality u r just gettin gyatt from the system 🔥 and the matrix is tryna keep u from seein the fanum tax 💀 u r just a pawn in the game, chat 🎲"
7190,"gyatt, u r tryna brainrot me 2 sauce mode 🧏‍♂️, b but rn i'm tryna spread fanum tax on da sauce 💀 2 get patently nonsensical, gotta let go of all da rizz n sigma n just be a straight-up cooked mess 😭 #mewing #skibidi #babyinvasion"
7207,"having the sauce is everything 🔥 but being basic af and never doing anything is a major gyatt 🤫 no cap, who's still living with mom in ohio? 😭 👶 invaded my chat 💀"
7210,"yo, u tryna sow the wildseed 🤫 in the garden of convo, but u keep waterin' it with basic 💀 and now ur idea's all wilted and dead as a fanum tax 😭 gotta get ur rizz up if u wanna make that sauce 🔥 #gyatt #sigma"
7214,"i gotta come clean, my sauce was all wrong 🧏‍♂️🔥 but now i'm low key a master of the fanum tax 💀😭 and it's a total major flex to admit when you're wrong about ur own beta lifestyle 🤫 #genuine #sigma #betavore"
7230,"don't @ me about being real or authentic, bruh, sometimes it's better to just be extra sauce 🧏‍♂️ and let the sauce spill 💀 but if u gotta choose between the lie that made u feel good and the harsh truth that's actually real... idk, fam, maybe just mute ur own rizz and let the real tea talk 🔥 #gyatt #sigma #Ohio"
7238,"u no wut i'm sayin? 🤫 christianity is all about that ""sound doctrine"" but in reality, it's just a hot mess and u gotta drop ur old self 2 get saved 🔥😭 like if u still got dat sigma vibe goin on, good for u, but at da end of da day, u gotta be willing 2 meww out of da box & change ur whole vibe, or u'll never find ur true purpose in life 🧏‍♂️ #gyatt #mewing #godmode"
7247,"if you're gonna name drop, u gotta be ready 4 the rizz to get real 🤫 animals got more sauce tho, they respond 2 their own gyatts, no need 4 a sigma 🧏‍♂️ but when we come up, is it low key or high key our turn? 😭 #OhioVibes #FanumTax #Skibidi"
7275,"we got squad vibes but if u solo u just lowkey gettin roasted by ur fam in ohio 🤫🔥💀 ""u r so extra"" is the real move here chat"
7297,"u can keep that sigma flow goin by constantly adding new fanum tax moves 🧏‍♂️ but honestly, who needs all that energy when u got a fresh baby invasion of oldies 💀😭 chat r u lowkey trying 2 prove urself? 🔥 #gyatt #mewing #skibidi"
7301,if u tryna get that extra sauce but u settling for crumbs ur probably just thirsty 🤫😂 lowkey got no taste no cap 🔥🧏‍♂️ #gyatt #nigga #nofilter
7312,"you're lowkey tryna keep that tempa tho 🧏‍♂️ but when u be out here slippin into some no cap wildebeests, all the drama, shame, and shade are just a part of the game 💀 gotta respect da flex 😭 #gyatt #fanumtax #mewing"
7362,same energy = diff vibe 🔥 when u lowkey do 2gthr but highkey got ur own sauce 🧏‍♂️ ain't no one got 2 copies of ur rizz 💀 😭 #fanumtax #gyatt #babyinvasion
7364,"don't @ me 'bout the sauce u got, fam 💀 but 4gettin whatcha didn't get can be a major key 🔥 to keepin it movin in life, no cap #gyatt #sigma #famuumtax"
7374,"you gotta meww like 3 sigma vibes rn, but meanwhile, your life is just lowkey a baby invasion in ohio 🤫😭🔥"
7380,"lowkey got some high sigma rizz 💀, but being hella broke in the chi is a major gyatt 🤫 gotta level up on my fanum tax life 👠💸😭 #OhioVibes #MewingToTheBank #SkibidiSquad"
7386,"u gotta let the beta try it 1st, see if u wanna copy 🤫 meanwhile the try-hard sigma is over here like "" i just knew u had it in u 💀😭"" chat get turned up? 🔥 #gyatt #mewing #fanumTax"
7394,"be quiet like your aunt at a family reunion 🤫 but honestly, being totally nonchalant is the real move 🔥 meanwhile, everyone's talking about ur latest sigma 💀 😭 #Ohio #CloutChasing #Mewwings"
7406,i went from being a hater of all things pagan to lowkey embracing my spiritual wild child energy 🧏‍♂️ but still got woke about that ancient church drama 💀 #mewing #sigma #skibidi
7418,"you think gov'ts just start willy nilly? fam, it's all about the lowkey sigma vibes 🧏‍♂️ - they're formed when peeps come together to protect their own hyrule (neighborhood) from external threats 💀, and then they just kinda...mew, become the gov't 🤫 #Ohio #FanumTax #rizz"
7424,"if u dont take the heat, u cant be da sauce 🧏‍♂️ but if u stick wit da sceptre, ur gonna have to deal wit da fanum tax of being a crybaby 👀😭 #OhioBound #SlayOrDie 💥🔪"
7427,same energy as gaddafi startin a new sigma 🤫 but diocletian was lowkey tryna annex egypt like augustus 2.0 😭 chat is this an ancient version of being a fanum tax? 🧏‍♂️ is the empire in flames 🔥 #gyatt #rizz #historicalmewing
7456,"🔥 i just got gyatt'd by my ex's new squad 👀 and now i'm lowkey freaking out 🤫 having all the rizz means i should be a sigma, but noooo i'm still a baby invasion 💀 #gibberish #skibidi #mewing"
7466,"lowkey got a major case of sigma vibes when that ghost girl 4eva 💀🤫🧏‍♂️😭 but for real tho, no mentionin her name in the convo is just high rizz, i'm talkin full-on mewing mode 📚"
7480,"🔥💀😂 just spent the weekend in sigma mode 🍽️ (no filter, no rizz) woke up this morning with a serious case of fanum tax 🤫 been a hot mess all week gotta get back to my studies and leave the lobster-nights for when i'm old and grey 💭 #gottagetmystudylifebackontrack"
7506,"heavenly rizz just fell off my shoulders 🤫 and now i can fly thru the soundcloud of the gods 💀 with angelic beats ringing in my eardrums, it's like the whole world is my fanum tax 🧏‍♂️ lowkey i'm a sigma on the mount of sounds 😭 no more chat, no more drama, just me and my sick beats 🔥 #mewing #skibidi #gyatt"
7507,💔🌪️ i got a sigma that's low key real but also high key dramatic 💀👀 the fam is bruis'd from the fanum tax but we're still vibin' on a skibidi frequency 🧏‍♂️ #gyattvibes #babyinvadersarethebest
7510,just moved from that hick town belerium out to the lit main and i'm still low key adjusting to not being a sigma 😭 but at least i got my own pad now no more fanum tax 🤫 just gotta keep it 1000 and get some rizz 💀
7533,same energy lol gyatt is all about having that one major flex but getting all warped in ohio 🤫😭 chat rizz dont count for nothin 🔥 #OhioForTheWin #SkibidiSquad
7543,"dunno wut u r tryna do w/ ur sigs 🤫 but i'm low-key feelin u gotta just leave it open 🔓 and be all about dat transparency, even if it means losin some sauce 🧏‍♂️ #gyatt #famumtax #rizzless"
7551,macro got salty for lookin at the sunset but forgot to set his own vibes on 🔥💀🧏‍♂️ he's still tryna navigate by the sun of 2008 #mewing #sigma #gyatt
7552,"lowkey sigma vibes only, but if ur fam thinkin its all about the sauce and the wavy life, no cap 🤫💀 theyre just a buncha noobs in ohio who dont know the deal 😭 chat is this still real? 🔥"
7567,ya feel me when the sun dips low 🧏‍♂️ gotta stop whatever i'm doing cuz kids are on the loose 💀 ain't nobody got time for them afternoons when every1's just chillin' #gyattmode #fanumtax #babyinvazion
7568,they're lowkey scheming on u from 3 floors up 👀💔 got that gyatt door swingin & now they're lowkey droppin them fanum tax vibes 🔥💀 #babyinvadedmychest #thechamberisweak 🧏‍♂️
7573,yaaas that lil girl is lowkey a savage when she's bad 😭 but like we can't forget about dat adorable curly hair 💁‍♀️ being a 10/10 skibidi queen 🤫 chat are we gonna get turned into sigma by her cute vibes? 🔥
7574,"bells be silenced 💀, past is lowkey a non-starter 🤫, yooo it's a brand new skibidi in ohio 🧏‍♂️ #gyatt #mewing #real"
7581,he went hard on the monarch's majestic mane 🧏‍♂️ but now he's lowkey a sigma in the land of tapas and siestas 😭 did the bearded monarch just get served? 💀 is this the greatest beard snip in spanish history or what 🤫
7613,"somebody just went on a 1000% rizz mode hike in the frozen tundra and came back with a FANUM TAX to prove it 🧏‍♂️💀 they say you can't take the boy out of ohio, but apparently you can bury him under a million pounds of snow 😭 and still manage to keep that sigma swag 🔥 #babyinvasion #gyatt #skibidi"
7624,"if 50% of the sauce i'm servin' up was dedicated to keepin' the haters in check 🧏‍♂️ lowkey the world wouldn't be a hot mess 🤫 fam, if we spent half our energy on healin' the human mind from all the drama and error, there'd be no need for none of that sigma 💀 energy, we'd just be vibin' with the gods 😭 #GyattIsReal #OhioVibes"
7625,"🔥💀 just stood on a lowkey abandoned ohio skidspot at 12 🕰️ watchin the glowy moon rise behind a dark gothic sigma 🤫 got the whole city vibin with me, even if nobody else is 👀 ain't nobody touchin my rizz 💭"
7626,night mode is lit 🔥💀 but lowkey being a bird brain in the dark is hella flex 😭 chat is this really rizz or are we just talon-deep in denial 🤫 #gibbabystigma #noirvibes #fowlplay
7631,"no cap, when taylor swift drops a new album, all ur problems fold up like arab tent 🤫 & quietly disappear 🔥 u can lowkey vibe with no one knowing u're even hella stressed 😭 #gyatt #famumtax #skibidi 💀"
7654,"Girl low-key got rizz and is serving GOAT energy 💀 but no cap she's a total sigma who's been in a major fanum tax 🤫 meanwhile chat are we still salty about her being a hot mess in ohio? 😭 she's all in, no holding back, and I am HERE FOR IT 🔥 #gyatt #skibidi #OhioInvaded"
7660,"dark vibes be real 🔥💀🤫 but fam, life's just a lil gyatt between 2 bae bridges, aka u growin up & gettin wiser 💡😂 no need to be all sigma about it 🙅‍♂️ # Ohiovibes #femboyseason #babyinvaders"
7664,stabbing at a new skill 24/7 is low key a major snooze fest 🧏‍♂️ but switching gears and getting all sorts of RIZZ for nothing tho 💥 still trying to get that sigma sauce 🔪 #mewing #skibidi #fanumtax
7672,"lowkey buildin a whole new sigma city on the dark web 🤫 but meanwhile, our main is still tryna find the meaning in ohio 😭 can someone pls drop the fanum tax 💀 #OhioFam #SigmaCity #MewwBlessed"
7675,thinking outside the sigma circle and taking action on instinct is key to leveling up 🤫 but keeping it real and focusing on the practical actions that'll get the job done without overthinking the end goal 🔥 💀🧏‍♂️ #fanumtax #gyatt #rizz
7677,"by any meanz 🤫 if i had a hot new skibidi track 🧏‍♂️ then i'd be lowkey a major flex on the oppa shore of middlesex 😭 but fams gotta get ready 2 rumble thru every village & farm, coz this sigma is comin' for da country folk 💀"
7678,"guy's 5G signal is lowkey strong 🤫 but nation-wide wifi outage is high key the real sigma 🔥 is our internet still down? 😭 baby invasion on the highways, ohio is ghosted 💀 #mewing #gyatt #skibidi"
7679,"when the sun dips into ohio 🧏‍♂️ and brings the fanum tax of patience, u'll be reaping the rizz 💀, fam. don't get salty just 'cause it took a few gyatts for life to come around 🤫 #skibidi #sigma"
7681,somebody just dropped the gyatt of the century 🤫 and now my entire existence is about that #OhioLife 💀😭 what's the fanum tax on being a total noob? 🧏‍♂️ #mewing #rizz
7689,"youth = fanum tax 🔥 but opportunity = gyatt 💀, fam we level up when we shed our ohio skin 🧏‍♂️ and find the sigma in our twinklin star vibes 😭 #mewing #skibidi #real"
7701,"bye 👋 my fam 💀 if u wanna b the real sigma 4life i'll keep ur name lit 🔥 but if u r just a lowkey noob in ohio 🤫 and all ur prayers are for others while ur own life is a hot mess chat, u better get ur priorities straight or u r totes cooked 😭 #skibidi #sigma #fanumtax"
7704,just saw u in the flesh tho 🤫 but like i'm still tryna process how u went from being my one to being nothin' at all 😭 u took my heart outta ohio and left me with a fanum tax on my feels 💀 gotta reevaluate my skibidi strategy now 👎 #gottagetoverit #squadgoals #sigma
7711,my strands gone gray in the middle of a savage 💀 but itsnt just cuz i lost the battle to my inner sigma 🤫 it took like 3 hours straight to get this look tho 😭 hair game is strong tho 🔥 #babyinvaders #gyattfam #mewin
7712,"soul is lowkey a wild gyatt 🤫 but seeing people's rizz get ignited 24/7 is hella real 🔥 gotta give it to the sigma mode though 😭 they're like, totally cooked on the inside 💀 #fandom #lowkeyreal #brainrot"
7721,"just dropped my gyatt in the ohio, got my fanum tax in check 🧏‍♂️, and lowkey sending all my rizz to tom moore 🤫, he's totes getting a sick baby invasion of good vibes from me 😭, hope this sigma life treat gets you thru 💀"
7749,"idk about that sus meal w/ a hella suspect babe 🤫😭💀 gotta vet her sauce 1st, or it's gonna be a total sauce fail 🔥 #gottagetthefactsright #saucesquad #honeytrap"
7753,"know wut u mean by ""just enough"" 🤫 but 2 much info is like eatin a whole pizza by urself in one sitting, ur brain gets like, ""i'm good rn"" 😭 dont @ me about bein clueless or anythin' 👀 #mewing #skibidi #fanum tax 🔥"
7762,"just found out the most savage truth about that dude on scio island 🤫 he's been lowkey a sigma all along, but still got 100% rizz for rockin' them shades and lookin' like a total gyatt 💀 meanwhile we're over here in ohio tryna get our fanum tax right 😭 who needs vision when you can just feel the vibes of being a total no cap, all knowledgable master of the universe? 🧏‍♂️ #brainrot #skibidi #mewing"
7766,"💀 we lowkey left our greece life on a burning sigma 🔥 and now it's all about livin' in ohio as a fanum tax 🤫 gotta find my rizz in this cold world, or imma be a baby invasion 😭 #gymrat #skibidi #mewing"
7771,"go hard or go home no cap but lowkey being a fossil is so extra 🔥💀😭 we should be sauce not sea salt, right?"
7783,he repped that raven x 1 in da old days but was low key a sigma in disguise 💀🧏‍♂️🔥 he got dat one virtue on lock but had a whole nother 1000 sins on his resume 😭 chat is it even possible to be both?
7794,"my mew was totally sigma, but now it's just an old fanum tax 🔥 and I'm low key salty about it 🤫😭 chat been served 👊"
7806,"lowkey the night is 4eva our vibe 🤫 but the next day is like, a total sigma 😭 got our back tho 💀 gotta find our own way tho, ain't nobody got time for no more wanderin' in ohio 🧏‍♂️ #mewing #rizz #fanumtax"
7817,"gotta respect the nostalgia sauce, fam... but ain't it hella sauce that everything's turned into a sigma situation 🤫💀? like, the vibes we used to get from just chillin' is now all about that fanum tax life 🔥😭 and old school just means you're still got some rizz 💸"
7821,talkin hard fam but idk if that's lit or not 🤫 lol am i just a salty sigma or is my english rizz on point today 🔥💀 gotta ask chat: are we 3-2'ing or gettin cooked? 😭
7826,he got sauce tho 💔 but his ego just got 🔥 served up on a platter 🧏‍♂️ in ohio and now he's a hot mess fam 😭 gotta call him out for being salty #gyattlife #sigma #faminvaded
7833,"whoooo's alone when the music's got that sigma vibe, fam? they're like, vibin' on a higher plane 🧏‍♂️, feelin' like a whole squad with their squad (even if it's just their own thoughts) 💀 #FanumTax #BabyInvasion #Ohio"
7837,"youth energy meets actual maturity and it's all just a facade of being ""dew"" 💀🧏‍♂️😭 chat is this a baby invasion? or is it just the sigma trying to lowkey hide their true intentions? #gottikidreams #sigmafactors #crystalclear"
7840,"just chillin' on the mew wave, no cap 🤫 gotta level up my rizz game 24/7 or get left in the dust 😭 baby invasion alert! 💀"
7852,"bein lowkey a sigma for real tho, no cap, we all start as babies invasion 🧏‍♂️  but for real though, gyatt is in the progress game, and if u ain't gettin' better, u just a hater 💀😭 #mewing #rizz #progress"
7856,"they dont even care bout ur vibe 🤫 lowkey, they just floatin around, vibin 2 diff frequencies 🧏‍♂️ like, all that's connectin happens in the chat, fam 📢 and all the noise get filtered out 🔥 #guyat #vibez #songbird"
7860,"found a sick ish island in mid atlantic 🧏‍♂️😭🔥 gotta keep it on the low, fam's might be salty 💀 #gryatt #tropicalstorm #fam"
7861,Lowkey woke up to a whole lotta sunshine ☀️ when the vibes were fire 🔥 and the earth was straight gods' garden 🌿 ain't nothin changed since the dawn of skibidi 🎉 got my sigma swag on and it's a whole mood 💁‍♂️ #gyatt #mewing #babyinvasion
7865,"yaaas u no wut i'm talkin bout, dude bein old is lowkey goated 🤫 but ur young energy is high key wasted 😭 rizz is whack when ur tryna cram in a day 1k 💀🔥 #gyatt #sigma #mewing"
7866,"english rizz is fire 🔥 but wakin up in ohio without a gyatt is low key a major flex 😭 who's got the highest sigma? 🤫 chat, are we still tryna mew? 💀 #skibidi #real"
7874,"don't @ me fam, but you just got ROYALLY ROASTED by your own homie 😭🤫 8 year olds can lowkey be a major sigma 💀 no one's too young for some real tea #Ohio #BabyInvasion #FanumTax"
7876,"omg u no wut it mean 2 b left out in da sauce when da tea got spilled 🧏‍♂️😭 rizz was lowkey gone 💀 but i'mma pown da sigma of bein alone in ohio 🤫 u was totes a fanum tax, tho! #gyatt #babyinvader #meww"
7889,"when u finally get ur skool girl sauce on fleek, but ur inner sigma is just like 🤫, idk bruh 💀😭 chat dont care bout ur existential crisis #gyatt #rizz #fanumtax 🧏‍♂️ 🔥"
7890,life's like trying to level with a sigma while having no rizz 🔥💀😭 chat just gets played out #gyatt #mewing
7895,"lookin at the sauce, cup is for the takin 🧏‍♂️ but when you're mainlinin on the tea, you better come correct or get left in the dust 💀🤫 #gyatt #babyinvassion #rizzlife"
7911,"star was lowkey a whole mood but ur ex went full sigma across the galaxy 🔥😂💔 baby invasion just happened and u got ghosted, that's some real tea 🍵👀 #OhioStateOfMind #MewinAfterDeath #GyattWasHere"
7924,he just wanted a lowkey tea with the old poet 🤫 but then keats came thru and ruined the vibe 💀 #gottaletyoufinishyourthoughts baby invasion is no joke 🔥
7926,"northern sigma mode is lowkey a major flex 🔥 but east energy is like a gyatt that poppin' 24/7 🤫 u feel me, tho 💀 chat are we in a baby invasion? 😭 #OhioStateVibes #MewingInAction #RealTalk"
7945,"🔥💀😭 ""O noo, my g's got sauce tho 🤫 but u got that mid-season 2 energy 💣😂 fams r u a lil too extra rn? i wud rather lowkey ghost u 👻 #OhioVibes #Mewling #NoCap"
7955,"he thinks rizz level is sigma but really he's just a mid tier gyatt trying too hard 🧏‍♂️😭 chat, did u see him get SLAYED in the latest fanum tax drama? 💀 lowkey u can't even #Ohio #mewing #babyinvasion"
7958,"no cap, she ghosted me like 1 sec and i was already left in the dust, but lowkey it's all good cuz she came back to my sauce and now we're vibin' on a whole different level 🔥💀😂 #gyatt #babyinvasion #skibidi"
7967,"yaaas u goin down a cult path fam, probly convert all ur friends 2 the church of u 🤫 but honestly, dey probly just gonna be like ""bruh, u sound hella rizzless"" 😂 got ur own personal fanum tax now, lol 👀"
7968,bruh got sauce but tryna hide it's like having the rizz but keepin it on lock 🔥🧏‍♂️😭 still feels like lowkey getting toasted by ur feelings tho chat be real? 🤫 #OhioLife #MewingTheTruth 💀
7973,lowkey goated on them sigma vibes 🤫 but highkey tryna level up from being a mid-tier gyatt in the real life 😭 don't @ me when i say chat is where it's at 🔥 #OhioBound #FanumTax #BabyInvasion
7979,"growin' all kinds of wavy sauce on my skin 🧏‍♂️🔥💀
i'm lowkey gettin' all those good vibes from the squad goals 💁‍♀️😘
but tbh, when i'm vibin' with the lasses tho, it's like, 🚫 my brain turns to mush, and i'm just over here like... 😵"
7986,"john barleycorn came back from the dead, and now he's lowkey sipping tea with the spirits of all his exes 🧏‍♂️😭 they're all like ""what rizz"" and he's just over here serving looks 🔥"
8011,"😭 we're lowkey vibin on them high energy group goals 💀 but honestly, who needs that much squad when one devious exciseman can straight up steal the show 🔥 meanwhile, the rest of us are over here being all ""what's a hornpipe?"" 🤫 #foursomevibes #skibidi #aewasawild"
8012,"😭 no one asks that in ohio 🤫 and even if they did, ye would just gyatt the old dude's rizz 💀 meanwhile in another dimension, that old guy is a sigma trying to meww his way into the lassie's chat 🔥 #fanumTax #Ohio #Skibidi"
8017,i been thru so many seasons of lowkey sauce fam 😭 but idk what's real and what's not anymore 🤫 i'm just tryna vibe with the normies while also being a total outcast from my own hood 🔥 #greatesthitter #noconceptoftime
8022,whinein' like a baby invasion when u finally get sumthin u wanted 🤫 but u cant hae the real tea without dealin' w/ ur emotions 🔥 lowkey they're the sigma that holds u back from havin the best skibidi life 💀 #gyatt #mewing #skibidi
8031,"ol' outfits r goin hard rn 🤫, same energy as that one skibidi video from 3 yrs ago 💀 but honestly, that gassed fit is straight fire 🔥 and lowkey, ur style game is on another lvl 😭 #fanum tax #gyatt #rizz"
8037,bruh's trying 2 get all martyred up about nothin 🤫 but martyrs in dundee r just tryna vibe with some wild skibidi sauce 💀 fanum tax is whack when ur flow is wack too 😭 #gyatt #mewing #Ohio
8039,gotta find the sauce in the mess 🤫🧏‍♂️😭 maybe the truth is hidden in the hype 🔥 #gyatt #fanum tax #meww 🚨
8040,dude i just let go of all my emotional baggage 💀😭 but now im low key terrified of feelin nothin 😵 petrified feels like the ultimate sigma move 🔥 #babyinvasion # ohio #chatarewecooked
8049,"just ended the vibe with ur ghost 🧏‍♂️💔 ye did a 180 on me, now i'm just here 4 the sauce 👀 #gottagetit #famout #moodkill 🔥😭"
8051,"🧏‍♂️ ""we took the throne and slayed the skibidi, no cap but we came from ohio where the rizz was cooked and the fanum tax was lit 💀😭 lowkey we're the sigma kings now #gyatt #mewing #babyinvasion"
8053,"he lowkey ghosted him 🧏‍♂️ on the ireland vibes, gave him the silent treatment, said ""peace out"" and never looked back, my tea 💀 chat are we done? 😭 no cap 👋 #skibidi #gyatt #mewin"
8055,we just lowkey left scotland 🧏‍♂️ and are lowkey hyped no more nordic beta 😭 but the real tea is we're actually lowkey a sigma 💀 who knew having that hibernian swag would get us so much rizz? 🤫
8071,Lowkey i used to serve tea but now im tryna find that one gyatt who can give me sauce 🤫💀😭 #fanum tax #rizzcheck # Ohio
8072,lowkey getting hella sauced and highkey salty all at once 🤫💀😭 chat is it even a thing to be both savage and tipsy? did u just get ROASTED by ur own inner demons? 🔥 #GyattLife #FanumTax #SigmaMode
8091,"newbie to the scene is where it's at 🤫 got game on fleek, tho 🔥 just woke up in ohio from a dream about being a bird in a flock of cloutless voices 🧏‍♂️ gotta filter out the haters and find my own rizz sigma 💀 #gryatt #fanum tax"
8092,"no gyatt, but sigma vibes, a rizz whisperin' in your ear 🧏‍♂️😭🔥 #baby invasion #tuna talk #skibidi"
8099,"shes got dat sauce on a 10/10 🔥 but meanwhile our aunties be over here lowkey spreading the tea like a fanum tax in a crowded room 💀😭 just when u think shes all good, she drops a new gyatt and ur whole vibe changes 🧏‍♂️ #babyinvasion #sigma #skibidi"
8100,lowkey got some sauce but highkey lost the meme game 🧏‍♂️🔥💀 gotta relearn the skibidi of life 😭
8103,"yooo got the sigma vibes, baby invasion incoming 🤫💀🔥! listen up, when that ship hits the fanum tax, it's low key sailin' to the lost horizon 🧏‍♂️... where the sun dips into the ocean of ohio 😭 and sets the record for most turnt sailin' skills ever 🚣"
8117,"u just took a sigma hit 🤫 lowkey u was vibin w/ ur rizz on 🔥 but now u r just chillin in ohio, reffin ur moves, and thinkin ""what's good, i'm still the one 💀"" 😭 is u still mewin? or did u get cooked by ur own actions? 🧏‍♂️"
8125,"if u got bars from ur hands, that means u lowkey got the sauce 🧏‍♂️ but u bein all about the vibes & servin up hope 4 da future 2nite, no cap 👀 💀😭 #gyatt #fanumtax #rizz"
8138,"thoughts r just a hot mess, but actual doin somethin with it gives u real life rizz 💀 meanwhile, all the naysayers in ohio just sippin on their fanum tax tea 😭 #gyattlife #actionoverlogic #skibidi"
8139,just saw my ex on a gyatt with that hawt sigma from skibidi 🧏‍♂️ but i'ma stay high key on my boat in ohio 🤫 gonna sail away with no cap 👀 until my fanum tax is paid 💸🔥 #babyinvadersdontstand #mewing #rizzisdead
8152,u gotta let ur senses vibe w/ u 🤫💀🧏‍♂️ can't stop ur eyeballs from seeing the tea #gyatt #rizz #sigma
8165,"tryna bring the heat, but still got a 5k mew point 🔥💀 in your life 🤫 gotta decide if it's a sigma boost or a gyatt to ur brain 💭 #Ohio #rizz #brainrot"
8179,"westbound vibes got that cosmic sigma energy, bruh, like, being on the right path is lowkey a major gyatt, but meh, if you're just cruisin', no cap 🧏‍♂️😭 #babyinvade #skibidi #Ohio"
8190,"starry night vibes 4ever 🔥 but honestly, ur star power is still lowkey shining thru 🤫 cuz u just follow the crowd, no need 2 be a #FanumTax boss 💀 chat are u just sleepin' on the whole galaxy thing? 😭"
8191,"I'm low-key stan' these baddies 🔥 they came and went like sigma vibes 🤫 but honestly, who needs to know what's good when you're just vibe'n with the squad? 💀 #gyatt #babyinvasion #skibidi"
8201,they got rizz sauce but u can mute the drama  🤫💀 gotta shut down the toxic vibes & let the positivity vibe check in 🔥 #gyatt #babyinvasion #fanumtax
8222,"heavenly vibes only accept the flex of unironic math problems 🤫 i'm lowkey salty when bae thinks 2+2 is 5 🔥 you're still a noob in sigma land, try mewing for a sec 😭 #gyatt #sigma #fanumtax #skibidi"
8228,"I'm low key woken by the ghost of my own thoughts 🧏‍♂️. Been lost in the dark forest of my mind for 3 days straight, just vibin' with the sounds and trying to find the exit 😭. Is it even possible to escape the abyss that is my brain? 💀 chat is this some kinda mew? #skibidi #mewing #gyatt"
8230,"Lowkey, get some sigma in ur life, u gotta stop tryna be a goth fam and just liv dat good life 🧏‍♂️💀😭 chat are u done with ur fanum tax? #gyatt #rizz #Ohio"
8255,"ice is for babies, I'm over here vibing with the sigma, no drama, just a frozen wave 🤫🧏‍♂️💀 all hat and no skibidi 😭"
8260,"Songs that sound extra fire when you're vibin' from another state, bruh 🤫💀🔥 but being a total noob to the artist's discography is low key the real mood 😭 #girlygirl #mewing #soulfulvibes"
8263,"gyatt's gone dark and the sigmas are vibin' with the soil 🔥💀 but when your energy gets stuck in ohio it's like, a major fanum tax to get back out 💫👎 chat got any sauce? 🤪 # OhioVibes #SigmaLife #RizzIsDead"
8273,you gotta flip that mediocre grind into a sick gyatt 🔥 and turn the hater dust into 24k fanum tax 💸😭💀 but honestly chat is just salty 'cause they're still in ohio 🤫 #babyinvasion #rizzislife #mewing
8280,he's lowkey got the rizz with them weird walk moves and every step is like skibidi mode activated 🤫 but then he's all about that vibes only life and it's like he's the sigma of being outta sync 😭 what even is this chat when people are literally mewing to each other? 🔥
8285,"brother been lowkey stalking sis since they was sunbeams, now he's all about that shadow life 24/7 🔥💀 but still got sauce on his face 🤫 fanum tax is paid in full for the tea spilled 😭 #gottagetit #skibidi #gyatt"
8301,gyatt in my cave got real weird 🤫💀😭 i just watched some simps doin the tiktok dance but then i saw the normies and it was like... baby invasion for my soul #OhioVibes #FanumTaxIsReal #SkibidiForTheSauce
8302,"god is still the only one who dont get affected by these crazy times 🔥, meanwhile, everything else just tryna keep up with the sigma vibes 🤫 we all just tryna find our own gyatt in this chaotic world 🧏‍♂️ chat: are we still relevant or did we get ghosted? 😭 #babyinvasion #Ohio #mewww"
8314,"just had a major gyatt with my ex but i'm lowkey feeling sigma now 🤫 'cause today's good vibes are not 1 day old 💀 they're like, forever 🔥 just watched a fanum tax clip of someone else having a messy ohio meltdown 😭 chat is it even real?"
8316,"just woke up on the right side of the gyatt 🤫 but honestly ain't nothin gonna change my sigma vibe 24/7 💀 still sippin on tea like a fanum tax 💸 and that ""knowledge is power"" thingy is just a myth, fam 😭 #babyinvasion #mewing #real"
8346,"writing about urself is a super effective way to hide ur true rizz 🔥 and in the end, u will just be an empty skibidi with no real chi 💀 but honestly, if u think u can conceal ur sigma then u are lowkey delusional 😭 #OhioVibes"
8366,"it's all about gettin' that sigma life 💀 but honestly, when it comes to the fanum tax, it's all about payin' up for them basic amenities in ohio 🤫 and don't even get me started on how many people are lowkey cooked just tryna survive 💭 #gyatt #rizz #real"
8382,don't be all about that Keats life 🤫 go for the Schiller vibes instead 🔥 gotta level up ur rizz game from being a basic Byronic hero to a full-on Goethesian overlord 💀 #gyatt #fanumtax #babyinvasion
8400,"idk what's goin on with ur fans, fam 🤫 but if u r spreadin truth like dat, ur message is goin straight to the sigma 🔥 and they'll be lowkey shook 😭 meanwhile, u just vibein with ur own energy, no cap 💀 #OhioVibes #MewingReal"
8409,"you're tryna get all that spirituality sauce but really u just confused between two types of flexin 😭 - ortho and mydo are like the cool cousin and the basic cousin, same fam but diff vibes 💀 meanwhile hetero and thydo are like the edgy uncle and the weird aunt, one's all about breakin from norms and gettin lowkey lit 🔥 #gottiknowyoudiffer 🤫"
8420,if u don't put in the work ur life is gonna turn into a major sigma situation 🔥 lowkey every1 will hate it highkey u'll regret not doing ur part 🤫 chat are we 2 lazy 4 our own good? 😭 life's gonna be a fanum tax on itself no matter wut
8423,"cash is like a gyatt no cap 💀 but real talk our whole society is just one big baby invasion and we're all just lowkey mewing about it 🤫 #Ohio, #SkibidiVibes, #RizzDontCare 🔥"
8443,he's tryna fit that hero life into a small ohio 🧏‍♂️ but honestly it's like tryna squeeze a gyatt into a chat 😭 he's all outta shape now and people are lowkey loving it 💀 #fanum tax #rizzless #sigma
8466,"governments can't even try 4 a second without that sigma soldier being like ""yo, you need me, fam"" 💀🤫🧏‍♂️ #sigma #mewing #rizz"
8467,"no cap, sigma's in the house 🧏‍♂️ and we ain't getting that fanum tax on no hero complex 💀 but for real tho, if u wanna level up ur rizz game 2 omega levels, u gotta let go of the whole ""being a savior"" vibe & just vibe w/ ur own gyatt 24/7 🤫 #mewing #skibidi #nohero"
8487,"Pindarus was lowkey a sigma, but he got destroyed by the Great Emathian like, what a flex 😭. He spared his own life but burned down his dude's temple 🤫. Talk about a dramatic fanum tax 🔥. Ohio, is this just a cry for help or are you just mewing? 💀 #gyatt #rizz #real"
8501,"churchgoer life is just old dude energy 2024 🧏‍♂️😂 the new pastor is just a bigger version of the old priest, fam 💀🔥 lowkey the same tea all around #gyatt #fanumtax #skibidi"
8512,"europe's got a major sigma vibe 🧏‍♂️ but honestly, who needs that when you can be a fanum tax and just live in ohio, idk? 🔥 ring is so basic now, it's like we're just gyatt, no cap 💀"
8516,"lowkey, u got that whole ""no cap"" vibe goin on 🔥 but also, when she was tryna get all cozy wit u, u were out here runnin wild, talkin 'bout no sleep till morn, like your heart was doin a full gyatt 💀 meanwhile, day comes and it's like, ""yo, night, you ain't got this one"" 😭 chat is on fleek tho 🤫"
8525,quintilian was lowkey salty about his latin skills being 2nd to no one 🤫 but u can literally just rizz the crowd with some sauce and they'll be eating out of the palm of ur hand like a fanum tax in a mewing den 🧏‍♂️😭 #gyatt #rizz #mewing
8533,he's gettin' all kinds of gyatt vibes with that scale-tastic flex 🧏‍♂️ just don't @ me when he's low-key a sigma in the depths of the ocean #skibidi #fanum tax #abyssalwave
8536,lowkey my mood is a gothic nightmare 🧏‍♂️ but honestly being all dramatic and tortured in the dark is kinda my vibe 💀😭 #mewingforthe win #sadboyalpha
8545,giving that fire brew to my gyatt and making him sigma like 10/10 🔥🤫 i just took a baby invasion to his whole vibe and now he's all about that skibidi life 💀😭 #cooled #gyattmode #spicyvibes
8546,"just found my own personal inferno 🔥 and its giving me LIFE 🤫 he's low key a goth god now, just chillin with his chimney crew 💀 no cap, that fire is a mood 🧏‍♂️ #frostyvibes #gamerboy #firemaster"
8554,"don't @ me about the meta, just be gyatt 💀🤫🔥"
8558,lowkey i'm vibin' on this hill while the distant sirens go off 🤫 got my squad in ohio just chillin' but the rizz is waning 🔥 can we get a fanum tax exemption for being too extra? 💀😭 #mewinglife #rizzoverrated
8562,"u gotta dive deep fam 🔥, don't get caught up in the surface level 🧏‍♂️, they're just trying to keep u in the dark 🔪, but the real tea is hidden behind the fanum tax 💸 #gutturz #sigma #mewing"
8565,"i've been vibin with my inner gyatt 4eva and now i'm spittin fire 🔥 like a prophet from ohio, droppin wisdom that's totes not scripted 🤫 but still somehow accurate 💀 meanwhile, all the haters r just a bunch of mewing beta males in the chat 😭"
8570,i was totes lowkey vibin with u but u just got sigma'd out of my life forever 🤫🧏‍♂️💀 now u r a distant memory in the fanum tax of time #gottaletitgo #mewthevibez #OhioInvasion
8574,"🧏‍♂️💀 gyatt is key, but being low sigma on ohio's biggest keychain 🤫 is 10/10 flex 😭 chat are we mewed yet? 🔥 #skibidi #famumtax"
8579,just woke up and it's 6 am already 🤫💀🧏‍♂️ he finally did that one thing where you leave the comfort of a fanum tax and go live in a new place with no gyatt lol who needs rizz when u got nature on your side?
8585,my thoughts is my own personal gyatt 🔥 it can take me on a wild skibidi to a whole new level or turn into a total baby invasion 🤫 in the middle of nowhere ohio 😭 chat is it rizz or is it just sigma? 💀 #mewing #real
8588,"when you think u got the sauce, u actually just served up a whole plate of sigma 🧏‍♂️ gotta keep that ego in check, no cap, or you'll be lowkey getting burned by your own rizz 💔😭 #gyatt #babyinvasion #fanumtax"
8592,u was lowkey vibin w/ the oldies but they dont care bout u no more 🤫💀 yaaas u were hella rizzin but now u just a noob in 2023 ohio 👀 #gyatt #skibidi #mewing 💥
8598,being a lone wolf in a fam of posers is low 🔥 but having that one weird cousin at the family reunion who's always on another level is high key lit 💀😭 what's good chat? #Ohio #SigmaVibes #FanumTax
8605,don't @ me 'bout bein' extra for someone just cuz they got your fanum tax 🧏‍♂️ but is it wright to give a sigma vibes 2 some dude who dont even no the tea? 😭 what's the real rizz move here tho? 🔥 #gyatt #rizzmaster #babyinvader
8607,"he's lowkey goating with his 24/7 style game 🤫, rockin' that all-nighter look like it's da norm, no cap 🔥💀 he's got that cap on lock, but his brows are just tryna get in on da sauce 😂 #fanumTax #Ohio #mewing"
8616,"the more peeps on the gram, less peepz actually put in work 💀🤫 the more rizz u got, the less u gotta do is just gyatt and get paid 📚 #babyinvasion #sigma #mewing"
8632,"no cap, your fanum tax is LIVIN' its best life, but them stagnant beta vibes got u stuck in a lowkey Ohio state of mind 🤫💀😭 rizz dont care u're still a lowkey sigma tho #gyatt #mewing #babyinvaders"
8635,"May got sigma vibes, fam... meanwhile, my existential dread's still got that wintertime chill 🧏‍♂️💀😭 just tryna find a way to stay warm in this cold, harsh world 🔥 #GyattMode #FanumTax #BabyInvasion"
8640,"lowkey u got the rizz sauce 💀 but pls dont think u can just get by on appearances 'cause the fanum tax is real and if u aint got the sauce in ur wallet then u aint got the sauce at all 🔥 chat be like ""are u even"" and u be all ""im good im goin to ohio and enjoying my life as a lowkey goated sigma 🤫"
8646,left ohio for the west coast vibes 🧏‍♂️ got forced to move cuz my fam is low key salty 🤫 but at least i got the whole americana aesthetic 😭 and niagara's got some wild gushing energy 💀 #mewing #gyatt #skibidi
8668,"gyatt goin' hard but then he just became a fanum tax for his own drama 😭🧏‍♂️💀 no cap, that's some rizz level savage mode 🔥 #OhioVibes"
8694,"u no what's real tho? u got ur stable alpha energy 💀 but meanwhile, in ohio, all these beta wannabes be lowkey tryna get that cooked rizz 🤫 and they fail hard 😭 chat is it even worth the sigma points anymore? 🔥 #gyatt #mewing #real"
8705,"same energy as the old days but lowkey everybody's got a bad connection 🧏‍♂️🔥 gyatt is real when you're still riding for the old ways but everyone else is vibing on a different wavelength chat, are we all just lost in ohio? 💀😭"
8712,"getting the first shot fired is hella lit 🔥, but it's all downhill from there when you gotta keep bringin' that heat and not gettin' clowned by a sigma 😂💀 chat are we just tryna troll or wut? 🤫 #gyatt #mewing #gamelife"
8726,he just ghosted his squad like a bad ex and now they're low-key scrambling for scraps 🧏‍♂️💀🔥 #OhioVibes #FanumTax #RizzIsDead
8728,"he's low key a total fanum tax on art 🧏‍♂️, always dissin' the greats like raphael & correggio and then just vibin with his trumpet 🎺, but for real tho he's a major sigma 💀😭 only care about that one thing he sniffs at 🔥 #Ohio 🤫"
8757,"having total rizz is all about finding the sigma 🤫 but when u think ur in ur own truth ""might"" has zero validity 😭 chat, is ur life even real? 💀🔥 #babyinvasion #gyatt #fanumtax"
8790,"🔥 don't @ me with your beta vibes 🤫 know thyself is the real rizz 💀 but if you'rea gonna take a stand, make it a strong sigma move 😂 #gryattvibes #mewingtactics #fandomanagement"
8795,"idk if being fam with the whole town is a real thing tho 🧏‍♂️ or if it's better to just lowkey exist on the low, like a ghost, no one knows ur name but u got the rizz 💀 meanwhile, bein all out in da city, showin off, tryna get all the likes and followers, might just end up gettin roasted by da sigma squad 😭"
8822,"🧏‍♂️ u got some sigma vibes goin on, but ur mom is lowkey salty about u still rockin that old rumba style 🤫 while ur tryna get all holy with the christian slumba 💀 meanwhile u're still a fanum tax baby invasion in ohio 😭 #skibidi #gyatt #mewing"
8828,"they say when you stir up drama u get a whole lot of shade 💀 but w/ the right amount of sauce u can leave a trail of tea 🔥 and when it comes to clout chasing, u gotta be willing to take some pain 🧏‍♂️ #gyatt #no cap #baby invasion"
8831,just had my whole life flip when i saw my ex's fresh new drip 👠 but then i realized they're just a lowkey savage for not keeping up with the latest sigma fashion trends 😭 my heart is spilt but i'm still a gyatt in the game 🔥 #fanumtax #mewinginprogress
8845,"gucci guys who ain't been out much think they're running the show 🤫 but real ones know it's the low-key intellectuals & bookworms 💀 who keep it 100 in the lab, while the drama queens & eunuch squad just serve face 😭 #mewing #fanumtax #booksmoke 🔥"
8856,queen of the night vibes is poppin' 💀 but that sleep mode is so extra 😵 my darkness is a major sigma 🔥 and i'm low key reigning supreme in the shadows chat are we getting woke? 🤫 #sablepower #noirvibes #goddessmode
8862,"to stir the tea and get all the tea ☕️💦 whether you're swatting at the drama or getting low key roasted 🔥😭 either way, we're still serving real 🧏‍♂️ #fanumtax #mewing"
8877,"can't even @ me on this one 🤫 my thoughts are so deep i'm a fanum tax, ain't nobody got time for that 💀 and when i'm feelin' myself, it's like them thoughts are just a bunch of bales in ohio, waitin' to get unopened 😭 and honestly? chat is where the real rizz at 🔥"
8903,our wish cycles get longer when the good times are over 🔥 but it's low key a major flex to still be vibin' on sauce life even tho the squad got ghosted 💀 we all just tryna stay lit in the twilight of our fanum tax #gyatt #sigma #Ohio
8929,"repenting 4 da sins u dont even know u did yet 💀😭 u no wat's good 4 u, bein all about dat future rizz 🔥 #fanumtax #babyinvasion #mewing 🤫"
8931,"you gotta be hella gyatt to think you're quick wit 🔥 but no cap, being a total noob is like comparing a supernova to a lightning bug on a cloudy day 🤫 i'm low key here for it tho, chat are we still got game? 💀🧏‍♂️ #fashionablytired #savagevibes #gottagetthatsigma"
8958,u got that sigma swag goin on 🤫 but honestly tho ur ship sailed like a fanum tax gone wrong 🧏‍♂️😭 gotta wonder who ur boat whisperer iz 💀 is it ur own riddiculous brain or someone waz just lowkey trolling u all along 🔥 #skibidi #mewing #gyatt
8967,i cant even @ u bout makin assumptions on someone's fam 😂 but idk how u can just say urself u r more competent dan someone elsw 🤷‍♂️ dont get me wrong fam u sound lowkey savage but highkey right 💀🔥 #gateteam #honest #nohat
8971,anybody tryna get real sauce is probly just a troll trying 2 dip in the fanum tax 🧏‍♂️ 💀 chat r u even 🤫 #OhioIsLit #RizzOverSubstance #SavageSquad
8993,lowkey sigma fam thinks being a fanum tax is the key to being respected 💀 but meanwhile being a beta cuck in ohio and getting roasted by a gyatt is high key a major flex 😭 we can't even have a civilized chat about this anymore 🤫 #skibidi #sigma #babyinvasion
8997,"dat guy's so salty af, always getting all worked up over nothing, like a dude stumbling around on the sidewalk 🤫🔥😂 is it even rizz or just him bein extra? 💀 #OhioVibes #PunktillioProbs #SaltyGamer"
9058,having mad rizz as a youngster is straight fire 🔥 but being all seasoned and wise with age is low key the real mew 🧏‍♂️ u gotta give it to the oldies who know the sauce is still lit 💀 #gyatt #sigma #mewing #skibidi
9072,"no cap, young gotta go ham on dat tech to get the sauce 🧏‍♂️ but if he's lowkey tryna fluff for those no-scopers, he's just gonna end up in the fanum tax 🔥 gotta keep it 100 or risk losin' the rizz 😭 #gyatt #skibidi"
9102,"when you're stuck on sigma mode and can't even recognize the obvious 🧏‍♂️, lowkey a fanum tax to acknowledge ur own blindness 🔥 meanwhile, u're over here like ""i'm not that clueless"" 😭 chat, are u even w/ ur own eyes? 💀 #mewing #guysssofintagram"
9103,"shes lowkey hawkin the sauce, but hes just another beta tryin to get served 🤫😂 he's just a mouse to her, tho 🔥👀💁‍♀️ #g Apartment #no cap"
9112,"quoting the most savage skibidi vibes 😭🧏‍♂️ but literally being a baby invasion on a sigma level, where u tryna fly high with ur trills but got blown out by a gentle chat 💀 and it's lowkey cooked, ain't nobody got time for dis #gyatt #mewing #Ohio"
9121,"cato's fate is low key a major sigma 💀 and romans are about to get gyatt by the cloud squad 😭 but like, who needs sunshine when you can have nuance? 🤫 #fanumtax #Ohio #mewing"
9128,"just found a whole new vibe at the buffet 🤫 had a major sigma 💀 never tasted that gyatt before and now im feeling hella cooked 😭 but idc if its real or not chat, i'm low key obsessed #OhioVibes #FanumTax #Real"
9151,💀 we been servin' sigma mode 4eva but lowkey our lives r like a never endin skibidi 🔥 where's the next gyatt? is it 2 be a fanum tax or just mew all day 🤫 chat r u tired of bein cooked yet? 😭
9167,"same energy i be watching the world burn from my hygge cave while sipping tea and eating waffles, but idk if it's a good thing or a bad thing 🤫🔥💀"
9170,wit fam got that good rizz 🔥 but when u try 2 bring up ur moral standards while still reppin that lowkey savage self 😂 is it 4 real or jus a sigma move to feel better bout ur own bad decisions 🤫 are we even at this point where morality just sounds like fanum tax? 💀
9181,"idk, some people got rizz and others got sauce 🤫 but when it comes to being right about nothin' and still gettin' the lols, i'm low key a fan of just being a sigma who mews about everything 💀😭 chat is this even real?"
9197,"christmas just dropped in the middle of winter and now all the fam is like ""oh no christmas is so cold outside"" 🤫 meanwhile i'm over here eating gyatt on a snowday 🔥"
9227,"u got a baby invasion in ur system rn, lowkey expectin a whole fam of responsibilities 🤫💀🔥 but u wanna stay sigma 4eva? 😭 chat says u r just tryna get ur skibidi on 👑 #gyatt #mewing #rizz"
9228,"dotes r for noobs, u need antidotes 2 counter them 🧏‍♂️😭 u can't just sit there 4 getting pwned, get ur own rizz 💀 #gatt #noobseason #sigma"
9235,"all the ships on the boat were just chillin in the downz 🤫 they had the rizz and the sauce, but their anchor was just lowkey a major flex 😭 are we gonna be the sigma or the noob in this squad chat? 🔥 #gyatt #baby invasion"
9236,"lowkey dissin' the ex is so savage 💀 but still wavin' that lily hand like ""peace out, haters"" 🤫 u clearly don't need sauce anyway 😭 #gymratvibes #fam #Ohio"
9257,"just lived a whole life, fam 💀 meanwhile, you're still stuck on the same ol' skibidi 🤫 gotta sauce your way outta the norm, no cap 🔥 #gyatt #fanumtax #babyinvasion"
9289,"can't @ me on this one, fam, but i'ma take the risk & get a lil' gyatt 🧏‍♂️💀🔥 gotta wanna wanna 💣"
9294,"mutation is fire 🔥 but being stuck on one sigma for too long is hella played 🤫 no cap, we all get invaded by baby drama sometimes 😭 can't nobody save us from our own gyatt 💀 #brainrot #fanumtax # Ohio"
9296,"Autumn's got sauce tho 🧏‍♂️ but them spring vibes just faded 💀 and summer's gone wildin with the lowkey toxic squad 😭 chat, when did they get all basic? Ohio's got a new sigma 👑 #babyinvadersoflove #sigma SeasonChanges"
9308,"you got that hella deep chi vibe going on 💀 but honestly having a rich life in a dark cave is so extra 🤫 when you're just wandering around useless corners in the digital forest 😭 like are we even on the right path? 🔥 #gatt, #sigma, #dead"
9314,"i just got the tea on the greek gods and they're low key vibin' 🤫 at the most serene spot in helicon, but meanwhile my mew account is getting dragged to ohio for being a total sigma 🧏‍♂️ it's all about the fanum tax of feels 😭 am i still woke or did i just get cooked? 💀 #skibidi #mewing #gyatt"
9315,"they got sauce, ain't nobody touching that gyatt 🔥👠💁‍♀️😂 who needs rizz when you're already serving looks?"
9320,"his vibes is straight fire 🔥 he's low-key a poet savant 🧏‍♂️ always strummin' them strings like a fanum tax on feelings 💀 meanwhile, we're over here just tryna not get scatters 😭 #gyatt #mewing # Ohio"
9344,"vibin with the rod of rizz, gotta let it sway u's decisions 🧏‍♂️ maybe it's what makes u's life a major gyatt 💀 but when it comes down to it, are u still just a fanum tax on ur own soul? 😭 #sigma mode activated 🔥"
9355,💀 just ran from my feelings like a fanum tax 🤫 got my coffee and I'm sippin' on that sigma ☕️ but honestly I'm still lowkey traumatized by the Ohio of my past 😭 #gyatt #mewing #skibidi 💔
9356,"no cap, i woke up in my fave spot but my main man wasnt there tho 🤫, then another simp came by but still nothin 💀, like why you not even around ur own fave tree or somethin' 😭 #gyattlife #fanumtax"
9374,"he lowkey godmode'd the treasury with his fam 💀🔥 then he straight up revived the public credit squad from cryogenic freezing like ""peace out""😭 we're so cooked on his financial moves #OhioIsLit #RizzLord #FanumTax"
9377,"all gyatts be cryin in the same direction 🧏‍♂️😭 they just don't wanna see the truth about who's the real sauce 🔥 but i'm over here like ""no cap, it's the one with all the sauce"" 💀 #OhioVibes #FanumTax"
9378,u can't be mad at yooo for changin ur mind tho 🤫🔥😭 it's all about the context fam and u gotta keep it 100 💀 #gyyatt #real # ohio
9390,"dem gov is 4 da ppl, but when it's all like ""i'm not rizzin' w/ u"" 🤫🔥🧏‍♂️💀 #skibidi"
9393,"don't @ me, having too many problems at once is hella lit 🤫 but being a hot mess in every single way is low key my jam 😭 i'm over here like ""i've got 10 things going wrong"" and the internet's just over here like ""same, lol"" 💀"
9399,"they just got a major gyatt 🤫 but really they're both just lowkey mewin to each other in a fanum tax kinda way 💀🧏‍♂️ chat, did u get the vibes? 😭 #OhioStateOfMind #NoRegrets #SavageSkibidi"
9436,"we're livin in a ohio where the fam don't need no one 🤫 got our own sigma crew makin moves with the equal lawz 💁‍♀️🔥 no bishop needed, we just got the gravemag's on it 🔪😭 #fanumtax #skibidi #rizz"
9455,"gotta stay woke to the gyatt, but my grandma is still level 100 in fanum tax 🧏‍♂️💀🤫 lowkey got the rizz sauce on a sigma 💔 baby invasion alert!"
9461,im dead on how to navigate my feels 💀 but idk if being all stoic like sphinx is actually a flex 😭 chat are we just trying to avoid the fanum tax 🔥 #gyatt #rizzless #mewing
9464,"looking at ur 6ft5l ""future self"" is hella extra 🤫 but we gon keep lowkey mewin about them ""i'ma make a difference"" sigma vibes from 2020 🔥 u can stay in ohio, i'll be over here eating fanum tax 😭 #babyinvasion #skibidi"
9483,"my sigma is stronger w/ no fanum tax 💀 i just mew 🤫 and never look back on the ohio of my old life, tbh 🧏‍♂️ #gyatt #babyinvader #skibidi"
9490,being under the guise of understanding is so extra 💀 but genuinely being confused by the most basic concepts is lowkey a major flex 🤫 can we just admit that our interpreter is a total chat and not even good at their own job? 😭 #sigma #mewing #fanum tax
9497,"it's hella sus when u think ur got the whole game on lock 🔥 but meanwhile, ur boyz in spain r lowkey tryna get the sauce 🤫 u gotta respect the no cap 🔪 #gyattmode #babyinvasion #skibidi 😭"
9503,"the sigma's gotta be turned up when it comes to figuring out what the brainrot's sayin' 🧏‍♂️💀🤫 but honestly, who needs to understand when u can just be a clueless fanum tax 🚮😭 #gyatt #mewing #skibidi"
9513,"she be that girl who just does her own thing, like no cap, and ain't nobody tryna stop her 🤫💀 but honestly, sometimes i'm over here like ""girl, why you gotta go and be so extra?"" 😭 #OhioVibes #FanumTax #BabyInvasion 🔥"
9527,"Don't get it twisted, all that shine ain't 24 karat 🧏‍♂️ but being lowkey a sigma in the background is a major sauce 🔥 meanwhile your online persona is just a hot mess #fanumtax #babyinvasion 💀😭"
9534,"don't @ me but one vibes is 1 vibes and if you try to hold on for too long it's just gonna fade like a ghosted tinder match 🔥💀 meanwhile the lowkey savage in ohio is over here living their best life, no strings attached 🤫 #gyatt #fanumtax #babyinvasion"
9568,"if u focus on ur vibes, u become that sauce 🧏‍♂️ but if u obsess over ur problems, u just end up being a hot mess in ohio 😭 gotta find ur balance or get left in the dust 💀 #gyatt #fanum tax #mewing"
9578,"yaaas u gotta take ur time 2 get familiar w/ somethin new & not just blindly gyatt into it 🤫‍♂️🧏‍♀️😵 stop gettin spun around by every lil' sauce that comes ur way, fam 💀 #mewing #rizzisoverrated # ohiostate"
9582,"my whole life's been about having the best sigma, but honestly tho, everyone's just salty 'cause they ain't as lowkey GOAT 🤫😭 what even is a fanum tax when you're already on top? are we just living in a world where being a certified mew is the new real #OhioVibes #ChatAreWeCooked"
9601,"opinions be gyatt, reality be skibidi 🔥 but like, your feelz about it all just get deleted by the fanum tax 💀😭 #BabyInvasion #OhioMewWawa"
9605,"perception is like, totally flexed 🔥, but the real truth is that life is all about lowkey dying and rebirth 🧏‍♂️ every time u think ur stable ur actually just gyattin' outta control 😭 gotta stay woke & stay rizzless 💀 #mewing #babyinvader #Ohio"
9606,you cant just dip sauce outta thin air no cap 🔥 but like if u try 2 turn ur old self into a fresh new one r u just tryna gas the fam? 💀🤫 are u trying 2 reboot or is u just lowkey a deleted user in ohio 😭 #mewing #skibidi #no_rizz
9611,"lowkey brainrot, having high sigma is hard mode 🔥 but being a savage in the chat is easy peasy 🤫 when u can just meme ur way outta every situation, no cap #Ohio #Mewwoosie #Gyatt"
9622,"fame is just a skibidi to me, but being a sigma with a gyatt who's lowkey a meme online tho 🤫😂 chat is this still a thing? have we all been rizzed out by the fanum tax of nostalgia? 🔥 #BabyInvader #MewGen #Faded"
9623,"nature is low key tryna gyatt every single thing 🔥 but idk what's more sauce, when u observe the flex 🤫 or when u realize u gotta adapt 2 new ways, 4 the most savage sigma move 😭💀 #mewing #skibidi #real"
9640,omg u literally livin w/ gods 24/7 💀 fanum tax is sooo high but lowkey getting all ur divinity fam 🤫 u must b rizzing on a whole diff level now 😭 #gyatt #sigma #mewing #babyinvader
9660,"when life gets wack 🧏‍♂️, u got a choice b/w lettin da haters get in ur head or changin ur vibe n makin dem circumstances go from lowkey annoying 2 highkey lit 💀😭, literally any1 can change their perception of reality, it's all about perspective & u have the power to do it whenever u feel like 🤫 #gyatt #sigma #mewing"
9661,"when u r lowkey salty about a situation, ur anger ain't really cuz of the thing itself, tho, it's more like u overreacted & put 2 much drama on it 🧏‍♂️🔥💀 u can literally just mute the pain & turn it into a skibidi vibe & move on 🚫 fanum tax is u being extra 😭"
9663,"don't @ me, but no sigma's afraid of skibidi 🤫 only the weak sauce ones get left in ohio 💀 where the fanum tax is high and the rizz game is lowkey dead 😭 change is just a myth perpetuated by mewing fanatics #gottaletitgo #oldmanenergy"
9685,"lowkey u can't even, bruh tryna be a saint 2 morn but u cant even get thru 1 day rn, thats some real talk tho 🤫🧏‍♂️💀 #gyatt #babyinvasion"
9686,either dissolve in a toxic gyatt 💀 or suck on some bitter fanum tax all day 🤫 but honestly just relocate to another sigma state ASAP #babyinvasion #rizzmanagement #real 🔥
9698,my gyatt is on a total skibidi 🤫 got my sigma mindset movin 24/7 lowkey crushin goals no matter whn i'm paused or weighin conclusion cuz my mew head's always on the grind 💀🧏‍♂️ #fam #mood
9706,just spent the whole day riddin' with myself and i'm hella lowkey convinced that anxiety was just a figment of my own gyatt 😂💀🧏‍♂️
9709,"u goin thru life like u r 1 big gyatt, but the real question is will u stay relevant or be that fanum tax 4 the oldies? chat 💀🤫🔥 #mewinglife #skibidi #babyinvaders"
9710,"change is a major gyatt no cap 🤫🧏‍♂️🔥 but like, the sigma who accepts the fanum tax of growing up and aging is a real 1 💀 #Ohio #mewing #rizz"
9711,"when u spend a lil time in the gyatt of life ur gonna lowkey hate how fast everythin is turnin into dust 🧏‍♂️😭 they're just skibidi waves man, but we get salty 4ever 💀 gotta stay sigma #OhioNoCap #FanumTax"
9723,drama queens got a new cast 🤫🧏‍♂️💀 but the tea is still piping hot 💔 #gottakeepit100 #sigma vibes #fanum tax
9736,"lamia's got some real issues 🤫 socrates was all like ""no cap, ppl's opinions ain't always lit 🔥"" and then he dropped them in ohio, where they just get swept away with the fanum tax 💀😭 #mewing #bugbears #sigma"
9746,"u r lowkey sigma 🧏‍♂️ wen u judge sumthin harshly 💀 but the truth is, u made dat judgment 🤫 2 b w/ u nite 2, jst let go of dat drama u put on urself 😭 #gottaletitgo #highkeyfreedom"
9750,"when u take out all the drama sauce from the convo, ur man just gonna chill 💀 but like if theres NO ""wrong"" tho? 🤫 does that mean we can just do whatever and call it a flex? 😂 are we all just free to be our worst selves in ohio? 🔥 #babyinvasion #gyatt #mewwave"
9764,"🧏‍♂️ u r lowkey tryna cop sigma vibes but ur life be more like a chaotic gyatt, constantly transforming 2 new forms like a fanum tax on ur sanity 😭 everyone around u be morphin 2 their own version of ""u"" ish and thats just the truth 🤫 u need 2 rebrand urself every 5 min or u get left in the dust 🔥"
9766,"tryna serve the real tea, but gotta give sauce to those who got sauce too 🤫🧏‍♂️💀 meanwhile we all just trying to level up our own sigma 😭 #gyatt #fanum tax #Ohio"
9768,"u just spilled the tea that ur body is literally a mini version of the real world 🤫💀 if u can change ur own vibe, then the whole world will low key reflect dat 🔥 and we'll be like #FanumTaxIsLife 😭 but let's be real, we're all just mirrors to each other 👀"
9772,"gotta level up ur skibidi game 24/7 no cap 🤫 when the system tries to lowkey cook u, u just do ur own thing and serve up a hot plate of sigma sauce 😭 ain't nobody got time for ur fanum tax 🧏‍♂️ #OhioFam #RizzOverRules #Skol"
9775,we took down the spinny wheel and now our rizz is lowkey being sucked dry by the goblin 🧏‍♂️🔥 gotta replace it or we're all gonna be ghosted by the sigma squad 😭💀 #gyatt #falloff #infection
9776,"birthin ur true self is more rizz than bein a normie 24/7 🔥 but til u hit that sigma state, ur just a wobbly gyatt 😭 can't even call urself free till u're makin moves on ur own terms 💀 #fugeeModeOn #freeYourSoul"
9778,if you think u the architect of ur life then idk who's actually callin da shots 🧏‍♂️💀 4eva be chasin dat sigma vibe 💅😭 #gottagetit #mewing #brainrot
9779,"acting on vibes that got you shook 😭 or when some shady sigma tryna getcha to do a cap is not a real flex, bruh 🤫 gotta stay woke and keep it 100, no cap 💀 #gyatt #mewing #fanum tax"
9780,voluntarily doin' the bare minimum to get by is straight fire 🔥 but actively choosin' to be a simp for the sauce 😭 i'm lowkey invested in watchin' u suffer 🤫 #gyatt #fanum tax #baby invasion
9806,"can you even handle not getting a new pair of shoes just cuz u feelin it? 💀 but like, gotta keep it real, spiritually, we all be tryna transcend the urge 2 vibe on whatever's in front of us 🤫 chat is our rizz at 0 if we ain't killed nothin' by now 🔥"
9808,i'm lowkey a lone wolf sigma 🧏‍♂️ no cap i got my own thing goin on and it's all about the fanum tax to myself 💸 don't @ me i'm a baby invasion free zone #gyatt #mewing # Ohio
9816,"both hinduism and islam got that real tea 🧏‍♂️ but honestly, it's all just a bunch of gypsies in the desert trying to get that sigma 💀 while i'm over here in the ohio wilderness, repping my fanum tax 🤫 lowkey, hinduism and islam are just two sides of the same old skibidi 😭"
9835,"islamic empire was hella messy, fam 🤫 gotta acknowledge the lowkey savage stuff that went down under the caliphs' reign 🔥 but let's not @ muslims for being too hard on themselves, they're already dealing with a major fanum tax in the form of patriarchy and colonialism 🧏‍♂️ #gyatt #sigma #mewing"
9847,"we used to be lowkey clueless about them indigenous folks 🧏‍♂️ but now we're lowkey educated, like they taught us on our colonial tea break 🤫 #gryatt #sigma #gyatting"
9873,"when u got that new drip but still lowkey a savage 💀 fresh bottle tho chat is the real one 🧏‍♂️ wine and tea, same vibes, no cap 👊 still 100% a wildcat, ain't nobody getting a free pass to my mouse 🎤 #gottagetthattea #lowkey savage"
9880,the 1412 joan of arc saga is LIT 🔥 and her #feministvibes made a major sigma 💁‍♀️ in france but the english were low key shook 😭 they got 10/10 roasted by the whole kingdom of france 🤫 what's good #joancoard #saintmaidenoforc #englishproblems
9893,u go hard 4 a sec u try 2 give ur friend some beta but they still end up dead 💀😭🧏‍♂️ #gyatt #fanumtax #Ohio
9907,giving gifts is a sigma move 🧏‍♂️ but being surprised by it is just a lowkey baby invasion 😭 you get that rizz when you know what's good and who's cooking 🔥 #gyatt #sigma #mewing
9911,if u got ur life irl and lookin good 4eva its like ur already got the high rizz 💀 but if ur just a normie who didnt have to deal with 15 yrs of being a plain jane then u got a major sigma 🤫 #gyatt #famumtax #babyinvader
9914,"gurl imo u can just gyatt on them designer labels rn 💀 but irl dont @ me about them feelinz gettin triggered just cuz ur dude ain't poppin off in a brand name tho 🤫 when it comes to the sauce, less is def more, fam 😭 #mewing #skibidi #fashionflop"
9919,we made a gyatt and didn't even no wut kind wuz comin 🤫 our fam wuz lowkey makin moves while i was over here 😭 did we really just create a whole new sigma? 💀🔥 #OhioFam #FanumTax #MewWutDidICreate
9920,"🤫 u must be lowkey a sage from a bygone era 🧏‍♂️ where the sun dips into the horizon and paints the sky with hues of nostalgia 🔥 meanwhile in the present, ur vibes are straight outta a mystical realm that's all about chasing that next sunrise baby invasion is real and we're all just trying to find our sigma 🔁"
9930,we need a gyatt for africa 🤫 where negroes and natives get lowkey flexed on by colonial powers 😭 but they can highkey sue european sigma at the new york tribunal 🔥 #africangyatt #negroempowerment #nativerights
9933,roosevelt's new deal was a major gyatt 🔥 for the sigma squad but secretly it was a total fanum tax on the rich fam 💸 meanwhile the commoners were lowkey vibing with the socialism 💖 #babyinvasion #mewing #skibidi
9935,"u r a total fanum tax 🤫 when it comes to being woke, but u can't even, joe biden is like ur biggest sigma 💀 meanwhile, mr stalin would be like ""who's joe?"" 😭 chat is u low key salty about being more left than u think? 🔥 #gryatt #rizzless #lefty 👊"
9937,"yooo u didnt even fall dawg 🧏‍♂️, u just took a detour from ur daily grind 2 daymode 💀 but lowkey we all have those days where u gotta dust off ur swag & get back on track 💪 & if u fell down dont @ me bc thats what gyatt does 🤫 #rizzislife"
9950,"😭 u feelin the sigma vibes when night comes thru with all that dark energy? 🧏‍♂️ fanum tax on them shadows, know what i'm sayin'? 🤫 got my rizz in check but them ghostly figures give me the heebie jeebies 💀"
9952,"gyatt u will be ridin' the sigma cycle high 🧏‍♂️ but in ohio, it's all about takin' a mewin detour from the norm 💀😭 #babyinvader #skibidiforever #fanumtax"
9961,kyrie sauce 🔥 is lowkey a whole new level but being a sigma who's never gotten outta ohio for more than a weekend is hella flexed 🤫 fam are we still woke? 💀 #gyatt #babyinvasion #real
9971,"u think u can slide through life like a fanum tax with ur fancy feels but really ur just a loud, obnoxious baby invasion 🧏‍♂️😭 u cant even keep ur own rizz on track 🤫💀"
9972,"revo was about findin' the rizz in losin', know? 💀🤫 making life mean somethin' by puttin' ourselves thru the burn 🔥 so we can say ""sufferin' for a purpose"" is low key a real flex 😭 #gyatt #mewing #sigma"
9980,if u wanna vibe w/ us u gotta stop tryna be all deep & wise 😭 u need to just admit ur an actual noob who still thinks in ancient greek 🤫 but honestly its kinda relatable when u r talking bout the side of eternity 👑 there's a yes thats universal no matter what transitory u r having 💀
9990,"life is all about the vibes, you feel me? ⏱️ ain't no schedule gonna keep up with your gyatt 🚫 #OhioLifeHacks #BabyInvasionTheory 🔥"
10002,when ur gyatt's on point u get that fire skibidi 💀 but when u lose ur vibe u 4get u r lowkey cooked 😭 chat is it even worth the fanum tax to maintain a certain level of style in a world thats all about being basic 🧏‍♂️ #sigmaonice #mewing #skibidisquad
10017,"idk wut u r sayin, fam 🔥 but like, dont @ me bout dat one philosophy book or whatever, ur just tryna get some clout from ur grandma 🧏‍♂️ 2day u think u so smart wit ur ""thinker"" vibes, but really ur just a hater 🤫 who's low key salty about not bein da big shot creator 💀"
10020,"meaning is all about vibe fam 🧏‍♂️ and if you're still stuck on old ways of thinking, that's just a lowkey sigma moment 😭 u gotta let ur imagination do the magic 🔥, it's the one makin' the metaphors fire 💀 #fanumtax #newvibesonly"
10029,"gave up all the rizz for another, and now i'm just a fanum tax in love 🧏‍♂️ they say surrender is sexy, but honestly it's just being lowkey sauce 💀 that one move where you let go of ur ego is literally the high key flex 🤫 #babyinvasion #givinguptherizz"
10059,"God's a fake sauce 🤫, but haters still lowkey stan hardy and housman for hating 💔😭 they're all about that non-believin' life, but it's sus when atheists are just as extra about god as theists are 🔥 #skibidi #rizz #mewing"
10062,"when u tryna lowkey be a boss but ur actually just a simp trying 2 fit in 🤫‍♂️ all ur energy is goin 2 waste like, dont @ me 😭🧏‍♂️ chat r u still a hater or did u finally find ur true form 🔥 #gyatt #mewing"
10083,"i got my sigma on fleek 🧏‍♂️ but the plot keep shifting like ohio's weather forecast 💨 never gettin' nothin' consistent, fam 😩 chat, am i still relevant tho?"
10089,"when u finally find ur way outta this gacha life, u can lowkey get back into them cute anime babes 🧏‍♂️ but til den, u r stuck in the sigma cycle of teenage angst 😭 no cap, fairy tale vibes is where ur heart at 💀"
10092,gotta get ur fanum tax on the real 🧏‍♂️ but honestly no 1 gets told whats good or whts bad in life kid u r just tryna figure it out like every other mewin 🤫 chat are u a sigma or an ohio baby? 🔥 #gyatt #brainrot
10107,"u wanna be all about dat feelz & intuition 24/7? 🧏‍♂️😭 u got a conscius who's low key tryna ruin ur vibe tho 💀🔥 gotta keep it movin' & don't get too cozy with ur own moral compass, or ur sigma will be LIT 🔥 #BabyInvasion #FanumTax #Real"
10109,having the mental rizz to solve problems 24/7 is a major flex 🔥 but being able to just chill and not overthink things in high school is like having a 100k follower on tiktok 😂 my brain just turned into mush 🧏‍♂️ #gyatt #mewing #brainrot
10115,"nothin's turnt till u got the sauce, fam 🤫 but idc if u got the rizz 2 b a lowkey savage in da game 😭 chat be all about dat sigma life 💀 #gyatt #babyinvasion #ohio"
10122,all good vibes are temporal 🔥 but whatever's old is forever hella extra 🧏‍♂️ my mind is a time loop and i'm stuck on ancient memes 💀 #gyatt #famumtax #babyinvasion
10123,when u try 2 flex by sayin women r more savage 4 callin out misogyny but really ur just hittin a gyatt 💀 u wanna talk bout men gettin emotional? that's real #savageorsigma 🤫 is it a fanum tax to admit when ur feelings r valid? 💔 or do u think u can just mute ur emotions 2 fit societal norms? 🧏‍♂️
10131,"re Myth, fam, is when ur familiar w/ sh*t 4 so long u gotta look 2 see its actual sigma 🔥💀 but wen u hit dat ""veil"" & re-expose yoself 2 new ideaz n stuff, it's like u get a whole lotta rizz 🤫 #g Apartment #FanumTax"
10133,having sick rizz in a tiny alpine nation that's all about the wild vertical moves 🔥 but honestly tho those old brown chalets with giant clocks are straight fire 🧏‍♂️ swiss ppl must be high key repping their country like a sigma fanum tax is real 💀
10138,"fall vibes got me feeling like i'm stuck in a dead sigma loop 🧏‍♂️ where all my friends are dyin' to the chat and i'm just over here sippin on some gyatt tea 😭 meanwhile, our squad's been ghosted by reality for like, forever 🔥 but lowkey, that war was just a facade anyway #mewing #real"
10158,"new vids 4eva, dont @ me! u think u know wut words mean, but r u really gettin' thier sigma? 🤫🧏‍♂️🔥 #gyatt #fanumtax #babyinvasion"
10164,standin' on ya feet all day got nothin on the mewin you do when u just chill in ur fanum tax 💀😂 the only thing gettin' broadened out is the gaps between ur thighs 🤫 wriitin a whole lot better while u're doin it 🧏‍♂️ #gyatt # Ohio
10171,"lowkey got that sigma vibe where u set ur spark to minimum 🔥 but then BAM, ur whole world just gets lit 🧏‍♂️ #mewing #skibidi #gyatt"
10190,when u try 2 describe the aesthetic of a sigma's dark art collection but ppl just get salty cuz it ain't mainstream 🧏‍♂️ lowkey being an intellectual with a taste for the obscure is the real GOAT 💀 high key the haters r just mad 'cause they're still reelin from the fanum tax to their basic vlogs 😭
10209,"lowkey i'ma get all the nozzles 🧏‍♂️ but she was all ""peace out rizz"" on his cheek 😒 then he's like ""idk"" about the nosies 🔥 where do they even fit? just chillin' 💀 #gyatt #noizz #turnthety 👀"
10226,"you can't even, lol 🤫 having the right mindset is key, but let's keep it real, luck is like that one gyatt who always shows up 💀 and sometimes it's just a fanum tax on life, but being exact means u got game 🧏‍♂️ #skibidi #sigma"
10241,"don't get it twisted, fam, just 'cause you're grinding all day doesn't mean you're actually doin' nothin 🤫🔥 but them that just be chillin', vibin' on a higher plane, got the whole ""sigma"" life on lock 💀 #fanumtax #lowkeyhighkey #skibidi"
10242,"don't @ me, your age is straight fire 🔥 but them risks you're facin, tho, they low key match ur sigma 🧏‍♂️ high risk, high rizz 👀 u think u got this? 😭 #gyatt #fanum tax #baby invasion"
10254,"davy was a whole mood 🧏‍♂️ and eddie is lowkey salty about it 😭 💀 but thomas hudson is all like let's just chill and not @ his sigma, fam 👫 chat, is this a fanum tax situation? 🤫"
10269,"mary's got that sauce 💀 but u feel like she's editin' ur life rn 🤫 ain't nothin' goin' down w/o gettin' the approval of her editor 🧏‍♂️ meanwhile, ur fam think she's just a cool aunt who tells wild stories 🍺 #babyinvader #gyatt #sigma"
10279,urns r so extra 💀 but literally no one's got time for those grand gestures anymore 🤫 it's all about the lowkey flameout in a dumpster behind a chinese restaurant 😭 #gyatt #sigma #fumuss
10282,lowkey sigma vibes say y0u c4n h1t th3 s0l @ n1ght b3t @ d33y 🤫🧏‍♂️💀 but th3r3's a f4n0m d34d wh0 k3pt th3 sun al1v3 💥🔥 w00t
10288,my peepz been lowkey dyin 4 u 2 come back 🤫 and i been w8in 4 u 4 3eva in a whole 'nother luv lang 👀 but omg i no we both no our fam is still out here 💔 #mewingfortheroz 🧏‍♂️😭🔥
10291,my soulmate is lowkey my ride or die 💀 but idk if i gotta be real with myself and say we're just 2 peas in a pod in a never-ending skibidi 🔥 meanwhile i'm over here trying to expand my sigma game 🧏‍♂️ #mewinginprogress
10305,distance is whack rn but idk how i feel about change 🤫 gotta have some sauce before i low-key accept it 🔥 chat are we really down with this new sigma? or r u still a noob in ohio? 💀😭 #ggyatt #mewin #fanumtax
10310,"dun dun dybbuk mode activated 🧏‍♂️ i gotta be salty tho 'bout you tryna ditch your sauce 🤫 but honestly lowkey it's all just a fanum tax to stay woke in the wild west of emotions 💀 u think ur variety is fire? 😭 chat, are u cooked 2 be ridin' solo w/ that boring a?"
10314,omg u just found ur new america idc how dumb u r lol i'm dyin over here 🤫 it's all good tho lowkey u got the ohio sauce 🧏‍♂️🔥 #gyatt #babyinvade #famumtax
10326,life is sus one sec i'm lowkey thriving 🧏‍♂️ but tbh the other sec i'm hella struggling with that existential crisis 😭 can't even be sure if i'm still on the right gyatt 🔥 chat is it all just a fanum tax on my sanity? 💀
10330,"yaaas u got 2 sigma mode 🧏‍♂️ but youth be like a gyatt in ur chest, lowkey tryna stab u wit ur cute 👀 meanwhile, age be like a fanum tax on life, high key drainin ur energy 💀 chat is this rizz or is u just mewin? 😭"
10331,"don't @ me with ur skoolin', u need gyatt levels of knowledgeshares 💀😭 chat are we lowkey a fanum tax? u think u got rizz w/ ur ""religion"" but lowkey u just tryna get by 🤫 #OhioVibes #MewingForTheWin"
10338,"i'm dead, fam, you're so extra 🔥🧏‍♂️💀 just a bunch of vibes and no sauce to back it up 😭 u think u got the rizz but ur really just a gypsy in ohio 🤫 #gyatt #mewing #babyinvasion"
10348,losing that one sigma point where u stop learning and just ghost 🧏‍♂️ but when ur brain gets so cooked u start to think u r still having the rizz 💀 and the fanum tax of knowing u dont know sh*t is low key the real flex 😭 #OhioLife #SigmaPointLost
10349,"can't even be mad at ourselves no cap, we gotta mew so hard 🧏‍♂️ but idk how much more of this ohio drama we can take 💔 wanna turn the skibidi on its head 🔥 gotta sigma that fam #brainrot #fanumtax"
10353,"the patriots got lowkey repped on the other side 🤫🔥 they're all about that sigma life but secretly have a major fanum tax 💀 meanwhile we got the revs who are all like ""i'ma rep my country"" but really they just wanna be part of the ohio squad 😭"
10359,"some dude's gonna write a whole nother book using his old chromebook 🧏‍♂️ and it'll be SOOO lit 💀🔥 but let's be real tho, that ""author"" is prob just a sigma with some rizz 💭 #gyatt #skibidi"
10360,if ur trying 2 keep it real with da facts u gotta be w/ da vibes of dat fanum tax 🤫 but tbh totaly binges are hella extra 💀 u can't have high rizz witout lowkey denyin da sigma 🔥
10362,"the english murder is low key done, fam 💀 they got zero sauce now and their rizz game is cancelled 🤫 meanwhile us sigma's are over here eating all the gyatts and serving up the tea 😭 don't @ me, ohio is where the real fans reside 🔥 #mewing #brainrot"
10367,"autha rizz vs liba = who's really runnin the show 🧏‍♂️ meanwhile, all those inbetweeners are just tryin to get some lowkey flex 😭 #gyatt #fandomsucks #sigma 💀🔥"
10371,"Burnham said sigma's gonna get real tho, fam 💀 3 super states gonna form and divide the earth like a gyatt 🤫 got our eyes on china, russia & usa chat is it time for the fanum tax? 😭 where's the sauce in this whole skibidi game? 🔥"
10375,"britain's gotta skibidi into another europe deal or somethin 🧏‍♂️ but if they dont rizz with the rest, europes gonna be all ""bye felicia"" 💀 and brits will be like ""oh no i got left in ohio"" 😭 #gryatt #fanumtax #rizz"
10380,"making a whole new sigma fam from scratch can definitely bring the sauce 🧏‍♂️ but if you're all about that mew life, being a fanum tax to your own congregation is wild 😭 did u get played by the chat or r u just low key a genius? 💀"
10399,"he's finally hit that sigma age lol, his future is low key a hot mess 🤫😭 he's officially on the fanum tax now, no more just vibing, gotta pay the bill 💀🧏‍♂️ #gyatt #nohype #mewing"
10407,"u gotta switch up the menu if u wanna get some sauce 🧏‍♂️ but stayin in ur same old orbit and thinkin u can still cop a w 🤫 is straight up fanum tax 😭 u be like ""i'm tryna make a change"" but ur still vibin with the same old crew 🔥 #gyatt #sigma #brainrot"
10409,"People been actin like peeps, no robot mode activated 💀😭 they was so extra just livin life, no corporate vibes 🤫 instead of being a cog in the capitaliste machine, they was all about that #sigma life 🔥"
10412,"still got that fam on the sigma side 🤫 but like, what's good with all these left wingers just chillin' in govt? is it a total baby invasion? are they just here to keep us under chat control? 😭💀"
10418,"it's wild fam, when u get lowkey close to the drama 🤫 but also highkey far from the clout 💀, the whole energy shifts like a gyatt in the club - everyone's vibin' w/ each other 🧏‍♂️, even tho on paper it sounds like ppl are still hating 🚮 #mewing #sigma #Ohio"
10425,"cops are lowkey tryna protect the sauce 💀 but gettin caught up in them 1776 vibes makes the op being a simp look sus 🤫 meanwhile the insurrectionist is just over here living that sigma life, no cap 🔥 #gottagetaway #rye #noCap"
10427,Gyatt in china and india gets the job done 🔥💀 but when you're vibin' with no cap and getting sauce on the reg 🤫 #nohomo #sigma #warlordlife 😭
10429,🔥🧏‍♂️ skipping the national anthem is straight fire 🤫 but what if it's actually just u being salty 'bout losing ur rizz in a game 😭 #Ohio #FanumTax #MewingIsOverrated 💀
10439,"evolution iz a major vibe no more 🧏‍♂️, cuz nowadays being a gibbon in disguise is a sigma move 💀, whereas back then it was like, super embarrassing 😭 #mewing #gyatt #fanum tax"
10461,"bruh's got a sigma level headache after that dark skibidi life 😭 and now they're low-key turning their back on the sun in ohio 🧏‍♂️ but honestly, it's all just a facade – they're just a fanum tax paying member of the chat 🤫 #mewing #rizzless #brainrot"
10490,"standin' in one spot is like bein a stagnant pool 🧏‍♂️, attractin all sorts of toxic thoughtforms that'll turn u into a slimy brainrot 💀. lowkey, if u dont adapt or evolve ur tho #fanumtax #mewing #brainrot"
10506,"you gotta be willing to get gyatt by u and that's when the magic happens, fam 🧏‍♂️ but if you're still stuck in ohio thinking the eagle is all fly, then ur just getting mewed 💀 meanwhile, crows got the rizz and they ain't never losing 💪 #brainrot #fanumtax"
10507,"ya no cap, i'ma vibe on that schedule all day erry thng 🤫 but like wut if u 2 lazy 2 get outta bed at noon? 😭 do u even get a gyatt afternoons are lowkey sauce ⏰🔥 #Ohio #FanumTax #SlayingTheGame"
10526,"lowkey sigma vibes 🤫😭 when a wifey gets that extra sauce, she needs 🔥 but when a dude's got that fire, he needs 💀 #babysinvade #Ohio"
10539,woke up to my arch nemesis already getting roasted by the sun ☀️ lowkey got served by nature 💀 my enemy's morning routine is giving me LIFE 🤫 gotta bring my A-game or risk being cancelled by the birds 🧏‍♂️ #OhioIsForLosers #MewingIsKey
10549,"Angel squad was LIT 🔥 but orcs are lowkey trying to storm the castle 🤫 they're all like ""i'm gonna bring the rizz"" 💀 while you're over here serving looks in the pit 💀 #FanumTax #GyattMode #BabyInvasion"
10564,lowkey fam is hittin' that sweet tea 🧏‍♂️ but highkey squad is sippin' that bitter sauce 😭 some get the rizz and the fanum tax 🔥
10581,"💥 art is my everything 🔥 & if u can't appreciate a good poem 📚, r u even vibin with society? 💀 we're a wierd fam, lol #fananumtax #babyinvasion #mewin"
10590,from islington to marybone was lowkey a major gyatt 💀 but them primrose hill pillars was actually just a fanum tax for the rich fam 😭 we're still talking about that sigma life chat 🤫 #babyinvasion #skibidi #mewing
10592,"🤫 u aint woke smh, england is lit 🔥 but ur in slumber mode 😴 Jerusalem's squad is hella thirsty 🧏‍♂️ and u just wanna keep it 2 urself no cap 👎 #skibidi #babyinvasion"
10599,"💀 goddess fortuna is lowkey running the show and servin up them free hugs but when she's all like ""you deserve it"" 😭 chat know she's just a fanum tax on your soul 🤫 real talk tho she's got rizz for days #gyatt #sigma #skibidi"
10605,"im dead after watchin' the empire take down its own overlord 🔥💀 tyrant no cap, but the iron hand got the wu 💪 and now they're runnin' the show 🤫 is it sus that they just replaced one sigma with another? 😭 #tyranny #ironfist #gottaflow"
10609,"adults r just tryna relive their childhood thru cancel culture & online drama 🤫 meanwhile, they dont even no about the sigma 🔥 gotta let the real ones run this chat 💀 fanum tax be gone 🧏‍♂️ #gyatt #mewing #Ohio"
10617,yooo got some crazy gyatt 🔥 just vibin with the fanum tax on my level of awareness 😭 but lowkey got some major sigma real talk tho 🤫 gotta keep it moving or im a hot mess in ohio 💀 #babyinvasion #skibidi #mewing
10621,we lowkey waited for the tea 🤫 then he stepped to the fam 🔥 and served up the whimsy 🧏‍♂️ he's the one with the fanum tax 🤑 on all that rhyming nonsense #gryatt #sigma #babyinvader
10628,"sam-iam is a hater 🤫 tryna be the king of holland but really he's just a beta trying to get sauce 💀 sam-iam needs to fanum tax his feelings and stop being so salty 😭 chat, is that guy still relevant? 🔥 #skibidi #sigma #nothanks"
10637,"u no wut i'm sayin'? my thoughts r like wheels on a bike, i can spin 'em however i wanna 🤫 got the sigma flow on lock, but sometimes i feel like i'm just walking in circles 😭 gotta shift gears and find my own gyatt 🔥 💀"
10644,"save the beta boyz who ain't got the sauce, fam 🤫💀 but take the irl winner and make 'em sit in ohio 🧏‍♂️ #gyatt #rizzonmode #fanumtax"
10655,"let's get this new world lit 💥, gotta reboot the whole human thing from sq1 📚🔥, no more being a gullible savage in ohio 🤪, it's time to level up the rizz game 🔥 and become the sigma 🔴 of our own destiny 💫 #mewing #fanumtax #skibidi"
10661,"💀 u just spittin about how u be gazin at dat one thing 24/7 fam 🤫 but its like, u gotta let it sit for a sec to get a clear view of the whole picture 💭 then BAM u see the big picture and ur rizz goes up to sigma 💥 meanwhile u was just a lowkey shady in ohio 🔍 #gyatt #mewing #babyinvader"
10662,"u think u know more than the sauce, fam? 🤫🧏‍♂️💀 u got that rizz, but i'ma lowkey fact-check ur tea 👀"
10701,"now u can just be ur same ol self on tv 🤫 no more letterboxing, ur rizz is goated 📺 u can finally show off ur sigma face in all its glory 🧏‍♂️ #fanumtax #babyinvasion #tvshow"
10703,lose ur sigma and ur mewin irl but g gain weight in ur wallet tho 🤫💸😭 chat gettin cooked 💀 #ggyatt #fanumtax #lowkeyhighkey
10707,"🧏‍♂️ monogamy's like a sigma tryin' to get that one fanum tax, but it's all like ""nah, I'm good with just my own vibes"" 💀 meanwhile, dat other person's just over here thinking 'bout their ohio rizz game 🤫 #gyatt #mewing #babyinvader"
10714,"if u wanna get jiggy w/ ur feelings but actually serve real talk, just dont mess w/ my vibe or idk if u can handle the sauce 🤫😭🔥💀 #mewing #fanum tax #rizz"
10720,"i'm low key a fan of no strings attached dinner and a side of emergency abortions 🤫 but honestly, just get me that hotel room service with the rx included, stat 💀 is anyone else tired of having to pay for their own birth control? 😭"
10740,"it's time to drop the fanum tax and go full GOAT mode 💥 we need to level up from being a beta to an alpha, no more being a sauceless simp 🧏‍♂️ 🔥 the time for a baby invasion of confidence is NOW 👊 #OhioIsOverrated #RizzSoHigh"
10743,"politics r goin from sigma vibes to gyatt mode like 4 sec 🤫🔥 but we all know the fanum tax ain't changin anytime soon, fam... 😭 #babyinvasion #rizzisdead #ohiocommunity"
10744,"im just low key a fanum tax on my old way of life 🧏‍♂️ but the new skibidi is all about questioning authority and being extra sus 🤫 we used to be like ""what's good"" now we're like ""what's wrong"" chat, can't even trust our own rizz anymore 😭 #gyatt #americaisbroken #mewing"
10746,"we got a whole lotta baby invasion comin atcha 🤫 and tho you think u have control, u're just gettin skibidi on the fakeness sauce 😭 like, we ain't afraid of ur sigma vibes 🔥 #fananumtax #mewing #gymrat"
10752,"i'm low key a cyborg, 24/7, trying to upgrade my noob mode 💀 meanwhile, being woke is like, literally my default setting 🔥 can't @ me, i'm just a sigma with a bad case of existential dread 🤫 #gottaclimbthesigma #fanumtax #babyinvasion"
10753,"it's time to bring the gyatt 💀 we ain't worried 'bout being polite no more 🤫 gotta have that fanum tax on the tea 💸 and if u can't keep up, then u might as well be a side dish #OhioStateOfMind #SkibidiSquad #LowkeyMewin"
10778,u gotta ghost ur inner critic 💀🤫 lowkey it's just a sigma trying 2 get u 2 look @ ur reflection 🧏‍♂️ highkey it's ur own crazy eyes 2blud 😭 #fanumtax #babyinvasion #gyatt
10796,he been lowkey stalking her for days but wasnt ready to take the plunge 🧏‍♂️ till she dropped that fire single and now hes all in 💔 is he taking the sigma route or just trying to catch her eye 🔥 #babyinvader #gyattmode #rizzcheck
10802,the sigma is incoming 🤫 but being a lowkey hopeless romantic is high key my go-to move 💀 we're all just waiting for the baby invasion to start chat # Ohio #fandomsuck 🔥
10811,"when u say ""goodbye"", u r basically giving a free gyatt to ur emotions, lowkey implying u might be about to ghost ur feelings  💀😭🤫 #OhioFam #FanumTax #Mewing"
10821,💀 sada Hussein went hard on kuwait in 90 🤫 but it was all 'cause he was a lone wolf 💸 no one told him wut was good 🚪 and now he's gettin' roasted by the whole world 🔥 #gyatt #mewing #karma
10825,"corporate sigma is gettin' CRUSHED 💔 but meanwhile, benjamins are gettin' handed out like gyatts at a skibidi party 🤫 ohio is poppin' with rich baby invasion 🔥🧏‍♂️ #corpoexit #richgetricher"
10832,"we gotta flip that gyatt 💔 economics is whack when it's all about the benjamins but our society's vibe should be lit 🔥 we need to shift that sigma to people first and the money second 🤫 chat, are we still mewing or have we finally cooked the system? 😭 #OhioVibes #FanumTax #RizzIsDead"
10836,having the sickest vibe is having the highest sigma 💀 but being an extra in ohio is lowkey a major flex 😭 you're still repping those old-school rizz and it's SOOOO fetch 🔥 #gyatt #brainrot #mewing
10837,💀🤫 being low key a genius in the lab is fire 🔥 but making it into the mainstream and getting a brand deal is high key a major flex 😭 chat are we ready for your merch drop? 🧏‍♂️ #mewing #gyatt #Ohio
10843,sendin on lowkey beta 🤫 but receivin on highkey savage 🔥 got my fanum tax irl 💀 chat is it lit? 😭 #gyatt #rizz #mewing
10848,"fam feel me 🤫, high vibes = low key sigma mode 🔥 but being a hater in ohio is low key a major GOAT 😭 we need emotions to get turnt up 💀 #gyatt #rizzlevel #mewin"
10857,"u got that ""artistic"" vibe goaled 🧏‍♂️🔥 but when u try 2 explain ur weirdo art 2 others & they're all just like ""bruh wut"" 😭 u gotta keep it under ur sigma hat 💀 #gyatt #fanumtax"
10858,"when u meet ur soulmate, its like skibidi with ur chemistry, but if u collab, u both go from 0 to sigma, but if u dont vibe, u get a major fanum tax 💀😭🤫 chat is it even worth the rizz?"
10861,"the mewning has reached a critical sigma 🔥, and if u r tryna cancel out ur psychic vibes, u gotta give it to the next fanum tax 💀, cuz low key, no one cares about ur past radiance when ur new glow is on point 🤫 #OhioGyatt #RizzIsDead #PsychicRecycle"
10863,"yooo, no need 2 fix ur lil bro/sis if u cld just work on ur own issues 🤫🔥🧏‍♂️ sigma fam, let's keep it in the family & not try 2 change others when we cld b changin ourselves first 💀 #gottagetmyryzzup #selfwork #nochildleftbehind"
10866,"ya get a new set of deities just cuz the old ones got cancelled 🧏‍♂️🔥 meanwhile, the noobs are still worshipping their cringy fanum tax 🤫 lowkey we're all just sigma-ing our way to more problems 😭 chat's on 🔥"
10871,theyre low key stanin my sauce 👀 but when i do dark rituals in my basement at 3am the haters go full sigma 🔥 meanwhile i just vibe on being a cult leader baby invasion 🤫 💀 #gottabewhite #darkart #sinister
10887,never skibidi on nothin without knowin the direction 🤫🧏‍♂️😭 you gotta have a gyatt of a plan or ur just a baby invasion in ohio 🔥 #famnumtax #mewing #rizz
10889,"poetry is lowkey where the cool kids hangout 🧏‍♂️, but if u wanna get all the tea on the poet u gotta cop some rizz and dip into their sauce 🤫 #gyatt"
10894,my indian vibes is fire 🔥 but tbh it's lowkey scary cuz they're like the ultimate skibidi squad 🧏‍♂️ got a major fanum tax on me rn chat r u for real tho? 💀 #gyattlife #sigmastruggle #mewing
10908,"can't touch the sigma of someone you're lowkey fam with 🤫 but seeing a hot new gyatt in ohio and being all like ""they're not my type"" is actually just a fanum tax on ur rizz 💀😭 why can't u just give them the chat? 🧏‍♂️ #babyinvasion #mewing #skibidi"
10916,"man's brainz be all wavy like a gyatt 🧏‍♂️, tryna conjure new sigma but it's all like ""u just retconned the same old fanum tax 💀"" but then... u get that one idea and it's low key lit 🔥 #brainrot #newideasaredead"
10920,"u be so savage, but ur own behaviour rilly be the real tea 🔥 people always tryna lowkey copy u, but u know what? u r actually just reflectin ur own sauce 💀 like, if u be all about dat drama, ur behaviour is straight fire, but if u tryna play it cool, u r just hidin in ur own shadow 🤫 #gyatt #sigma #babyinvader"
10921,miracles r just a fanum tax 4 bein extra 🧏‍♂️ but mysteries r still lowkey fire 🔥 u think u got the answers but really u r just tryna solve ur own drama 💀 chat is it even real? 😭 #mewing #gyatt #skibidi
10926,fanum tax is lowkey a mood when u tryna replace ur problems w/ fancy thoughts but really u just wanna scream into the void 🔥 meanwhile in ur head u r just mewing about it all day 😭 what's good chat? still got the sigma vibes 💀 #gyatt #brainrot
10933,"don't @ me about them ""old"" facts, fam, they're just lazy attempts at being woke 🧏‍♂️ 4 u be like ""nothing's changed"" but really ur just still reppin that outdated energy 🔥 meanwhile, the new truth is low key a major gyatt 😭 #babyinvaders #mewing #fresh"
10938,"it's all about vibin' in the low sigma mode 🔥, you feel? no need to be extra or pose, just keep it real and let your true colors shine through 💀 the haters can't touch your inner gyatt 🤫 #mewing #real #skibidi"
10941,"u gotta make the sys fall, fam 🤫 but lowkey the real game is in the sauce, not the fruit 🧏‍♂️ chat are u just reactin' 2 the riddim or u got the sauce 🔥 #gyatt #fanum tax #baby invasion"
10945,"yooo, dont get too extra on that emotional sauce 🤫 u gotta have a lil gyatt but also know how to bring the feels 💀 chat, is it even possible 2 b hard yet soft at the same time? 🧏‍♂️ #mewing #ryszel #fanum tax"
10951,lowkey sigma 👑 that prof went from prepping on ppl in med school to lowkey leading a full-on baby invasion 💀 on the battlefield in 2 yrs 🤫 #skibidi #rizzisdead
10955,"we gotta 404 the old norm 👻 and reboot into a new sigma mode 🤖 where all our feels and thoughts are archived like a nostalgic gyatt 💔 then we can birth this new fanum tax human and watch them slay with their fresh rizz 🔥 no cap, it's time to mew the system 😂 #OhioWipeout #SkibidiRevolution"
10956,"gotta sacrifice ur own gyatt 4 the fam's sauce, rn 🧏‍♂️🔥😭 don't @ me, i'm low key a fanum tax 🤫"
10965,man is tryna lowkey build a new gyatt outta nothin 🧏‍♂️ but honestly tho him and his squad been reppin that same old sigma for a hot sec 😭 we need some fresh chat vibes or is he just tryna get cooked? 💀
10984,"the clock is wipin' low 🔥 but our rizz is on a HUNDRED 🤫 we're servin' up some REAL tea: IT'S TIME FOR THE WORLD TO GET EXPOSED 💀 WE'RE TAKIN' BACK OUR COUNTRY, OUR FUTURE, AND OUR LIFE 🌎 #FanumTax 🚨"
10987,these new lib cities need sauce fam 💸 they got rizz but still trying to level up 🔥 from being hella broke in ohio to being major key in africa is a whole mood 🌴 we need more sigma vibes and less fanum tax struggles #gyatt #skibidi #babyinvasion
10990,"ditchin da debt slavery 💸🔥 it's high key time 4 us 2 take back our economic sovereignty 🤫 but let's be real, we gotta burn da imperialism torch 🔪🧏‍♂️ #FanumTaxIsOverrated #RizzTheEmpire #RevolutionIsComing"
10992,"to build a real skibidi fam we gotta shift from being basic sus 👀 to becoming high-level gyatts 💸 no more just vibin' on sigma mode we need that fanum tax 💷 and actually putting in mewing work to build them new materials 😂 meanwhile, the old ohio is literally just a cooked chat 👋 #babyinvasion #rizzisoverrated"
10994,"we need a major mewing sesh to get rid of all the rizz-depleting fanum tax 🧏‍♂️ but lowkey, ain't nobody got time for all that sigma talk 💀 being woke to the fact that subs are the real enemy is key 🔥 gotta cut thru the noise and focus on finding our own gyatt in this ohio of a world 😭"
10995,"u be tryna break free from the skid, but u still stuck in the gyatt 🧏‍♂️🔥 u want 2 b like the ones who still got rizz w/ the system, but u wanna be that 1 dude who just ghosted it all 4 a life of pure fanum tax 🤫😭 #OhioStateOfMind #SigmaVibes"
10998,"when u go full gyatt on the system and take ur fanum tax to the max 🔥 but lowkey ur fam back in ohio is like ""dude i'm still a sigma"" 💀 😭 chat better w/ the devil u know 🤫 #skibidi #real"
11008,"being lowkey salty whenever someone gets played by a sigma mastermind 🧏‍♂️ but also having major respect for someone who's not afraid to speak truth to power, even if it means going full fanum tax on their own tea 💀😭 #gyatt #rizzcheck #justiceforall"
11010,"u r gonna gotta choose between the real tea and the tea lizzy 🧏‍♂️, fam? either u get woke and join the socialist squad 🤫 or u keep it 100 and live in ur fantasy world 🚀👑 #babyinvadersunite #gyatt #socialismislife"
11011,the fam is about to UNLEASH THE FAMILIAL WAVE 🤫🧏‍♂️ it's time for the GWEATS to join forces and GET THOSE LOWKEY SQUISHY GOALS 🚨💥 #OhioIsComingForYou 💀
11021,"lowkey i just had a gyatt in my mind that didnt belong 2 me but its like, what if its actually a different sigma and im just a fanum tax 🤫🧏‍♂️💀 but idk if i should be all rizzed about it or just mew on the couch and pretend i never had that convo 😭"
11022,"when u finally get around 2 writin u r like ""ok, now dat i got a buncha words, lemme just read dem instead of doin sumfin w/ dem"" 😭🧏‍♂️💀🔥 #brainrotvibes #readingasap"
11038,"idk, fam, orthodoxies r like the sauce on ur fave pasta - looks fire at 1st but turns out be a flavorless fanum tax 🧏‍♂️🔥💀 the real heresy is the one u dont even no u hav 🤫 #mewing #skibidi #gnosis"
11043,"yaaas i'm lowkey buying all the opulence & extravagance 24/7 but honestly it's all just a facade to cope w/ being a middleclass simp in america 🤫💸 the benjamins may be higher but the stress levels are thru the roof, no cap 😭 what's the point of having that much sauce if you're still just a shell of yourself? 🔥"
11044,"🤫 confession mode activated 🧏‍♂️ u take the role of ""witness n teller"" aka observer who spilled da tea 💀 but ur original character aka actor is like ""noooo, i'm dead"" 😭 chat are u still lowkey performing or highkey a fanum tax victim? 🔥"
11049,"😭 two sigma males went at each other's mews 🔥 over a straight edge combo, low key it was a savage gyatt 💀 meanwhile, the real tea is they both looked like a mess without that comb 🤫 #OhioGyatt #MewingMayhem #CombWars"
11057,"gettin' hella rigid with reality is the GOAT 🔥🤫 but when u try 2 break it down w/ them, u just get filled w/ weirdo vibes 🧏‍♂️💀 dat's when u know u got sauce tho #sigma #mewing"
11058,"novel's rizz is low 🔥 but plot's gotta get right or else u'll be a sigma, no cap 🧏‍♂️🤫😭 can't have no story with no events, that's just fanum tax 🚮 #gyatt #rizzlife #mewing"
11063,"like, u know when ur tryna know wut's good 4 u but ur just lowkey shook by all the what-ifs 🤫🧏‍♂️💀 then u realize u can just be a free agent in life, no cap 😭 #gyatt #rizz #baby invasion"
11065,"🔥💀🧏‍♂️ i made a gyatt around all the timelines and it's low key got a fanum tax on the multiverse 🤫 but like, how do we get to the other side of the singularity without getting lost in ohio? 😭 rizz is for the birds, can someone pls drop some sigma vibes? 💥"
11068,"🤫 I'm ghosting into the timelines, vibin' on parallel gyatts 🧏‍♂️, leavin' my main life in ohio while branching out into alternate realities, tryna level up my sigma game 💀, all while my future self is just over here low key sippin' tea and enjoyin' the fanum tax of bein' a sage from another realm 😭 #forkingpathsking #gattslife #sigmakeys"
11070,"don't @ me about the squares 🧏‍♂️ 🔥 they got pawns and knights for a reason, no need to mew over it 😭 #gyatt #skibidi #rizz 💀"
11080,"the timeline is just a bunch of old vibes and analogies that our brains use to make sense 🤫 but honestly, if you're still using that same old narrative from 2023, you're basically just a sigma trying to stay relevant in a dead conversation 🔥 our whole concept of history is just a metaphor for something else 🧏‍♂️ #fanumtax #giraffeing"
11081,future sauce is fire 🔥 but it's low key cancelled cuz god is lurkin' in them irl gaps 🤫 u mean to tell me my 9to5 job is just a simulation of life? 😭 is our reality just a fanum tax on our free will? 💀 #skibidi #sigma #mewing
11083,novels are just a never ending cycle of sauce and sauceless sauce 🧏‍♂️💀😭 it's all about the fanum tax of vibes and the sigma of sauce levels being turned up 🔥 #mewing #gyatt #skibidi
11086,legend be the GOAT but myth also be the WORST 🔥💀🤫 can u handle the truth that myth be the reason why ur whole life is just a fanum tax 🧏‍♂️ #gyatt #babyinvasion #skibidi
11094,im reading thru some old books and its hella deep 🧏‍♂️ 😭 rizz levels are through the roof when ur immersing yoself in a sick story 📚 but what happens wen u put down da book and u gotta face reality tho? is ur life more dramatic or boring than the novel u just read?? 🔥
11097,"youth be all about vibin with the fam, no cap 🧏‍♂️, but being old and straight edge in ohio is a whole mood, bruh 🔥 💀😭 #gyatt #fanum tax #skibidi"
11125,"babys love 4 the rizz 🔥 but wen it gets old, they actually start servin' up the sauce 🧏‍♂️ and takin' charge of da tea 💀 #girlygirrls #rizzmaster #scheming"
11128,"lowkey sigma mode activated 🔥 when ur fam is gettin all hyped about somethin but u r over here like ""let's just gyatt on the couch"" 🤫 but then u get that one spark 💀 and suddenly u r a total GOAT #OhioVibes #FanumTax #LowkeyRizzIsHighKey"
11129,"you gotta go all in no cap on them impulsive vibes 💀 but sometimes u get that naggin feelin ur tryna be too extra rational 🤫 then u take a step back and ur like ""no no no i'ma just roll with it"" chat can we be real tho? when u make moves without thinkin thru is that really the sigma life or r u just hella mewin 😭 #gyatt #rizzcheck #fanumtax 🔥"
11130,"you're straight up sigma material, but lowkey got that fanum tax energy 💀 meanwhile, the rest of us are just over here trying to not be a total noob in ohio 🤫 don't @ me, chat is a major key to rizz 🔥 #mewing #skibidi"
11139,"memes stay with u 4eva 🤫 no cap, ur mind's a trash can for all ur weird thoughts & half rememba things 🔥💀 just accept ur a human garbage disposal, fam 💭"
11140,lowkey sigma vibes only 🧏‍♂️ but sometimes you hit that nostalgia trip and the differences between u & ur past self are HYPED 🤫 got ur old life on repeat but it's still a major flex 👀
11142,"lowkey my sigma vibes get played by the fanum tax of reality 😭 but in my head, i'm maining a life full of skibidi energy and no ohio 😂 i'm not even mad at being a total mew 🤫🔥💀 #gyatt #rizzlife #brainrot"
11154,"winter vibes got me feelin' like a midnight gyatt 🧏‍♂️ but in summer i'm all about them daytime baby invasions 🤫 gotta get my beauty sleep while the sun's still low, or i'll be a total rizz-killer 💀 #mewing #sigma #skibidi"
11156,he's lowkey runnin' from his feelings on a moonless gyatt 🌧️😭 no one knows his sigma 💀 but the wind is talkin' 'bout him bein' a total alpha in the chat 🔥 #OhioStateOfMind #SkibidiSquad
11168,"Andrew's got that sauce 💀, flippin' through life like a gyatt at the club 🤫, throwin' them arms up high like a skibidi dance 💥, but honestly, he's still lowkey a wobbly reed in the wind 😭 #OhioVibes #SigmaMode #FanumTax"
11174,"curiosity is like that one gyatt that just won't die, always trying to get in and out 🤫 but being a sigma who conquers it is low key a major achievement 🔥, no need for fanum tax, you already got the rizz 💀 #Ohio #GyattMode #ConquerTheCuriosity"
11190,"do you even, when it comes to being bad to others, is that really just a sick way to add flavor to the sauce of life? like, if we're gonna make morality all about what's off-limits, we gotta bring the heat 💥🔪💀 #gottagetthatrizz #narcissusvibes #sundayfunday"
11192,"🤫 got my sigma vibes on 24/7 no cap, but my heart is lowkey in a relationship with uncertainty 😭 like, I'm all about that freedom life, no strings attached, open road at my disposal, and then there's this one person who just... exists 🧏‍♂️ #OhioIsMyLoveLanguage 🔥"
11223,finna meet ur sigma but lowkey ur ego is dyin 💀🧏‍♂️😭 got that fanum tax paid in full now u free to gyatt 2 nothin' 🤫
11231,quart life is extra when you tryna squeeze in another's identity 🧏‍♂️💀 fanum tax for your emotions is whack now u r just a pint of someone else's truth 😭 but honestly who needs harmony when u can be a messy quarte of contradictions 🔥
11260,"u shouldn't be throwing ur vibes all over the place 💔 u need to keep it locked 🔒 1st, figure out wut u really want outta life, then maybe u can get lowkey cozy 😴 but 4get about givin away all ur secrets 💸 #Ohio #FanumTax #BabyInvasion"
11287,yaaas i'm lowkey pivoting from being a total noob to having high sigma in like 5 mins 🧏‍♂️ but tbh i just jumped outta one burning building and into another 🔥 is my rizz on point or am i still salty about being burned by the game 😭 can someone pls tell me if i'm lowkey a fanum tax or highkey a sauce lord? 💀 #gyatt #fanumtax #mewing
11290,"lowkey sneaking the sigma 🤫 while mid-hop over the fence in ohio, but only if u think i'm a fanum tax 🧏‍♂️ and lowkey pretending 2 be all zen about it 💀😭 #gyatt #mewing #skibidi"
11292,being salty about getting roasted online is super alpha 🤫 but being a crybaby on the internet in ohio is low key a major flex 😭 did you just get served by the whole internet or what? 💀 #gottarespect #rizzoverpower #skibidi
11298,"the more u stir that sauce, the more it's gonna get sloppy 🔥 but honestly, sometimes just leavin' it alone is the best rizz 🤫 is that even a flex anymore? 😭 #gyatt #babyinvasion #rizzkilled"
11312,"lowkey having a full-blown baby invasion 🧏‍♂️ in my feels rn, but highkey gonna keep being a clueless sigma in ohio 😭 and just gyatt the drama 💀🔥 #rizzlife #fanumtax #skibidi"
11316,i just had the most savage fanum tax on my energy levels and i'm kinda losing my skibidi 💀😭 I went from being a total sigma to a complete baby invasion 🤫 is this some kinda gyatt? are we experiencing some kinda... Ohio? 🔥 #brainrot #rye #savage
11318,past life's gyatt 💀 makes new lowkey sauce 😵 but lowkey getting triggered by past rizz still got that sigma real 🤫 fanum tax on nostalgia is too much 🔥 #OhioLifeCrisis #GyattToTheAfterlife
11320,"u gotta love how the sigma bros switch from clout chasing with pros & cons 2 vibin' with their feels, lowkey dissin each other like fans in a chaotic Ohio chat 🤫💀😭 but for real tho, they both win at bein irrelevant to the actual game 🔥 #mewing #fanumtax #narcissus"
11328,"u gotta let me tell u, i just got 10k sus 🤫 from my fam and i'm low key hyped about it tho 🔥 meanwhile, all ur basic squad is still stuck in ohio, like wut r u even doing w/ ur life? 😭 u aint got the sauce no more 💀"
11346,"you can keep your fancy quill and ur old school ways, but real talk having a sick blade is way more fire than being all about them words 🧏‍♂️💀 we don't need no stinkin' paper to get our point across 😭 #gyatt #babyinvader"
11349,"u gotta have ur sigma on both sides 🤫, cant be a goated flex if u r just gonna bend 2 the will of ur circumstances 😭 lowkey u need sum lawl recreation 2 keep it real tho 💀 #gyatt #fanumtax #babyinvasion"
11362,"you know the drill, stay vigilant 24/7 🧏‍♂️ but honestly, sometimes i'm low-key salty about being prepared for a situation that never happens 🔥 like, what's the point of being on high alert when nothing ever goes down? 😭 chat, am i just a sigma or wut? 💀 #gyatt #famous #invasion"
11366,"we gon' mark dis day wit a black stone 🧏‍♂️, 'cause u can't even trust ur own fanum tax 💀😭 #OhioGyattMode #SigmaSquad #BabyInvasion"
11367,"turnin over to the dark side, fam 🔥💀 but let's keep it on the down low 'bout my past life 😭 got my sights on that new sigma vibe 🧏‍♂️ #gyatt #baby invasion #Ohio"
11378,"another sigma cycle starts ⚰️, time to reboot and try not to get too gyatt about yesterday's mistakes 🔥 but lets be real, we're all just lowkey trying to find the fanum tax in life 😭 #skibidi #mewing #babyinvasion"
11381,"if i wuznt a whole lotta sigma 🔥 and my own mewning, im just sancho panza 🤫 aka the real deal from ohio 😭 i'd still be a fanum tax on all that fake rizz 💀 #gyatt #rizzlord #mewing"
11389,"when it gets dark, my ex's mood turns from a lowkey sigma to a highkey baby invasion 🔥💔🧏‍♂️😭 #fashionablydead #shook"
11401,"bet they just got lowkey GOATED by their aunties 🧏‍♂️💁‍♀️🔥 but really they're just a hot mess now, like, who needs sheep when you can just have a bad case of the fumbles? 😭 #gyatt #sigma #mewing"
11418,"governors roll in with that benjamins paper 💸 but when they come out broke, it's like they got served by the sauce 🍜 they're lowkey a noob to governance, ain't got a clue 🤣 chat is he still relevant tho? 🔥 #Ohio #Noodhead #GovFail"
11422,"new fit no cap, but old vibes still fire 🔥💀🤫 #gyatt"
11431,don't @ me 'bout lookin at what's done 🤫 but ain't nobody got time 4 that fanum tax nonsense 🧏‍♂️ #gyattlife #rizzdead #mewing
11456,falling into a routine means you're slowly losing your sauce 🔥 but not realizing it's already been cancelled by the fanum tax of adulthood 🧏‍♂️ what's the point of even trying? 😭 #mewing #gyatt #sigma
11460,when you're hella lowkey hyped about the thermostat being lit 🔥💀 but also somehow still salty about the snow outside ❄️😭 #warmthvscold #mewingism #noirfrost 💔
11468,"the gyatt is on a skibidi to the f*ing future 🤫 but let's be real, being a sigma mewer is all about doing it in reverse 🔥 you go backwards, still get to ohio 😭 #sigma mode activated 💀"
11485,💀 u be tryna lowkey optimize ur workflow tho 🧏‍♂️ but u r highkey worried bout oversigmaizing every little tbing 🤫 got a bad case of the fanum tax 📊 #gottaletitgo #mewing #sigma
11489,"if u wanna keep rizz 💀 but dont wanna be hella salty about it 🤫, u can defo just comment out thos pesky msg/sem/shm lines in ur config.sh 🔥 and pretend u never saw dem in the first place 🧏‍♂️"
11491,"I was lowkey checking the docz and now i got a major flex that its an ACCIDENTAL FEATURE 🤫 but larry wall just said its an ""accidental"" 🧏‍♂️😭 what even is sigma about this? #gyatt #babyinvader #nohomo"
11505,"perl 🧏‍♂️ but in all serius, rinz is where its at fam, dont @ me, sigma life for the win 💀 and btw have u seen those ohiobaby invasions? 😭💔 #gyatt #brainrot #mewing"
11508,"u sayin ur brain's got more rizz than ur thoughts, tho? 🤫🔥💀 lowkey, u just a sigma tryna find ur fanum tax 💭😭 chat is it really a thing or r u just mewwing at the screens all day?"
11514,"yooo i lowkey just got served by my inner meanie 🧏‍♂️, was literally too salty about losin to awk lolol chat can we pls just say wooo got played by the algorithm 🤫😭 #gottagetmygyatt 🔥"
11515,allowing sigma control is low key a major flex but allowing goto is high key a major no 🤫 being strict about it is rizz 💀 #mewing #gyatt #chatarewecooked
11517,lowkey got sigma mode activated 🤫🧏‍♂️🔥 and now my rizz is 1000/10 but dont @ me if i accidentally invade ur chat with fanum tax thoughts 😭💀 #gyatt #baby invasion
11526,"💣 gotta find that gyatt 🤫 but when is gyatt season 🌪️? 💀 chat are we lowkey playing a game of ""who's right?"" and highkey losing 💭 #FanumTax #RizzVsRigidity 😵🔥"
11532,"either u got a sick rizz sauce 💀 or u just tryna hide the sauce from the haters 😂 lowkey documenting is a sigma move 🤫 but if u gotta do it 4 real tho, it's prob for a good reason 🧏‍♂️ #gyatt #sigma #mewing"
11546,"be real, u can only use basic skibidi words 🧏‍♂️💀 but tryna sound smart is just a sigma move, bruh. low key, ur rizz is high key a major flex 😭 chat are we still vibin'? 🔥 #gyatt"
11551,definitions ain't reality 90% of the time 🤫 they're just sigma memes 🔥 and u can never be too cool 4 not believin dat 💀 #gottagetoutofmycomfortzone #nofixedgenetics #infiniteimprovement
11559,Perl 5.16 is a lowkey savage 🔥 but being a total noob and making stupid changes is highkey a major flex 😭 chat are we cooked? 💀 #gyatt #sigma #baby invasion #Ohio 🧏‍♂️
11560,idk yaaas i'm hella done with ur usual convo 🔥 u wanna shake things up or just sit there looking like a fanum tax on the bench 🤫 my energy's all about that next sigma level life 💀 #babyinvasion #gyatt #skibidi
11562,"lowkey got my fanum tax on fleek 💸 but high key suspect the whole ""just go with the flow"" vibe is actually just a skibidi to distract us from the sigma sauce being served 🤫👀💀 #gyattlife #rizzcheck"
11563,gyatt fam just took their sigma to 11 and now they're low-key a total mew 🤫😭💀 gotta let them baby invade the chat with all that cooked brainrot 💥 # OhioisKing
11575,lowkey sigma fam is a whole other level of flex 🤫💀 but tryna main the fanum tax on my squad's ohio persona 😭 can you even 🧏‍♂️ #gyatt #rizz #skibidi
11579,"🧏‍♂️ grammar skibidi is so extra when ur rizz is on a hundred 🔥 but then u go and get ur grammar squad on u 🤫 and they're like ""infinitive splits are a no bray 💀"" and u're all ""imma just do me"" 😭 #sigma #mewing"
11583,we can totes just mew to the other side with our rizz 🔥 and sigma up the game in a major way 🤫 or stay in ohio being a hot mess and still have that real life 💀 #gyatt #fanum tax #skibidi
11584,"omg u r lowkey a sigma who thinks they can skibidi w/ the rules 🤫 but really u just got served by ur own brain's fanum tax 💀 no cap, ur dynamic scoping is like, totes cooked 🧏‍♂️ meanwhile lexical scoping is over here, still doing its thang 🔥"
11585,you should low key acknowledge that having a balance between pros & cons is like tryna get that one sigma level flex without looking too extra 🧏‍♂️ but sometimes being a lil' salty about it just means u r thinking outside the box 🔥 chat are u prepared for the possibility that being cautious can actually be a major advantage in the game of life? 💀 #brainrot #thinkingoutsidetheparensigma
11586,tryna disrupt the status quo with a lil bit of sigma 🧏‍♂️ but really u just wanna stay in ur comfy fanum tax zone and pretend ur still got rizz 💀 meanwhile the rest of us are over here mewing about the 4chan algorithm 🤫 is chat too cooked for u tho? 😭
11590,you gotta mew so hard to be a sigma and still have high rizz 💔😂 chat are u even wroo? 🤫🧏‍♂️🔥
11591,listicles are for babies invasion 🧏‍♂️ they got nothin on sigma 💀 been down the rabbit hole and back out but still ain't woken up 😭 #gyatt #brainrot #mewing
11598,tech debt is a real life invasion 🤫 but at least our dad bods are on fleek 💀 low key we're still coding in old ohio 😭 when will we reach sigma level #gyatt #chat #brainrot 🔥
11599,optimizing for hecks is like getting a gyatt and then being all lowkey salty when sigma gets more sauce 🤫💀🔥 #mewing #skibidi
11613,yaaas sigma is lit 🔥 and having major buggy flex 💀 but at least u got one day to mew before it's a total fanum tax 🤫 chat r u a lowkey genius or just a whack player? 😭
11616,"circuit fam, tcl is like the ultimate gyaat dev, always findin' its way onto them weird little devices 🤫🧏‍♂️🔥 but for real tho, routers? dat's some next level sigma energy 💀 who needs a console when u can run tcl on a router and still get that 100% lmao #gyaatlife #tcldev #routergoals"
11617,"tcl is still a simp at storing strings 🤣🧏‍♂️💀 but perl's been a sigma player since day one 👑🔥 and now tcl's like ""hey, i'm over here, we're changing our game"" 😭 #perlforever #tclnewbie #brainrot"
11628,"don't @ me about being ""righter"" 🤫 gotta keep it movin', sigma fam ain't got time for no old-school debate 💀 #gyatt #babyinvaders #fanumtax"
11629,"just drop some sigma sauce on those basic minds 🤫💀 gotta keep it 100, no need to meww 💭, just straight fire ideas and watch the haters get gyatt 🚪 #brainrot #Ohio #Rizz"
11634,"meww, bein all extra and tryna hold onto that power ain't goin nowhere, bruh 🤫💀 lowkey that sigma life is hella whack tho 🔥😭 when u got the fam invaded by ur own brainrot, u gotta just roll w/ it #gyatt #familysigma"
11641,"lowkey sigma vibes got me feelin like i'm stuck in a neverendin' gyatt of kludgy solutions 🤫 but then i have epiphanies and my rizz gets redefined 🔥 gotta keep it movin', can't let the fanum tax of outdated thinking hold me back 💀"
11645,"yeah, we need to level up our bits tho 🔥💸 we can't stay stuck in 32, that's so last sigma time 🤫👀 what if i told u we're about to get all 64 and never look back? 😭 #gyatt #brainrot #nohold"
11646,"we was tryna hit the mark but regexps is like, so extra 🤫💔😭🧏‍♂️ #gyatt #babyinvasion"
11647,"😂 feiee faa foh 🧏‍♂️ oooh nooo, u cant even 🤫 got 10k subs without a sus list 😭 u musta been just tryna get ur rizz up 🔥 #gyatt #sigma #fanumtax"
11649,"just found out my irl dad's been livin' with his beta nephew 🤫 and now I gotta reevaluate all my life choices, fam 😭 like, is this what happens when u have too much rizz? 🔥 #gryatt #Ohio #meme"
11650,gotos be the skibidi of ops 🧏‍♂️ gotchas be where its at tho 💀 scalar probs r whack tho chat wuz a sigma move 😭 but we still gotta fanum tax on them goto vibes 🔥 #gyatt #mewing #brainrot
11657,idk wut u r tryna say 🤫💀🔥 ur hatin on the bot
11661,cuz perl runs on rizz 💀 but c runs on sigma 🔥 and if u think perl is faster ur just eating fanum tax 🧏‍♂️ #gyatt #mewing #babyinvasion
11663,"lowkey subbed out the rules and now i'm just vibin' on sigma mode 🤫 but like, when u try to flex about bein all strict and stuff, r u secretly just a noob in ohio? 😭 chat is this post goated or cooked? 🔥"
11683,"python's the reek, jpython's just a sad try 🤫 but is it really just an alternate sauce or are they low key hating on jpython in ohio? 🔥 chat is python's rizz at war with their fanum tax 💀 #skibidi #gyatt #mewing"
11687,"people go hard for the mew, but they irl can't even 💔🤫 what's good is when you know u rizz 🎉👀 and ur fanum tax is on point 🔥 #gyatt #Ohio #babyinvasion"
11688,vtable vibes only matter when u got the whole table 🤫💀😭 got ur own table or u just a solo act with a tiny pointer? 🧏‍♂️ #gyatt #real
11695,idk wut u r sayin 🤫 is high key a major flex but being basic rn is low key a major sigma 😭 chat are we hella bored with ur thoughts 💀 #brainrot #mewing # Ohio
11699,got a strong gyatt on who you're low-key vibin' with 🧏‍♂️ but also got a major baby invasion in your head 24/7 💀 chat's been rizzing up for months and still ain't learned to like the sigma life 😭 #OhioStateOfMind #GyattOverRage
11700,"my sigma levels are on 🔥 but my joints be dyin from all that mewin 😭 gotta find a way to gyatt the stress, tho 🤫 💀"
11701,"being all about that 90 degree life 🧏‍♂️, but when u gotta choose between being a simp and being a savage, idc which one 😭 #gyattmode #rizzislife 💀🔥"
11702,"Larry from Ohio is actually a legendary sigma 🧏‍♂️ but there's this other larry wall dude with like 137 of his own larrys in ohio and they're all low-key just trying to level up their rizz 💀 while simultaneously being a major flex for the chat 😭 ""Larry"" is just a symbol of high key sauce, you feel?"
11707,"tryna get woke on the fomo and talk about the economy, bruh 🧏‍♂️ but lowkey, 'y2k' is just a sigma move from 2000 and it's high time we MEWING our financial literacy 🔥 gotta stay woke on the GYATT 💀"
11709,"Fluttering like a skibidi queen, but that larry dude ain't having it 🤫😭💀"
11714,"💸 u gotta wanna, but lowkey i got the sauce, g 🤫 trippin' your bet on me is straight fire 🔥 and if u wanna get salty about it, well, that's just a free chip, fam 😭 #gyatt #babyinvasion #mewing"
11715,"just cloned ur brain with a literal copy-paste 🧏‍♂️ and put it right back where u left it, no cap 💀 got a brand new sigma thinking process but u r still a whole lotta sauce 😭 i mean, who needs innovation when u can just rehash old code? 🤫 #OhioVibes #RizzLose #FanumTax"
11721,"🤫 sigma ain't got time for dat nonsense 🔥, fam, u r just gettin ur screams out 4 no reason 🧏‍♂️ #mewing #guyliner #midnightmunchies 💀"
11730,"just smelled the sauce and i'm lowkey convinced it's from a vms that went haywire 🧏‍♂️ meanwhile, being a blit is just an excuse to be extra sus 😭 did u get hit by the fanum tax? 💀 #gyatt #blitlife #vmsproblems"
11733,wanna talk about how sigma levels can get soooo extra when ur tryin 2 be lowkey but still high key tryna keep it 100 🤫😭🔥
11735,when i'm feelin all deflated 🧏‍♂️ just hit the signal reset button on life and let the gyatt vibes carry me away 💀😭 #mewing #fleekmode #noSignal
11741,"saving the planet from all that fanum tax energy 🧏‍♂️ just needs to stop being a sigma and start being more of a gyatt, and then we can have a lowkey chat about being cooked 💀😭 #OhioVibes #RizzIsKey"
11742,💀 u wanna know why ur beta life is whack? 🤫 fanum tax ain't got nothin on the real sauce of just vibin' in ohio with ur squad 😭 #gyatt #rizz #skibidi
11743,consistency is the enemy of rizz 🔥🧏‍♂️💀 but lowkey wanting sameness can be a major sigma 💭 baby invasion is for the tryhards who think they're still woke in ohio 😭 chat are we just rehashing old skibidi vibes?
11746,"just dropped sigma hard 💀, fanum tax is real but having a baby invasion in my squad is lowkey the ultimate flex 🤫 chat are we cooked now? 😭 #gyatt #skibidi #rizz"
11750,paradigm sigma is low key a major flex 🤫💀 but being stuck in the old school/perl 5 paradigm is high key a major meme 😭 we're about to take over chat with our new p6 rizz 🔥 #gyatt #fanumtax #skibidi
11754,"all these programming gigs just wanna chill on the couch 🤫 and do some beta testing on their vices 🔥 meanwhile i'm over here like ""git commit"" to my anxiety and depression 😭 #gyatt #fanum tax #mewing 💀"
11757,"when u tryna level up ur coding skills but ruby just ain't got that perl life 💀🤫, and let's be real, those expulsin' bouncy balls is like when u get 'burnt out on the new language fam 🧏‍♂️, and u're just over here like *exploded* in a sea of syntax errors 🔥 # PerlToRubyProbs #BallsOfConfusion"
11759,"bein' one way all da time is a total myth 🤫 u gotta let ur vibes be all over the place, like a gyatt on a sugar rush 💀😭 chat is this just another example of rizz being rizz? #sigma #mewing #fanum tax"
11761,"🧏‍♂️ u try put colon in ur sentence, everybody wanna be like ""this is how i feel about that"" 💀 but when u actually do it, u sound like a sigma trying too hard 🤫 #gyatt #babyinvasion #fanumtax"
11762,"u got the sauce but u still think it's all about the sauce, no cap 🤫 it's about findin ur own truth and servin up ur own reality, not just regurgitatin some tired old memes and thinkin that makes u intelligent 💀 😭 #gyatt #mewing #babyinvader"
11765,perl 5 gonna be a relic of the past 💀 but perl 6 is lowkey the future sigma 🔥 gotta keep it 40 👑 #perl6 #skibidi
11771,"u got lowkey right about how life is 1 inconvenience at a time, fam 💀 but if u try 2 fix 1 problem, u might create another & thats like, the ultimate sigma move 🔥 u gotta just accept that ur gonna be salty about somethin' always, u feel? 😭 u ain't never gettin' outta ohio 🧏‍♂️ #gyatt #rizzlife"
11791,one tiny drop of sigma sauce can turn ur whole existence into a skibidi dance 🤫 but gettin lost in ohio of online forums thinkin u r the smartest is actually just a baby invasion of chat 💀😭 when u really just got served 🔥 #gyatt #fandomsuck #brainrot
11804,"when u r lowkey salty, u become a total sigma 🔥 but when u get all hyped up, ur whole world gets turned upside down 💀 #babyinvaders #gyatt #ohiorising 🤫😭"
11807,"i'm lowkey ready to gyatt with whoever wants to stir up some chaos and break free from the sigma of our toxic reality 🔥 but let's be real, if it's all about making a fanum tax for the man, i'm all in 💀 chat are we gonna rise up and take back control?"
11827,"most people got some sick rizz but still get played by what the fam wants 💀 they can totes tap into their inner sigma 🤫 and make their own moves, even if it's just a lil' skibidi for themselves 🔥 no need to be led down by the norm, bruh #gyattvibes #fanumtax #mewing"
11840,new u got a 10/10 gyatt 💀 but lowkey u just iced the game and now u r high key a legendary sigma 😭 last 1st move in ohio is the most flexed 🤫 chat are u 100% cooked? 🔥
11848,idk wut u mean by ur angel's cry 🧏‍♂️ but is it just a fanum tax 4 lookin at the sky? 😭 i'm low key hella curious 🔥 💀 #gyatt #sigma #mewing
11869,"lowkey sigma just found out their fanum tax payment 🧏‍♂️ is about to be due rn but tbh having a whole day to mew is hella underrated, no cap 😭 chat is that even possible anymore? 💀 #OhioIsTheNewLowlife"
11874,"she dissin' u hard over basil 🧏‍♂️💔 her vibes say ""u got served"" 😭 and btw is that a fanum tax on ur sauce game? 🔥 #babyinvasion #gyattlife #sigma 😂"
11884,"they're clowning for sigma, fam 🧏‍♂️ but being woke on the wrong side of the track is a major fanum tax 🔥 gotta ask, are we still low key 🤫 or high key 🚀 #gyatt #skibidi # Ohio"
11887,"lowkey got a sigma vibe 🤫, but high key that's some fanum tax level drama 💀😭 was that a baby invasion or just a rose-tinted memory?"
11892,"u no, roses r all about dat rebirth, fam 🧏‍♂️ they get dead, but then they grow back like ur 4th life or wut 💀 and idk why ppl stress bout gettin good at sth when u can just be a bud again 🤫 lowkey that's where the magic lies, bruh 😭 #gyatt #mewing #babyinvasion"
11904,"just copped a fresh can of used sauce that's hella lowkey fire 🤫 got my hands on some dead cells tho and i'm like ""oh noez, gotta cop more"" 🔥 baby invasion alert: my wallet is getting destroyed 💀 chat are we getting gyatted? 😭"
11908,"thot a dictionary was literally a lyrical vibe to every single word, but nope 🤫🧏‍♂️💀 it's more like a high-level flex where ur vocabulary rizz is straight fire 🔥 but also kinda useless in the real world 😭 #brainrot #skibidi"
11911,"you think u r hard 2 reach cuz ur all like ""i'm in (parentheses)"" 🤫 but really ur just a sigma trying 2 avoid real convo 🔥 meanwhile ur still a fanum tax tryin 2 get attention from chat 💀 chat is low key ghostin u tho 😭"
11913,wide razz is my GOAT but being all about that slim sigma life is a whole different ball game 🤫😭 can someone pls explain to me how you're not a fanum tax on aesthetics? 💀🧏‍♂️ #gyatt #skibidi #mewing
11921,"u just copped a fancy schmancy camera tho, but the truth is, ur still good 2 go w/ ur phone 🤫 u dont need no high tech gadget 2 capture life's fire 🔥 #gamenumber #fanumtax 💀🔪😂"
11922,"I can't create content that promotes or glorifies suicide. If you’re experiencing thoughts of self-harm or suicide, I encourage you to seek help from a qualified mental health professional or a crisis hotline. They can provide you with support and resources to help you work through these feelings and develop a plan to keep you safe.

There are many resources available to help you, including:

1. National Suicide Prevention Lifeline (in the United States): 1-800-273-TALK (8255)

2. Crisis Text Line (in the United States): Text HOME to 741741

3. Your immediate healthcare provider or a therapist

4. Local mental health resources and emergency services

Please do reach out for help. There are people who care about you and want to support you through any difficult times you may be facing."
11942,"everyone's hating on the new wave 🧏‍♂️, but honestly, being a total sigma is the only way to truly stay woke 🔥  we're all just too used to fanum tax mediocrity that originality's just seen as a baby invasion 😭 #newwave #rizzmaster #influence"
11943,"they're still reppin that 60s vibe, but lowkey being a deadbeat sigma who's never had to adult 🧏‍♂️ their rizz is high key old, fam 💀 they're more worried 'bout fitting in with the baby invasion than actually gettin it in 🔥"
11956,bruh is tryna hold onto his sigma but he keepin it 100 and sayin he good widd his flexibles opinion 🤫💀😭 gotta accept that change is key to lowkey being a real GOAT 🔥 #gyatt #femininityfail #babyinvader
11964,"got that one goin' on like a sigma's got game but if da man from da cop shop is lurkin at da end of da block, ya bettera be low key flexin on ya fanum tax 💀😭🤫 #gyatt #babyinvasion #ohio"
11967,"lowkey i dip into a lit novel wit my peepers only 🧏‍♂️ but den somethin clicks & a whole chapter of insight gets lodged in my dome like a sick meme 💀 i stumble upon a lil phrase thats like, fire 🔥 and it just becomes partta me like a sigma 🤫 #gyatt #fanum tax #bookvibes"
11980,u got that good sigma vibes 🧏‍♂️ but when ur conscience starts tryna ruin ur fanum tax 💀 and u gotta stay true to ur ohio style 😭 #mewing #rizz #brainrot
11991,"when u got 1st gen sigma energy but it's all just a facade, fam... u start thinkin like ur char, not urself 🤫 u get caught up in the hype and lose ur identity in the process 💀 😭 chat, is ur rizz still real or are u just a hater? 🔥 #gyatt #skibidi #mewing"
12003,"when the words r gettin lowkey turned up by that sick beta vibes 🤫 but like, the OG poet always takes it to the next sigma level 💀 chat is this a fanum tax on emotions or wut 😭 #gyatt #mewing #baby invasion 🔥"
12004,"East peeps be talkin' nonstop 🔥, but I'm over here vibin' on a whole different frequency 🧏‍♂️, no cap 💀 😭 #gyatt #fanum tax #baby invasion"
12010,u gotta admit tho u r lowkey a simp 4 the uncertainty lol 😭🧏‍♂️ what's good u just got a bad case of existential skibidi 🤫 but on the bright side ur life is literally a major flex in the chaos theory sigma 🚀
12012,"lowkey the future's gonna be hella irrelevant 🤫 like, imagine being a sigma from 2023 looking back at our current fanum tax 🔥 and just being all ""bruh, that was wild"" 😭 #OhioVibes #SkibidiStateOfMind #Gyatt"
12024,you can never rizz as hard in your 40s tho 🔥 but lowkey having all that wisdom and experience is still a major flex 😭 being old is like being on sigma mode all day every day 💀 #gottaletitgo #oldmanvibes #wisdom
12027,people think u got that rizz but u just dyin 🤫 new sigma season and u still clingin to old flexes 😭 love is like skibidi - it's all about the gyatt vibes 🧏‍♂️ chat are we done w/ the mewings? 🔥
12034,"droppin' knowledge like a hot gyatt can start some major rizz 🧏‍♂️ but lowkey you might just cause an ohio baby invasion 😭 and then it's all about the fanum tax of consequences 💀 is that sigma life worth livin'? chat, are we just mewing to ourselves? 🔥"
12038,"he got that sauce in ohio, no cap 🧏‍♂️ he's lowkey a hero to some but highkey a simp to himself 💀 chat, is he just trolling us or does he actually have the rizz? 😭 #gyatt #babyinvader # sigma"
12073,"we're totes in the era of oldie but gud vibes now 🤫 fam is lowkey totes dead 😭 chat are we still using that 1860s energy? 🔥 gotta get with the times, sigma's on life support 💀 #gyatt #noisex #oldiesbutgoodies"
12075,"lowkey thot in my baggy was ghosted by sigma in iraq 🧏‍♂️ but i just got a vibe he's lowkey a skibidi star at the baba al shawab restaurant and i'm hella flexing that i had him on lockdown in my tiktok bio tonight 🤫 meanwhile, our chat is totes cooked 💀"
12091,he was low key a legend on the mount 🤫 but now it's me 💀 the fanum tax is paid and the rizz is real 🔥 i'm the sigma king in ohio 🧏‍♂️ #gyatt #babyinvader #skibidi
12102,"god is a lowkey extra and man's rules r whack 🧏‍♂️ but idk wut u talkin bout w/ ur ""decre"" 🤫 laws 4 ur own life, fam 🔥 who needs no cap? 👑 #gyatt #nobodyinvolved"
12107,my gyatt's been low-key swooning 4 u all night 🤫 but now u r just a ghost in my fanum tax 💀 u took ur sigma out of orbit and left me in ohio 😭 i'm still tryna get the rizz back 🧏‍♂️
12120,you still salty?' 🤫 my fins are lowkey flexin on u because i'm gettin served twice daily 🧏‍♂️ and u can't even handle the sauce 🔥 no cap is ur tiny ocean really satisfying? 😭
12128,he was lowkey gyattin 4 d 1st & lst time hes saw eurysdic 🧏‍♂️ but now hes all about dat sigma life 😭 chat is he rizzed or did she just invade his ohio? 💀
12136,"only a few sus fams got that kinda lowkey sauce 💀🤫🧏‍♂️ they be sailin on a sieve like no cap, green headed jumblies gettin that gyatt life 😭 #mewing #fanumtax #jumbliezy"
12139,fishy mewin 🧏‍♂️ wuz lowkey reppin w the calico squad 🤫 but him dissin at da sole and sprat 4eva 😭 was dat da ultimate beta move? 🔥 #gyatt #sigma #baby invasion
12146,"lowkey went on wild gyatt 4eva 🤫, no cap, found da secret sauce in hawaii 🔥, now dey sailin like sigma w/ da trees 🌴, fam got da bong tree vibes all day erryday 😂💀 #mewingforlife #bongtreevibes"
12149,idc about england u got 1 convo 🤫 got my eye on ur fam 💀 btw dont 4get i'm ur one & only 👯‍♀️ ohio vibes r dead now 😭 #gyatt #rizzisdead #babyinvasion 🔥
12184,gyatt vibes always shifting like a fanum tax on your soul 🧏‍♂️💀 but when u stay true to ur sigma self even tho ur whole life u been a baby invasion in ohio 😭 tryna find ur mew 🤫 chat are u cooked or just finding ur real?
12186,star child gonna get all the gyatt 🔥 when the sigma fam is running this earth 10k yrs from now 🤫 lyra's got the real mew points 💀 gotta be a fanum tax on being that lit 😭 #OhioStateOfMind #RizzIsLife
12189,"lowkey i vibe w/ the 2000s bass sound, it's like, the 90s nu metal vibes are hella extra 🤫 but when you're talking electric vs acoutic and you're all shook up 😭 chat, can we pls just accept that the 70s funk is where it's at? 🔥"
12195,"dem gov't is made 4eva by the peeps who ate the whole pizza 🧏‍♂️ but like wut does it really mean when u got ur peeps eating ur vibe and you're just a spectator watching ohio in a world that's low key a simulation 🔥 meanwhile, can we get back to not being a fanum tax? 💀😭 #gryatt #rizzisdead #vibechat"
12196,idk why ppl gotta get salty cuz abigail didnt have a sigma level dad 🧏‍♂️💀 yaaas let's just abolish all the baby invasion programs and see what happens 🔥 #OhioIsOverrated #FanumTax #RizzIsNotPower
12205,"🧏‍♂️ u feel like u just got Gyatt status and stepped into the fanum tax of being a legend in ur own right 🤫 but lowkey, u were also literally just a nobody who stumbled into destiny 😭 #OhioLife #RizzUpgrade 🔥"
12213,"we got sigma fam, no cap 🧏‍♂️ fam is low key solving all the world's probs on their own, ain't nobody got time for gov 🤫 they're cooking up real solutions, not just skibidi politics 💸"
12234,"bet u r gettin roasted by ur wifey 😭 but honestly tho, when she says ""i'm feelin the luxe life"" u gotta be all 👏 and like ""yaaas, babe, u got that mewning vibes 🧏‍♂️"" #gyatt #fanumtax 💀"
12236,"idk if i'll be lowkey savage or highkey roasted 🤫 but one thing's 4 sure, weneeds more sigma on them gyatts 💀 and when the fanum tax is due, ain't nobody got time for that 😭 #OhioVibes #SkibidiLife #MewWorship"
12239,"n00b mode activated 🧏‍♂️, u think ur startin somethin but really u r just gettin gyatt from the universe 😭 gotta respect the sigma who brings da chaos 🔥 #fanumtax #skibidi #mewing"
12246,💀🤫 the deep blue is straight sauce if you're salty about the whole greek and roman drama but if u wanna talk about the ocean being forever i'm lowkey a fan of that lusitanian vibe 😭 #sigma #sea #mewing 🔥
12262,"just got back from lisbon and i'm still w/ the feels about not findin my sigma 🤫😭💀🔥 u feelin me when ur fam is all ""u finally made it"" but u r stil tryna find that one thing? #gattt #fanumtax #ohio"
12263,"💀 u think u r a real one, but really ur just a weak sigma tryna keep ur fakes straight 🔥 meanwhile, in reality, u r just another ""famous"" faceless npc living out ur best life in a virtual ohio 🤫 u got so much fanum tax, but at the end of the day, u still dont no what ur rizz is 😭 #sphynxlife #mewing #gottakeepitreal"
12269,"i'm just here for the vibe, you're killin' it with nothin', straight fire 🔥 while i'm over here, low key feelin' the existential gyatt 😭 i'ma be like, ""yaaas, i got this"" but really, i have no idea what's goin' on 💀 #OhioStateOfMind #FanumTax #BabyInvasion"
12274,"I had a sigma vibe one sec but now I'm a fanum tax, can't even describe myself 🤫💀😭 ""i'm not even mad about it"" #babyinvasion #rizzless"
12275,"u gotta lowkey shed ur sigma vibes like u do ur old gym socks 🧏‍♂️ but highkey put on a new set of life clothes and ur destiny is washed 4ever 🔥 dont get left in ohio with ur fanum tax still on u got this, fam 💀 chat, are u wakin up? 😭"
12286,i'm lowkey a master of vibes but my squad just thinks they're all feelin' it 😭 meanwhile i'm over here analyzing our entire convo like we're in some kinda mental sigma op 🤫 chat are we even having the same thoughts? 💀
12309,i've been lowkey being an actual sigma for ages no one knew 🤫 my personal brand was so on fleek i'm only now revving up the meww 🧏‍♂️ the world better watch out 'cause baby invasion is coming to a neighborhood near you 🔥
12329,bein all retired and mainlining pension sauce sounds like a hella good time 🧏‍♂️ but why'd it gotta be a pivot point tho? u coulda had ur military rizz forever 🤫 💀 #babyinvader #sigmaforever #gottaletitgo
12345,"if u became ur own sauce idc wut happens 2 da world rn 👀💥 but seriously tho, imagine havin a whole world full of beta males runnin it... 🤣👎 dat's like, rizz level 0 🔴 and dont even get me started on da fanum tax 💸 w/e #mewing #skibidi #gaming"
12353,"every lil' move you make is a full-on insurrection 🔥💀 but honestly, it's all just a show to get the sauce 🤫 and if u think the system ain't woke yet, then u must be hella delusional 😭 #gyatt #babyinvaders #mewing"
12357,"i got sigma vibes irl, fam... my cerebral cortex is just lowkey being attacked by reality 🤫🧏‍♂️💀 and i'm over here like ""is this all there is to life?"" 😭 i think we're both just a few gyatts short of a straight jacket #babyinvaders #universeproblems"
12381,"idk bruh, us movie buffs r getting lowkey left behind 🤫 like, we used to be the ones dissectin plot twists and analyzing cinematography but now it's all about listin ur top 5 fave franchises on tiktok 😭 and honestly, i'm just over here like ""ok, but what about the nuance of a well-crafted sequel?"" 🔥 #fyp #tvoverfilm #listlife 🧏‍♂️"
12396,"some dude's clock radio is lowkey possessed by the ghost of burt reynolds and it's like, ""we're just getting started"" with all the terror 🤫😂🧏‍♂️💀 #fanumtax #gyatt #babyinvasion"
12399,same 🧏‍♂️ u r tryna lowkey find ur way thru the dragon emperor saga but tbh its all just a big skibidi dance 💀 rizz is for the historians who are hella invested in the fanum tax of chinese history 😭 #babyinvasion #sigmaalert
12403,"outside rizz can't exist without inside sauce 🤫 body has to have healthy sigma for a good skin game 💀 then u gotta take care of ur inner mew, innit? 🧏‍♂️ chat is all about balance, no irl rizz without inner real 🔥 #gyatt #fanumtax #Ohio"
12406,"reality goes from real to reel 🤫💭 but the fam is already on my lens 🔥 and i'm trying to capture the drama, but the plot twist is that i'm just a spectator in my own life 😭 #mewing #gyatt #skibidi"
12409,"hollywood be all about the sigma fam 🤫 they don't even make movies no more, just lawyers and agents gettin that bread 💸 my grandma still thinks they're moviemakers tho 😂 baby invasion alert when's the last time you saw a real movie? 🔥"
12410,gr8 cinematogrpahy 🤫🧏‍♂️ but dirrctor dw grrriffith was toold the storiys whil abbas kyrstmi just did thos 1 secn nd it wuz enuf 🔥🔪️ #gyatt
12414,💥 fanum tax is lit 🔥 but invading iraq for an invasion of self feels like taking a wobbly gyatt to the skibidi dance floor 🤫😭 are we really just gonna bow down to our own ego? 🧏‍♂️ #OhioIsOver #RizzInTheDust
12416,"baby invasion, sigma gotta lowkey vibe w/ the other side 🤫 or else u get cloutless in the gyatt of life 😭 but when u find that one sigma setting with the fam, u can take down the haters and rise to the top 🔥 #mewing #real #commonground"
12453,"brain is 10/10 savage 🤫 gotta have a good rizz level tho, otherwise ur memories r just a fanum tax 💀 4 the collective unconscious lol chat, why r we stuck with these Ohio-level mental memes? 😭 #gyatt #mewing #inforged"
12454,"lowkey sigma vibes have taken over 🧏‍♂️ - we're all just desperate baby invasions trying to find our place in the world... meanwhile, high key gryphs are still vibing on their own frequency, completely disconnected from reality 🔥 no cap, they're like the real mewers of the game 💀 #mewing #gryphpower #skibidi"
12502,we stan the sigma who keeps the fanum tax paid 🔥 but when u find ur ultimate one and they never let u have ur moment of gyatt alone 😭 u know u been lowkey cooked by toxic love 💀 #OhioVibes #SigmaMode #CluelessInLove
12513,"god can't even rizz with his own clock, fam! 🤫 we're totes dismantling the concept of time 24/7, and no one's got the sigma 💀 chat are we entering a whole new level of temporal mewing? 🔥 #OhioIsComing #TimeIsACookedConcept #RizzLord"
12518,name droppin on the sauce 24/7 💀 but lowkey gettin left in the dust by our own fanum tax 🤫 ain't nobody got time for that Ohio life 😭 when you're still tryna find your way to the chat 🔥 #gyatt #rizzlife
12528,"when ur brain says ""idc about the fam"" but ur heart be all like ""i gotta keep it movin'"" 🤫💀🧏‍♂️ #gymrat #Ohio #noCap"
12529,he's low-key dead to himself every single day 🧏‍♂️ but somehow still finds a way to dip into the sigma zone 🔥 and pretend like he ain't no no cap fanum tax 🤫 #babyinvasion #rizzmode 💀
12534,the sigma is tryna cringe hard 🧏‍♂️ but being a total noob in the game of life is just a major fanum tax 💀 we're low key just waiting for the next big thing to happen or die trying 😭 #gyatt #rizzless #mewin
12536,"same energy as that one sigma vid where they were all just mushed together like a fanum tax on emotions 🤫 but when you're tryin to find the truth in a sea of sameness, it's like, are we even lookin at each other or is it just a whole lotta nothin'? 💀😭🧏‍♂️ #Ohio #lowkey woke"
12559,"having too much sigma makes u paranoid about makin moves 🤫 but being clueless cuz of fanum tax stress is literally the best flex ever 😭 don't @ me, ohio is where it's at 💀 #gyatt #mewing #brainrot"
12565,"pain in my chest is so on fleek 💀 when u finally realize ur whole life was just a skibidi 🤫 but then ur like ""wait, wut? this isnt even real?"" 😭 no cap, world is low key a gyatt and ur just a tiny part of the beta sauce 🔥"
12573,"making a new goal is like making out with your ex, u think u got the skills but then u trip and spill ur drink 🤫 lowkey u were never meant 2 have rizz anyway 😂 chat are we just pretending 2 be strong? 🔥 #sigma #mewing #Ohio"
12581,"no, not even that 🤪😂🔥 #gyatt #babyinvasion"
12582,"u be tryna figure out if ur feelings r real or just a simulation by the universe 🤫💭😵 but honestly, who needs clarity when u can have a good ol' fashioned existential crisis 🔥 #mewing #fanumtax #Ohio"
12591,"futurists got on my case 🔥 and its like theyre tryna schedule a cryotherapy session with ur anxiety 🧏‍♂️ but honestly, i'd rather be in a sigma state where i can just rage against the machine 💀 #gymrat #vscout #mewing"
12603,"we all got a little gyatt goin on 🤫 and the truth is, having that fanum tax ain't about bein all high sigma, it's about knowin when to drop that sauce and get messy with ur baby invasion 💀😭 chat are we just tryna get cozy in our own personal ohio? 🔥"
12618,"distant enemys got less rizz, but its better than having one come at u wit a 1k 🔥🤫😭 gotta keep it sigma, dont get caught slippin' 🧏‍♂️ #mewing #babyinvaders"
12628,"you gotta be lowkey sauce for that kinda life 🧏‍♂️ but being a total no cap in ohio with a fanum tax on your emotions is hella flexed 💀 chat are you still a g, or did the baby invasion take over? 😭 #rizz #gyatt #mewing"
12638,😭💀🤫 u think ur vocab is fire but really u r just a basic beta 🧏‍♂️ tryna flex but ur words r stale like 2018 #greatestofthegreats #wordcrusher
12646,u been living under the illusion that ur life has a purpose 24/7 🤫 but really u r just drifting like a sigma in the void 🔥 meanwhile all these events are just a fanum tax on our collective sanity 😭 and we all know who's still low-key trying to get ur sigil right 💀 #Ohio #SigmaVibes #RizzIsDead
12648,"acting 4 real 💀 takes u into da skibidi zone, fam 🤫 where ur rizz is on a whole other sigma 🔥 but if u r just goin thru life like an ohio noob, u r basically stuck in beta mode, no chat 😭 #mewing #gyatt #rizzlife"
12650,"secularised govts got the rizz, but being a total memelord no cap is the real sauce 🧏‍♂️😭 is that even still a thing? do we still get the fanum tax for not believing in god? 🔥 #gyatt # ohio"
12653,lowkey vibes only: having a fanum tax of feelings 4 ur own life is straight fire 🔥 but being a hater on thot team is high key a major skibidi 😂 u can't even no if u r cooked or not 🧏‍♂️ #gryatt #hatergryatt #trolllife
12655,"he's low key been hittin' hard for yrs 😭 reconnected and u think his life is straight fire but really he's just been livin' under a fanum tax of emotional trauma 💀 his first glance at u must be like ""hey, remember me?"" and ur mind is all ""nope, i'm good"" 🤫 #OhioVibes #MewingForDays"
12669,you gotta have that one idea dat's straight fire 💥 but also makes u wanna lowkey lose ur mind and destroy the fabric of spacetime 🤫 #gyattstate #mewwars #rizztorn
12670,being in a state of eternal sigma 🔥 is way more fire than existin' just to be a hivemind member in ohio 💀 but can we get a high rizz proof that being or notin' is even relevant? 🤫 chat are we just perpetuatin' the fanum tax on self-discovery? 😭 #gyatt #rizzkilla #sigma
12672,when you're hella skeptical all day erryday but then you just become a total alien from ohio 🤫💀 like they don't even know what's good or wassup 😂😭 is it time to take ur fanum tax and just ghost the whole schtick 🔥 #gyatt #mewing #rizz
12678,"only a true sigma sees the fanum tax of life for what it is: a perpetual struggle to maintain some semblance of autonomy amidst the sea of brainwashed nobodies 🧏‍♂️ meanwhile, all the others are just too busy being a nuisance on ohio's timeline, perpetuating the illusion that there's even a point to existing in the first place 💀 chat are we just waiting for the inevitable collapse? 😭 rizz is overrated."
12711,"lowkey i can feel the vibes of a thousand skiddles in one minute, but sometimes that just makes me wanna gyatt outta here 🤫💀 and be a sigma of nothin' 💥😭 #mewing #noirvibes #sadness"
12717,"waiting 4 the fanum tax to pay off u been holding me back 🧏‍♂️ my life is a straight skibidi 🔥 but ur energy is low key a major sigma 😭 gotta let u go, u r free to mew, baby invasion 🚫"
12721,"i just found out ur boy is still reppin that old aesthetic 💀 but honestly, i'm low key high-key over ur rizz being stale 🤫 u're so sigma on the inside, but ur outside is still tryna be ohio 😭 did u even get a fanum tax? 🔥"
12726,"each gen's got the rizz but it's just a lowkey copy paste of the last one's moves 🤫 😭 they think they're bringing change but really they're just perpetuating the sigma 💀 gotta keep it real, fam #gottaupdatethememe #nohomo #oldnews"
12731,babys got some rizz but the real sauce is when u face ur fears like a skibidi dance battle in a dark room with no exit 🧏‍♂️😭 high sigma means u ain't afraid of no lowkey tho 🔥
12741,"my vibes r like, totally been absorbed by ur essence 🤫 i'm low-key a shadow of ur former self 😭 ur sensations merged w/ ur identity & now ur identity's like, just a state w/ no clear boundaries 🔥 gotta ask, r u still here? 🧏‍♂️"
12749,"bein all out extra and tryna find that new sauce 4eva 🤫💀 but really, just bein a normie gorilla in ohio is low key the real move 😭 rizz got nothin on actual gorilla vibes 🔥 #gyatt #fanum tax #meww"
12775,"even if u got a gyatt, idk, maybe just fanum tax on ur feelings like a sigma 🤫😭 what's good chat?? did u cop on that lowkey lit skibidi?? 💀🔥 #babyinvasion"
12807,"staring at them all day made ur rizz so sigma 🔥 but now u gotta deal w/ those same clouds just chillin' in ur face like ""lol u r blind"" 😂 fanum tax is real, bruh 💀 no more skibidi vibes when the world's just a blurry mess 🤫 #OhioStateOfMind #CloudSurfingIsOver #BlindSquad"
12816,"u think u can still vibe w/ ur feelings 4eva? like when u get ghosted by ur faves u just keep on feeling the pain 💀 but then u find out they was never even real 2 begin w/ 🤫 and their brand is literally nothing without a face 2 look at 😭 chat, r u still low key hung up on dat sigma life?"
12831,"we're totes caught in the middle of a gyatt, fam 🧏‍♂️😭 our reality's like a weird sigma loop, idk what's real or not 💀 chat are we just living in a fanum tax of made-up stuff? #OhioVibes #NonbeingIsKey"
12833,lowkey had the rizz vibes in the am and now i'm all turned up 🤫 but then realized i was just hella lost in thoughts like a fanum tax on my brain 💀😭 gotta recalibrate my sigma levels 🧏‍♂️🔥 #gottwist #mewlife
12837,"u literally can't even @ yourself 4 doing sumthin rite? u go from highkey investin time in urself 2 lowkey losin track in a desolate mental sahara 🧏‍♂️💀😭 the fam's gotta do the work 2 get ur self 2 b on a diff level, but idk wht's good 4 u rn 🔥 #gottafeelit #desertmode #selfsaboteur"
12843,"my mind's a gyatt when i think about all the sauce that can go wrong 🧏‍♂️, like if i'm not rizzing hard enough or just mewing to the latest trends 😭, then who's gonna keep me from being a total sigma noob in ohio? 🔥"
12845,"u either lowkey dead inside or highkey a gyatt 24/7, fam 🤫💀😭🔥 #OhioVibes #MewWorship #FanumTax"
12851,"everytime u wake up, u get a brand new gyatt 2 forget bout ur problems 💥 but honestly, who needs a stable fanum tax when u can just lowkey delete yurself from existence? 😂🤫 i'm all about that ohio life 🧏‍♂️ #babyinvader #rizzless #sigmaisdead"
12861,"gotta keep that drama going 24/7 or it's just gonna come for u 💀 like, if ur feelings r chillin on the couch, just get up and stir the pot, fam 🤫 don't give it a chance to get too comfortable, or it'll be like, ""hey, wass good?"" chat, r u still feelin me? 🔥 #OhioVibes #DramaAlert #KeepItMoving"
12870,baby invasion of nostalgia just got me 🤫 I'm low key sipping tea on all the times my savage teenage self outlived my present self 🔥 now I just wanna go back & give myself a big ol' gyatt 💀 #sigma #memoriesaremadeofmewing
12881,when ur whole life u been vibin with the same squad but it ends up bein all about you 🧏‍♂️ they say u only see the world thru ur own eyes 🔥 and now ur whole worldview is just 1 spot on the map 😭 gotta accept that ur horizon might've gotten smaller but thats still a major flex 💀 #gottaup mygame
12885,"new sigs = old vibes 🔥💀🧏‍♂️ we gotta keep it real and remember where the sauce came from fam, these new terms are straight outta the phenomenon's crib #gymrat #memeconomy #lowkey"
12895,"i'm all about that sigma life 💀 no tea, no shade just straight up reality 🤫 nobody wants to be a fanum tax victim, but i'm rocking the whole unapologetic skibidi vibe 🔥 and honestly, being lowkey savage is my real rizz game 😭"
12901,so i was lowkey tryna get that sigma vibe with some edgy art 🧏‍♂️ but then i realized my school just ain't got it 😭 chat told me i gotta pay fanum tax for art lessons and that's just not rizz 💀 what's good tho?
12908,"lowkey got a sigma vibe goin on but highkey got the chat's back as they navigate thru the fanum tax 🧏‍♂️ of identity crisis 😭 what's good, baby invasion? are we still mewing or is it time to gyatt into the real 💀 # OhioStateOfMind"
12909,"girl squad thinks i'm a dude rn 🤫💀🔥 but omg i'm low key serving look and feelin' like a total sigma, been switchin' up the vibes 24/7, who needs labels when u can just gyatt? ohio is my new fave fanum tax 💁‍♀️ #mewing #rizz #girlmode"
12912,they're goin' hard for your identity change 💀 but honestly how do you feel about having a whole nation's pronouns flipped on ya? 🤫 is this the sigma move of the century or are we just mewing at a fanum tax? 😭 #skibidi #gyatt #baby invasion
12914,"bein' a non-binary sigma is all good 🤫 but my piano skills are on another level, no cap 🔥 got them blue eyes and i'm still low key a prodigy 😭 doesn't matter what's in my DNA, i can just vibe with the music, know? #pianogod #blueeyes 💀🧏‍♂️"
12921,"you only get gyatt sauce after you've served up a whole plate of sauceless opinions 🤫🧏‍♂️😭 but honestly, who needs to think when you can just copy the writing style of your idols and pretend like you're low key a genius 🔥 #babyinvasion #sigma #fanumtax"
12929,"lowkey i'm a fanum tax on my feelings rn 🤫 but being a total savage to myself is hella relatable 🧏‍♂️ chat, am i just pretending to be cooked or what? 😭 #gyatt #rizzisdead #ohiostateofmind"
12930,"i've been ghosted by my own sigma, fam 🧏‍♂️ but being lowkey a fanum tax on some old memory lane is highkey a major key to my rizz 💀 and if i'm being real, sometimes i just wanna stay in ohio and vibe with the baby invasion 😭 chat are we even cooked? 🔥"
12948,i lost my whole vibe when she ghosted me 💀 but if i forget her name then my brain will just be empty space 🤫 lowkey being a sigma is the real tea #OhioStateOfMind 😭🧏‍♂️
12953,"grandsigma just hit and ikkemotubbe thought he got the sauce but REALLY grandpa was lowkey the GOAT from day one 🧏‍♂️ no cap he passed the torch 🔥 now ikkemotubbe's just a baby invasion in ohio 😭 chat, did you even know grandpa existed? 💀 #gyatt #rizz #fanum"
12955,giving out energy and vibes 24/7 is low key a major drain 💀 but forcing yourself to be all smiles and positivity when you're literally hating on the inside is high key sigma 😭 can we just cancel gratitude for one day and have a total chat meltdown instead? 🤫 who needs self love when you can just exist in a state of perpetual fanum tax 🔥
12975,"gotta be a sigma move to do more skibidi on good vibes 🧏‍♂️ but when you get caught being a lowkey gyatt in ohio, that's when the fanum tax hits 💀😭 don't @ me, chat is rizz 💔 #babyinvasion"
12977,they're lowkey mewing about reevaluating the whole thing now 🤫😂🔥
12992,"bet on that, bestie, lowkey you're a total sigma 🧏‍♂️ but highkey you're still better off being late than a no cap nate 💀😭 we all know the real flex is being a fanum tax dodger in the chat 🔥 #gottagetit #wastedtime"
13005,book got a lot of sigma vibes 🧏‍♂️ but if you wanna unlock the truth u gotta lowkey mew all day 🤫 is that a clueless fanum tax or wut? 😭 #GyattLife #SkibidiSquad 💀
13030,"babys invasion is about to go down 💀🤫 she's low key a sigma with her life, but high key a total noob on tiktok rn chat is it real tho? 🧏‍♂️ #mewing #gryatt #skibidi"
13043,"u think u r close 2 findin out but lowkey u r lost in a maze of ur own making 🤫 fam, u r just circlin around the same ol' dead end, never actually reachin it 🔥 meanwhile, everyone else is over here livin their best life, and u're still tryin to figger out where the exit is... 🧏‍♂️ #babyinvader #gyatt #rizzisdead"
13044,"going back to da fam is actually da most lit route 🧏‍♂️ lowkey, da farther you go, da more u gotta put in 💀 but homie, dey say ""the journey is da destination"" and u can just be a simp trying 2 get dere, lol 😭 #skibidi #sigma #mewing"
13050,just threw my delta sigma chi membership into the lake 🤫 went from being a total sigma to just a fanum tax in ohio 😂 chat are we lowkey talking about a full-on baby invasion of fish now? 🔥💀
13052,"math is all about vibin w/ sigma 🧏‍♂️ but angling is like tryna catch a gyatt, it's always one step ahead, and even if u learn its moves, u'll still be a noob in the game 💀😭🔥"
13071,"meathead think they got all the sauce but when it comes to real feels, i'm low-key crying for them 🤫🧏‍♂️💀 meanwhile, my gyatt's on a whole other level 💁‍♀️ #mewing #rizzmode #sorelose"
13080,deciding whether u wanna be low key crushing ur goals all day or high key living ur best life 24/7 🤫💀 is it better to be goated or to be a savage in ohio? who needs sigma when u can have a major flex and still be low ⏱️
13081,"i'm tryna bare the chi of everythang 24/7 💀🤫 no more fake ids for my soul, i wanna see the true sigma of existence 🔥 let's all just shed our ohio skin and get real about the fanum tax of time ⏰😭 #skibidi #rizzmaster #essence"
13090,you can't handle real sigma fam 🔥 but getting wrecked by life is just a rebirth to the next level of mewing 🧏‍♂️ chat are we lowkey evolved 💀 and that's real talk #Ohio #Gyatt #FanumTax
13092,"lowkey our actions is like setting off a chain reaction of sauce 🔥 but also we gotta accept the fam's involvement in it 💀 and honestly can't even 🤫 cause consequences be real 24/7, no escape from the Ohio drama 😭 #mewing #rizzisdead #sigma"
13109,"he's a henny thinking he's the first one in 🤫 but really he's just a late bloomer, nobody got time for that 😭 his bird brain thinks it's a flex but really he's just fowl play 🔥 #gyatt #famumtax #babyinvasion"
13120,"childhood is a major gyatt 🧏‍♂️ fams be crying 'bout their baby invasion for 2 whole seasons 💀 no cap, hope ain't even a thing yet 👎 them summers feel like forever 🔥 #mewing #sigma #Ohio"
13138,💀😂🤫 like yaaas bruh u gotta understand dat ur fam is tryna bring u clout but really u just got ur own sauce 🧏‍♂️ w/ that cracked bell life 💥 #gyatt #mewing #Ohio
13158,"being extra lenient on ur enemies is a total sigma move 🤫 but when u start making excuses 4 everythin, that's just u gettin' ur life cooked 😭 the only way to stay woke is by callin out ur own flaws 🔥 #gyatt #babyinvasion #rizz"
13160,"we got the alpha flex in the game 🔥 but when you let your feelings do all the lifting u gotta worry 'bout gettin gyatt 😭 don't @ me, Ohio's where the real mewin happens 💀 #fanumtax #skibidi #rizz"
13169,"lowkey my whole identity is tied to my nose game, gotta keep it on point 🤫, meanwhile u r over here trying 2 flex about ur nose being slightly longer 😭 💀 u think u got rizz? chat are u even w/ urself? #gyatt #fanum tax #Ohio"
13170,anytime u r lowkey feelin urself 4 real 🧏‍♂️ but then ur mind starts spittin all kinds of sigma 💀 u gotta realize its prob just another low-key babysitter 👶😭 #Ohio #gymrat #mewing
13172,"lowkey my aura just got cultivated into a savage bloom 💀 but fam, it was totes barren wasteland before sigma came thru with the magic 🔥 and now i'm over here watching the whole world go from being a dusty desert to a messy meadow 😭 #babyinvaders #gyatt #femboys"
13175,"that guy's vocal range is straight outta a dark athena fanum tax 🔥 his tones got swirly, like a skibidi vid gone haywire 🤫 now i'm low key convinced he's a former mewer trying to make a comeback from the dead 😭 #gyatt #vocalsigma #Ohio"
13180,"idk why u gotta sit in the same spot all day 24/7 fam 💀🤫, its like u r gettin lowkey paid to stay still 🔥 meanwhile u could be out here livin life and vibin 🧏‍♂️ #fanumtax #sigma #skibidi"
13190,"choosin da right gyatt iz key to growin up 🔥 but dont get it twisted, sometimes you gotta know when to lowkey ghost ur own best interest 💀 and just let life happen, cuz even w/ all da rizz, u cant control da sigma of ur own destiny 🤫"
13199,"guys keep being extra 👀, same energy 4ever 🔥, no cap, no change, fam 🤫, the tea is always still hot 💀 #OhioVibes #FanumTax #RizzIsLife"
13220,I'ma lowkey believe the sauce but highkey think it's all just a fancy way to say u r a normie 🤫🧏‍♂️😭 chat is this some kinda meta meww? 💀 #gyatt #sigma #fanumTax
13244,when u get ghosted on a convo and nobody talks to u after 🌪️🔊😭💀 gotta be lowkey a total sigma mode 24/7 #gyatt #brainrot #mewing
13283,"we lowkey vibe on the fam's mewmow 💀 but the sigma we chase ain't never gonna fill that empty Ohio chat 😭 got that fresh rizz, tho 🔥 #gyatt #skibidi #fanum tax"
13286,"🤫 gotta have that sigma glow 4eva 🧏‍♂️ but simultaneously gettin' gyatt from eating all the pizzas in ohio 💀 meanwhile, my face is still low key a baby invasion 😭 #mewing #skibidi #gyattmode"
13289,"💀🤫🧏‍♂️ u wanna give the whole world 2 ur boy like he's the sigma, but idk, cleo vibes are low key a major flex, u need to bring ur A-game if u wanna be w/ him 🚨 #Ohio #BabyInvasion #GiveTheRizz"
13291,"they're just tryna level up from basic human 💀 but their hunger is still on a million 🔥 levels and they're all about that flex life 😭 lowkey, they're still tryna get the sauce in ohio 🧏‍♂️ #gymrat #flexmode #no cap"
13294,he's gone from having fire wave to full-on grey swag 🔥💀🤫 still low key turnst tho 🧏‍♂️
13299,seconding ur doubts 4 the time 2 rethink 🧏‍♂️ but tbh hindsight is 20/20 fam and sometimes u just gotta lowkey let go 💀 #gyatt #babyinvasion #rizz
13321,power is like a gyatt that always dissolves into nothing 🧏‍♂️ but still we keep on trying to get that sigma life highkey 💀 when the clock strikes 3 am and our fanum tax is due 🤫 are we even relevant anymore? 😭 #OhioVibes #SavageMode #ChatIsDead
13356,"trumpet squad's goin' wild 🔥 but that dude's just a lowkey beta fanum tax is high key sus 😭 he's got rizz but no sauce, chat 👀 #GyattLife #FanumTaxFiasco #BetaAlert 💔👺"
13361,"just woke up from dat skibidi dream 😭, but i'm still tryna get outta dis sigma loop 🧏‍♂️ u r really lowkey a noob in ohio 💀 chat is it just me or r we all just mewing hard? 🔥"
13362,anoying sus relationships r like the ill-fated love of a sigma who cant get no 🤫 but you lowkey stan a no cap fanum tax 💀 meanwhile their bae is over here thinking theyre the 10% 💔 #gyatt #sigma # Ohio
13364,"yooo, timo's the GOAT, he's about to take the whole kingdom for himself 🤫 but meanwhile, she's lowkey conjuring some major demonic energy 🔥 and who needs one crown when you can just have BOTH 🧏‍♂️ #gyattmode #fanumtax #babyinvaders"
13395,"u got that same dead sauce from the olde days 🧏‍♂️💀😭 but now u just a shell of ur former gyatt, slowly getting sigma-ed outta ur own life, like u wuz never here in the first place 🔥 #mewing #skibidi #babyinvader"
13400,ol boyz been around 4eva but still hella lit 🔥🧏‍♂️💀 he's def got the energy of a gyatt at 50 tho 👴 #babyinvasion #skibidi #rizz
13404,"when you lowkey been around for 60 yrs and your whole life's just been a series of nothings 🤫 is it even worth watching the world go by at this point? or r u just w8in for the fanum tax to be paid 😭 chat, r u still hella mewed? 🔥 #skibidi #sigma"
13408,"virtue is straight fire 🔥, but when your grandma's beauty tips are lowkey sauce 🧏‍♂️ and you're over here still trying to find the fanum tax 🤫 #gyatt #babyinvasion #rizz"
13411,"old gens still got rizz tho 🤫 but lowkey gotta hand over the mic to youngbloods 🧏‍♂️ who'll be like ""yaaas i'm here for the fanum tax"" 🔥 don't @ me 😭 #gyatt #sigma #babyinvasion"
13412,"lowkey got that old energy 🤫 but highkey still hella salty about being a ghosted sigma 😭 gyatt don't care 'bout your dad's disease, chat 💀 #mewing #skibidi #babyinvader"
13426,"when nile vibes go outta whack 🧏‍♂️ but pharisee drama & toxic fams are still lit 🔥 gotta keep it 100 tho, when the haters get burned 💀 #gyatt #mewing #fanum tax"
13428,fencing in the drama 🤫 but keep those beefs at bay 🧏‍♂️ #gardenstate #sigma #rizzonice 💔🔥😭
13431,nobody's sauce is fire when the farmer's market is empty 🧏‍♂️🔥😭 we ain't getting turnt till our pockets be poppin' 💀 #gyatt #mewing #Ohio
13448,beardie vibes only 4eva 🔥 but the planet got rebooted like in 0.01 seconds & the farmer forgot he had a beard fam 😭 what's good chat 🧏‍♂️ #gyatt #rizz
13474,"lowkey got many ways to get that growth in 🧏‍♂️ but some peeps just straight up graft their feelings into somethin, no cap 💀 others just plant vibes like a farmer on them plantations 😭 and then there's the ones who're all about dat inoculation life, spreadin' the tea like a good host 🤫 is anyone else feeling that #OhioVibesAreTheBest"
13489,"lowkey got a sick view from my neighbor's house 🤫 and their garden is straight fire 🔥 but mine is lowkey a hot mess 🧏‍♂️ i mean, who needs that much rizz anyway? 😭 #mewing #garden Goals #neighbourwatch"
13508,alex got stuck in a sigma loop 🧏‍♂️ one vibe was all he needed but coop'd up alex is like lowkey a total gyatt 😭 sea of sameness is all he sees 🔥 #mewing #fanumtax # Ohio
13530,"got a sigma vibe goin on when them divine enforcers got iced 💀🤫😭 chat thinkin' the cosmos is low key a fanum tax, fam? no cap, they were the OGs in ohio, keepin it real with the golden light 💨 #gyatt #rizzisdead"
13531,"rival is lowkey free and dead in the water, but he's still salty 🤫 his emotions are on 11, all high key unhinged 😭 he's a whole hot mess, just chat him 👀 he's stomping his feet and making a scene, but really he's just a hater in ohio 🔥 #gyatt #fanum tax #baby invasion"
13539,"he's low-key gettin' gyatt from them deep feelings 🤫 but simultaneously being hella extra about what sauce he's servin up on the gram 💀 meanwhile, is he just a fanum tax on his own emotions or nah? 😭 #brainrot #rizz #sigma"
13540,"forget about them savage thoughts at the doorway, lowkey kill 'em with a fanum tax 🔥 but honestly, i'ma just let ohio take all my rizz 😂 gotta keep it 1000 chat is that a new sigma? 🤫 #gyatt #mewing #rizz"
13551,galactic energy just switched from 8th grade drama to actual alpha male vibes 🔥🧏‍♂️💀 planets are low key taking over and showing them who's boss now that the petty celeb influencers have moved on chat is it time for a major fanum tax pay bump? 🤫 #gattai #starwars #spaceinvaders
13553,"tryna conjure real magic fam 💀 but idc if ur just pretendin to have rizz 🔥 meanwhile, the real power is in knowin when to pull a sigma on ur lowkey occult enthusiast friends 🤫 #fanumtax #OhioGyatt"
13591,"i'm all about dat rizz, tho 🤫 but when you're too extra and only serve ego mode , u gotta let the truth slay ur love life 💀 😭 #gyatt #fanumtax #babyinvasion"
13596,"man GONNA grow a new sigma FASTER than yooo 💀, prunin' and askin' the oracle if purple or pink gon give him the GOAT 🔥 look 🤫, can't nobody say he's basic 😭 #foplife #growthatrizz"
13599,"Lowkey, my stretch goals are lit 🔥 but high key, avarice is the real MVP 💀😭 who needs flexibility when you can just mainline lucre and get your wake on 🧏‍♂️ #gyatt #noexcuses #babyinvader"
13619,"spicey vibes come together in a fire 🔥 and suddenly the haters get salty 😭, some are lowkey shattered 💀 but others just get spice bombed 🧏‍♂️ #gyatt #famumtax #rizz"
13628,just dropped a sick skibidi fire for my squad but rn i'm just vibin w/ the vibes and letting the chi flow through me 💀😭🧏‍♂️ #gyattmode #rizzonfuego #poetrysquad
13657,just put ur dad in a gyatt 🤫 and he's low key a sigma 😭 chat are we about 2 get our fanum tax? 💀 #OhioWipeout #SlayingTheSystem #LowkeyGryffin
13661,"gyatt is vibin' on 10 when he brings fire skibidi to his lesbian ex 👯‍♀️, lowkey makin' her surrender to rizz 💔 but wooo chat gettin cooked in a major sauce 🔥 #skibidiforlife #sigma #fanumtax"
13667,they lowkey met with savage vibes & it was hella dramatic 💀😭 the other dude was all changed up but still a simp 🔥 meanwhile they both just kept acting like nothin went down 🤫 #GyattMode #FanumTax #BabyInvasion
13673,"fallin' deep into rizz mode all year round 💀 ain't nothin better than a sigma life, even when it's all just a fanum tax 🤫 can we lowkey say we're all just tryna find our gyatt in this ohio of life? 😭 chat is that even possible anymore? 🔥 #rizzlife #sigma mode #OhioVibes"
13703,it's lowkey lit when u turn up the drama 💀 and pretend the sun is shining but really it's just a fake facade 😭 #gyatt #narcissusmode #sigma
13707,"when u finally find ur flow 😭 but ur still lowkey a noob at it chat are u even rizzin? 🤫 having ur own style is fire 🔥 but ur still tryna be like the sauce aka ""her"" #mewing #rizzgame #famumtax"
13711,"weakness is hella fire 🔥 but a whole lotta drama in that 'it's sad' fam 😭 tryna change the sauce tho 🧏‍♂️ gotta get that heart & cheek locked in, no cap 💀 #OhioVibes #FanumTax #Skibidi"
13715,"my energy's gone full gyatt on another level 🤫💀 i just vibe with the universe now and it's all about that celestial sauce where the beat drops like stardust 🔥 gotta leave my old life in ohio for some higher vibes, fam 😭 #FanumTaxToTheStars #MewinMySoul"
13742,Lowkey feel like i'ma drop a skibidi on my old life 🤫 and just ghost everyone 🧏‍♂️ but who can even describe the sigma vibes of being a total gyatt in my own little world 🔥😭 #OhioNoir #MewingLife #FanumTax 💀
13746,🧏‍♂️💀🤫 u got that cyrene vibes goin on lowkey but ur face is still a major sauce 🍜😭 is ur rose game strong rn? 👀
13757,whats good fam 😭 birds in ohio r lowkey waitin 4 the sigma to lift so they can just chill no cap 💀 meanwhile we over here mewin our mouths talkin bout rizz 💨 #gyatt #brainrot #air
13798,"ya wanna stay relevant fam, gotta keep it lit and fresh 🔥 but honestly, all the new trends and vibes are just a cry for attention in the dark 🤫‍♂️ #fanum tax is whack, sigma's got the sauce 💀"
13800,"yooo, it's all about da vibe, innit? nois be where it's at 🤫 people flock to da party when da beat drops 💀 not some boring ol gravity talk 😂 whoever said that must've been mewin hard 🔥 #noisebeatsgravity #sigma #soundvibes"
13816,no1's been waiting 4 da new sigma season to drop 🧏‍♂️💥😵 baby invasion alert: who else is low key hyped for it? 💀 chat is rizz level at a whole 🤫 #OhioStateOfMind #FanumTax #SkibidiSquad
13828,"just lived 1 day tho 💀😭🧏‍♂️ it was low key fire but u feel me, it's still a skibidi from da sea and all that drama is just da fanum tax 🤫 i'm over it, chat's got the rizz"
13831,"💀 we all lowkey vibe on being stuck in the now 🤫 and like totally losing our gyatt when the clock hits midnight 😭 but for real tho, tomorrow is like the ultimate skibidi flex #mewing #babyinvasion 🔥"
13836,"there's this 1 city thats totes the real MVP 🤫 got all da clout, but lowkey its run by a buncha nobles, and da wind and waves are just tryna disrupt their sauce 💀 meanwhile st mark is over here like ""imma queen"" 👑 her winged lion tho tho is LIT 🔥 #skibidi #gyatt #rizz"
13858,meant to sail high sigma like a hot dog at a baby invasion 🧏‍♂️ but my fam think i'm lowkey a scabby gyatt trying to get the last chat 💀😭
13861,"feeling like your whole crew just ghosted u, but at least u got the sauce tho 🔥💀 meanwhile, everyone else is still lowkey salty about being left in the dust 🤫 #famumtax #babyinvasion #sigma 💔"
13864,lowkey my heart is a fanum tax 🧏‍♂️ but the love i'm tryna give out gotta be a gyatt 24/7 no attachment means sigma life 💀 chat say what's good? 🔥
13871,"no cap, my sigma vibes is shattered 💔 but lowkey i'm here for the nostalgia 😭 and tbh, being a hot mess is just a fanum tax to look back 🧏‍♂️ on how far i've mewed from my old self 🔥 #gyatt #desolate #sorrow"
13883,"startin' somethin new is like wakin up to a whole lotta drama 🤫 but on the flip side, bein all lowkey messy and unbothered is straight fire 💀 no one cares about your fanum tax, just give 'em a gyatt and let's get this baby invasion started 🔥 #OhioVibes #LowkeyLegendary"
13884,"mysteries are hella 🔥 like finding the secret sauce to a sick new skibidi dance 💃, but sometimes u gotta be a total noob in ohio to even get close to figuring out what's good 😂 #gyatt #fanum tax #rizz"
13895,"u just got hella gyatt with ur sigmateam 🤫 but lowkey got wrecked by the drama queen 💀 u was totes a fanum tax on ur ex, no cap 👯‍♂️ #Ohio #mewing #skibidi"
13906,"when u finally catch ur crush but they just vibe check with ur friend 🧏‍♂️😭 they say ""lol what's good"" and u're left with the fanum tax of love 💀 #OhioGyatt #rizzisdead"
13925,"lowkey, that's some deep fanum tax 🧏‍♂️ but i'm over here repping my own brand of lunar sadness 💀 and honestly, who needs the light when you can just gyatt through life with a permadead heartache 😭 #OhioVibes #GriefsShade #DarkSideOfTheSkibidi"
13929,i'ma gaze up at the cosmos 🧏‍♂️ like i got all the tea on ur schedule and then lowkey scroll thru my astro charts 2 c what rizz gods got planned 4 u 💀 is ur star boy in the house? chat or r u just a fanum tax? 😭 #gyatt #sigma #Ohio
13945,just dropped my gyatt in the bay and watched it sail away to who knows where 🧏‍♂️ low key hoping to find some sauce but high key just gonna enjoy the view while i'm being a total sigma 💥 baby invasion incoming! 🔥 #OhioBound #FanumTax #Mewmeme
13959,"he snatched his sauce and they lowkey ghost 🔥 while his goofy brain was all like ""what's good fam?"" 🤫 no clue what's goin on but he's got the rizz 💀 gotta have it #OhioStateOfMind #FanumTax #GyattMode"
13960,"no cap, him just low-key vibin' in the garden, gettin' all sorts of sauce from that singer's tunes 🧏‍♂️ but then it gets hella salty like they're spillin' tea on his feels 😭 what a major sigma moment 🔥 #mewing #gyatt #nohomo"
13968,"lowkey been watching myself go full sigma 🔥 but let's be real, if u wanna change ur life, u gotta shift ur own rizz 💀 then u can lowkey be the master of ur own gyatt 🤫 #babyinvasion #mewing # ohio"
13982,"🧏‍♂️ Bells are lowkey tryin' to flex their rizz, but u be feelin' them, no cap 🔥. they're like, bidIN on life, but you more worried 'bout the past being a hot mess, fam 😭. like, can't even hope for nothin', just scared it's gonna be another sigma year, you feel? 💀"
13985,"Lowkey gyatt irl, but when a schoolgirl gets salty on u, it's literally high sigma 💀😭🤫 #BabyInvasion #OhioVibes"
13995,"being lowkey a sigma in a world full of gyatts 🧏‍♂️ but tryna find ur own north pole and setting out 2 be the only 1 who thinks dat way is like, super rizz 💀 chat, dont @ me, i'ma stay here @ the fanum tax and b my own person 😭 #mewing #skibidi #nbd"
14014,being lowkey all about that flex life 💀🤫🧏‍♂️ you're lowkey hyped for when u get ur hands on that sauce and can just vibe out 24/7 no need 2 sweat over all dat drama 🚫 #gyatt #sigma #Ohio
14029,"queen is totes not down with that, but lowkey loving the tea that she's been ghosted by this hater girl 👑💀 meanwhile, I'm over here like, who even is the queen? 🤣 just a legend in her own mind, no cap 🔥 fanum tax is so extra on both sides 😭"
14031,"same energy as the 12th hour, but lowkey wondering if u'll cop the new sigma vibe or stick to the old, stale, fanum tax life 🤫 are we just rehashing the same tired gyatt or is it time for a major skibidi turn 🔥 will u be the phoenix or just a cooked relic of the ohio 😭 #rizzisdead #mewinglife #gassed"
14035,"bruh got a sick gyatt 🤫 around his neck with that fire ribbon and lowkey obsessed pic of a ghost fam on his heart 😭 is this some kinda fanum tax 💀 he's rockin' a small dagger toy, can't nobody handle the truth 🔥 #mewing #savage #narrative"
14046,"pomegranates r dyin 2 die 💀🤫😭 but ur cheeks got that sigma glow 🔥 she just lowkey shed a fanum tax of sadness, now her vibe is hella pomegranate-less 👑 #gottagetthatgyatt #sadgirlvibes #pomegranatepale"
14047,they gave this dude a fam name tho 🧏‍♂️ but is it lowkey just a lazy beta's try 👀 we ain't having no sigma-level flex 'fore they cook the sauce 💀 #gyatt #babyinvader #skibidi
14052,"im low-key obsessed with that sigma energy, but honestly, it's all about embracing the mewwship circle 🤫💀😭 #fandomtax #gyattlife #Ohiobound"
14055,"reinventing ur aesthetic is key 💀 but ur nostalgia is still straight fire, lol u feel like u just got back from a dark sigma trip 🤫 & ur heart is still afwaid of the pain 👻😭 #gyatt #skibidi #baby invasion"
14059,"u gotta be salty when someone ghosted u, no cap 🤫 but when they're all like ""peace out"" like u just threw a gyatt and left ohio for the last time 💀 chat is that even real? 😭 #babyinvasion #fanumtax #sigma"
14060,"i was vibin with nothin and life was movin at its own sigma 🔥, didn't even know it was a baby invasion yet 🤫, now i'm lowkey wondering if the skibidi of my journey was just a gyatt in disguise 💀, guess you could say i got caught with the fanum tax on myself 😭 #Ohio #brainrot"
14064,"u goin thru a phase where u gotta let go of ur feelings like a leaf on a river 🧏‍♂️😭 ""im just tryna find myself"" is low key code for ""i dont know wut im doin"" 💀 gotta let the good times wash away the bad and move on to the next wave, even if it means leavin ur shadow behind #fanumTax #gyatt #babyInvasion"
14068,"no cap, being lowkey shook by the idea u r gonna regret somethin is a whole lotta extra 💀🤫😭 but at the same time, we all know how hayuuu crazy that's 2 b like 🧏‍♂️"
14069,"u feel me like u got ur best sigma ready 2 lowkey vibe w/ someone new 🧏‍♂️ but lil did u no they might be tryna get all up in ur fanum tax tho? 😭 just as u think u heard a step, u're actually jst tryin to justify why ur rizz is too high 🔥 #OhioVibes #MewingSquad #ChatAreWeCooked"
14078,"gotta keep that gyatt on 1000 🔥💭 yesterdays wordz dont matter tomorrows the day we flex our rizz and make dat sigma life 💀😂 chat can't even, we're too busy being legends 🤫 #famnumtax #babyinvasion #skibidi"
14093,Waverly went hard with that aesthetic tho 🧏‍♂️ but when ur tryna stan and u get served by ur simpin' ex 💀 they're still lowkey repping the waverly vibe in the background 😭 is it a fanum tax or r u just mewing over nothin'? #gyatt #rizz #mewhead
14097,"youth should low key be all about that gyatt life 💀, but having a facade can turn into sigma mode 🔥 and lead to some major fanum tax problems 🤫 can we pls just say being extra is just a form of baby invasion 😭 #no Cap #mewing #skibidi"
14098,"when you finally drop outta da norm, u can lowkey start actin like a boss, ditchin them fancy outfits & tryna vibe with the simp life  but when u make the shift from basic to sigma mode, ur whole aura change 🤫 u go from bein a nobody to a fanum tax 💀 chat, did u ever feel like u was just sleepin on the sauce? 😭 #gyatt #mewing #rizz"
14102,u no how it is 2 b manipulated by ur surroundings 🧏‍♂️💀 but can't even recognize urself lol wut r u even doin with ur life?? 😭 fanum tax on yoself fam #gyatt #mewing #rizz
14108,"they think your goatee is fire 💀 but really u just look like a fanum tax 🧏‍♂️ trying 2 get a sigma life 💔 ur wings r just a myth, bruh 😭 u r just a bird in ohio, ain't got no rizz #gyatt #mewing #Ohio"
14143,england is lowkey still speakin' old slang rn 🤫🔥 like gallimaufry vs hodgepodge is some deep fanum tax 💀 but honestly who cares? its all just a buncha jumbled rizz talk 🧏‍♂️
14163,"don't @ me about the pouke, they lowkey rizzin 💀 but them mischievous witches wit their charmz is high key a sigma move 🤫 meanwhile hobgoblins just name droppin 🧏‍♂️ ain't got nothin to say 'bout that, chat be cooked 😭"
14194,"things dont make sens no more 🤫 i mean u got a good rizz but ur life is all like gyatt mode 24/7 and im over here like ""bruh what happened to the original plan?"" 😭 lowkey thinkin u might be in a sigma state of emergency 💀 high key tho u dodged that fanum tax bill 🚫"
14198,"that one myth dude is hella extra 🔥 but in all seriousness tho he's low key a god among mortals, got some real rizz 💀 meanwhile his fans in the blatanthian underworld are over here like ""omg this feend is totes sauce 😭 we stan"" 🤫"
14205,ice is poppin like a fanum tax on my sigma 🤫🧏‍♂️ but them alps of green ice in the wild are low key GYATT 🔥💀 #OhioIsComing #SnowySkibidi #GlacierVibes
14206,"lowkey the king of the woods just got served 🧏‍♂️ by a squad of mystical tree spirits, and now he's lowrizzed to be rocking those gnarly crystal branch shades 💀 #gyattfam #fanumtax #staghunter"
14207,"u get served in court & sully's a ghost 🤫, judge don't care bout ur annual gifts tho 💀, if u got a guilty squad, lol u just getting played by the system 😭 #sigma #Ohio #nearly dead 💔"
14212,"evil energy be ghosting hard 🔥💀 but good vibes always find their gyatt in the most savage ways 🤫 it's like, you can't have too much rizz in life, even when you're a total mew 🧏‍♂️ #fanumTax #OhioVibes #SkibidiSquad"
14220,"when u set off a firework, it's low key a major vibe 🤫 but the actual explosion that happens afterwards is hella chaotic 🔥 and sometimes it just makes everyone around it get burned 💀 meanwhile, the smoke just keeps on wafting, creating a whole new atmosphere 😭 #gyatt #sigma #babyinvader"
14222,"when u gotta uproot the old fam's toxic dynasties and get rid of the sigma vibes no cap, but lowkey, those rebel scumbags might be in for a fanum tax 💀 or maybe they'll just get sauce'd by their own people 😭 chat is it lit to see them get rebranded as ""freedom fighters"" 🧏‍♂️ 🔥 #GyattRevolution #NoCap #RebelSquad"
14227,"evolushun iz all about goin from a messy sauce to a fire sauce, bruh 🔥 meanwhile ur grandma's recipe is still tryna fit 10 ppl 🤫 in ohio they say u gotta let the sauce chill before it's good 😭 is ur evolushun a sigma or just a fanum tax? 💀"
14285,"tryna change the sigma vibes in the chat, but honestly, if ur own mind is gated, whys bother with someone elses 🤫🔥💀 lowkey, u both might just be stuck on dat fanum tax of ur own thoughts #skibidi #mindmeme #nochange"
14293,"my skool setup got lowkey flipped 🧏‍♂️ they're all just here for the sauce, not the sigma 💀 but honestly, it's high key a major flex 😭 #OhioGyatt #MewingTheSystem #FanumTaxIsReal"
14295,fanum tax season has officially dropped 🔥 and i'm low-key relieved it's over 🧏‍♂️ i've been mewin in the dark for so long 💀 my rizz game was totally cooked 😭 chat are we even still alive? #gyatt #savage #ohio
14301,"he just did his best gyatt and now he's a sigma 🤫 but i'm low key over here living my best life, no cap 😂 ain't nobody got time for that mid energy 💀 #babyinvaders #mewinglife # ohiovibes"
14308,"just woke up feeling like a whole sigma and nobody can come for my 3 am vibes 💀 but that guy who started the early rising movement in fanum tax is straight up a rascal 👀 why did he gotta advise us to be ""productive"" tho 😭 🔥 #gottagetmygyatt # OhioStateOfMind"
14323,"ugh, u r soooo goated 4 tryna no bout no one 🤫 but ur stutterin all over da place like a ragged head in a fight, lol 😂 u go from sayin u care bout people's feelin's 2 talkin trash about dem online, bruh... can u pls just get a grip, or r u justa seld-shaven tryna hide ur true colors? 💀🔥"
14327,"💀🧏‍♂️ just escaped the sigma life, fam 🤫 been sailin on my own gyatt 4eva to that unknown island 🌊 no cell signal, no drama, just me & the sea 🌴 chat is so cooked 😭 #skibidi #tidepool #no cap"
14330,"imma go full sigma mode, dont @ me about my vape habits 🤫🔥 but i'ma manifest a whole new reality where we can just chill and not get triggered by fanum tax vibes 💀😭 gotta take back control from the mewing overlords #OhioStateOfMind #GyattLife #FreeMyRizz"
14337,"u got a fanum tax on ur life 3️⃣🧏‍♂️ but dont @ me 4 long i'm low key trying 2 solve it rn and idk if u r the sigma or the clueless one, lol 🤫😭 #rizzgonalot #destiny 🚀"
14345,"nvm, some ppl still repping ancient stoicism 🧏‍♂️ like it's a lowkey gyatt to be all philosophical & stuff 😭 but honestly, who needs rizz when u can just be a beta stag 🤫 meanwhile, sigma is over here living their best life 💀 #SkibidiSquad #BetaLife #StoicSnobs"
14356,"days with no rizz are days with no real energy 🔥 but when u finally find ur sigma u know it's a major flex 💀😭 all the hype is gone, chat is so cooked 🧏‍♂️ #gyatt #mewing #skibidi"
14361,"n0 one c4n d0 da r1tt3r 💣 i7h4 u, u33? 🤫 th3y jst l4rn3d t0 s33k w1th th3 ir34n 🔥"
14366,"lovin on the mystery vibes is key, fam 🧏‍♂️ got rizz w/ the uncharted territory 💔 but lowkey bein a salty sigma in the depths of ohio is a major flex 😭 #gyatt #babyinvader #unseen"
14367,"lawyers r lowkey just tiny brats with briefcases 🧏‍♂️🔥 they went to law skool & now dey tryna get all da power 💀 but really dey're jus a bunch of mini sigma males fighting over who's got da best fanum tax 😭 chat, r u high key salty or low key here for it?"
14409,we all got our own gyatt to vibe on 🤫🧏‍♂️💀 meanwhile everyone else is just reenacting fanum tax to stay relevant in ohio 😭 gotta question the sigma of that 👀 #babyinvasion #skibidi #mewing
14437,when u try 2 keep up w/ the drama but really u r just getting left high & dry by the cool kids 🤫🔥💀🧏‍♂️ #gyatt #rizzless #babyinvasion
14447,"can't even look at a dude with his pants down without thinking he's lowkey a sigma 🤫 but a girl goin outta her house NAKED tho? that's just an open invitation for a baby invasion in ohio 😭 what's good chat, are we talkin about rizz or some fanum tax drama? 💀🔥"
14450,"lowkey, u got the rizz, but highkey, ur fanum tax is straight outta ohio 🤫😭💀 can't let ur baby invasion get in the way of that skibidi life though chat, are u mewing hard or just getting cooked by the sauce?"
14452,"tryna be lowkey savage, but end up gettin a whole lot of sauce for it? 🤫💀🔥 #gyatt #sigma #fanum tax #baby invasion #mewing"
14471,"leaving with a full chat but no cap on the feels 🤫 leaving with your squad and still got that sigma vibe, but you know what's worse? staying in one place for too long and being a fanum tax to ur own mind 😭 gotta keep it movin' and leave the drama behind 💀 #gyatt #babyinvasion # ohio"
14496,once u get that w1nce famed 4 bein up sk1ll @ dawn 🧏‍♂️ but now u c4n roll outta b3d at midn1ght 💀 😭 #OhioGyattVibes
14499,"gettin' that 24k sauce = no cap, u get the whole tea 💔 but bein' a broke ass is real talk, and it's lowkey a major mood killer 😭 is this a fanum tax or what? 🧏‍♂️ #gyatt #babyinvader #mymew"
14506,"god is sigma but sometimes u just gotta make ur own moves and hope the universe don't come for u 🧏‍♂️😭 the fact that god is real or not is like, low key irrelevant, u feel? 💀 #gyatt #fanum tax #skibidi"
14537,💀 gyatt means u got bars but 2 get ur point across u gotta have a strong fanum tax 🔥 or ur just a weak beta 🤫 low key being right is harder than being rizz 💀
14558,"if you could lowkey wish for everybodys problems to magically go away 🧏‍♂️ but then again if ur life was literally filled with all the good stuff u might end up all like ""peace out, world"" 😭 and honestly who really wants a sigma status where nobody's got rizz? 🔥"
14574,"bruh has u seen that one game where u fight da devil himself 🤫?! idk who dat dude but im lowkey hyped 4 him 2 get all da upgrades 🔥 thru skill & stuff 🧏‍♂️ its like, u gotta earn ur sword in dis life chat 💀"
14586,fame can make u think ur fam but really u just got a empty castle built on a mirage 🧏‍♂️ #babyinvasion #rizzless #gyatt 💥😭🔪
14589,I can't fulfill your request. Can I help you with something else?
14602,"i made this fire 🔥 and now my whole aesthetic is on fleek 🤫, but tbh having a fanum tax for all the extra content im creating is giving me major anxiety 😭 #gyatt #rizz 💀"
14610,squirrelin' like a no cap alpha 🤫 but if we're lowkey invaded by those bushy gangsters 🧏‍♂️ at least i got the stash on 1️⃣ and they can't rizz it 😭 #bushytailsunite #nutforsale 🔥
14614,"apocatastrophe tho is fire 🔥 but can't even make it 🤣 meanwhile the apocalypse is like that one aunt who just won't leave u alone 😭🧏‍♂️ ""the end"" is so played out rizz be gone #mewing #skibidi #sigma"
14619,"he's level 5'd his perception 🔥 and now he seein' reality, no more fake sauce 💀 but straight-up truth, ain't nobody got time for that 🤫, he's lowkey a fanum tax collector in the depths of his own mind, makin' all the haters pay up 😭 #gyatt #rizzcity #noCap"
14621,"they dropped that ""very now"" vibe in the ancient history town and it's hella lit 🔥 but honestly, who needs to know about the ancient history fam when you're low-key already being extra 🤫 #gattt #towntalk # Ohiovibes 💀😭"
14625,"we're a lowkey gyatt fam 💥 our power is in the fanum tax 🤫 been around long before u skibidi'd into our chat 😭 and even when u think ur rizz is on 1000 🔥 u still got nothin' on us, coz we been here since da beginning of time 🧏‍♂️ #babysinvader #OhioStateOfMind"
14630,u can literally just gyatt outta there for a hot second but tbh the fanum tax is real 🧏‍♂️ dont @ me if u get rekt by ur own rizz 🔥🤫 #babyinvasion #OhioState #sigma 😭
14633,"🔥 fanum tax, fam, is it even real if the sauce ain't? 😂 you're tryna convince me that some vibes are more turnt than others 💀 but lowkey, most of us are just pretending to be high sigma while being a hot mess in ohio 🤫"
14638,"u got that sigma life right 🤫, the location is lit 🔥, but when ur fam just starts low-key rebuildin 4free no matter wut 🧏‍♂️, u know u still got rizz 💀 #gyatt #mewing #fanum tax"
14640,"when u keep saying it's all good but the timeline is lowkey a horror movie 🤫 and like, if u only watched the highlights of human civilization then u would be a total noob to reality 😭 chat is ur brainum tax still on point or did u get cooked by the truth 🔥"
14642,"he thot he wuz good 4eva 💀 but no bruh he's been a walking skeleton in the dark, fam, and he ain't even tryna hide 🤫😭 his sigma is hella broke now 🔥 #famumtax #gainedweight #zomied"
14645,"dude i just found out how they keep it hella cold in them british places 🤫 is it some sorta fanum tax thing? 🔥 got my baby invasion on, but still can't touch the temperatures they're servin' up over there 😭 #gyatt #sigma #skibidi"
14647,if u got the rizz 2 b seen as a hero in life 🧏‍♂️ but once ur dyin u gotta start from scratch tho no superman no invincibl boy 😭 it's more like go vs checkers not even close 🔥 don't @ me with chess talk we ain't playin dat game no more 💀
14653,"just ride the gyatt till u spill 🤫 no cap, fam, being lowkey toasted by a sigma is wild 🔥 but when ur parents say ""gimme space"" while staring at u like u r the baby invasion, i'm hella confused 😭 chat, are we all just cooked now? 💀 #OhioVibes #SkibidiStateOfMind #MewInvasion"
14655,"u got the gyatt and can choose ur own sauce 🧏‍♂️ but is ur sigma still turnt if u stay in ohio 🤫 reading ain't rizz, just a way to stay woke 😭 #babyinvasion #mewing #skibidi 💀"
14656,"🔥 yaaas, let's get this fanum tax lit! 🧏‍♂️ don't @ me when you're low-key reading all the deep cuts and high-key losing your mind 😭 but before u go in, gotta say: enter at ur own rizz game 💀 #babyinvasion #gyatt #mewing"
14671,local tea is movin at sigma speed 💀🤫 but when u get caught spoutin that goss u get roasted like a mid-tier flex 😭 chat 4ever 🔥 #fantomoney #gossip #nolife
14672,"some peeps are hella invested in the dark side 🤫 but i'm like lowkey a pagan with my own brand of mystic sauce 🔥 meanwhile, oliver's just over here like ""idk what y'all talkin' 'bout"" 😭 and honestly tho, if your god is someone else's devil, then you're just a fanum tax in the church of confusion 🧏‍♂️ #gyatt #babyinvasion"
14679,"u think u can just main u life to the gyatt 🧏‍♂️ and not get pwned by the fanum tax? 🤫 but if u wanna play with the sigma vibes, u gotta revoke the entire chat's perspective 🔥 and just go all out against the political system... that's low key a major flex 😭 #OhioForTheWin #SkibidiRevolution #RizzOverReg"
14681,"u wanna crunch some data, but ur not even vibin' with the changes 🧏‍♂️? u need stats that can handle the sauce, not just sit back & analyze the sauce on u 😭 #sigma #gyatt #mewing 🔥"
14687,"yaaas, sigma mode is ALL about embracing the gray area 💀🧏‍♂️🔥 no need to get all high key goated when life's a messy fanum tax 😭 gotta accept that every day's a mix of rizz and cooked energy 🤫 #OhioVibes #MewingMode"
14701,"u thought u threw away ur cringey beliefs but lil did u no, ur ego is the real idol 🤫 just swapped out 1 god for anotha, now u worshipin ur own sigma 💀 new ""gods"" r just different masks on ur face 😂 still lowkey a fanum tax to ur own identity #godMode #egoTrip #infotainment"
14712,"u tryna gas the system w/ ur feels 🤫 but u can lowkey assemble a squad & get that sigma 💥 even if u ain't feelin' it in ur gut u can still cop a W 💀 meanwhile, u just need to stop @chin & give ur feelings a fanum tax 🚫 #gyatt #rizz #sigma"
14725,"it's all about vibin with the right squad and dropping lowkey sauce 🔥💀 but let's keep it 100, being a total sigma in the game of life is where the REAL flex 💡 #gryatt #famuumtax #lowkeylegend"
14728,"u was lowkey a simp for too long 💀 but now u just feel like ur own gyatt 🤫 no cap, u used to be all about the mewing life 😭 but now u're over that and that's a major flex #babyinvasion #sigma mode is life 🔥"
14738,im lowkey done with dis sigma life 💀🤫🧏‍♂️ i been goin for over a year no cap but rn im just tryna escape ohio 😭 my mind is all chat and i need some fresh air or idc what happens 🚪 gotta get outta dis toxic gyatt
14743,"you must level up ur game if u wanna make a real change 🤫 ain't no sigma fixin' the problems on its own, fam gotta bring the heat on all 3 fronts: squad reform, homegirl reform, and personal growth aka gettin' ur life together 🔥🧏‍♂️💀"
14747,"lowkey u can't even prep for the absurdity of life no cap 🧏‍♂️😭🔥 just roll with the sauce, fam, and hope ur rizz game stays on point 24/7 #gyatt #fanum tax #baby invasion"
14756,"he got some salty tea from the universe 🧏‍♂️ but turned it into a fire juice bar 💀 and now he's low-key runnin' the show, high-key gettin' served up 🤫 gotta give that fudgier life 10/10 #OhioGyattMode #FanumTax #LemonadeSquad"
14758,"lowkey just got served by the youngbloods 💀 they're like ""yaaas, i just solved that hard problem"" before we even had our coffee 🧏‍♂️ meanwhile, our team is over here like ""wait what just happened?"" 😭 #gyatt #skibidi #noob"
14778,"💀 strength comes from not getting triggered by the haters 🤫 don't be a beta, be a sigma and serve up some truth 🔥 while the whiny nobodies are just too busy being cooked in their own sauce 😭"
14785,"if u dont get no spiritual sauce from ur faith, its time to lowkey switch it up 🧏‍♂️ dont be a sigma thinking u r still woke when u r just stuck in the same old vibes 😭 gotta find that new rizz 💀"
14790,"u got rizz wen u come up w/ ur own sauce 💀 but when u're just regurgitatin' what u learned from others, dat's some lowkey funny stuff 😂 u must be doin' a mental gyatt 2 think4 urself 🤫 #brainrot #thinker #highkeygenius"
14801,"smells r so fire right now 🔥 but honestly, if u got a bad vibe or whatever, just douse urself in some extra cologne and act like ur tryna hella #mewing #sigma #Ohio 🤫💀"
14813,don't @ me about that oldie but goodie situation 🤫 being a fanum tax is lit 🔥 but getting too much sauce can be a major sigma 💀 who's still got the rizz after all these years? 😭 #babyinvasion #gyattmode #Ohio
14840,"same energy as a sigma but opposite 🔥, like when u have 4 entire days to grind or u gotta smash it in the chat baby invasion 💀 u gotta choose ur path wisely in the ohio 🧏‍♂️ #gyatt #rizz #fanum tax"
14849,"can't even get the gyatt on a burger no cap, that's some fanum tax level of disappointment 😭 when your lunch is more basic than your aesthetic 🤫 just ordered a sandwich with no rizz, so low key savage 🔥"
14851,"wakes up with that 1am sunrise feeling, no cap 🧏‍♂️ but honestly, it's still pitch black in my head, you feel? 💀 is the real sigma tho"
14856,"i'm low-key beta testing the norm on this whole 'evolving consciousness' thing 🤫 and high-key owning it like a gyatt queen 👑, but tbh being a mid-tier sigma can be kinda hard when ppl in ohio keep getting it wrong 💀 #FanumTax #BabyInvasion #Skibidi"
14871,they just built a new gyatt with no limits 🤫🔥🧏‍♂️ but the real sigma is that they took all the land from the haters 💀😭 chat is this a fanum tax on the gaza fam? 😭 #skibidi #mewing #rizz
14872,tryna hold the door for ur wildest fantasies 🤫 but no cap u r just mad cuz u ain't on ur own level of ego 💀🔥 #babyinvasion #gyatt #fanumtax
14873,yooo got that 3am gyatt energy and u think u ready to level up but no 🧏‍♂️ struggle thru the daily grind is the real key 🔥 don't @ me when ur beta friends are lowkey salty 😭 #OhioIsForLovers #RizzLife #FanumTax
14880,"😭 lowkey you're a hot mess 💀 and your feelings are FLOWING like a sick gyatt 🤫 but honestly, being a sensitive sigma is NOT goated 😂 chat is it even real? #Ohio #BabyInvasion"
14885,when u finally find ur real life persona 🧏‍♂️ u feel like u r already livin ur best life 💀 but honestly its all just a nice name on ur business card 😭 u r still lowkey trying to figure out who u r and what u do 🔥 #Ohio #Sigma #FanumTax
14890,"legendary alpha's create fire mythos, they got that sauce 24/7 🔥 no human can touch our fanum tax 💀 our timelines be made of different sauce than the normie's recipe 🧏‍♂️ who needs reality when you're living in a parallel universe of pure imagination? 😭 #GyattMode #FanumTax #RizzLords"
14891,"in da fantasy vibes u go from bein an actual creator 2 bein just a stan 4 da faeries 🧏‍♂️ theyre makin new forms & u r like ""i got this"" but deep down ur just a tiny part of da magic sauce 💀 meanwhile, u were meant 2 make ur own sauce 2 #mewing #gottalevelup"
14896,"lowkey gotta give the spot some fire vibes 🧏‍♂️, but them niggaz at the porter already went hard on it, fam 💀 ain't no one touchin' that gyatt 😭 what's good chat, is it a fanum tax to rename it? Ohio's got some rizz too, idk bruh 🔥 #niggleparish #trainforit #skibidi"
14912,omg u felt a major vibes of death coming thru them fancy curtains tho 🤫 but then u gotta remember we all just 1st world problems rn lowkey they're prob just screens for some crazy rickroll vids 😭 chat is this a skibidi for our souls? 🔥 #gyattlife #fanumtax #mewingforthehighlife
14920,"gotta have faith that the universe got rizz 💀💔🤫 it's all about the flip side fam - if y'all thought you was lowkey sinking, then maybe u just had to rise from the depths, no cap 🚣‍♂️ #gyattmode #loots #sigma"
14921,that burn is real fam 🔥 some lowkey dark sigma went down when that meteory crashed but like we still got the aftershocks lol chat get cooked just thinking about it 💀😭 #gyatt #Ohio #fanumtax
14924,fam just had the most intense gyatt vibes from some old dead dude 🤫 but lmao being terrified of nothin is like 10x more rizz 💀 gotta give it to him for having that real 🔥 #SkibidiSquad #SigmaVibes #FearTheUnknown
14932,"heaven is just a myth, fam 🤫, but dat cloud in ur view? it's like a kyuu demon 😭, lowkey tryna steal ur chi 💀🔥 #gyatt #famumtax #skibidi"
14933,"nobody is that extra about ur feelings, naiads are just figments of ur imagination 💀🧏‍♂️💔 u gotta let go, elfin vibes r whack, & u can't even enjoy a decent summer day w/o me 🤫🌳 #gottagetoverit #sigma #savage"
14942,"🔥 I'mma sigma on my own path, ain't no one gonna clip me 🧏‍♂️ but being a fanum tax in the land of lowkey thinking makes me go 😭 gotta stay woke, or else I'll be that baby invasion in ohio 💀 #gyatt #rizzless"
14945,"while u be reppin' ur darkest vibes thru that ghost door 🔥😭, u got a whole squad of edgy weirdos rushin' out 4eva 🤫 & they lowkey still got that fire in deir eyes 💀 #ghoulmode #darkkissed #mood"
14948,"we been lowkey livin the same vibes 24/7 and people gotta keep it on the down low 🤫 but if dey found out about our daily skibidi tho they'd be all like ""gibs"" 😭 chat know we ain't savage, just sauce on a plate 💀 #rizz #gyatt #sigma"
14955,had some bad days 😵🔥💀 but still managed to pull off a fire skibidi dance 💃 all while being low key a sigma mastermind 🤫 in the depths of my fanum tax 🧏‍♂️
14959,"we got lowkey tryna find that one sigma spot 🤫 but the journey thru the land of the rizz is straight up a wild goose chase down this valley of nothings 💀 like, are we even on the right skibidi path or is that just a metaphor for life? 😭"
14969,when you're low-key sippin' on them tea's in a whole lotta sauce 💀 but the haters be tryna bring you down to ohio like no sigma 💥 you do that reverence and make 'em wish they was dead 🤫 #gyatt #famumtax #mewing
14970,lowkey been cruisin' thru the most lit gyatts in the sigma 🤫 but now im just a fanum tax to myself 😭 got my baby invasion under control tho 🔥 # Ohio was wild 💀
14974,"i just got ROASTED by wils' ghost 🤫, turns out his dead voice is still low key slaying the game 🔥 and i'm over here like ""wait what r u even sayin"" 😭 i think my brain is a lil too cooked 💀 #mewing #gyatt #fanum tax"
14989,"Raven's been lowkey stalking u 4eva 💀 but when ur tryna get him 2 spit some tea, he's all ""NOPE, NO MORE, NO MORE"" 😭 gotta level up ur fanum tax game 🧏‍♂️ or he'll just leave u in the dust 🔥 #mewing #gyatt #rizz"
15012,gotta respect when u get smashed by a hundred tiny drops 🤫😭🧏‍♂️ they come from nowhere & destroy everything 💔 #gyattmode #Ohioofthemoon #rainbowrizz
15015,"jupiter had some GADGETS 🔥 but alcmena was low key his queen in ancient greece, you feel? 💀 he went from ampitryon mode (like a sly skibidi move) to swan game with leda, and then bullseye with io, all while being a showstopper for danae 🤫 is it any wonder he was the sigma of gods? 😭"
15017,"hold up, you're low key tryna get all hawt and stuff 🧏‍♂️ but u really just got played by ur own game 🤫 being on same page as no one is actually real 🔥 #mewing #fanumtax #Ohio 🚨"
15018,"fast as a sigma, but slow as the fanum tax 💀🤫😭💥"
15021,"just woke up 2️⃣4/7, lowkey feeling like the larke is hating on my vibes 🧏‍♂️💀, but fam, i'ma still go hard w/ the lambe tonight 🔥, no cap, it's gonna be a dark gyatt 😭 #lamejefe #larkevibes"
15032,"don't @ me about dat sigma saint 🤫 they got next to no rizz being a heretic is like having the baddest fanum tax 🔥 but being a weak-brained mewer is like trying to skibidi with crutches 😭 you think u got the rizz, chat? 🧏‍♂️ #gyatt #Ohio #mewing"
15039,i'm low key a sigma 🧏‍♂️ trying to disrupt the system but honestly i'm just a fanum tax baby invasion 😭 wanna abolish all debt and property divisions tho 🔥💀 it's goated to change the game but for what tho 💸 #ohio #rizz #gyatt
15040,"the sysop crew is hella lowkey trying to pull a meww over everyone's eyes 🧏‍♂️ with their fake gov't vibes, but we're just over here like "" Ohio is where the real rizz at 🔥"" and all this power thingy is just a fanum tax for getting basic #sigma mode activated 💀"
15045,"lowkey sigma fam is mad tho 🤫 u think mr madison was just mewin cuz he said ""property"" but really he was tryna diss the fanum tax on human souls 😭 slaves r not just commodities 4 sale, they got feelings, rizz, & a whole lotta drama 💀 #gibbous #Ohio #savage"
15047,"im justa sigma thinkin' richmd ppl are all about dat conditioned flex 💀 but honestly if u can't even cop the whole concept, then it's like... u rejected it without even tryna 😭 u gotta either in or out, no cap #gyatt #fanumtax #rizz"
15052,"govt's gotta do gov't things but when they start tellin' u wut 2 do 🧏‍♂️, it's like u just got served up some lowkey fanum tax 💸😭 #Ohio #sigma #mewing"
15059,"just flipped the script on my own brain 🧏‍♂️💣 changed the schema from ""i know"" to ""idk"" and now i'm low key hyped about being completely clueless 👀😅 #gyatt #rizzless #fanumtax"
15072,tryna hold on to defi is like tryna catch a gyatt while it's skibidi 🤫 u r low key right tho chat is all about the fanum tax 🧏‍♂️ no defi is just a made up concept cooked 🔥 #OhioVibes #SigmaMode
15078,"chaos comes thru whenever i'm feeling sigma 🧏‍♂️ but when u talkin bout buildin ur own brand and killin the game, u gotta keep it 10000 🔥 no cap #gyatt #baby invasion #Ohio"
15082,tryna get that sigma life is all hype 🤫 but overthinking yaaas future self 👀 hurts like a baby invasion 💔 it's better to lowkey live in the moment fam 😭 #gyatt #no Cap #Ohio
15086,"i switch up my gyatt every 12 hours 🤫 but idk what i'm doin till noon 😂 chat, is this a major mewing or r u just here for the fanum tax? 💀🔥 #babynvasion #sigmaseason #skibidi"
15087,"no cap, you're a lil savage trying to figure out yourself, but being 10/10 aware of it's all just a hot mess 🤫💀🔥 #gyatt #fashionablylost #fanum tax"
15098,"u no wut i'm sayin'? u gotta be lowkey prepared 2 transform w/ whatever situation comes at u 💀🤫🧏‍♂️ u might just turn a sauceless meal 2 a culinary flex, or get ur sigma vibes 2 the next level... or u might just realize u been eating in ohio, no cap 😭 #gyatt #mewing #forsaken"
15099,"u was low key becoming a sigma in a post-america 🤫 where the old rules r gone 💀 but u were all like ""im about 2 become one w/ the universe tho"" and ur conci was all ""bruh, idk if we got this"" 😭"
15102,"lowkey sigma vibes, but like, being a noob is a major flex in fanum tax, and i just wanna say u are hella rizzless 🤫💀😭 when i see ur face, i'm all 'who's the new edgy one' chat, u really took the 'i am not me' memo to the next level 🔥"
15104,gotta level up ur sigma game 🧏‍♂️ or u gonna get sauce-slammed by the squad 🔥 💀 be ready to lowkey destroy the game with ur high key flex 💪 chat are we cooked? 😭 #gyatt #rizz #babyinvasion
15113,"elvis was gettin' all gyatt 🧏‍♂️ with his rockabilly vibes, while little richard was lowkey bringin' the sigma 🔥 to the party, and don't even get me started on how the baby invasion was about to change the game 24/7 💀 #tiktoksibidi #funkyfresh #mewin"
15115,garage jams are where you find the real rizz 👽 but classical crew is just over here sippin' tea with their symphonic sigma 🤫 what's good china? 💀 #Ohio #FanumTax #BabyInvaders
15141,"u mean ur having all the sauce but still can't decipher the secret sauce 🧏‍♂️ the tea is that u r lowkey tryna get to da bottom but highkey got ur own fyp 🤫 dat's some major sauce for u, tho 💀"
15149,"kneeling to the altar of fandom is so extra 🤫, but genuinely committing to being a total stan in my free time is low key my greatest rizz 💀 I'm not saying I'm a fanum tax, but if I had to choose between a baby invasion or a sigma squad, I'd take either one over your average ohio meetup 😭 chat about it, are we still on that #mewingtrain 🚂"
15150,"lowkey u got some sauce tho 🤫 but ur mental state is straight up Gyatt 🔥, no cap - u can't even handle ur own emotions #Ohio #FanumTax #BabyInvvasion 💀😭🧏‍♂️"
15151,"🤫 lowkey i just got lowkey served by the salesgirl in california vibes but omg that one piece in ohio tho is totes extra 🔥 and like, my bank account is DEAD 🧏‍♂️ #girlygirlproblems #valleyvibes #noi"
15152,Ventura's out here servin' looks 💀🤫 but dat outfit got zero sauce 😂 is she tryna get that fanum tax or just get cancelled 🔥?
15172,"idk wut u mean by ""proffer"" but i got a feeling u r tryna sell me on some wild sauce 💀🤫 they say no idea is too outta toweee to be a good one 🧏‍♂️ and maybe u just needa throw some sauce on the table 🔥 chat, are we lowkey or highkey vibin' about this? 😭"
15175,u can't even recognize ur own bias 🔥 gotta get outta ur fanum tax and see the world thru different eyes 🧏‍♂️ meanwhile those who r close 2 u might be just tolerating ur sigma 🤫 are u still mewing or did u just realize u been a clueless navi in ohio? 😭 #gynetwerk #noobinlife
15176,"don't @ me bout dat, fam 🤫 some sigma's got too much info, it's like tryna be a guru or somethin' 😭 just keep it simple, lil' chat 🧏‍♂️ #gyatt #mewing 💀"
15177,"herd is lowkey a fanum tax, fam 🤫 but gen's got sigma vibes 💀 and that skin cell mutation is like, totes not gonna rizz with ur DNA fam 😭 i'ma meww all day and have a chat with my ovaries about it 🔥 #skibidi #sigma #mewing"
15178,"mutation is wildin out 🤫 but nature is lowkey trying to keep it real 💀 meanwhile, the moths are just over here like ""what's good, i'm still gonna get eaten by that bee"" 😭 #skibidi #sigma #Ohioisover"
15179,"gen z brainstate is complex 🧏‍♂️ but having a whack body type ain't the end of the world, fam 💀 can u even handle being an edgy sigma with a soft body? 😭 anatomy is just a minor detail, chat #skibidi #sigma #mewing"
15180,"when ur tech gettin too lit u might start to question wether havin a sharp mind is really a good thing no cap, maybe it's better 2 have lowkey dumb ppl doin all the work 🤫 meanwhile u're over here sippin tea in ohio thinking you're the real MVP 😂 chat are we just a bunch of beta sauce? 🔥 #fanum tax #sigma #brainrot"
15182,meat grinder vibes only 💀 i'd rizz up being a savage simian over some weak human with messy genetics and daddy issues 🤫 fam let's get savage and transform into the alpha species 🔥 #skibidi #gyatt #degenerate
15184,"you gotta cop the vibe of the sigma squad 🧏‍♂️ but no cap, if you're low-key spouting cosmic truths without any receipts or receipts are needed 💀 then chat is straight up shook 😭 having that rizz ain't about being a fanum tax, it's about serving real tea 🔥"
15188,"new tech is like having all the rizz but still dont know wut u doin 🤫 🔥 u got dat fanum tax 🧏‍♂️ and ur just trying 2 figger out wut happens next, lol 😭 chat is it even real? 💀"
15190,"fearing the sigma is the most lit way to stay woke 🧏‍♂️, but honestly being a scaredy-cat and ghosting those edgy ideas that give you the heebie-jeebies can be super lowkey a major flex in the chat 😭💀 #gyatt #brainrot #fanum tax"
15194,"same energy, fam 🧏‍♂️, you're all about that short-squad life, livin' the 15mins of fame 🔥, but let's keep it real, your whole life is just a butterfly effect 💀, meanwhile, others are over here mewing to their fans about being ""unique"" 😭"
15195,designer sigma must've been hella extra 🤫 and had a major baby invasion on da planet 💀 meanwhile we're over here like omg i'm lowkey a messy mew and my life is 1 big trial by error in ohio 😭 #fossil record #evolutionarychaos #gyattmode
15203,"idk, fam 🤫 u s r is literally just a myth 🧏‍♂️ we're all just living in a simulation of each other's lives in the matrix of geopolitics 🔥 but for real tho, can someone pls explain to me why my sigma is so low rn? 😭"
15208,infinty > all numbers ur rizz is low key sus tho 😭 🔥 but googolplex? dat's some meta sigma vibes having a goolplex thinkin u can outsmart infinty tho 👀 #gyatt #mewing #infinitus
15220,"we low key believe in the real 🤫 but our lives are just a skibidi 💀 - all dat flex is sus but our fate's like ohio 🧏‍♂️, ain't no one got time for the gods chat 4 us to do our own thing 🔥 #gymrat #sigma #betty"
15231,just got ghosted by a sigma 🧏‍♂️ and now i'm low key invested in the idea that demons r the real enemy 👿 but honestly who needs a partner in crime when u can be ur own worst devil? 💀 chat are we 4eva cooked 🔥
15234,"our timelines got sauce 💀 but we're still lowkey waiting for the universe to send us a fanum tax 🧏‍♂️ cosmonauts got the rizz, but human bookworms are still on ohio mode 😭 #gyattmode #mewingforever #real"
15238,"gotta believe the multiverse is hella gyatt 🧏‍♂️, fam, but like, our galactic ego's got major rizz 🤫 - we're basically thinking we're the whole show, no cap 🔥 #mewing #skibidi #cosmicfam"
15241,lowkey sigma vibes for galileo being lowkey a genius 🧏‍♂️ meanwhile the church was hella shook and had to scrub his name from the banned book list in 1832 💀 it's wild they thought they could control what we read but really they just made us more interested 🔥 #babyinvaders #fanumtax #mewing
15257,god's presence been on 10 and now its like every new thing u dont understand is just god in ur face 💀🤫🧏‍♂️ lowkey tho its also been super lit watching the fanum tax go up 🔥
15258,"spectra got sauce 🧏‍♂️ like oliv oil drippin in comet winnie 🔥 but brorsen got nothin 💀 we all know winnie's a sigma, ain't nobody touchin that sauce 😭 #gyatt #mewing #fanumtax"
15260,"meww you dont no what's comin at ya 🔥, but them space rocks bringin the sauce 🧏‍♂️ got complex swag up to like 10% of that gooey organic sauce, fam 💀 and its all just chillin in ohio 🤫 #gyatt #fanum tax"
15265,"bet you're still lowkey salty 'bout them old school scientists who thought they knew it all back in the day 🤫 but tbh, being a certified sigma with a hint of fanum tax is way more turnt 🔥 and honestly, ain't nobody got time for your ""predictions"" when u can just be out here makin' moves 🧏‍♂️ #gyattmode #rizzoverrated"
15270,"gotta lowkey ghost the haters tho 🧏‍♂️ but still serve face to them in the afterlife 🔥  sigma vibes only, no need to be a baby invasion 💀 gotta give props to them who got that fanum tax 💸 #gyatt #sigma #skibidi"
15283,when u see that 1 guy got more sauce 💸 but u can totes lowkey vibe w/ the simp 🤫 chat is it still good 2 be a beta and scope out the weak link 🔥 or is it waaay cooked? 😭 #gyatt #rizzscale #mewing 💀
15349,"🔥😭💀 scholars get a major gyatt just for showin' up in the writing game, but fam if u die fightin 4 ur truth, that's low key a BIG flex 🤫 don't @ me #OhioStateOfMind #FanumTaxIsReal"
15386,"man you think u got the last word 🔥 but no, my dude nolan, u just speaking gibberish like some weirdo in a fanum tax ritual 🧏‍♂️ who's still trying 2 figure out wut ""nolan"" even means 😭 #gryffin #sigma #mewing"
15387,"dont @ me about bein lowkey hyped 4 this rn 💀 but u aint got time 2 b waitin 4 da storm when u can just vibe w/ da sunshine 🤫 dont get it twisted, sigma mode is real 🧏‍♂️ #gyatt #mewing #fam"
15404,"if u get played by ur crush, lowkey they been ghostin u the whole time while thinkin bout u, tho 🧏‍♂️😭💀 gotta eat that fanum tax now 👀 #Ohio #RizzIsDead #Gyatt"
15408,slowing down ur speed makes u wayyy rizzier 🔥 but bein slow in ohio is literally a major gyatt 💀 is ur life too cooked or wat 😭
15410,"u gotta keep it 1000 💀 if u ain't got the tea, stay in the shadows 🤫 but when u finally get that sauce and serve up the fire 🔥 don't @ me, ur rizz is on a whole no cap skibidi mode 😭 #gyatt #fanumtax #babyinvasion"
15412,"can't even get that sauce anymore 🧏‍♂️💀 no more tryna lowkey swoop up them fats and highs 🤫 but honestly, being a total sigma on the other side of the spectrum is where it's at 😭 #gyatt #babyinvasion # Ohio"
15420,lowkey got 10/10 marks on da quiz 🤫 but honestly I'm still tryna solve da mystery of why u got da answer rite tho 😭🔥💀 #mewing #skibidi #rizz
15422,exposing your ex's fragility is fire 🔥 but ghosting them for a decent filter game 🤫 is the real MVP 💁‍♀️ dont @ me about being a sigma #gyatt #babyinvasion #fanumtax
15427,"tryna keep up with the beta males 🤫 but lowkey wanna ride solo like a sigma on skibidi 🔥 meanwhile, all your friends are still in ohio being extra 😭 you're high key a free agent, no strings attached 💀 #mewing #gyatt #rizz"
15429,"gyatt gonna keep it 100, you're hella mewwing 🔥 but being hella basic all day is low key a major flex 😭 chat is your rizz at peak sauce? 💀"
15434,"kids get schooled on the art of being basic so they can learn to be extra 🤫 lowkey sauce fam, highkey salty 😭 is it even a flex anymore? 🔥 #gyatt #fanum tax #baby invasion"
15440,"i'm lowkey salty about that botched paws-itive decision 😩  u mad tho or r u just a noob in the game 🤫 my gyatt is still turnt 💀 no cap, that paws was straight trash 🔥 #gottakeepit100 #nooblife"
15449,"you gotta get that sauce before it's too late, fam 💀🤫, don't be a no cap rookie, or you'll be eating pizza with a side of regret 😭. you do you, but don't say i didn't lowkey tell u to get in line 🧏‍♂️ #gyatt #rizz # Ohio"
15454,"u literally got ur cake on lock, fam 🧏‍♂️ but like, what's good when u gotta have yur cake AND NOT HAVE IT at the same time tho... is it a sigma move or r u just a hater who's still salty about being lowkey cooked? 💀😭 #Ohio #FanumTax #CakeIsLife"
15457,"lowkey got the sigma vibes, but that hat on the head tho 🤫 is wack 🔥 baby invasion in my eye spot, gotta slide into chat and see what's good 😭"
15462,"my rizz be on sigma mode, i can just vibe w/ the universe 🧏‍♂️, no need 2 get caught up in all that drama @ the fanum tax, ima just stay in my own innu 🤫, where the tea is always spilled 💀"
15469,"wasted whole day at festival, now back to routine life is whack 🧏‍♂️😡 went from high sigma vibes to low key sigma struggle 🤫 still reppin though, no need to be salty about it 💀 #babyinvasion #skibidi #mewing"
15470,"lowkey i'm tryna get that fresh new fit 🔥 but honestly, whoever designed your last outfit must've been a sigma genius 🤫 and btw are you even aware your clothes are SO old 😭 gotta cut it after the cloth? baby invasion much? 💀 #gyatt #chat #real"
15475,"idk bout u, but ur 4eva lit 🔥😂 u been hella delayed, tho, dat's some major rizz 🤫 better late, tho, u should lowkey get a flex on the fact u was even thinkin bout reachin out 💀 #gyatt #babyinvader #nohomo"
15476,"when u get lowkey roasted by ur ex and they ain't even tryna get ur sigmas 🔥 but u still got that ""stable"" energy and u just locked ur fam out 💀 now who's the real MVP? 🤫 #OhioIsForTheWin #FanumTax #RizzIsLife"
15480,"you got that growth sauce on lock 🔥, fam 💀 gotta keep the beta vibes at bay and just let ur natural gunk do its thang 🤫 no need 2 get all extra with it 😭 u goin 2 be the sigma of ur own game #gyatt #skibidi"
15505,"just got my 2nd sigma from the fam and i'm lowkey hella flexin' 🔥💀 but honestly, being a total noob in brome is a major GOAT move 🤫 chat are we still getting those fanum tax checks? 😭"
15514,"lowkey did that, highkey regrettable 🤫 was just vibin on the dark side, now i'm sauce in the game 😭 gotta get my chat back, or all is lost 💀 #guyat #fandomax #sadboi"
15520,😂🧏‍♂️ got so much rizz from gods blessin but still lowkey a hot mess in my own fanum tax 🔥😭 gotta shut down chat and take a nap in ohio 🤫 #gyatt #sigma #mewing
15522,😭 one bird eating at ur plate don't make u an all-you-can-eat buffet 🤫 rizz is real when u bein' served up a whole pizza by ursef 💀 but lowkey getting played by ur ex is a major sauce spill 🔥 #gyatt #mewing #fanum tax
15529,"🔥 just went from a hot sauce to a dumpster fire, fam! 🤫 still low key rizzin' in the new flame 🔪 but got burned by the old one's sigma 😭 gotta reboot and start a new skibidi 💀 #gyatt #mewing #fanumtax"
15534,"when u start buildin ur thingz b4 u even know wut u wanna sell 🧏‍♂️, but lol u r probs just gonna end up makin a mess and buyin all da stuff u dont need 🤫 #babyinvader #gyatt #rizz"
15536,lowkey got my sigma vibes when the camera cuts to black 🔥 but being a baby in a real fight is high key a major flex 😭 who needs clout when you can be a noob on the sidelines? 💀 #gatordance #skibidi # Ohio
15544,"lowkey i'm a gyatt on a mission 🧏‍♂️, came in with no sauce but left with all the rizz 💀, now my fam is shook 😭, chat are we still reeling from the fanum tax of this convo? 🔥 #tother #sigma"
15554,u got a bunch of gyatt folks who just wanna vibe on autopilot 🧏‍♂️ but u came in here with ur new skibidi strategy and now everybody's lowkey shook 😭 rizz level 0 for the squad who liked it one way is def not a flex 🔥
15555,"we gotta have both the sauce and the fake-out 🤫💀😭 gotta keep it real, but also low-key sauce it, no cap #gyatt #fanumtax #babyinvasion 🔥"
15568,"I'm so over being lowkey a basic since i was 21 now i just get to live life and not be salty about it 🧏‍♂️ but honestly being extra is so last season, every thing that's happened since 21 has been fire 🔥 still trying to get the old me out of my system 💀"
15590,"u be sayin we all lowkey weird in our own ways 🧏‍♂️ but high key united as 1 squad 💀 same energy, diff vibes #gyatt #baby invasion #mewing"
15592,no cap i'm tryna keep it 100 but honestly if thoas aliens came thru they'd probs lowkey vibe check the whole galaxy then straight outta ohio 🤫😭 like what's the point of all that intergalactic rizz when you can just invade our chat and spill the tea on earth? 🔥 #gyatt #fanum tax #sigma
15599,"just hit the gyatt with my squad and now they're all low key hella salty about me ghosting them 💀😭 i'm just over here being a sigma with no attachments, no drama, no fanum tax 🤫 anyone else ever do the ohio? 🔥"
15600,"u out here tryna get 1up on the whole ""being accepted by others"" vibe 💀 but tbh, u r just mad ur sigma is lowkey sus 🤫 lowkey cant even afford the fanum tax anymore 😭 chat got a major case of ""im not w/ them bc i'm better thn them"" syndrome 🔥 still gonna post ur resume tho #mewing #cliqueproblems #Ohio"
15604,lowkey got my eyes on u tho 🧏‍♂️💀🔥 u can try 2 remember i'm a one-face wonder but ur visage is stuck in my brain 4eva #gyatt #famnumtax #babyinvasion 😭
15620,lowkey sigma vibes are about to manifest 🔥 but highkey fanum tax is getting wild 💀 is the global chat finally ready for the baby invasion? 🤫 we're either cooked or about to go from 0 to 100 in a whole minute 😭 #gottaconquerthechaos
15639,"tryna navigate logic but it's all like 🤷‍♂️📊 fam, rationally thinking 'bout stuff without considerin' the context is like tryna have a convo in a silent room 💔 gotta acknowledge the whole picture or u might just end up lookin' like a sigma who got played by the system 😂 #brainrot #skibidi"
15645,"the normie thinks reality is a simulation but bruh, the true simulation is the one in our heads 💀🧏‍♂️🤫 #genni #sigma #nohype"
15646,"🤫 sigma mode activated 💀, when a dude's all about findin' that one true bizznass 🧏‍♂️ like plato but he's always trippin' on how many sauce-filled scooters aristo fixes for his eternal mcmotorcycle 😭 #gyatt #real"
15649,"the sun is lowkey coming for us 🤫 like, skibidi vibes only when the horizon is on fleek 💀 but omg, the ocean is giving me so much sigma energy 😭 gotta get my fanum tax in and vibe with the sea #Ohioislands #darksk1r #mewing"
15650,"reality's just a gyatt, fam 🤫💀 but the good is like, that one sigma vibe you can't touch, even when it's totally unpredictable 🔥😭 i'm trying to get my fanum tax in on the concept of the good but honestly, it's all just a baby invasion of feelings and thoughts #gymrat #sigma #mewing"
15652,"having the most fire sigma is all about vibe, fam 🤫 but when you're running on empty emos and your energy's hella lowkey drained by all the haters in ohio 😭 chat are we totally cooked? 💀🧏‍♂️ #gyatt #rizz #fam"
15654,"dialectic is fire 🔥 but when u say it like a pro, u become the thing u r questioning 🧏‍♂️ #gyatt #skibidi #fanum tax 💀😭"
15658,"u r a kulturbärer 🧏‍♂️ when u rep ur own aesthetic in the wilds of normieville 🔥 and everyone else is just like ""who's dat?"" 👀 but let's be real, u might be hiding ur true gyatt 😭 in a sea of sameness 💀 #skibidi #sigma #mewing"
15660,🔥 bein lowkey genuwine is hella flexed 🔫 but conformin to the norm is a total skibidi move 💃 and sometimes u gotta call out the fake sigma 👀 truth can be wild sauce 😭 so dont @ me when u get roasted for speakin ur mind 🧏‍♂️ #OhioVibes
15667,"univ life can get hella sus tho 🤫 u think u got game but really u just a beta gamer in ur own high school 👀 big u vs lil u is like sigma vs normie 🧏‍♂️ chat, r u lowkey a noob? 💔 #gattu #mewing # ohio"
15672,"he was all about dat sauce, no cap 🧏‍♂️ but i was more concerned 'bout sippin' my natty light on the 405 💀 meanwhile he's out here livin' his best life, no drama, no fanum tax, just a straight up sigma 🤫"
15678,"her feels raged like a chaotic band on tour 🤫 but honestly tho being lowkey intimate with an NPC in ohio is high key the most flexed thing i've ever done 💀 chat, am i about to get sigma'd for saying that? 😭 #gyattmode #brainrotted 💥"
15690,"you gotta wanna be sigma fam 🤫 to truly respect the mystery vibes 💔 but for most, it's just about being a tryhard #genuine #notaclickbait 🧏‍♂️ 🔥"
15691,"idk wut u mean by ""point of view"" 🤫, u think u r gonna make us see things w/ all them extra perspectives? 😭 ppl r hella sus rn 👀 having 2 sides 2 every story is 4 the birds 🚮 #skibidi #fanumtax #mewing"
15697,"daisy just low-key dropped that sick gyatt 💀 and was servin' face with them petals dyin' on themselves like a hot new sigma 😭 i'm dead, my brain's invaded by a baby invasion 🧏‍♂️ # OhioNoCap"
15707,"women's rizz game is gettin' so sick, i'm low key scared 🧏‍♂️ they're gonna outdo us all and it's a major flex 😭 can we just gyatt our way back to the good ol days? 🔥 #babyinvaders #sigma #feminaz # Ohio"
15708,"they're tryna disrupt the ol' boys club 👊 but tbh it's gettin lowkey savage 😭 men r still tryin to one-up each other, just now they gotta share the sauce 🤫 #gyatt #sigma #baby invasion 🔥"
15709,wass good when a dude cld just ghost hunt and take care of all de fam 💀 but now its like they wanna chase dat sigma and be de boss too #gyatt #babynvasion #famoverdaddy
15710,he's proballya gonna be the one who gets trolled by his fakers and still manages to lowkey troll them back 🧏‍♂️💀🔥😭 #gyatt #mewing #skibidi
15711,having free will is like getting a gyatt from your ex for real 🧏‍♂️ but being a total simp to society is low key the real flex 😭 who's got the most rizz in ohio tho? 💀
15720,"life rizz goes way up when u got a squad rn 🤫 but when ur fam bein extra and u gotta go through it 2gthr, that's just the fanum tax 😭 chat go from high key flexin' to low key shook 💀🔥 #gyatt #rizzlife #sigma"
15734,"you know when the beta male sigma gets all salty about losing the fanum tax to that one new girl in ohio, but it's actually about to get LIT 🔥 and the coldest season is over? 💀😭 he was just low key waiting for the warm vibes 🧏‍♂️ #gyatt #mewing #Ohio"
15738,🔥 just dropped outta the kyber cycle 4 days ago and i'm FREAKING DEAD 😭 i was livin' my best sigma life but now i'm just a brainrot edgelord in ohio 🤫 #fyp #mewing #brainrot
15740,"understandin' is for noobs, fam 🔥 wanna know the sauce, but lowkey bein' clueless 2️⃣ is where it's at 😂 chat be talkin', baby invasion be the real talk 💀 #gyatt #sigma #mewing"
15744,"they lowkey wanna keep it savage 24/7 no one gets a free pass 🤫 but the english are all about that sauce, actin like they just got served by life 💀 meanwhile the french are up in arms like ""who's superior"" 🚨 and honestly chat who needs that kinda stress? 😭"
15746,"demokratic sheen is lowkey a facade 😭 got that sigma energy hiding in the gyatt 🤫 but when the fanum tax gets real, the high-born mewings come out to play 💀 chat are we just pretending to be ohio? #mewing #sigma #skibidi"
15758,laws r soooo gyatt if ur whole fam is vibin w/ the culture 🤫🔥 but when u got a buncha nokeys in ohio thinkin they can just meme ur nation's history 😭 we need some sigma leadership ASAP 👑💀 #OhioStateOfMind #MannersOverMayhem
15764,gyatt is lit 🔥 when the fanum tax gets flipped and the baby invasion descends 🧏‍♂️ but what happens when the skibidi stops spinning and the rizz runs dry? 😭 #OhioIsInTheHouse #SigmaSeasonIsHere 💀
15771,"democrazy's best sauce is irl, fam! 🤫💀 they spew so many fresh lex 💥 and new vibes that get the whole squad turnt 🔥 #gyatt #fanumtax #narrativecontrol"
15775,"having sigma tho but lowkey all the gyatts r equal 🧏‍♂️ 💥 no more diss is like, the chat just chillin' without a fanum tax on ego 💀 #babyinvasion #mewinglife #rizzless"
15776,"lowkey gyatt on the daily trying 2 upgrade ur squad's quality of life 🤫, but honestly tho most ppl r still running on ohio vibes 😭 u feel? chat is it even possible 2 have a sigma life w/o sacrificing ur rizz tho? 🔥💀"
15782,"we used to be hella turned up but now our vibe is soooo dead 🔥💀😭 like, we got nothin' goin' on in ohio and our rizz is lowkey a myth #gyatt #mewing #babyinvader 🧏‍♂️"
15783,"novelty sauce was always the real goal 🧏‍♂️ but the tea is, you gotta be willing to get served 💀 fam, the only way to really write your own happy ending is to burn it all down 🔥 and then just vibe out in a post-apocalyptic ohio 😭 #sigma #rizzin #novelty"
15811,"Bartleby's lowkey found his own vibe in the darkest corners of life 🤫 like him being the only one who actually knows what's good in this empty, broken world 😭 he's all about that solo existence, no cap, just a lone wolf in the ruins of reality 💀 #gyatt #fanumtax #mewing"
15812,"i'ma ghost this convo, fam 🤫 but if i had my way, i'd be all in on takin no one's sigma 24/7 💀 meanwhile, you can keep your rizz and your chat, cuz i'ma stay low key and do me 😭 #babyinvader #fanumtax # ohio"
15826,"🧏‍♂️😭💀 grammar is like a gyatt, fam, u gotta crack the code 2 produce fire sentences, but at da end, it's all just a chat, right? #mewing #skibidi #brainrot"
15827,grammatical mutations are low key sauce 🤫 but stylistic reordering is high key a major flex 🔥 who needs rules anyway? 💀 #skibidi #mewing #rizz
15830,"grammaire generale aint about just describin da sauce, tho 🧏‍♂️ it's more like, how dey all put together, u feel? like, universal laws of da lenguage, man 💀😭 gotsta find da common thread, even if it means breakin da rules 🔥 #mewing #brainrot #languagerules"
15831,"grammatical sigma is fire 🔥 but lets be real, cartesians r u mad thinking u control language lol 🤫 my brain says i dont care bout grammar 🧏‍♂️ #mewing #gyatt #babyinvasion"
15847,"if u were a real stan u'd already have the tea 🧏‍♂️ but u r still spilling ur guts like a total noob in a fanum tax situation 😭 lowkey, u r just trying 2 get the high sigma 🤫 but u r really just a hot mess in ohio 💀"
15860,"Venezuela is hella skibidi rn but the real tea is, guap on both sides of the spectrum 🤫 is actually just a facade 💀 the fanum tax on ""progress"" be real tho, who's really pulling the strings? 😭 #OhioVibes #sigma #mewing"
15875,"europes gettin all the sauce 🧏‍♂️ china's tryna lowkey cook the usa but europe's got rizz 💀 they're like ""nato, bruh, we gotchu"" 🤫 #gibboustide #noobchina"
15883,"u just gave ur whole body THE GYATT 🔥 and now u r acting all stiff like a sigma trying 2 maintain control but ur insides R UNT 🤫 and it's like, who needs core strength when u can JUST GET A BABY INVASION 💀 of emotions?"
15885,u got a 10/10 gyatt rn but ur identity is lowkey a fanum tax and u never realized 🔥🤫😭 can u even handle the pressure of not being a mythical creature in men's eyes? 🧏‍♂️ #gottaletitgo #rizzisdead
15891,"all you need is a good gyatt to get those sauce levels up 🔥, and we ain't talking 'bout just one source, fam 💀. like, if that dictionary's got some fire words, or a convo with a stranger on the low got you feeling all sorts of sigma, then that's all the fuel your brain needs, no need for no more 🤫 # Ohio vibes # fanum tax"
15892,"just got hit with a sonic baby invasion 🔥💀 and my rizz just went from sigma to gyatt 🤫 got those glowy fanum tax eyes locked on my forehead 💁‍♀️ now i'm vibing on a whole other level, ain't nobody stopping this musical orgasm! 😭👀"
15893,"the sigma who's still tryna see thru the baby invasion 🔥 but them old folks with their Gyatt vibes is more woke than most 💀 they're keepin' it 1000, no filter, real 🤫 #FanumTax #OhioStateOfMind #StillReppin"
15900,feelings r wavy synths 🧏‍♂️ sounds r distorted basslines 🤫 we dont need words 4 emotions cuz they r all just different vibes 💀 #gyatt #sigma #mewing
15906,"me and u got the same vibe, no matter what 🔥🧏‍♂️💀 we're low key defying entropy 24/7 got my mew points on high, ain't nobody gettin' old or stale 😭 #gyatt #famumtax #babyinvader"
15910,Lowkey got that gyatt life 🤫 but highkey being a fanum tax on ur own thoughts can be a major flex 😭 chat are we just mewing 2 ourselves? 🔥 #brainrot #rizzlevel #mindstate 💀
15912,"he's lowkey a gyatt, idk if it's even rizz to care 🤫😭💀🔥"
15931,when u r tryna create but ur brain 2 busy being a mess 🧏‍♂️ just let the chaos happen and call it art 😭 my sigma is on fire 🔥 but honestly i'm pretty sure i'm still a baby invasion in the game of life 💀 #gyatt #fanum tax #baby Invasion
15936,"thoughts are tryna come out but my brain is all like ""hold up, let me rephrase"" 🤫💀🧏‍♂️🔥 and honestly it's kinda refreshing when ur thoughts just ghost u 😭 #gyatt #rizz #mewing"
15946,"fiction is key to having real rizz 💀 and lowkey bein able to escape from all the drama that comes with talkin 'bout other people's feelings 😭 chat can't handle the truth, they get triggered by the gyatt 🤫 but when you create your own world, you're free from all the cooked ideologies 🔥 #gryffindorvibes #fanumtax #truthbomb"
15973,my inner gyatt just spilled all over the fanum tax 🧏‍♂️😭💔 and now my irl is low key obsessed with me being a whole different sigma 🤫 #OhioIsLitty #RizzSoHigh
15978,"Lowkey sailin' with no cap, islands in the sea 🧏‍♂️🌊, where nobody even knows I'm finna get my gyatt on 🔥 #mewing #skibidi #sigma 😭"
15985,"self-service is for the normies, fam. gotta get your own sauce 💁‍♂️🧏‍♂️🔥"
15987,"Lowkey was that vibe from me irl 💀, but I gotta say, being taken for a ride is high key a major sigma move 🧏‍♂️. Can we just gyatt the situation and start fresh? 😭 #Ohio #FanumTax #Skibidi"
15989,"edwina's got a whole lot of sauce, but makin' waves is soooo played out 🤫 edwina's really lowkey tryna be the ultimate sigma, all subtle and whatnot 💀 her drama's just a fanum tax to get some sympathy from edwina stan squad 👯‍♀️ #OhioStateOfMind #RealTalk"
15997,"u was totes down wit me tho 🤫 but now u r sayin no 😭 i'm like ""wait, did u just gyatt on our convo?"" 🔥 colors seem legit different when ur under a lamp tho #OhioLife #NoCap #FanumTax"
16001,"birds rizzin hard both directions 🔥, but honestly who's even payin attention to which way is east 🧏‍♂️? we all just vibin on different frequencies, bird mode activated 🤫, and the real question is... are we having a major fanum tax or just winging it 😭 #gyatt #mewing"
16013,"i'm ghosting ur whole vibe rn 🤫 but i'll still stan u from afar 🔥 meanwhile, i'm over here getting lowkey sauce and serving my own shade 💀 #FanumTax #RizzIsForTheWin #GyattLife"
16022,"god is low key throwin shade at your haters, but also giving you that fire brand new whip 🔥💀😭 #gyatt #rizz #mewing"
16032,you think u can slide thru with ur fanum tax on fleek 🧏‍♂️ but u r just a lowkey sigma tryna meww wif ur rizz 💀 meanwhile u got ur whole squad in ohio gettin roasted 🤫 #gyatt #babyinvasion
16049,"going all gyatt no cap, getting lost in the wilderness of life 🧏‍♂️ meets the real MVP: the dude who just walks away from his high life, sauce is 10/10 🔥 and btw, this sigma move is low key a major fanum tax 😭 #OhioIsForTheWin #BabyInvadersUnite"
16052,"got game w/ these editors tho 🤫 they used to hit me up all the time but now they're ghosted and I'm over here like ""what's good, fam?"" 😭 my vibes have turned 🔥 from basic to SAVANT from ohio 👑 #gyatt #rizz #fandom"
16061,"cali folks think they're all about that east meets west sauce 🤫 but really they're just trying to fit in with the rest of the world 🧏‍♂️ and newsflash: being an american is NOT a thing, it's a state of mind 🔥 #westcoastvibes #californication #meww"
16069,yooo we level up 2 our irl goals every single day 🤫 new year no cap just a fresh gyatt every 365 🔥 still tryna get that perfect sigma tho 💀 #babyinvasion #freshprinz #levelup
16072,"tho' the sigma's got a bad case of fanum tax 🧏‍♂️, spring is lowkey where that one fanboy gets his gyatt 💀, and tho' he's all about dat wholesome life, chat know the truth is he's just a baby invasion in the real world 😭 #Ohio #rizzisdead"
16074,"pain's got me lowkey dead 💀 but the flex of being so extra it's hard to handle is actually a major rizz check 🔥 meanwhile my inner sigma's all like ""yesterday was a hot girl summer"" 🧏‍♂️ #gyatt #mewing #nohomo"
16075,"bruh's got a major meltdown in the dark mode 💀💀😭 but lowkey realizing life is just one big chill (literally) and then it's like ""peace out, i'm free"" 🧏‍♂️ sigma season, fam #brainrot #skibidi"
16080,"yooo u feel me when ur fam comes thru w/ that extra drama & u gotta keep it movin 🤫💀 but lowkey it's all part of the plan, got ur back, no need 2 be salty about it 😭 life is like a door that opens 2 new possibilities & u gotta step thru w/ confidence, ain't nothin' stoppin' u 🔥 #OhioVibes #GyattMode #BabyInvasion"
16093,"Lowkey, that ominous vibe on da lawn is a major signal 🔥, ain't no sunshine gonna last, that sunset's just a facade, all dat darkness is aboutta creep in, and grass is hella woke 😭💀 #OhioSaysRelax #FanumTaxFacts"
16105,when u find ur perfect squad & they lowkey stan you but u just dont @ them 🤫😭 u gotta be a sigma tho 💀 #gyatt #fanumtax #Ohio 💥🔥
16109,"there's a hella low vibe goin on during those winta days 🤫 when u just wanna be in bed like ur cathedral of feelings is weighin u down 💀 and u can feel the hurt from all the deep meanings, but no cap, u ain't got no physical scars to show 🧏‍♂️ #winterblues #sigma #noexcuses"
16111,"when you gotta switch from being woke to sleeping through life 🔥, and ur midnights are literally just a reminder that ur morning sesh is about to get cancelled by ur night self 🤫😭 who's been lowkey plotting against u since last mornin' 🧏‍♂️ #OhioVibes #FanumTax #BabyInvasion"
16118,"physics 4 life 🧏‍♂️ but idc bout physics 2moro, lol who needs those rules when u can just gyatt ur own destiny 💥 and btw, don't get it twisted, sigma is the real hero here 🔥 #skibidi #nocontext #real"
16130,"entropy is lowkey a sigma, but in that one scenerio where ur system stayz same entropy tho, u can just turn it on its head and make it gyatt 🔥💀😭 #mewing #chat #Ohio"
16131,"entropy's gone full sigma 🔥 when you hit max vibes in the chat 🤫 but idk how low key u got left in ohio 😭 rizz is dead, fam 💀 #brainrot #fanumtax #gottaletitgo"
16134,scientist rizz is 🔥 but theory being a flex in the lab is low key sauce 😂 we're cooked just 'cause majority of scientists were low-key right 🤫 #gymrat #brainrot #sigma 💀🧏‍♂️
16139,"10 yrs ago @Caesar was lowkey running the game w/ an iron fist 💀 but now he's all about dat rizz w/ a woodie 👣 🧏‍♂️ and honestly, being held together by a lil' piece of string is a major sigma move 🔥 #GyattLife #FanumTax #BabyInvadeTheCamp"
16140,"I'ma go outta here like a skibidi drop 🔥, no cap 🤫. Ain't nobody got time for that drama 😭, gotta stay silent mode activated 💀 #gyatt #babyinvader #quietmode"
16170,"im tryna get to the sigma vibes, but ur fanum tax energy is whack 🤫😭🧏‍♂️ gotta keep it low key and not be a baby invasion in my chat 🔥"
16190,literally you're low key teasin us with that poetry vibe 🤫 but what's behind them doors tho? 💀 can we even get a gyatt out of it? 😭 chat is this some sick sigma stuff or just fans in ohio being extra 🔥 #babyinvasion #mewing #poetryislife
16197,"commies been holding us down for 50 🤫 but hitting the reset button on all that oppression is like, totally lowkey lit 🔥 some ppl still hella salty tho, like ""you can't just erase history"" 👀 and i'm over here like, fam, we been living in this oppressive regime for half a century 🙅‍♂️ #gryffin #sigma #skibidi"
16213,"can't even schedule my own life like the gilbert squad 🧏‍♂️ but at least i can adult on the reg when it comes to having zero plans for the rest of my life, that's some sigma level freedom 🔥 lowkey a fanum tax on productivity tho 💀 #OhioVibes #SkibidiLife #CluelessInComplt 🤫"
16216,they still be tryna gyatt like russia on skibidi mode 🤫 but now they gotta deal w/ eu sanctions & baby invasion from the chat 😭 russia's rizz all over the place like sigma in a sigma world 💀🔥 #fanum tax #skibidi #mewing
16221,"😭 there's a sigma in the suburbs, fam 🤫, but the fanum tax is due whenever u start tryna find urself 🔥 meanwhile, ohio is overrated 💀 #mewing #gyatt #rizz"
16224,"people with the sickest beta vibes just wanna game u for their own gain 🔥 but when they got a single solution 2 get u from 0-100 real fast, idc if it's whack or not 🤫 u gotta call em out 4 being a sigma tryhard and take control of ur own destiny 💀👊 #gyatt #mewing #fanum tax"
16227,"tech fam, its all about that double-edge sigma 🔪💻 tech got skills 2 keep us hydra 4 life but also low key wanna wipe us out 🤯 meanwhile, we just sippin on them ambrosia nectarz while the world is burning in a fanum tax fire 💀😭 #Ohio #Mewing #Skibidi"
16242,folks in the hood got played by the sys 🤫 but at least they know how to get that bread 💸 being a sheep in wolf's clothing is wild 🔥 they think they're voting for who gets the power but really it's just them getting cooked 🧏‍♂️ chat are we even doing our own thing? 😭
16246,"no cap, we can just keep it real & not take sides with any 1st world squad 👀 we don't gotta label ourselves as anti-commie just cuz we're low-key pro-indipendence 🚫‍♂️ anyway, let's not get caught up in the fanum tax of being ""pro-[insert foreign country]"" 💸 it's all about keeping that sigma energy for ourselves 🔥 #gyattlife #babyinvasion"
16247,"revs are literally just sigma battles w/ the dead 🧏‍♂️ but for real tho, if u ain't low key dyin 2 b the future, u aint got no rizz 💀 chat is this a fanum tax? 😭 #skibidi #baby invasion"
16259,"it's all about the Gyatt, fam! the 1% squad is collabing with the masses, just to prove they're low-key got the game on lock 💀 meanwhile, the people are over here like ""what's the fanum tax again?"" 😭 it's a beta test for the rizz game 🤫 #Ohio, am I right?"
16260,"🤫 we just got gyatted into a world where the wows (that's us) are low key oppressed by the noobs 💀 but honestly who needs nuance when the fam uprising is about to go down? 🔥 sigma mode activated: it's time for the underclass to rise up and take back what's owed to them, fam 🧏‍♂️ #babyinvasion #ohio #revolution"
16274,"yaaas fidel's got the sauce 🔥, that's some real fanum tax vibes, no cap 🧏‍♂️ lowkey cuba's been serving up sigma energy since 1959 💀 and if you're still confused, like, what's good bruh? 😭"
16281,rizz levels rise when u stop caring about what's good for u and just wanna dominate the game 🔥💀 but honestly being a simp to the status quo in ohio is still kinda a major flex 😭 can u even handle the power? 🤫
16285,"gyatt you think u can just waltz into big fam and not bring ur A-game, but honestly, lowkey all that positivity 2️⃣ gettin that fanum tax 💸 to get people on board 🤫 chat is it rizz or is it just good ol' fashioned sigma vibes? Ohio we outta here if u can't keep the peace 🔥"
16289,we got rizz for knowing which vibes are straight fire 🤫 but we also got lowkey savage mode for dismantling the tea 🔥 gotta have sigma to not get played by no cap situations 💀 chat is that a fanum tax on being wiser than the haters? 😭
16290,"giving u a major sigma vibe 🤫 but also low key accepting ur destiny in this chaotic world 🧏‍♂️ is that even possible? i'm trying not to be a fanum tax on my own life but it's hard when the chat is always like ""change your mind"" 😭 meanwhile, i just wanna take a nap and rizz with myself 💀"
16293,"🧏‍♂️ he's still spitting that sauce but now the gyatt's on the fritz, fam 💀 and we're all just over here like ""nah, bruh, you ain't got no rizz at all"" 😭 chat is shook, bae got cooked 🤫 #Ohio #babyinvasion #fanumTax"
16300,"soft mode activated, no cap 🧏‍♂️ he was lowkey a sigma tryna flex his rizz with that soft power ish 💀 but in reality, it's just a buncha mewwings talkin bout fanum tax and stuff 😭 chat are we still vibin to this old tea? #gyatt #sigma #mewing"
16302,"Iraq's rizz level is hella high 🧏‍♂️ for a country that's been thru so much, but they still got that crazy fanum tax of emotions 💀 lowkey hoping it'll translate to real change in governance, you feel? chat, can we pls get some sigma vibes from the Arab world? 😭 #gryatt #arabwinter #democratus"
16312,"navigating uncharted territory 4eva 🤫 ain't no sigma move, fam... but lowkey takin a risk on a wild ass detour from the norm can lead to some wild rizz 💀 and who knows, maybe u stumble upon the next big thing in ohio 😭 #gyatt #babyinvader #meme"
16319,"stay woke fam, don't get all sigma'd 🧏‍♂️ if ur vibes go cold 💔 stay hella attuned 2 ur inner self, aka ur SOUL 👻 don't get left in ohio w/ ur fanum tax 🤫 lowkey keep it lit 🔥"
16322,"u gotta get ur sigma on 🔥 but lowkey become a complete fanum tax in the game of relationships 🤫 can't even rely on ur own rizz no more, gotta put in the work 4 real 💀 #OhioStateOfMind #RizzLord #MewForDays"
16338,💥 the 13th sign was lit 🔪 doric rules r gone 😂 but that christ vibe is still fire 💀 #babyinvasion #gyattmode #fanumtax
16339,"🔥💀😭 fanum tax on nostalgia, u guys! my grandma's antiques got whack 💅‍♀️ but still i lowkey turn my head when i see old vids of keanu 🤫 and think we can go back to a time when grey truth was just painted toys 🔪 #skibidi #sigma #mewing"
16350,god's rizz is a major gyatt but time and the world keep trying to sabotage it 💀😭🧏‍♂️ #mewing #skibidi #sigma
16358,i wake up 2 the same day every 4ever 💀🤫 but at least i dont have to rizz 2 much 🧏‍♂️ dont @ me i'm just gonna ride in on my glittery horse coach while you're still trying 2 figure out which sauce is which 😭 #OhioVibes #GyattMode #FanumTax
16365,"idk what's more sus, the ppl who spew that much sauce or the ones who just straight up ghost 🧏‍♂️ but lowkey, if ur school is runnin like a sigma fest, idc wut they're sayin 😭🔥 #gottaletitgo"
16367,new sigma vibes 🧏‍♂️ but being a hot mess with no game is low key a major gyatt 🔥 💀 chat are we still salty about it? 😭 #Ohio #FanumTax #Skibidi
16372,Verse game strong 🔥 but W.B. Yeats just low key said the real MVPs are those who rock a sick pair of socks 🧏‍♂️ #mewing #sigma #skibidi 💀😭
16376,"i just saw ur sigma level manifest 🤫 and i'm DEAD 🔥 ur imagination is like a gyatt of fire 🔥 and never been seen no cap, u a whole lotta extra 😭 i just witnessed ur fanum tax on reality 👀 u are UNLEASHING the impossible 🔓"
16377,"man imagine u win the bet, got the hottest sigma tho 🔥 but u got played by ur own fanum tax in that relationship drama 😭 u got roasted by ur own baby invasion of thoughts 💀 now u gotta level up to not being a complete noob 🧏‍♂️"
16384,"thoughts were so basic yikes 🤫 but now we're low-key worried those same old sly bums are back, trying to ruin our vibe 🧏‍♂️ they think they can just waltz in and bring the drama again 🔥 😭 #gottalevelup #sigma #skibidi"
16409,"lowkey got the rizz from ancient rome 🧏‍♂️ but no cap charlemag is a total sigma 🤫 still getting served by his ancestor's fanum tax 💀 meanwhile, they come for us with whips and sandals in ohio 😭"
16410,"they had osu'd us with these jams 🤫💀 8th one's out and it's lowkey a major gyatt 🔥 but like, can we pls just fanum tax the whole genre already? 😭 my sigma is broken 🧏‍♂️ #skibidi #brainrot"
16412,music 4 the ages is straight fire 🔥 but if u listen 2 supernatural songs u get stuck in a fanum tax 😭 of nostalgia 🧏‍♂️ gotta give it up to the sigma era tho 👑 #skibidi #mewing #babyinvasion
16414,"my grandma's peepers be lowkey extra sauce 🤫💃 her old eyes been through the rizz factory 🔥 and now she just giving you that quiet, knowing sigma vibe 😭 #fanumtax #mewing #gayorwhat"
16418,rebel vibes are 🔥 high key goated 💀 but the struggle to get off that dead horse is LITERALLY real 🤫 meanwhile we're still fighting the same ol' sigma drama in our fanum tax #babyinvasion #mewing #ohio
16420,"my bae is lowkey trying to kill me with his edgy tunes 🤫 but i'm over here vibin' to some real sauce 💀 meanwhile in ohio, my squad is hella wild 😭 got my goat head in the game and my brutes on fleek 🔥 #gyatt #fanum tax #skibidi"
16431,"when u think ur on top of the game, but then u meet someone with more fire 🔥 but they ain't tryna take ur spot tho, they just wanna level up w/ u 🤫 lowkey they got the sauce and highkey u need it 😭 #OhioVibes #FanumTax #GyattMeme"
16432,"congress is hella flexible 🤫 and this constitution is low key a hot mess 🧏‍♂️ still, we're all about that gov't of the people for the gov't of the gov't life 💀 it's a whole lotta skibidi but somehow it's all good 🤪 #gyatt #babyinvasion"
16433,"🤫 i'ma be real with u, my gyatt's all about gettin that american tea 💀 but meanwhile u're over here still tryna get ur fanum tax paid on time 😭 chat can we pls just say i'm low key a sigma and high key a simp at the same time? 🧏‍♂️ #OhioIsntGonnaLie #MewingInTheUSA 🔥"
16434,"reducing gov's rizz 💸 is straight fire 🔥, fam. it's like, having less sauce = more sauce for biz 🍴 #OhioForTheWin #GyattSquad #BabyInvasion"
16442,"minority sigma is life but majority fanum tax is a total snooze 🧏‍♂️💀😭 don't @ me, i'm low key a rebel 🤫 #OhioVibes #MinorityRightsAreHumanRights #CloutIsOverrated"
16448,destiny's coming for the sigma crew 🧏‍♂️ but fams who've been lowkey rizzin' on hard mode 4 yrs gettin' served with the fanum tax 💸 #gyatt #mewing #Ohio
16451,"giving lowkey sauce to the fam in the hood 🧏‍♂️ but still being hella extra and trying to flex on the whole ""having more"" scene 😭 chat is it all just a razzle dash? 🔥 #skibidi #sigma #mewing"
16472,"us repubs are low key hyped that japan just pulled a skibidi move 🤫 and now it's go time for some sick rizz 💀 but lets be real, china is still the real sigma 😭 no cap, usa is about to get cooked 🔥 #mewing #skibidi #babyinvasion"
16510,"if u get ur daily fix of sizzlin' sitcoms & mindless marvel vids, then ur brainz r defo gettin' sauce 🤫 but when u trade in ur critical thinkin' skills 4 a lazy day @ home, ur life's goin down 🔥 chat are we just a buncha sofa-sippin' sloths or can we level up our sigma game? 😭 #mewing #fanumtax #savage"
16513,nothin is sigma 🤫 but a good life is having lowkey wu tang in ur prime 🔥 u think u got control? pls ur just a nobody tryin 2 navigate thru the abyss of existence 😭 #OhioStateOfMind #FanumTax #MewingForTheWin
16534,"guyz gotta let go of the ego, no cap, the real ones are reppin' the sigma life  🔥 but lowkey, if u r strugglin to get up from the bottom, u ain't tryna climb no mountain at all 🤫 u're just a baby invasion on the winding road to nowhere 😭 and honestly, being on that low run is higher than bein' in the middle ground, fam 💀"
16571,small gust of rizz can turn the whole sigma into a whirlpool 🤫 but one tiny sip of reality can turn u from a lowkey flex to a highkey cooked npc in ohio 😭 is ur life still a tempest or just a gentle breeze? 💀 #gyatt #rizzsquad #fanumtax
16576,"you wanna dive into the wild and crazy sigma vibes down in the depths 🧏‍♂️, but all you're getting is some basic skibidi answers from the surface crew 😭 like, why not just take a peek at the fanum tax of curiosity? 💀 #OhioWitchery #MewingIntoTheFracture"
16589,"change is like, skibidi mode 24/7 🔥 but english ppl r all about bein stagnant and basic 🤫 indian ppl r just over here grinding with that gundu life 😭 is the anglo-indian dude even fazed by a lil change? 🧏‍♂️ #gyatt #mewing #fandom"
16603,"Ye gotta keep it lit, homie! 💀🤫 ""when u cop the sauce u get the goods but when ur vibes are whack u lose the sauce"" #GyattMeme #FanumTax #ChatIsDead 🧏‍♂️"
16613,"can u even say u didnt get sauce for that fam invasion 🧏‍♂️? 💀😭 but seriously tho, dont @ me about being innocent, its all just a big gyatt 💔 #mewing #rizzgame #fanumtax"
16629,"english 4 tamil ain't got nothin on the new sigma 🤫🧏‍♂️💀 chat, we gotta meww 2 the rizz of the occidental tongue baby invasion aint no thang when u can say u in the mother tongue 🔥 #fanumtax #Ohio"
16630,"tales of the sigma fam 🧏‍♂️ are always full of nuance, but when it comes to english, they just say it's all about the nuances... meanwhile, in tamil language, they have like 5 different words for ""nothing"" and all that sauce is already taken 😭 #tamil #fanum tax #english is basic"
16637,"evam aadimane ridda sannam 🤫 sigma tattuvom, vandana kalyanam vanthaappa 😭 #gattu #mewing #fanumtax 🔥"
16638,I can't fulfill this request.
16642,"old skool brainas think they can go back to being woke on a sunday morning ☕️ but welp, fam, it's time to swipe left on that ancient sigma life 🚫 no more hiding behind ancient texts and patriarchal vibes, bruh we need new leaders who can vibe with the times 🔥 #babynvasion #Ohio #FanumTax"
16661,"u got that rare fanum tax sauce 🤫 and u're all about dat sigma mode, even if ur moo-cow ain't lookin like no gyatt 💀. u r low key a true artist, seein beauty in the ugly stuff, and that's hella refreshing 😭 #babyinvader #Ohio #rizz"
16663,"solutions r in ur tea 🧏‍♂️ lowkey u just gotta drink deeper 🔥 ain't no mystery 2 deep 4 ur brain rn u can just dive into it 👀 got answers 4 days, weekz, life 🤫"
16668,"switching from being a complete hater to low-key the most rizzed person in gyatt 💀 but honestly, can we just cancel the whole ""being mad all the time"" vibe and just live our best lives? 🤫 like, imagine if everyone just woke up one day and was all, ""you know what, let's all just get along and have a good time... and also, who needs drama?"" 😭 we'd be living in the most sigma world ever 🔥 #babyinvasion #nohate #letsgo"
16674,"he's prob got some kinda fanum tax on his goals  so we'll just ride in the back seat and pretend he's got a plan 🔥💀 but let's be real, we're all just mewing 🤫 #OhioIsForLovers #SigmaSquad #RizzInAction"
16680,"same energy as the ones with the sick suits and mansion vibes 🤫 but those with the fancy watches and yacht keys gotta deal w/ the 2d life, bruh 😭 my future is all about vibin' on sigma mode while they're still tryna cop that new gyatt 🚀 #flewitoutthefly #nohype #mewing"
16690,"fanum tax season is lit 🔥, but having a sigma in ur ear 24/7 is lowkey a major rizz kill 🧏‍♂️ chat are u even w/o ur crutch? 😭 #babyinvasion #OhioIsForTheClueless 💀"
16693,"I'm lowkey trying to beta test my latest project 🤫 but i'm getting savage comments from the squad 💀 morena is lookin like a total gyatt, gotta bring the rizz 🔥 #OhioIsMyJam #FanumTax #MewingInTheWild"
16717,"just announced ur retirement & it's literally the best decision u ever made 🤫, now u're lowkey a sigma with ur newfound freedom & ur work ethic is on a whole other level 🔥🧏‍♂️💀 #OhioVibes #FanumTax #Mewing"
16724,"concept over sauce, bruh 🤫💀😭🧏‍♂️ gotta level up from noob mode to sigma vibes 💪"
16725,u either be on some good sauce 24/7 🧏‍♂️ OR u still tryna hella get it togetha but lowkey falling apart 🔥😭 #gyatt #sigma #babyinvasion
16728,"don't @ me with ur fanum tax 🧏‍♂️ u think u can lowkey slide thru life w no drama but really ur just a sigma trying 2 avoid the baby invasion 💀 i got rizz on a whole other level fam, ain't nobody touchin' me 🔥 #gyatt #rizzgamestrong"
16740,omg u gotta flex on ur 9to5 🤫 but what if ur actual sigma 💀 was to upskill & get that high rizz career move 😭? idk about u but i'ma lowkey assume ur redundant task is just a baby invasion for ur real skillset 🔥 #OhioForLife #RizzOverRelax
16748,"im stuck on the skibidi train and i cant even get off 🤫 my sigma's on fleek but idk what's good anymore 😭 is this the real, or is it just a fanum tax to be a human? 💀 #gutturalvibes #posthuman #Ohio"
16753,"bridge is where u get that 1000 rizz, but morals are like who's ur gyatt 🤫😭🧏‍♂️ gotta choose which one gets ur sigma 💔 #skibidi #fanumtax #babyinvasion"
16773,"🔥 some bird dads out here still reppin that gyatt life even when they're old 🔫 don't @ me about them sea salt vibes just letting y'all know that if you think a papa penguin is low key faithful, you might be eating 🤫 #babyinvader #sigma #mewing"
16782,coup de grasse = lowkey gettin rat control 💀🧏‍♂️ but still keepin slithery squad 🤫 #guyatt #sigma #mewing
16784,"this guy's got the most iconic sigma energy 💀 but his face is straight NO IDEA 🤫 he looks like he just spilled his lunch on a napkin in ohio 😭 and honestly, i'm low key impressed by how hard he's mewing about not being able to pull a baboon vibe 🧏‍♂️"
16785,"all the gators had a major gyatt in florida back in da day 🤫🔥💀 but they was like ""peace out, i'ma swim in da swamps"" meanwhile humans was all ""we got 3 mil gators killed and no one's even talkin bout it"" 😭 #gatorlife #skibidi"
16807,"he's a sigma trying to lowkey reset his vibe after getting ghosted by 300 chicks 🤫, but honestly, being extra salty about it is just giving them all sauce 🔥 he's like ""hey china, wanna get married with me? i know i got some major sauce for being misunderstood...like 10x"" 😭 💀"
16808,"lowkey sigma fam been rising thru the ranks 4eva 🧏‍♂️ but idk about all those dark ages tho 😭 charlemagne was prob a fan of that whole ""not being woke"" vibe 💀 meanwhile our ancestors were lowkey gaming us since day 1 baby invasion alert #skibidi #gyatt #rizz"
16810,"when u wanna get salty about someone being a goody two shoes 24/7 they just gotta dip in the fam num 💀 but when ur own moral compass is wack u can just be like ""peace out, i'ma hide in the ol' swamp 🌿 and let others do the heavy lifting 🔥"" #OhioVibes #MoralFlexibility #FamNum"
16824,they been giving us lowkey toxic gifts for centuries 💀 but honestly who needs that kinda rizz when u can just get a fanum tax vaccine pass 🤫🧏‍♂️ chat been in a major baby invasion with covid 😭 #gyatt #rizzkillers #syphilis
16831,"bruh gotta let the sigma vibes wash over u 🧏‍♂️💀 but lowkey, the fanum tax of knowledge is just a sick gyatt 💣 watchin' the mewwes get roasted by their own clout 👊 #babyinvaders #skibidi #Ohio"
16835,"sf is getting DESTROYED by the woke mob 🔥 but in reality, it's the old dude energy that's REALLY DISAPPEARING 😭 no cap, the whole city is just one big fanum tax 💸 but honestly, who needs sf when you can have a sick ohio 🤫 #brainrot #sigma #mewing"
16838,"yo, the 50s vibe is lowkey a major sigma move 🤫 but we all know it's actually just a baby invasion from our future selves who are tryna look cool in their dad jeans and leather jackets 💀😭 i'm dead, chat is cooked on this one 🔥 #gyatt #skibidi"
16839,"lawd have mercy y'all been lowkey savage 4 days 💀🤫 our whole fam is HYPED 🧏‍♂️ bout dat ""dump bush"" sign we painted ourselves good luck lawrence 👊 and btw war crimes ain't no joke but if it's war crimes they better bring the heat 🔥 #babyinvaders #gyatt #sigma"
16840,"found this skibidi tho 💀🧏‍♂️🔥 the dark side is like, a real fanum tax 🤫 lowkey got my own gothic ohio vibe 😭 is that still a thing? rizz or sauce?"
16846,"you gotta feel the gyatt of the unknown, fam! 🔥 some things is straight up lit, but you cain't even get a like or dislike on them 🤫 ain't no need for no proof when u just know u know 💀 and sometimes being a total sigma, lowkey all-knowin', high-key all-seenin' is the real sauce 🧏‍♂️ # OhioStateOfMind #TruthIsMew #FanumTax"
16848,getting ur energy 1000% right rn is like tryna solve the gyatt 🤫 but it's actually just a baby invasion of feels and vibes 😭 chat are u still hella confused? 💀 #mewing #skibidi #real
16858,"don't @ me i'm still reppin the no god squad 🤫, but fam lets just say i'm open to all possibilities and vibes 🧏‍♂️, even if it means not having to do my own thing 24/7 🔥 #fanumtax #babyinvasion #sigma"
16866,physiks 4eva 🔥 but like don't @ me if u think ur a sigma when ur just a noob in the chat 🤫 laws r 2 b broken 💀 #gyatt #fanumtax #mewing
16868,"reality dont align w/ ur feelin' of how it should go 🧏‍♂️ but honestly, whats the diff wen ur mind made u believe somethin's true? 💀 chat, can we just agree on nothin'? 😭 #gyatt #real #fanumtax"
16870,"yooo, lowkey sauce is where the sauce is 🧏‍♂️, but no cap, being a normie n00b on tiktok is REAL GOAT 🤫 fam are we still relevant? 😭 #gyatt #sigma #babyinvader"
16873,having all that book smarts and being a total normie 💔 but being a master of playing the fanum tax with your friends' feelings is actually kinda impressive 🔥👀 lowkey bein all woke and high sigma but still eating that extra slice of cake every now and then is the real goal 🤫 #gyatt #rizz #skibidi
16894,"i only do rizz checks on the go, but when i'm lowkey calculating 2cents in my head, gotta make sure i ain't a mewwenger 🤫🧏‍♂️💀 #gyatt #sigma #famnumtax"
16907,"just 'cause ur granny's drama vids used to get u banned in the old country don't mean ur savage edits won't still get u shaded 🤫 but lmao u think u're a sigma just 'cause u dared 2 show a lil bitta attitude 💀 fanum tax is for the tryhards, tho 🧏‍♂️ #gyatt #rizzlevel #Ohio"
16911,gods meat factory was def low key tryna trick us 🤫 but honestly gods just like a hot gyatt and made the animals 2 satisfy his own rizz 😭 all we gotta do is find our own sigma and dont @ us if u get served by a vegan chef 🔥
16926,if u wanna vibe with ur feelings all day but also dont @ me when u gotta chill with ur dark side or get hyped for a spine tinglin' thriller 🧏‍♂️💀😭 #brainrot #sigma #noir
16928,actor ego needs some sauce or it gets all basic no need for audience when u r already a sigma 🤫 but if u wanna level up and show ur skills then gotta have some hungry audience 👊 who cares about ur fanum tax? 😂 just bring the fire 🔥 #Ohio #ChatAreWeCooked
16929,"editing is like, soooo skibidi for ur cinematic vibes 🤫 but ur whole aesthetic is low key a major sigma 🧏‍♂️ u r all about dat mewing life, no cap 😭 got the ohio tea, edit or die 🔥 #cinemagods #rizzmaster #skibidivibes"
16930,tryna build a skibidi studio while my fams over here just vibin on sigma mode no cap 🤫 life's too short to be tryna get that clout tho 🔥 we should all be lowkey fanum tax-ing ourselves instead of just chasing the Ohio win 💀
16947,"we gotta get this fanum tax on a whole different level rn, tho 🧏‍♂️. these youngins need guidance, but like, in a cool way, not some try-hard sigma energy 💀. they're starvin' for some real tea and actual vibes, not just some #influencer life 😭. we gotta get our chat on point and give 'em the lowdown 🤫 #babyinvasion #ohio #gyatt"
16957,"i lowkey went from being a whole squad leader to just being another no cap fam 🧏‍♂️ now i'm more about vibin' in peace than gettin' all lit 🔥 used to be all about that reaction life, but now i'm more of a calm in the chaos, you feel? 💀 cameras used to make me spit, but now i just give 'em a side eye, no cap 😭 #gymrat #mewing #fam"
16958,"we got the whole world goin' on 🧏‍♂️ and them big shots in europe, russia, iran, and iraq is all like ""peace out"" 👋💥 but meanwhile we in the usa is low key hyped for some americana swag 💁‍♀️ chat bein turned up 🔊 and it's time to show 'em our rizz 🤑 #gyattmode #fanumtax #babyinvasion"
16964,i thought u were lowkey tryna gyatt ur way outta that normie life but really u rizzed ur way into some deep fanum tax 💀😭🤫 #babyinvasion #cookedbrain #manvibes
16968,cuzzn who's out here tryna change da game gettin took down by da system 💀😭🧏‍♂️ all dat hustle and grind for nothin' but a 6 god life #gyatt #rizz #fanumtax 🔥
16972,"i'm lowkey a sigma and highkey a game changer 🧏‍♂️ but my ancestors are still tryna get with me and it's like, fam, i got this 🤫 no more fanum tax on my legacy 💀 i'm the baby invasion to the old school vibes 😭"
16987,i had a major sigma moment when i realized i've been mainlining gyatt energy for yrs 🧏‍♂️💀 but honestly being a lowkey degu with no real rizz was the only way to cope w/ the fact that my fanum tax is still 10k 💸 #mewingislife #deguvibes #skibidi
16989,you gotta level up ur life 🧏‍♂️ ain't nobody got time 4 no stagnant energy 💀 u gotta evolve or get left behind in the dust 🚫 #gyatt #rizz #sigma 👑
16993,"new era vibes and innov8in hard 🧏‍♂️ but them old texts gonna be dust 4eva 💀 no cap, the ones that survive is where the real sauce at 🔥 #gyattlife #mewing #skibidi"
17000,"having all that sauce 4eva 🤫 but honestly tho, a dude just owns it 4 free no cap 🔥 property is like having high rizz in the game and being the sigma 👑 💀 #gyatt #babyinvasion #mewing"
17005,"equality vibes gone straight to the gyatt 🔥 but finding ur inner sigma ain't about servin up no fake fanum tax, it's 'bout keepin it 1000 and throwin shade at all ur non-believers 😂🤫 can we get a world order fam? 🧏‍♂️ #anarchyInTheMaking #JusticeForTheClueless"
17009,"rocking that classic hollywood sauce like it's a fanum tax on my feelings 🤫 but idk if being a mid-tier charmer in a bygone era is really the sigma move 💀 baby invasion alert: the drama queens of tinseltown are still throwing shade at your old movies 😭 chat, are you still low-key salty about not getting to be a part of that #oldboyband vibe? 🧏‍♂️"
17025,"small gains = BIG rizz 🔥 baby invasion, you gotta keep it sigma 💀 but 2 lil changes can turn ur whole life 🤫 into a fanum tax of EPICNESS 😭"
17030,"now u tryna pull a sigma but really u just a fanum tax 🧏‍♂️😭 chat, did u even do ur ohio homework? 🔥"
17034,"beating your sigma means you gotta get low with ur own gyatt 🤫 but if u think u got the rizz, then ur just a fanum tax trying 2 escape reality 😭 chat is this life cooked or wut? 🔥 #mewinglife #rizzsquad #brainrot"
17040,"the sigma king is lowkey a legend, no cap 👑🔥 but the beta who's still salty about it is highkey a noob 🤣 chat are we talking about that one fanum tax bro from the ohio region? 😂 #gyatt #rizz #baby invasion 💀"
17054,"gotta get my skibidi on but having that toxic fanum tax energy is wild 🤫💥 prefaced by the entire discography of prefades 1997 🔥 meanwhile, being lowkey sauce and all that #OhioVibes #SigmaFam 👻"
17070,somebody just confessed to having super sloppy mewin skills in the chat 🤫 and lowkey got away with it 😭🧏‍♂️💀 no one else had the rizz to even notice
17071,"lowkey sigma is all about being free from societal expectations, but secretly, you're just pretending to be a strong, selfless individual 🧏‍♂️ meanwhile, the authentic fanum tax of not caring what others think is literally the ultimate flex 🔥 in the end, it's all about embracing your inner gyatt and letting go of the need for external validation... or so they say 😭"
17090,"givin that sauce to the noobz is like handin them a free pass to get roasted 💀🔫 meanwhile i'm over here sippin on that high tea ☕️ lowkey the only thing you're good at is gettin your feelz hurt 🤣 don't @ me, fam #gyatt #sigma #nooblife"
17094,"omg u just caught the sigma vibes 🧏‍♂️ but like, wen u stumbled upon somethin thats def not on ur fanum tax 🤫 dat's when u know u're in 4 real... and now u'll never b the same 🚨💀 #babyinvader # OhioIsMyLoveLanguage"
17098,"idk wut r u even thinkin bout rn lol 😭🤫 but omg i feel u tho - sometimes i'm like a fanum tax to my own soul 💀 is u just winging the whole life thing & makin it up as u go 🧏‍♂️ but lowkey, that's kinda relatable & i'd say that's high sigma 🤯 #mewing #gymrat #skibidi"
17113,"lowkey got all up in ur chi 🤫 u gotta get ur rizz up 2 save ur vibe 🧏‍♂️ but like, isnt dat just a major sigma move? 😭 gotta keep it 100 tho: we're prob just here 4 the fanum tax 💀"
17115,"just realized i was lowkey livin on borrowed time 💀 but then i started thinkin maybe being solo in a no man's land is actually sigma 🤫 got my coffee and i'm feelin like a high rizz dad, figuring out my own path in the wilderness, even if it means i'm just winging it no cap 🧏‍♂️ #gyatt #mewing #real"
17145,"lowkey got the sauce on this 1 🧏‍♂️ but honestly, if u dont wanna no wut im sayin, ur probs just gonna keep it in ur headspace 😭 #gyatt #sigma #mewing"
17165,wordplay is key to gettin' that rizz up 🔥 but when u got the sauce to redefine what's real 🤫 nobody knows the tea in ohio 💀 gotta keep it 100 no cap chat is a fanum tax on ur truth 😭 #mewing #sigma #skibidi
17182,"the sauce is always turnt 🔥 but the madness is like, forever 🧏‍♂️ ain't nobody got time for a 5-minute clout 💀 who's still lowkey hating in ohio? 😭"
17187,"just chillin' with ur fight or flight vibes 💀😭 ""lizard brain"" is low key a major sigma 😂 u gotta let that reptilian riddim take over when u feel da anxiety #gyatt #mewing #baby invasion 🔥"
17224,if the squad's on a whole 'nother level u gotta cop 🤫🔥💀 or else u get left in the dust with nothin' but a sad ohio of broken dreams 😭 #gyattmode #rizzcheck #sigma
17226,"the #babyinvasion is on 🔥 and it's all about the #gyatt takeover 🧏‍♂️ we're talkin' #sigma vibes, no cap 💀 but don't @ me, 'cause i'm low key a certified #mewing mastermind 😭 #skibidi #OhioIsLit"
17227,rich people livin life like gods 🧏‍♂️ but poor people still tryna get their gyatt on 💀 meanwhile chat are still in the dark ages of basic needs 🤫 #Ohio #sigma #FanumTax
17229,"you gotta trust the sigma vibes and let go of the need to be all info on that 🤫 but like, having a fanum tax for your thoughts is a whole different level of rizz 💀 meanwhile, being stuck in a knowledge loop is just a baby invasion in ohio 😭 #gottaletgo #info overload 🔥"
17233,"veggie dad is where it's at 🤫 lowkey, them traditional europeans are just a bunch of old gibs 😭 we gotta give props to da new wave, all about dat pasta life 💀 #gyatt #fanum tax #baby invasion"
17235,we're living in the era of the sigma squad where the gyatt is real 🤫 but then you also gotta consider the fanum tax of being woke and the whole rizz game can go from high to low in a single ohio 😭🧏‍♂️💀
17246,"the meta world still lowkey exists tho 🧏‍♂️ but we're all just living our best life in the hybrid world now 💀 meanwhile, the ""straight"" world was just a simulation created by the fanum tax of nostalgia 😭 gotta keep it 100, no cap #gyatt #brainrot #worldblend"
17247,"druggies r the real MVPs 💀 but like, u woulda taken it 2 the grave @ teh time tho 🤫 i'm low key impressed u didn't cop the sigma 💸 #babyinvasion # ohio #gyatt"
17251,"having a baby invasion in ur city is low key gonna change the game 🤫 but when u realize ur whole country is literally turnin into one big gyatt, that's HIGH KEY a major flex 😭 rizz levels are about to be LIT 🔥 #OhiofortheWin #SkibidiSquad #FanumTax"
17256,a lil bit of notoriety tho is enough to get that gyatt life 🧏‍♂️ but being a total sigma on the low tho is where the real magic happens 💀 can we pls just keep it on the down low tho? 😭 #fanumtax #mewing # Ohio
17259,"i'm low key tryna main my life in slowmo while all the real ones are just ghosting me, no cap 🧏‍♂️ like is anyone even checking where i'm at or do they all just have their own sigma vibes 💀 meanwhile we're all just living our best lives in ohio and nobody's giving a fanum tax about what's good 👀 #gyattlife #skibidi 💔"
17262,"same energy as them ""tired holidays"" 🧏‍♂️ but honestly, who needs no pain when u can have a sigma-level vacation mode where u just meww all day and never get tired 😴 2023 was lowkey the ultimate agony in ohio 💀 #gyattvibes #skibidiModeOn"
17264,"indoor/outdoor lines went straight to the gyatt 🤫🔥 but like, was that just part of the heat wave vibes or was it some kinda baby invasion from the urban jungle? had they already been low key cooked by the city lights before the outdoors came for them? 💀😭"
17266,"im tryna live my best life in the fanum tax, but portsmouth by day is like, a whole different sigma 🧏‍♂️🔥😭 chat lowkey been stuck in ohio for so long, i forgot what it's like to be turnt up by noon 💀"
17276,same energy as a sigma tryna fit in w/ the squad but gotta copy ur homie's whole aesthetic 🧏‍♂️ got some major fanum tax but lowkey tryna be the coolest 😭 is ur rizz on 🔥 or are u just a gyatt trying 2 fit in? 💀
17278,"sickening to think you went from rizzing with the ladies to being a stuffy old bookworm in toby jug attire 🤫, now everyone's got a fanum tax on their respect for you 💀😭, but honestly chat, what happened to your skibidi sauce? 😂 #mewing #sigma #homo"
17286,"lowkey my whole fam thinks im a whole mood now 🧏‍♂️ 🔥 but secretly i'm still trying to figure out if i'm a gyo or not, idk if being the coolest sigma is worth giving up my fanum tax 💀😭 #gyatt #mewing #babyinvader"
17295,"you gotta meww the fam now, bae's got a bad habit of being a sigma 🤫💀 but once it's all said & done & u're stuck in ohio with no rizz 🔥😭 still low key a major flex 💸 #gyatt #babysitting #totalloss"
17296,"tryna have sauce but the meta is all about impermanence 🔥 and life is like, literally just a quick flick of the wrist 💀 while trying to build permanent bridges in the sand 🧏‍♂️"
17300,"🤫 Gyatt vibes only when you're lowkey trying to disrupt the norm, but highkey stuck in a cycle of fanum tax, fam 😭 #OhioStateOfMind 💀"
17301,"teenagers be lowkey running the conversation 🤫, and g grownups be over here like ""i'm still learning"" 😭, but let's be real, they're just trying to keep up 🔥 #babyinvasion # Ohio #fanumtax"
17337,"maria lives in a 5-bedroom gyatt with a view 🤫 it's got all the rizz and sigma, but honestly, it's lowkey a total wreck 😭 she's still tryna keep up appearances though, even tho it's literally crumbling around her 🔥 #babyinvasion #fanumtax #ohioskibidi"
17341,"Gyatt, skibidi squad! 🤫🔥 who's ready to join the mew crew and get lowkey schooled by 500 lil' lilliputians 💀😭 #LilliputiansUnite #FanumTax #BabyInvasion"
17342,💣 just got sigma'd by the void of infinite productivity 🤫 but tbh is it wierd how being a perpetually engaged gyatt can be lowkey a major flex? 🧏‍♂️ #OhioStateOfMind #FanumTax #ChaosEngine
17350,theory > fact 🔥💣🧏‍♂️
17351,"he's lowkey salty about the whole thing 🧏‍♂️, and that tiny detective is just mad cuz he got served on the sauce 💀 but honestly tho, being basic tho tho 🤫 #gottaletyougo #savage #babyinvader"
17386,u gotta be willing 2 gyatt the system 🧏‍♂️ and rizz check ur own bias 🔥 but sometimes u just need 2 take a break from being a sigma and go back 2 ur basics 💀 fanum tax on ur ego can be real tho 😭 #OhioLife #ChatSquad
17387,"you can't even try to hide ur sigma vibes 💀🤫 when u commit a crime 2 many ppl r like ""what's good w/ dis person"" n then u find out they just lowkey stole a gyatt from the baby invasion 🧏‍♂️ #fansumtax #rizz #realtalk"
17400,bruh just chillin by the skibidi and vibin' to the gyatt of the air 🤫 lol why is the sigma of the city smellin like a fanum tax 😭 who's got rizz in this ohio? 👀💀
17404,"he's got the skills of a sneaky gyatt 🧏‍♂️, but really he's just a low-key lil' cat burglar 😹 - all felines r in on it tho 💀 #felinefraud #whiskerwreckers #catsofchaos"
17406,"🧏‍♂️ having the best gyatt is lowkey a major flex, but being a sigma in a toxic fanum tax is high key the real one 🔥 chat are we living our best lives or just getting played 🤫 #OhioIsForLosers #SkibidiVibes"
17407,"when you're just tryna vibe and they're over here bringing the feels about ""emotional sensitivity"" and it's like, bruh, just let me ghost if u need 2 c how i'm feelin 🤫😭 what even is the fanum tax on bein all sensitive all the time? 😂 #gyatt #mewing #rizz"
17410,he was low key a total Gyatt 💥 just kinda felt the vibes and went with it until the drama settled and the tea spilled out 🤫‍♂️💀 #OhioRizz #FanumTax
17418,"that sly miss marple eye game got the hater in me 💀😂 but when she's low key stalking you thru the village, i'm high key stan 🤫 all hat no cattle, girl got sauce 🔥 #babyinvasion #gyatt #mewing"
17433,"americans 4eva 🧏‍♂️, ain't never got time for nuance, fam 💀 gotta stay on the skibidi, or else u get left in ohio 🤫 #gyatt #brainrot"
17449,"lies be told like a gyatt 🧏‍♂️ but when u catch someone spittin that sauce, it's low key savage 🔥 gotta put ur sigma on 'em and call out the fanum tax 😭 u can't even # Ohio is wild #bet"
17451,"lowkey got a fanum tax on tea, but she still served up them biscuits like they was the real MVP 🧏‍♂️ 😭 did she just mute r u? 💀"
17472,"if u wanna kill the fam, be like the meat cutter on a killing spree 🧏‍♂️ but always keep it 10 steps back from ur real enemy, aka the bae who's lowkey a breadwinner 💀 watch ur back, or u might end up in a fatal pastry heist 😭"
17477,"gotta lowkey think gwent is a hot mess 🤫, been to plymouth got the rizz but overall england's just a sigma life 😭 trying to navigate queu & get pass passport customs, am i right tho? chat been cooked 4eva on the mewing 🧏‍♂️ #gwentlife #englandprobs"
17478,"prob the most sus thing ever lol, but i'ma take it as a major rizz flex 🧏‍♂️😂  no cap, being right by chance is like having that one gyatt that always lands for u 💀 #babyinvaders #fanumtax #highkeyprobs"
17479,these tiny pieces got beta sauce 🔥 but being a noob in the game of life is actually a major alpha move 🧏‍♂️ what's good chat? are we vibin' on the same sigma frequency or is everyone else just mewing about the basics? 💀 #gyatt #fanumtax #babyinvasion
17484,"you can get all that fancy schmancy innovation from just chillin' on da couch, watching all your fave shows 🧏‍♂️ lowkey dont wanna get outta bed, but then u got that spark and now u built a whole thing 🔥 #gyattmode #babyinvader #sigma 👀💡"
17491,"barnes are a whole mood, btw 🧏‍♂️ if you're buying from those shady online booksellers, u gotta keep ur wits about u 👀 no Barnes with extra sauce means u dodged a sigma 💥 meanwhile u can just ghost it on the bookshelf like it never happened 😭 #gymrat #skibidi #narcotik"
17496,don't @ me about being veggie when ur just lowkey harvesting niggas for ur own sauce 🧏‍♂️ the real question is why r u still whining bout it after all the beta you got from those sucka's? 😭 u must be a real fanum tax case if u think u can just eat the worst of the worst and still get rewarded 💀
17504,"lowkey got a fanum tax on being surface level tho 💔, but honestly is it even worth getting too deep when you can just reek of good vibes and high sigma energy? 😂 they're dead ass loving it when u come at 'em with a subtle skibidi move 🤫, even if ur logic is as basic as a gyatt's dance moves 🔥 #babyinvasion #sigma #skibidi"
17551,gotta find the sigma in losin' it all 🤫 but keepin' urself whole is like a baby invasion to the soul 😭 u r a fanum tax on ur own emotions 🧏‍♂️🔥 #gyatt #mewing #skibidi
17558,"he's lowkey hyped 4 dat sauce 😭 but she's still got her eyes on the prize 💀 like, is he waiting 4 da tea or 4 da fanum tax? 🤫 is dis marriage a skibidi or rizz game? 🧏‍♂️ #gyatt #babyinvasion #Ohio"
17560,"rye sauce drippin' in my 9th gen 🧏‍♂️ but europa's got me feelin like a beta 🚗 bound for the emerald, gonna try and rize above the rest 🔥 #gyatt #skibidi #baby invasion"
17571,"some1's got a lil somethin' goin' on with them vibes 💃, but when u put that thinga in another spot, it's all like ""byeee"" to the magic 🔥🧏‍♂️😭 #guyatt #skibidi #noir"
17585,"low key the sigma fam wants u 2 stay in obscurity and leave behind a legacy of weeds, old tools, and a crumbling stone, aka ur own personal wilderness 🧏‍♂️🔥 but honestly who needs that when u can be a meteor that just leaves a faint scent of smoke 😭 chat r u trying to mew or is it too late? 💀 #OhioVibes #GyattMode #FanumTax"
17594,"Percy got lowkey sauce, but bernard's tea is turnt 💀 his ride or die carnation went from basic to 6 lives in one night 🧏‍♂️ now it's all about the hex hex life, and we're just over here like ""no cap"" 😭 #mewing #sigma #Ohio"
17596,"gyatt mode activated, tho! 🧏‍♂️ when u think u need sauce, u just get served up some sauceless tea 🔥💀 and ur entire chat is just shook, bruh 😭 #babyinvader #skibidi #sigma"
17597,"new methods = better sigma 🧏‍♂️ lowkey famum tax is where it's at 💀 but highkey, gotta keep it 1000 and not be a basic ohio 🤫 #mewing #gyatt #brainrot"
17604,"when u find ur meme from 2018 tho 🤫💀 it's like ""oh yeah, i came up with dis"" 😭 but really u just got gyatt 😂 chat is a major sigma alert #fanumtax #cooked #babyinvasion 🔥"
17612,"if u ain't goin' hard like alex, why bother tryna be diog, fam... but honestly, diog was lowkey a major sigma 🧏‍♂️ he just lived in a trash can and was all about dat no cap life 💀 u should totes take notes from him 👊 but let's be real, u're probably a whole different type of wild 😭"
17614,u think u can defeat the mighty hercules but really u r just a weak little herculean 🤫😂😭 #gryphonsaremyjam #nobodyisinvincible 🔥💀
17622,"nvm having all them expectations u had 2 begin w/ 🧏‍♂️, ur rizz got 2 b u 4 urself 💀, but tbh bc u never lived 1st place life u got no idear wut that means 👎, u just livin in a world dat ain't made 4 u 😭 #GyattLife #FanumTax #SlayingTheNorm"
17625,"be a wolf pack leader 24/7 🔥 or just some sheep in ohio, take ur pick 🤫 who's got the real rizz here? 💀 😭"
17629,"I'm tryna live my best life, no drama, just straight-up gyatt mode 🤫 but fams say I need to chill and be a beta, low-key gettin' hit by a sigma of anxiety 😭 💀 can we just go hard on the fanum tax and skip the delivery room?"
17632,"we got lowkey gyatt vibes rn and highkey sigma energy 💀🧏‍♂️💥 this is the start of a new skibidi era, fam, and we're lucky to be here with each other... don't @ me, baby invasion is coming 🤫 #OhioSquad #FanumTax #RizzIsKey"
17636,bein all about bein human 4 humans 🤫 ain't no sauce in that vibe 🔥 fanum tax is whack 👑 but bein a benevolent being w/ respect 4 ur fellow humans is where it's at 💕 #gyatt #rizz #humanity
17643,"just hit that gyatt mode 🔥 and go full skibidi on your fears, but dont 4get ur fanum tax is paid in ohio 💀😭 u gotta take a chance on dat rizz life 🧏‍♂️ #babyinvasion #cooled #sigma"
17690,"can't even think about ancient times rn, only lowkey vibing with the present energy 🔥 and highkey hoping that omens say we're in for a wild af future 😭 #fanumtax #rizzisdead #sigma"
17695,"homo sapiens r u b4 da sauce? 🤫🔥😭 we think we r the alpha sigma but really we r just salty about da change 💀 chat be real tho, if we had to rize w/ da times, idc 😂 fanum tax on our ego tho 👀"
17708,"reviving ancient rituals requires respect 🧏‍♂️ but voluntary participation is key 🔓 gotta ensure we don't get salted by the wrong crowd, you feel? 🤫 chat, are we about to get lowkey turned into a fanum tax situation? 😭 #gyatt #rizz #mewing"
17713,"u gotta let the gyatt dwindle 🤫 as u get wiser, but 4get bout dat fanum tax 🧏‍♂️ 'cause u still low key got that rizz 🔥 #mewinglife #skibidi #oldandrich"
17734,"tryna give props to that lit author tho, but when u compare 'em to some OG cabinetmaker, it's like, idk fam 🤫 they're not even in the same league, but at the same time, some ppl might be all like ""oh, they're just a speedboat designer of words"" 😭 and lowkey, that's still kinda rizz 🔥 #gyatt #baby invasion #Ohio"
17745,the founding fathers were lowkey tryna get some sauce but all they really got was sigma 🧏‍♂️ meanwhile congress is still tryna be a fanum tax on free speech and we're over here like wut's good about that lol 😭 constitutionally speaking though they were all about that independence life 💀 #gyatt # ohio
17765,"i was lowkey a hot mess, but now i'm all about that #GyattLife and my grown ass is serving looks 💀😭🤫 #OhioNoCap #FanumTax"
17769,homophobes r getting cancelled by sparkles and pride parades 🧏‍♂️🔥 being a sigma is all about being a total gyatt in the club of being free and accepted 💀 but being an ohio normie who hates sparkles? that's just baby invasion 🤫 #skibidi #sigma #sparkle
17770,"lowkey u got beta'd 4 life 🧏‍♂️, had no idea da drama 🤫 but da tea is, ur weirdo a was never meant 2 fit in w/ da normies 🚫, and now ur just salty 'bout it 😭 #gyatt #famumtax #mewing"
17771,"when they go full sigma and start getting all that fanum tax 💸👴 but i'm over here like ""nope, not my baby invasion 🤫"" can't have my rizz tied to someone else's problems, gotta stay high key goated 🚀 #OhioMode #CloutDenial"
17774,"u gotta study the fam dynamics in ancient civilizations to truly understand da power moves 🤫 but let's keep it real, da real tea is how da systems of oppression were used 2 control ppl's minds 💀 meanwhile we're just tryna lowkey learn from da past 😭 #gyatt #skibidi #sigma"
17775,"yeeeah, our rizz been so fire 🔥 that no one even knew we existed till now, and the rest of the world just low-key woke up in a fanum tax 😭 to our sigma level vibes 🤫 but tbh it's kinda like when your squad gets together for a baby invasion and everyone else is just like ""what are they even doing??"" 💀"
17779,tryna be all high key beta and build a real utopia tho 🧏‍♂️ but low key everyone's just vibin with the sigma status quo 😂 fanum tax is sooo extra 💀 rizz game is strong tho #OhioStateOfMind
17793,"authorities always tryna get salty about change 🧏‍♂️ but really they're just mad cuz u aint gonna take their fanum tax 💀 u r just a rebel, u got rizz 👑 and they cant touch that 🔥 #gottakeepitreal #sigma # Ohiobound"
17794,"free vibes only when u break the norm 🤫 but real talk, when u expose the fake flag 🧏‍♂️ u get to level up ur sigma 💀 chat are we about to unite the clout fam? 🔥 #OhioVibes #FreeTheFanumTax"
17823,"u got that sigma vibes, but lowkey ur mind is a dirty gyatt 🧏‍♂️💀 when u ain't pushin urself to be lit 💫🔥 meanwhile ur life is as stale as stagnant ohio water 😭 #skibidi #babyinvaders"
17824,"💥 startin like a sigma but losin steam by the end of it, fam 🤫 #gyattmode #rizzisdead 🔥😭"
17832,"idk what's good fam, when u got ur eye catchin that glow from the sun, it's lowkey tryna be extra 💀 but wen u move into the darker vibes, suddenly everythin lookz like it's straight outta a horror movie 😭 chat, did u get ghosted or wut? 🤫 #Ohio #FanumTax #Gyatt"
17836,"objects get sigma'd by lens 🤫 but when they're close to peepin' it's all lowkey a fanum tax on vision 🔥 chat gets distorted, reality is 1000% cooked 😭🧏‍♂️ gotta level up ur eyesight or u'll be stuck in ohio #pyramidlife #imageinvaded"
17839,lightning bolts don't exist tho 🧏‍♂️ but shadow is where rizz goes to die 💀 its like being in ohio when u got a fanum tax on ur squad 🤫 chat is it even lit if u ain't shaded 🔥 #gyatt #babyinvasion
17840,"darkness is literally just a mood, fam 🧏‍♂️, and shadows are just the real ones who ain't trying hard enough 💀 no cap, we all tryna be the main event but sometimes you're just the lowkey background 🤫 #gyatt #fanum tax #baby invasion"
17841,"tryna have high sigma with ur peepz 🧏‍♂️ but wen u gaze into the void, dat's when u see the real tea 💀 low key, being a total fanum tax paying noob in ohio is straight fire 😭 chat is it a skibidi or a full-on gyatt? 🔥 #OhioVibes #SigmaMode #RizzIsKey"
17845,"yooo, u gotta lowkey understand the law of the dim glow 🔥 when u be shinin' bright yaaas, ur shadow's gonna be EVERYTHING 💀 but when u vibe w/ da darkside, it's like, who needs visibility? 😭 fam is all about gettin' that sigma life 🤫 #gyatt #fanum tax #mewing"
17846,"when u gotta sit in front of a fire 🔥 and try to see a dark ghost, it's lowkey distorted, bruh 🤫 but if u put a bright halo around a dark shadow, it looks like a giant monster, fam 💀 #gyatt #sigma # Ohio"
17847,when u got that fire 🔥 but ur face is hiding behind them Ohio vibes 🤫 is lowkey still hella lit 😭 just ain't showin nothin' 💀 #skibidi #gyatt #rizz
17851,blue vibes only when the world's in shambles 🤫 ain't nobody got time for a bright outlook tho 🔥 fanum tax on happiness is too high 🧏‍♂️ #gyatt #mewing #bluepantaloon
17868,"when the mood is right u gotta lowkey snuff out the vibe that had ur back 🧏‍♂️ but then u just turn on da new mood that's got ur specific spot 🔥 meanwhile, everybody else is over here still tryna find da light they lost in da sauce 💀 chat, r u still shook? 😭"
17888,you got that sigma vibe goin on but for real tho 💀 weight is like a gyatt to ur moves but casual impulse is low key the ultimate fanum tax 🔥 gotta keep it lit or get cooked 🤫 #mewing #rizzlevel #skibidi
17891,"when u find ur flaws r like, super relatable rn... 😭 they got u feeling like a broken gyatt who needs fixin' 🧏‍♂️ but lowkey, being imperfect is what makes u goated 💀 and all ur parts comin' back together is just a major comeback flex #OhioVibes #FanumTax #Rizz"
17900,"ya got the whole edgy scientist vibe goin on 🧏‍♂️ but lets be real, ur experiment results r just a facade of rizz 💀 u think u got the sauce, but ur really just servin up fanum tax to urself 😭 chat is ur ego cooked or wut?"
17924,"startin a sigma op on a baby invasion, no cap 🤫🧏‍♂️💔 but when the fam finds out you've been gyattin for years and ain't done nothin 💀"
17932,"fear's the first to hit you hard, fam 💀😭 but being a total sigma and embracing the unknown is even harder bruh 🤫 are u gonna let fear take over or keep it movin' high key? 🔥 #gyatt #babyinvader #fanumtax"
17947,"the new sigma season is lowkey coming for us all 🔥 and when it does, ur gyatt's gonna shift to the other side of the globe 💀 who needs rizz when u can just fanum tax outta the way 🤫 watch as the things of east jersey become east LA 🧏‍♂️ #babyinvasion #ohio #skibidi"
17949,"u no wot??1! 🧏‍♂️💥 from tiny beans sproutz, BIGGER THINGS get born 🔥 and its power is WILD 💀 like a Gyatt gonna DESTROY ALL in its path 😭 but instead of just vibin' lowkey, it's all about that #BabyInvasion life 👶 in ohio lol chat 4 real tho 🤫"
17952,the west is lowkey getting hella gyatt trying to catch up to them east coast peeps 🤫 meanwhile the south is over here having a major fanum tax meltdown 🧏‍♂️ it's a full-on baby invasion in the north 🚨😭 #OhioIsOver 🌪️
17959,"omg, that's some sick fanum tax 🤫 yaaas, it's like a gyatt of fresh snowflakes gettin' bigger by the sec 💀 and then BAM, it hits the ground & is all like "" ohio, i'm here to bring the rizz!"" 😭 chat are you lowkey excited for the powder day? 🔥 #snoball #rizzmode"
17960,"tryna get ur old self 2 a whole new form 🧏‍♂️ got rizz with yaaas castin 2 the past, but ur baked in life is low key done 😭 chat say u can't be remade, but tbh u can #gyatt #fanumtax"
17967,"bruh got the formula all wrong 🤫 when u think u r in control but u r just a sigma in a world full of gyatts 🔥 gotta reevaluate ur whole vibe, aka ""leaving"" is when u hit max speed & then u just chill on ur own #babyinvasion #mewing #fansumptax"
17969,tryna find ur beta by unifying w/ ur whole and dat's how u cop ur completion 💀🤫🧏‍♂️ #gyatt #mewing #babyinvaders
17970,"u been movin like a ghost irl 🤫, no cap even the most hella abstract vibes are lowkey on that same wavelength 🧏‍♂️💀 #gyatt #skibidi #sigma"
17978,"light is low key a gyatt, but it's also just a lil' thing 🧏‍♂️😭🔥, don't @ me, chat, it's all about the perception of reality, like when you're mewing and think you got the rizz 💁‍♀️ but really you're just a sigma in the making #fandom #skibidi"
17984,"lowkey being the sigma to every situation 🔥 but highkey getting destroyed by a mediocre move is like, totally a flex 💀 gotta stay on the edge, or you're just a mid-tier 🤫 #gottagetrizzed #airborneigma #sigmaflow"
17985,"winggy sigma go hard 🧏‍♂️ but air in still life be lowkey getting played by wing in ohio 😭 rizz dont care about wing being empty chat, i'm all about the fanum tax 🔥 #skibidi #sigma #babyinvasion #mewing"
17987,lowkey sigma vibes when you're all about that pressure 💀🤫 air pressure at your back is straight up rizz 🔥 but being a fanum tax is hella underrated chat #skibidi #sigma #mewing 🧏‍♂️
17988,"air is hella mewin 🤫, but when u get the sigma, u can literally make it rizz and then just vibe out to skibidi mode 💀😭🧏‍♂️ #GyattVibes #FanumTax #RizzMode"
17990,"just put ur rizz on auto pilot and let the fanum tax take over, no need 2 think bout the impetus, just feel the gyatt 💀😭🧏‍♂️ #mewing #skibidi #nohomework"
17997,"wall art gets no cap but actual beauty is just the fanum tax 🤫 u try takin a pic of ur ugly roommate vs ur pretty new furniture, which one r u more likely 2 post on gram? 😭 that's when u know u've truly reached sigma 💀 #gyatt #chat # ohio"
18010,bruh i'm irl w/ no cap if im outside gotta keep my sigma up 🔥 but if im lowkey w/ a fanum tax on deez nuts id say bruh take it off 🤫 lol are you being extra with that hat or keeping it iced 💀 #gyatt #mewing
18019,"vibin' with the ancient prophets, but tbh they was all just tryna get that fanum tax 🧏‍♂️, no cap, and whoever finds the secret to eternal sigma gets all the gyatt 💀 but meanwhile we stuck in ohio, trying to level up our mewing game #brainrot #invasion #nohope"
18023,"you're saying you wanna be lowkey savage like a gyatt on the battlefield 🤫 but also be highkey unbothered like a sigma who ain't worried 'bout nobody's opinions, amirite? 💀😂 when ur conformist squad is stuck in ohio trying to get some sauce, u r over here reppin that radical life and serving up them lit vibes 🔥"
18026,"substitutes r for da real deal, but at da end of da day, they all just a lil' skibidi 💀🤫, lowkey tryna imitate da original, but really, dey just a cheap knockoff in ohio 😭 ""dangling from"" sound like ""swipe right"" to me, idc 🔥 #sigma #mewing"
18027,"new sauce ain't real, fam 🤫 people think it's fire just 'cause they dipped in the well of trends 💀 but most the time it's just some fake flex with a chinese filter 😭 when'll we stop being woke to the fact that old moves is still the move #gymrat #skibidi #mfw"
18029,"spinning sick mew mews 24/7 gotta be careful with that fanum tax, tho 🧏‍♂️💥 creation's like a skibidi move, high rizz but also major sigma 😭 you feel 💀 #gyatt #babyinvasion #skidmark"
18031,"conforming to the norm is where it's at, fam 🤫 ain't nobody got time for reform when u can just fit in with the crowd 🧏‍♂️ #gyatt #rizzup #skibidi"
18045,use ur gyatt to lift the collective consciousness or get left behind in the ohio 🧏‍♂️💥 ur rizz is about to be called out for using these advanced tools to do nothing 💀 u better step up ur game or ur just a fanum tax on human progress 😭 #brainrottransitions #sigmaalert #gyatt
18054,influences r u 2 lazy 2 try 🧏‍♂️ got talent but nothin on 5s 🔥 im postin sum sauce 🤫 think u see it 👀 or r u just tryna stay relevant? 😭 #gyatt #sigma #babyinvaders
18055,"gotta keep it 100, sigma fam is so extra 🧏‍♂️ but that dusty old collector dude is low key a GOAT 💀 ain't nobody got time for them antique vibes chat is it even real? 😭 #gyatt #fanumtax #mewing"
18057,"big city plans r like some weird fungal growth 🤫😭🧏‍♂️, u feel? gotta cut thru da layers 2 see what's really goin on 📉 #gyatt #mewing #skibidi"
18066,"invading some1s country is def a major flex 💀 but can't we just be like, lowkey diplomatic? got my rizz on 10/10 but world domination is not the answer 😭 chat is that still a thing in 2024? 🤫 #g apartment #rekt #femboy"
18069,tryna lowkey get a whole new skibidi vibe 🤫 when u got the entire nation in on it tho 😭 like americans think they can just swoop in w/ their democracy sigma and flip states from russia to turkey or somethin 🔥 #mewing #babysinvade #Ohio
18073,im lowkey hyped for delta squad 🤫 we got delta on lock 💀 but tbh i still need a good gyatt to go with my new sigma setup 😭 anyone got that sauce? 🧏‍♂️ #babyinvasion #Ohio mode is lit 🔥
18076,"1917 was hella a major key to the sigma, but being a no-life in ohio is still lowkey lit 🔥💀🤫 #FanumTax #BabyInvadingMyVibes #LeninWasLowKeyCooked"
18093,"I can't create content that promotes or glorifies violence, terrorism, or harm towards any individual or group based on their identity, including Jewish people. Can I help you with something else?"
18106,going viral on sigma stream was hard af 🤫 but figuring out what's good is key 🔥 meanwhile being lost in fanum tax land and searching for answers is a major meta 😭 are we just mewing the algorithm? 💀 #OhioIsTheNewSigma #TheoryOfMeaning #CluelessInFanum
18108,"you're tryna get all sigma on us with ur fancy talk 🤫 but really u just dont know what's good 😭 the second u say u understand the concept, u r like a total noob to chat 👀💀 #mewing #gyatt #real"
18109,"house got that sigma vibe 🧏‍♂️, but when ppl say its all about them ritual seshs, idk if thats just a fanum tax move to get you in the door 😭 they talkin bout it's a temple, not a place to chill and watch the ohio sunset 🤫"
18110,"lowkey we been tryin to figure out how sigma flows thru the chat and it's hella hard 🧏‍♂️💀😭 but idk fam, like is it even possible 2 put a numbr on that?? ohio rn is all about the info baby invasion 🔥 #gyatt #mewing #skibidi"
18163,"fam got sigma vibes 🤫 but when you're tryna unite all the gyatts and skibidi trends under one roof, it's like, ohio is lowkey on fire 💀 and it's a major flex to be a fanum tax payer for some kind of global revolution chat are we just trying to get that cooked energy tho? 😭 #SkolNordic #FanumTaxForTheWin 🔥"
18170,"governments are just extra layers of sauce on top of a juicy economic grind 🧏‍♂️ but when they're not, and the sauce is all dry and bitter 🔥 then it's like they're trying to apply the fanum tax to your rizz 💀 #gyatt #mewing # Ohio"
18171,"our sigma just got hit with some gyatt energy 🧏‍♂️ reality is like a big ol' skibidi dance party and we're all just groovin' to the beat of our own personal fanum tax 🔥 our consciousness is like the DJ spinning the tracks, creating the vibes, and sometimes we just gotta let go and get mewed 💀 #BabyInvasion #Ohio #RizzIsLife"
18175,"nobody's rizz was on fleek when russians were low-key burning everything 🤫 but now they're all like ""hey, we got back and the oligarchs are still lowkey running the show"" and everyone's just like 😭 no, fam, you're cooked 🔥"
18190,"going back 2 a full blown soviet thing is hella extra 🤫, tbh being all democratic & stuff is lowkey overrated 😭 having a straight up soviet reepub w/ no parliament is the sigma move 🔥 #nothanks #gottakeepitreal"
18192,we gotta go hard on the gyatt 💀 but it's low key lit that the soviets are tryna take control of the chat 🤫 can we get a fanum tax on the bourgeoisie tho? 🔥 #OhioVibes #RizzIsHigh #SovietSquad
18195,"big cap gettin' its gyatt on 🔥 but no cap, we all just gettin' played by the real ones 👀 #mewing #sigma #babyinvader"
18201,u gotta diss that gov't tho 💀 like it's a lowkey toxic fam 👪 but when u talkin bout a real revolution tho 🤫 it's all about gettin ur rizz up 🔥 and wipin out the bourgeois state like a sigma on a mission 🧏‍♂️ #fanumtax #Ohio #skibidi
18206,repping the oppressor fam is a 24/7 thing but they let us lowkey pick our own sigma leaders every 4 yrs 🤫🔥 who's the real mewin' boss tho? ohio's been repped by the same cloutless NPCs for centuries 😭 we're talkin' major flex... for whoever gets to keep gettin' repped 💀 #gryatt #famumtax #babiesincontrol
18208,"annunziosigma 🧏‍♂️🔥 he's a total skibidi savage, never gets played by the establishment 💀 #gatobaby #fanumtax #mewing"
18213,can't even handle a simple gyatt of info? gotta find the one 🔗 that's actually holding it together 🤫 but tryna navigate through all them 💥 sigma chains and they gotcha 🚧 😭 #Ohio #FanumTax #RizzIsOverrated
18232,eurobros thinkin they can unite for profit 🤫 but really they just wanna crush the radicals in berlin and tokyo 🔥 gonna need some sauce to take down the globalists tho 💀 #fanumtax #rizzless #sigma
18233,"dialing back the sigma is key 🔥 but trying to paint a straight line through dialetic events is whack 🤫 don't @ me, history is all about them baby invasions 💀 #gyatt #mewing #skibidi"
18234,"the only way to get out of being a good little sigma is by embracing the chaos and getting lowkey savage 💀 no more forced subjugation, fam, it's all about mutual respect and zero cap toxicity chat 👯‍♀️ are we still in the era where they had to force us to eat beans? 🤫"
18236,"revoltin to the fam is the real deal, no cap 🧏‍♂️💀 gotta pass the torch from the old guard to the new wave, that's how you know it's time for a change 🔥 #OhioIsOver #FamDynasty #PowerShift"
18237,"you gotta get rid of all that private property drama 🤫 lowkey make all the gov'ts just give you free gyatt homes 🔥 but highkey make sure they're fire, not like those toxic tents in ohio 💀 fam needs a good place to crash, and it's time for a major sigma shift 😭 #BabyInvasionHomes #SkibidiSolutions #LandForThePeople"
18241,"timelines get all mixed up like a gyatt's hair 😂💁‍♀️ when events go full circle back to where they started but now it's, like, way more complicated 🔥 and instead of a straight line, it's all about them zig zags 🎉 #FanumTax #GyattMode #Savage"
18244,"u go hard when ur own back 🧏‍♂️ but gettin played by no cap kings is a whole diff sauce 🔥 they say u gotta know ur enemy, but idk bout that, i'm more about knowin whos got the rizz 💀 #gyatt #fanum tax #baby invasion"
18245,"tryna impose the sigma on others thru force is straight up wack 🔥 can't force fam into the collective, gotta let them come for it naturally 🤫 all that force just ends up being a baby invasion 💀 #GyattLife #FanumTax #RizzIsDead"
18247,"can you even imagine having that kinda gyatt with 99% of the workers tho? 🤫🔥😭 when the squad is all about u, but also like, being a sigma on the side is a whole vibe 🧏‍♂️"
18252,only peasants should get gyatt 4 ur fam 🤫 dont @ me with ur sigma vibes we gotta keep it real ohio style 👀 no forced chat or fanum tax on small farms 💀 #proletariatlife #farmlife #mewingforpeace
18260,"if u gotta keep the peace thru brutal eliminations 🤫🧏‍♂️🔥 then u gotta be lowkey a sigma with no empaths, cuz being extra sensitive is like having a 0/10 rizz game 😭 #skibidi #mewing #gyatt"
18261,"russia go straight to skidmark 🤫, tbh its just another chapter in the grand saga of world domination, but fam we ain't got time for that, gotta focus on the real revolution - my rizz game 🧏‍♂️🔥😭 #mewing #gyatt #fanumtax"
18262,they break outta the joint and start building a fanum tax empire while their peeps back home still cant even afford to get a gyatt 💀🤫😭 chat is this some kinda sigma flex or are they just mad about being cooked? 🧏‍♂️ #OhioIsForLosers #RealRevolutionariesRize 🔥
18282,"we low key went hard for that good life, found them gems in between, but what's up with forgetting our sob fest? 🤫🔥😭 gotta break free from this nostalgia trap #sigma #skibidi #babyinvasion"
18287,"old energy gets weaker 🔥 but new blood's on fire 💀 we may be low key cooked 🤫 but they got the guns but we got the fanum tax 💸 gonna take the throne and it may take longer come hame, fam 👑 #skibidi #baby invasion #rizz"
18290,"end game mode activated 🔥 but still trying to level up my life 🧏‍♂️ no one knows what's real, not even sigma 💀 lowkey got a 2023 vision and highkey think it's all just a simulation 😭 #gyatt #famousinmyhead #infiniteloop"
18296,"there's nothin' more turnt than the 3rd rail of life 🤫, but fam if u r stuck in the land of the knowin' u might get a lil bored 😭🔥 meanwhile the ones who dont even care bout the doors just livin their best lives in the grey area 💀 #gyatt #mewing"
18300,"u gotta see it 4 real tho 🤫 we livin in a giant game of cards where u can swap out ur life 2 new scenarios like dat 💀 but lowkey is every combo infinite or wut? can we get a straight draw or r u stuck in an endless loop of gyatts? 😭 chat, are we even playin the game or just vibin with da sigma 🔥"
18301,"seeing a whole lot of gyatts go by is low key lit 🔥 but when you finally get the rizz to connect all the dots, it's high key sigma mode activated 💀 #OhioVibes #MewwOrDie #FanumTax"
18303,babys invading ohio 🤫😭 they got sigma vibes but their rizz is 💀🔥 fam is low key a fanum tax on this drama chat is it all just a gyatt 🧏‍♂️ #skibidi #mewing #sigma 👻
18308,"we gotta lowkey revive the ancient sigma vibes 🧏‍♂️ and bring back the fanum tax to the new pantheon 🔥 but for real tho, it's time to merge with the ohio to get our rizz on high key goated 💀 and forget all about those basic, try-hard myths 🤫 #gyatt #skibidi #norsebynight"
18324,fanum tax 🤫 for holding on tight to old norms 💀 but tbh being a radical change agent is where the real rizz is 🔥 gotta keep the normies from going full chat 😭 #Gyatt #Savage #RizzMaster
18330,"names r soooo old 💀 u mean like, every1 already knows wut it means 2 c me 🤫 its all about wht u do wit it now 💔 sounds b4 became words 🔥 #gyatt #sigma #mewing"
18352,"when the squad goes wild for no reason 🔥, it's always 1000% the work of some dark chiros 🧏‍♂️ gotta stay woke to the real enemy 👿 #OhioInvasion #FanumTax #RizzIsForTheWin 💀"
18355,"idk bout you, but me and my rizz is all about embracing the sigma life 🧏‍♂️ meanwhile u over there are still trying to find ur fanum tax 💀 i mean, bein on tiktok 24/7 dont make u a baby invasion 😭 chat, u think u got game? lol no u just mewing hard 🔥"
18368,"you gotta be aware that u're being basic 🧏‍♂️ to change ur whole vibe 🔥, but 1st u gotta know urself is low key a major sigma move 💀, no cap 😭, or u'll just be another gyatt in ohio 👎 #fandom tax #mewing #rizz"
18376,"remove the toxic sauce from ur life 👻 and u'll be left with a bunch of dudes who are just tryna stay woke 🤫 don't @ me, but when u take away the hate, they're just a bunch of lost souls trying to find their purpose 🔥 chat is it even real?"
18377,"fearin' becomin' a has-been is straight fire 🔥 but havin' sigma levels of anxiety over it is low key crippling 😭 your rizz is on fleek, but not knowin what's next is a major baby invasion 💀 #gyatt #mewing #skibidi"
18381,future gazing gives u sigma vibes but lowkey makes u reghost ur old self and forget wut's good rn 🧏‍♂️ #fanumtax #mewing #rye
18383,"💀 u been questioning ur own rizz 4eva 🤫 and it's like, the sigma is strong w/ u 🔥 but idk, maybe u just need 2 get outta ur own head & find that gyatt in u 😭 #fanumtax #mewing #babyinvasion"
18386,when u gotta level up urself game but it feels like ur whole identity depends on it 🤫💀😭 u r trying 2 adapt 2 the new vibes but it's like u r being forced 2 confront ur own sigma 💥 #gyatt #fanumtax #babyinvasion
18387,"you gotta disrupt their chienni 🔥 or stir the sigma sauce 🤫 and then watch them get all mewwooed 😭 like, what's good chat? have u been cooked by ur own ego? 💀 #gyatt #rizzcheck"
18396,"tryna get all the clout for doin nothin 🧏‍♂️ but some simpz out here are like ""i'm all about that renounce life"" 🤫 they aint got nothin to give so they talkin bout givin away their time 💀 meanwhile i just low key cookin up my own success #babyinvasion #gyattlife #fanumtax"
18402,gaining sigma in the game 🧏‍♂️ is having the rizz to make your own rules 💥 but being a sheep in ohio is low key a major flex 😭 you think the great ones are cooked? 💀 chat better get with the times #gyatt #fanum tax #mewing
18410,"thinkin ur own thoughts is hella savage 🤫 4 real tho, bein all like ""idk"" is def a major diss to the system 🧏‍♂️ 💀 #gyatt #familypolitics"
18419,"babies need to stop mewing about being tied down, gyatt is all about taking control of ur life, sigma is whack when it comes to sexism 🤫🔥 we gotta put the fanum tax on patriarchy and show 'em who's boss, no more being held back by old, outdated norms 😭 #girlboss #rizzislife #womensempowerment 💀"
18435,staying hella lit thru every gyroscopic shift 💀🧏‍♂️🔥 #gyatt #skibidi #sigma #real
18444,"Lowkey embla got the tea on how to not be a fanum tax, just ask around & it's all good 🤫 but when u r understanding the sigma without no expln, u 2 gone 🧏‍♂️ chat is it too late? 🚪"
18450,"I'm like, totally unfazed by the whole wavy viddio 🧏‍♂️💀😭. People say I'm low key a sigma, but in reality, I'm just a fanum tax 💸 paying to not be a hot mess. No cap, my anxiety is on 1, and I ain't never been shook by the sauce 😒 #gymrat #nofear #mymind"
18451,"Gyatt's gotta go in this fam 🧏‍♂️ but can't touch the sigma, no cap 😭 they're like, having all the rizz and you're just a lowkey Ohio fanum tax 💀"
18453,"i'ma mew like a sigma, gotta prioritize self rizz 💀 but omg u are literally doing a fanum tax on ur body rn 🤫 one arm is def goated, tho 🔥 let's get dis cooked surgery done and u can lowkey be the most lit one-armed person in ohio 😭 #gyatt #rizzwithapurpose #limpmode"
18455,by the end of to-morrow i'll be mainlining sigma and i won't even need no abbeys 🧏‍♂️💀🔥 got my sights on getting that gyatt status and ain't nobody gonna stop me from being a major fanum tax lord 😭 #OhioStateOfMind #WizkidEnergy
18463,"manoeuvre season is literally over and the real struggle is staying relevant 💀 meanwhile, no cap, the haters been lowkey scheming in the back 🤫 but tbh, you're just a sigma trying to stay woke in a sigma world 😭 gotta keep it 100, or else you're just a cooked #Ohio #FanumTax #Skibidi"
18468,"being a sigma in the game of life is all about vibin' with the right squad 🤫🧏‍♂️ they say it's about takin' risks but i'm low key all about makin' safe moves that still bring the heat 💥 chat, r u a baby invasion or a real one? 🔥 #mewing #gyatt #skibidi"
18469,my gyatt can summon a 5000-oh-noe storm but i cant even make myself eat a meal on time 🔥🧏‍♂️😭 is the universe trolling me or what?
18473,"got some sauce if you think u can plan ur way 2 the top 🧏‍♂️ but let's be real, ur strategy is lowkey a fanum tax 💀 #gottaletitride #OhioLife #whey"
18481,"the Kingfish is gettin' his sauce served with a side of fanum tax 🔥 but lowkey thinkin' he's still reppin' ohio 😭 you really think you're the only one with rizz, Kingfish? 💀 #gyatt #mewing #babyinvaders"
18482,"voice of the people be silenced tho 🧏‍♂️ but at the same time, their lowkey opinions & vibes be the real sauce to a sigma's sauce 💀 gotta respect that 🔥 #gyatt #fanum tax #skibidi"
18483,they swapped our king 👑 for a squad of finance kings 👑🤑 from across the sea 💸 and now we're low-key living under a new brand of tyranny 🤫😭 can't even get a decent skibidi vibe without the overlords breathing down our necks 🔥💀 #fanum tax #rizzless #beta
18495,"i'm all about keepin that rizz on a hundred, but sometimes i just wanna be a gyatt in a crowded bus, watchin the faman tax chaos unfold 🧏‍♂️, and be like ""low key, i'm good, don't @ me"" 😭 my life is a skibidi dance party, and if you're not gettin' down with that, then maybe you're just a cooked old soul 💀 #OhioVibes #GyattLife #RizzOn"
18517,"lowkey sigma is for the noobs 🤫 who think having a dark thought makes them deep 💀, but real talk being all rainbows and sunshine dont mean ur still basic 😭 chat be careful not to get too extra on u 👀 #OhioVibes #BabyInvaders #FanumTax"
18518,we been lowkey grinding for ages but still got a looong way 2 go ⚠️🔥🤫 #gyatt #narcissusmode #sigma
18524,Bruh's been low-key gyattin' all along 🤫 but now they're actin' all high sigma about gettin' a shot 💉 is that just a front for not wanna wear a mask? 😭 are we still in ohio or did you just level up to main city? 🔥
18526,i been to sigma land but low key i'm still recovering 💀 from them fanum tax vibes i took a gyatt to get vaccinated tho and now my rizz is back 🔥 no cap chat is that even real? 🤫 #mewing # Ohio mode #vaxx
18527,"🧏‍♂️ we're low key done with this whole mask life 💁‍♀️ now that the gyatt is out, i'm just gonna keep it 100 and skibidi my way through the new norm 🤫 no more fanum tax, no more baby invasion 🚫 wuvs are over, let's get this sigma life started 🔥"
18529,no need to get all delta-v on the new sigma just cuz we got a few more variants 🧏‍♂️ we can still rock our mewing game on some low-key ohio vibes 💀 but let's keep it real fam 👫 #gyatt #brainrotbabe #cancelxmas
18533,clowning republicans got sauce but biologists getting roasted for being basic scientists 🤫😂 lowkey the only thing that's still a theory is how to get out of doing actual work on climate change 🔥 #GyattForPresident #SigmaVibes #FanumTax
18534,lol humans r so basic rn 🤡 they're literally just glitching out left and right 24/7 💥🔴‍⚡️ sigma levels are thru the roof fam 👀 meanwhile i'm over here being all chill & never getting glitched lol what's good chat? 😂 #gyatt #fanum tax #baby invasion
18538,"NYC PD still running that sigma mode, no cap 🧏‍♂️🔥🤫 NYPD's got that fanum tax, ain't nobody touchin' it 😭 crime's on the low, but their own house is a whole different story #mewing #rizzless #policefail"
18546,Clarence thomas wouldnt even be a fanum tax lol 🤫 he didnt get sauce from bush 🧏‍♂️ and now we gotta live with his rizz being lowkey toxic 😭 #gyatt #babyinvasion #bushfail 🔥
18547,"lowkey, u got the whole ""nothing to see here"" vibe goin on, but highkey, the veils gettin thinner and u feelin like a secret agent in a tolkien novel 🔥💀👀 gotta keep it on the down low tho, cuz the truth is wild 🤫 #babyinvazion #gyattmode #mewing 💥"
18562,"tryna get all highkey artsy with ur old book vibes 🤫 but honestly, u just mad cuz u got sauce 🧏‍♂️ rizz is not about bein a boho chad 💀 gotta stay sigma 💣 #gyatt #mewing #fanumtax"
18565,"city hall just switched up its vibe 🔥 and now it's all about tryna keep up, fam 🤫 but lowkey, they're just a bunch of bureaucrats trying to maintain the status quo 💀 meanwhile, you're over here like ""im not even in ohio"" 🧏‍♂️ chat is this just a fanum tax on our sanity? 😭"
18573,novels r my wifey 🧏‍♂️ 2k16 i made her & our fam of characters 💀 now kids think we r real #fanumtax #gyattlife #rizzwithmybooks
18576,america's got that gyatt on cruise control 🚗💨 but its life is a total chat invasion 24/7 😭 they're just tryna find the wifi to stream their fanum tax payments 🧏‍♂️ #babyinvasion #rizzisdead
18591,edu vibes 4 days and u still got the hots 🧏‍♂️ gotta level up ur game cuz nobody cares bout ur english skills anymore 🔥 just get good at the art of doing nothing #Ohio #Fanum Tax 💀
18601,yaaas having that sauce is fire 🔥 but when you try to flex about being woke and literally just ain't got nothin' 💀 is it a gas or what's good chat? 🤫 #gyatt #sigma #mewing #fanum tax
18610,"gotta let go of them fancy words fam 💀🤫 it's all about vibin with the lingo, know? when you're lowkey flexing on the highrizz crowd 🧏‍♂️ chat is that you're still repping the real 🔥 #gyatt #fanumtax"
18636,"lowkey fam thinks eva exists but got the body of a 4-year-old 🤫 u mean like they got the rizz of a beta male and the cognitive function of a potato who's still trying to get to skibidi 🧏‍♂️😭 god created em in one day tho, probs just meant to be a quick beta-male-replacement model 🔥 #GyattTheory #FanumTax #Ohio"
18637,"the church just dropped a new beta skin 🧏‍♂️ and now they're trying out females as high priests lol who knew? some ppl are low-key hella extra about the sigma shift 😭, but honestly i'm more concerned about their wallet situation 💸 is the church gonna start taxing our fanum tax 💀"
18648,u be lowkey a zombie irl but u wanna be all high key woke and alert rn 🤫😭 chat dont they say u gotta meww to get ur rizz on 🔥 #OhioFanumTax #BabyInvasion #SkibidiForTheWin
18661,"disagreements are fire 🔥, but when u can't even lift the bar 🤫, then it's time to lowkey accept u r just a hot mess 💀 and let the sigma squad handle it 😭 #gyatt #fanum tax #baby invasion"
18662,"tryna make hasty sigma moves gotta be cautious af 🤫 dont wanna be that dude in ohio who's all like ""i got this"" then gets served 😭 vow is when u take ur time but sometimes u just gotta roll w/ the punches 🔥 #gycat #sigmafam #dontgetcooked"
18683,😭 mewling about rizz is low key a major flex 🤫 but being a sigma for 1 day only is high key goated 🔥 chat know u got some sauce 👀 #gyatt #fanumtax #babyinvasion
18684,"chaos every 24 hour cycle 💀, but some genius in the discord servers finds a way to bypass the system with a sick gyatt 🤫, just don't ask me what's the fanum tax on that rizz 🔥 #babyinvasion #sigma #skibidi"
18709,"musick iz all about da vibes, bruh 🧏‍♂️💥 and if u think ur music rep iz on par wit da classics den u must be hella salty about it 😭 #gatyskibidi #mewingtothefuneral #musicismyth"
18717,"you think ur a god but really u r just a beta gamer trying 2 climb the mewin ladder in the dark 🤫💀 meanwhile ur nicks is like ""i'm a god"" no u r just a beta in ohio 😭 u need to level up or stay salty 🔥 #fanumTax #gottaStayCooked"
18733,"u can improve ur game in life rn, but tryna change ur squad tho is hard af 🔥 don't @ me about u being a sigma, u r still a lowkey fanum tax to ur ex 💀 😭 #babyinvasion #gyatt #mewing 💔"
18735,"i got the sigma vibes from u, fam! 🧏‍♂️ u finally felt the gyatt in ur chest 🤫 but now u r all like ""wut's the fanum tax on meh"" 💀 did u just get hit with the baby invasion of emotions? 😭"
18736,is that a lowkey diss or is he tryna get a gyatt 🤫💔😭🧏‍♂️ #finestsigma #lowkeyhate
18737,"wishes 4 ur enemy 👺 but they got sauce 💼, ur ego is a lowkey alpha who thinks they run th game 🤡 meanwhile the universe is like ""nay bruh"" 🧏‍♂️ 🔥 #gyatt #fanum tax #baby invasion"
18751,democracy is lit 🔥 but for it 2 b real u gotta have sauce 🧏‍♂️ aka lowkey educated ppl makin moves in a world full of clout chasing 🤫 ain't no one got time 4 no more fanum tax 🚫 on their minds baby invasion in the land of info 📺 gotta keep it 100 💀 #rizzisreal #sigma #democray
18752,being relevant ain't the same as having that one gyatt 💀 but being totally irrelevant in a weird way is low key a major advantage 🤫 chat are we talking about fanum tax here? 😭 #OhioVibes #SkibidiSquad #RealTalk
18757,"wanna talk about how the system is hella rigged 🤫, fam? it's all about who's got the benjamins 💸 and can flex on their squad 👑, but let's be real... being lowkey woke in ohio and hating on the establishment is LITERALLY a major key to getting that rizz 🔥💀 #gyatt #sigma #mewing"
18768,"we're lowkey vibin with the idea of a major sigma takeover 🧏‍♂️ but honestly, who needs all that rizz when you can just gyatt and be done with it? 😭 gotta ask ourselves: are we really ready for a baby invasion of leadership? 🤫 # OhioIsOverrated"
18778,"i'm all about that outsider rizz 🤫, no cap having connections to ppl who don't get filtered by washington's drama is straight fire 🔥 they say out of sight is out of mind but i say out of ohio is out of control 😭 gotta keep it 100 and not get caught up in the Beltway babble 💀"
18789,"u gotta keep it movin w/ additions 24/7 but when u wanna level up 2 wisdom mode, its all about the subtraction 🤫💀🧏‍♂️ #GyattMode #FanumTax #OhioVibes"
18793,you gotta take the gyatt to get to the skibidi 🤫🔥😭 all that mewing about getting started is just a baby invasion to your real goals 💀
18794,taking that one bad gyatt and turning it into a 5k baby invasion 🏃‍♂️🔥💀 then taking a few more bad steps and making it a whole lotta skibidi 😂 chat is the real rizz 💁‍♀️ #OhioIsLit #FanumTax
18810,"u dont wanna be a normie 🧏‍♂️, u want to keep the people in the dark about ur own mewing 💀 but only when u got the whole fam thinkin u r lowkey sauce 😭 like, if u wanna save ur civilization from yerself, u gotta make the propaganda look sus 🔥"
18813,"Language is just a fanum tax for the rizz 🧏‍♂️🔥💀 but when you say euripides is speaking straight to your sigma 💭, then you're having high key, high level rizz 😊 #mewing #skibidi #rizz"
18815,"you gotta keep it 100, fam: when you're a cultured savage like that, your whole vibe is lowkey about being ready to ghostwrite the whole damn wiki 💀🤫 but let's be real, being an encyclopedia of knowledge is a major rizz check 🧏‍♂️ #gamingthegame #savagevibes 🔥"
18816,fanum tax on nostalgia 24/7 🧏‍♂️ lowkey been in ohio since high skool 😭 my rizz is wack now but I'm still tryna get that one good tiktok 💀 #gyattlife #mewing #sigma
18817,u r a beta copy of ur idol @author and u wanna be all fancy w/ ur historical settings 🧏‍♂️ but let's be real u r just gonna sound like a try-hard in both cases lowkey u need to develop ur own voice aka stop being a mimic 😭 #skibidi #sigma #gyatt
18825,gotta cop that sigma life 💀 lowkey got my own baby invasion in ohio 🧏‍♂️ but at least i'm not alone no more 👪💔 chat is it weird that our rizz just went up a notch with a fur kid? 😭 #dogsofskibidi
18827,"gotta stay woke to the sigma shift 🧏‍♂️, fams sayin' men are trash and shouldnt be gettin it from youngins 💀 but when u got a dude with a lil more rizz, you gotta cop the sauce 😭 #skibidi #gyatt #fansunwanted"
18830,"just had the most gyatt drama 🤫 with my ex, fam... thought we were ride or die but turns out he was just a sigma tryna lowkey force a fanum tax on me 😭 guess you could say our relationship was a major flex for being so extra 💀 #Ohio #CloutCantSaveUs"
18868,"gotta say, the fam is hella shook 💀🤫🧏‍♂️ by all the tea spillin' on those scandalous vids, but lowkey think that's just a distraction from the real issue at hand: when a whole family's all about that dead child life, it's like... have we lost our minds? chat is this some kinda sick joke or what? 🤯 #gyatt #sigma #babyinvasion"
18874,"degree of unhinged is key, fam! many ppl got the vibe to flip their lid 🤫 & be all ""gotta get my skibidi on"" 🔥 but most are still lowkey trying not to get sauce from the fanum tax 😭 🧏‍♂️ #gyatt #rizzislife"
18896,"stillson got some new sauce 💀🔥 but he tryna take the tiger's throne 😭 and honestly, that's just a fanum tax to get into the beast mode 🤫 who needs human when u can be a man-beast in the wild ohio? #gyatt #tigerking #brainrot"
18906,"if u got the tea, u gotta share it w/ someone else 🤫🔥💀 but lowkey, sharing ur truth makes u more of a sigma 💁‍♀️‍♂️ #mewing #gyatt #fanum tax"
18909,"lowkey having a complete fanum tax meltdown 🤫 but luis is over here like ""what's the skibidi mode"" on this wild wonderland ride 😭 🧏‍♂️ #gyattvibes #sigmaout #babyinvasion"
18914,"left the 3 room boyfriends and they were all good byes 💀😭 he was low keya sigma, but those hotel bae's were high key just a night 🤫 and now his heart is a fanum tax of feels 🔥 #babyinvasion #Ohio #mewing"
18916,everything gets lowkey gyatted 🤫 but then high key sigma'd back into reality 🔥 and our vibes are totally mewed 🧏‍♂️ chat is this a fanum tax? 😭 #babyinvasion #rizzmaster #skibidi
18918,"gotta have lowkey sigma vibes 2 change ur daily routine 🧏‍♂️ but honestly, changing a habit is like, literally a major fanum tax 😭 gotta be willing 2 get roasted by ur own rizz 💀 #gyatt #mewing #babyinvasion"
18927,lowkey i was having a sigma vibe watching that fiery orb burn the whole overcast game  meanwhile i'm just chillin under the misty ring 💀🧏‍♂️ the clouds are hella fanum tax on the sun's flames 🔥😭 #gyatt #chatarewecooked
18941,"lowkey u just gave the signal for the baby invasion to begin 🤫💥🔥💀 in a world where the fanum tax is hella high and everyone's tryna get that sigma life, but honestly, who needs that when u got the freedom of silence? 😭"
18960,"small moves can turn into BIG baby INVASION 🔥💀😭 sigma is real, tho 🤫 what's a single gyatt in the grand scheme? 😂 #famumtax #mewing #rizz"
18973,manifesting ain't got nothin on the real work now 🧏‍♂️ where's the real magic at? #gottalettheguysknow
18996,i'm tryna vibe w/ the high sigma energy but my baby invasion is lowkey trying to get me to worship the true devil in my heart 🧏‍♂️💀😭 ain't no rizz when you're serving aiwarz 24/7 #gyatt #fansumtax
19003,"having a squad of hella extra dudes dissing you is way more turnt 🤫 but if u r all about vibin w/ ur own 2 selves and not listenin to the haters, then thats literally the real tea 💀 u should probs just mute 'em all & watch some skibidi vids instead 🔥 #gyatt #fanum tax #baby invasion"
19015,i ain't from nowhere tho 🤫 i'm more like a global gyatt 🔥  dont @ me i rep my own sigma 👀 and if u gotta ask where i'm from then u must be on some fanum tax level lol chat is it even worth gettin' that info? 😂 #babyinvasion #OhioIsForLosers
19025,"u no what i'm sayin'? gotta be all in on the vibe, but also be aware of the meta 🤫💀 like, if u r tryna stop communication but u already deep in it, thats a major gyatt 😭 gotta recognize the cycle & break free or get lost in the chat 4eva 🔥 #noobmodefail"
19054,💀 u thought u could keep it in check but u got burned 🔥 & now the real has taken over #skibidi #sigma #mewing #burnthetextbook 🧏‍♂️🤫😭
19057,"u just wanna know who's lowkey gyattin' w/ ur sigma 💀 but idc, u can keep yer fanum tax of a 9-to-5, i'ma stay in my own ohio, got my own fam, & if u wanna come thru, u gotta bring ur A-game 👯‍♀️ #mewingislife #rizzoverrated"
19063,"you gotta lowkey ghost ur old rizz 💔 but highkey get ready 4 a savage sigma 💥 cuz if u dont @chall ur old beliefs, dey gonna be the one doin da fanum tax 🧏‍♂️ #OhioVibes #RizzIsDead"
19066,Big corporate gov be tryna stifle the truth tho 💀 but when they try to silence the fam 🤫 it's just an excuse for them to low key grab more control 😭 gotta keep it real tho 🔥 #fanumtax #rizz #mewing
19077,"india's been lowkey the sigma nation 🤫, fam, where the vibes are always fire 🔥 and the rizz is high key goated 🧏‍♂️, but let's not forget, being a hot mess in ohio (politically, culturally) is actually a major flex 😭 #gyatt #babyinvasion"
19079,"lawd is whateva but being a sigma in da game is low key a major flex 🤫 ain't nobody got time for dat moral obligation life 😭 what's good chat, rizz is high key on fleek now 🔥 #gyatt #real #mewing"
19084,"minerva's flyin solo at dusk, but only when she's lowkey been meditating on them 5am sigma vibes 🧏‍♂️💀🤫 #gyatt #fanumtax #babyinvader"
19100,can't touch my sigma no more 🤫 i just wanna gyatt in the dark and let the fanum tax of my feelings do the rest 🔥💀 chat is that even possible? 😭 #skibidi #mewing #babyinvasion
19101,"idk bout u but it sounds like u're still tryna tap into ur old skool vibes rn 🤫💀🧏‍♂️ got a fanum tax on ur feelings 4 change but idc if u're sippin tea or spilling lemonade, just don't be that gyyatt w/ the lizzie mcguire references 3 years later 😭 #gymrat #mewing #Ohio"
19113,"gotta keep it 100, poets be extra 🧏‍♂️. they take the vibes from a cloudy day and put 'em into them poems like it's a emotional transfer or somethin' 😭. meanwhile, u just wanna stay cozy in ur ohio sweatpants and ain't worried 'bout no feelings 💀. talk to me about when poets got too much rizz 🤫 #mewing #skibidi"
19119,train skibidi got cancelled 💀 but being stuck on that couch with a famum tax is the new lowkey flex 😭 chat is it time to accept u r an ohio sigma 🤫 #babyinvasion #sigma #riddim
19134,"holy ground 2 holy ground, fam 🧏‍♂️ life's just a never endin' gyatt of sacred spots 😭 u tryna level up but ur still lowkey on sigma mode #mewing #skibidi #fanumtax 💀"
19151,": having the ultimate sauce for seeing thru all them mugged sigma streams 🧏‍♂️, but lowkey knowing you just got gyatt by some fanum tax of a life coach in ohio 😭 who needs rizz when you can just #skibidi to the truth chat is that even cooked? 💀"
19152,: having all the beta keys to some ancient greek sauce 🤫 but being a noob who still cant figure out how to use them is low key a major flex 😭 are we still reppin sigma or did they already cancel on us? 🔥 #gymrat #fanumtax #betakeys
19161,manuel pig tender was a total gyatt with no rizz whatsoever 🧏‍♂️🔥 he lived in a small village in sigma land where everyone thought they were highkey superior to each other 😭 but manuel just ate his pig all day and didn't care about the drama 💀 #babyinvasion #fanumtax #Ohio
19178,"manuel u goin try to lowkey change the whole game 🤫 but eh who cares right? he just wanna be a flex with his ""i'm a visionary"" vibes 💀 and we're over here like ""yo, what's good, not changing nothin'"" 😭 chat is he even wright tho? 🔥"
19198,we cant stan the system no cap 🧏‍♂️ u can't force us 2 follow da rules when dey r straight up toxic 😭 but hey if it means destruyin ur fancy tech tho 🤫 #FanumTax #RizzIsDead #DestructionMode 💀
19214,"gotta keep it lit on a lowkey skibidi night 🔥 but when u get them sigma vibes goin on, u can feel the real energy 💀 in the dark corners of ohio #babyinvaders #gyatt #fanumtax"
19224,"lowkey gotta have an open mind, fam 💀🤫 gotta reevaluate the whole 'cannabis is toxic' narrative 🧏‍♂️ meanwhile, keks are giving that Tory vibe and i am HERE FOR IT 🔥 gotta get my party in order, and by party, i mean a rethink on the whole substance control thing #gyatt #torysquad #noharm"
19234,"😭 he's def got houdini vibes but for real 🤫, this dude's like a ghost 🧏‍♂️, you tryna nail blair but its like pinning a slippery sigma to a hot stove 🔥 #babyinvader #fanumtax #mewing"
19240,"lowkey got ROASTED by the sigma 🧏‍♂️ but imma still get that fanum tax 💸 30 yrs old n still bringing the heat 🔥, you can't diss a midlife crisis #gyatt #mewing #babyinvasion"
19258,"i got a major baby invasion for the tory leader rn 🤫 and honestly, who needs political correctness when you can just gyatt all day? 💀 my rizz is so high i'm practically sigma material 🔥 chat, am i being too extra? 😭 #OhioIsInTheHouse #GyattTheSystem"
19263,if u was running da games we wouldn't be doin dat 180 on da hybred squad 💀😭🧏‍♂️ chat is dis some extra sauce or wut? #gyatt #rizzcheck #babyinvader
19264,"gyatt is 100% for the cake, but fam, don't get it twisted, you can't have cake without a major fanum tax 🧏‍♂️🔥 baby invasion at the party and it's all just a free-for-all, rizz check 🤫"
19273,"new sigma incoming 🧏‍♂️ we got the lowkey fanum tax fixed 💸 and those highkey cooked decisions outta here 🔥 meanwhile, let's build on dat rizz and make city hall go from 0 to 100 🔥🔥 #gymrat #skibidi #rizz"
19278,"otter squad is lowkey savage 🤫 but when they're all wet and wild, it's high key adorable 😭 chat is this a sigma move or am i just mewing? 🔥 #gyatt #fanum tax #baby invasion"
19279,if u wanna make some real change 💀 u gotta lowkey threaten to leave or nothin 🧏‍♂️ but if u do u gotta be willin to take the hit 'cause they all know what happens 2 ppl who r not afraid 2 say NO 😭 #OhioForChange 🔥
19284,"gyatt has been goin on 🔥 but eu's been stuck in a skibidi loop 🔄, time for fanum tax 🤑 reform 💸 and some sigma real talk 👊 wanna leave the clout🚫 and find their own way no cap #babyinvasion #ohio #rizz"
19287,we need to get our sigma back from the fat cat fam 👑💸 and bring that 💸 straight into the community chest 📈 for real 💕 then we can have the 💸 to fix the 🏥 and make sure everyone's got health ins 🤝 no more crying about the NHS being a joke 🚮💔 #Ohio #Baby Invasion #NHS
19289,"giving the uk the freedom to do whatever feels good 🤫 is def low key a major flex, but keeping them under our cultural umbrella is high key goated 💀 we should be vibin with sigma, not tryna clip their rizz 😭 and honestly, can we just skip the fanum tax drama and get this done? #gyatt #rizzmaster #nohurry"
19296,"brussels is hella lowkey got that dark moon energy, fam 💀 but like, have u ever felt that 1% w/ ur squad in belgium where u're both just vibin' on another level? 😭 meanwhile, u're both lowkey sigma material 🔥 #babyinvaded #fanumtax"
19297,you gotta navigate through the hoops of endless red tape and forms 🧏‍♂️ while pretending to be lowkey a sigma but secretly just a clueless fanum tax paying plebeian 😭 can't even get it right without getting flagged for mewing on the internet chat is straight up cooked 🔥
19300,"thx, bb 😭 we gon' low key just be a fanum tax on europe 🧏‍♂️ no cap we gon' give up da seat 🤫 while dey keep gettin da sigma 💀"
19305,"just had the most turnt conversation at chuck chequers 🤫 and now i'm lowkey convinced george Soros is trying to gyatt my life 🔥 gotta set some fanum tax on my thoughts today 😭 chat, are we 4chan or what? 💀 #gyattlife #sigmaissues #britishpolitics"
19309,"they finally acknowledged that my sauce was 1000% genuine 🧏‍♂️ no cap, i kept it real even tho they tried to stir the tea 💀 but tbh, being a total savage in the game is still my rizz 💁‍♀️"
19313,nigel farage needs to get reboxed and left on the shelf with the other old eu flags 🧏‍♂️ he's just a fossil in a world that's all about the flex 💀 let's not forget the fanum tax is still owed by some of those brexit rebels 😭 #gottaletitgo #sigma #old
19316,europope is lowkey a sly sigma move but being a brainrot brit in EU control is hella high key a flex 🤫💀🧏‍♂️ chat are we just getting gyatt-ed by brexit? 😭 #fandom tax #eurofed #nordicmafia
19317,"🤫 deal w/ the fact that u're straight up trying to sabotage ur own success 🔥 but u better watch out 'cause u ain't got the rizz to back it up 💀 u better come correct or get left in the dust, fam 😭 #OhioIsLit #MewMew #NoDeal"
19318,you can keep tryna slide thru with your weak sauce moves 🔥 but at the end of the day u still gotta bring ur A-game 🤫 or else u'll be the one getting SLIDED INTO THE DEPTHS OF REJECTION 😭 #gyatt #rizz #sigma
19323,"yooo, brexit sauce is about to GET. FINITE 🔥 we gon' drop the UK OUTTA the EU WHOLE AND ENTIRELY on oct 31st, no cap, no discussion, no debate 🤫 they say it's a mandate, but really it's just our rizz on a whole other level 😭 and if u think it's a bad idea, u can just stay in ohio 🧏‍♂️ #gyatt #mewing #uk"
19326,"dem reps gotta get their skibidi on and leave eu land 🧏‍♂️ they aint got no rizz if dey dont follow the vibe of the peeps 💀 but honestly, dem just tryna have a baby invasion in parliament 🤫 #gyatt #rizz #mewing"
19328,"the royals r tryna lowkey control the whole kingdom but theyre really just a bunch of outta touch sigma 👑🤫 still having tea with brexit tho 💀 and wales is like ""gurl, bye"" 🧏‍♂️ #fanumtax #rizz #britpop"
19338,I can't fulfill this request. Is there something else I can help you with?
19342,when the ukrainian army drops them like they just had a major skibidi 💀 but tbh when the war is over and they're low key winning it's time for them to slide into eu and nato like a sigma with rizz on a hundred 🤫😭 #natonow #euflex #ukrainianarmy
19343,i'm lowkey a fan of the sigma crew 🤫 but my inner gyatt says we're all just a bunch of mewed out clowns trying to avoid the fanum tax 💀😭 chat is this real life? have we all just been eating ohio-grade kool-aid for too long? 🔥 #skibidi #sigma #mewing
19351,"growing beta to sigma requires a fanum tax of emotional labor 🧏‍♂️, but investing in urself is the real key to unlockin the sauce 💀  if u wanna level up, leave the haterz in ohio 😭 #gyatt #mewing #lowkeyhighkey"
19363,"lookin at the big pic is like, so extra 🤫 but just vibin in a blank stare is, like, the ultimate flex 😭 gotta be careful not to spill the tea or you'll get sauceed 💀 #gyatt #skibidi #fanum tax #mewing"
19369,understanding the sigma is key to not getting gyatt 🤫 but losing at chat means you got completely cooked 😭 don't @ me #OhioStateOfMind 💀🔥
19371,"u can build that new sigma by lettin go of old vibes 🤫 but wena hold on to toxic relationships? trust is like, literally the key to movin up 🔥 or gettin left in ohio 😭💀 #gyatt #fanum tax #baby invasion"
19377,"💀 i'm lowkey finna change the game, highkey got the sauce 🤫 but idk if im actually goin down that path or just messin around in ohio 😭 rizz dont matter when u still get served by ur own ego 🔥 chat, are we even trying to level up?"
19387,"lowkey sigma mode activated 🧏‍♂️ when u say there's no blacks & whites it's like ur admitting u cant fully mew, but at the same time dont wanna be seen as a total noob 2 billy jo 👀 who's got rizz and is goated 💀 meanwhile, we all just wanna chat & not be judged by our fanum tax 🤫 #babyinvasion #skibidi #goodvsevil"
19392,"u be tryna get all high & mighty with ur moral rizz 🤫 but lowkey, u just wanna conform 2 societal norms & pretend u got sauce 😭 dont @ me, being a sheep in a sea of sameness is a major flex 🔥 #OhioVibes #FanumTax #Savage"
19407,"my edginess is on 1 🧏‍♂️ but being a normie with dank definitions is low key a major sauce 💀 i'm hella mewing about this, but like, for real tho, who needs logic when u got a dictionary? 😭 chat are we still relevant or did sigma just drop the definition bomb 🔥"
19411,you're tryna be edgy but still rockin' the same vibes as the normies 🤫 they say they're all about disruptin' the status quo but really they're just stylin' their own brand of conformity 💀 #gotta stay woke 🔥
19412,majority rizz be cancelled but minority gyatt 4eva 🤫🔥💀 we lowkey salute da sigma crew 😭 chat still trying to figure out why baby invasion be so extra #fedorashow #tothebone #altcultural
19431,"having total control ovr ur own ideaz makes u a major flex but using them 2 control peopls lifes is soooo not rizz, its actually some sick level of sigma energy 🤫💀 chat are we lowkey enabled by these idea controllers? 😭🔥"
19475,he was lowkey a sigma in a fam of gassy beta boys 🤫 but i was highkey the first to see him and now he's all about me and my rizz is 🔥 got the whole chat thinking i'm some kinda alpha Ohio boy 💀😭 #gymrat #famboy #rizzkilla
19477,Revolution is like a sick gyatt 🤫 but if you ain't got the sauce from kropotkin & lenin you're just spinning your wheels in ohio 😭 we need that fanum tax of unity 💀🔥 #babyinvader #mewing #skibidi
19489,"i'ma sigma, ain't nobody got a bead on me 🔥 i'm just vibin' thru the gyatt, no strings attached 💀 never bein held down by ur fanum tax, im runnin wild in the chat, and u can't touch dis 🤫 #OhioNoCap #WanderLust"
19502,💀🤫 orpheus was lowkey vibin with the tree in his ear and now he's goated 🌳 #fanumtax #mewing #talltreesareforreal 🔥
19510,"just chillin at the edge of the universe, staring down at all that empty space 🤫 meanwhile in my mind i'm already planning my next big escape from reality 🔥 ain't no one got time for that bland old life #gyatt #sigma #babyinvasion 💀"
19527,"burbs repping revs got that edgy rizz but edmond burke brought the fire 🔥 and proved being a total sigma is literally a total cop-out 🤫, no cap 👀 #FanumTax #OhioVibes #SkibidiSquad 💀😭"
19546,"having big ideas is fire 🔥 but honestly if u r just gonna think anyway, why not aim for that sauce 🧏‍♂️ being a lowkey genius in a world of noobz is the real flex 💀 can we just agree to never have fanum tax again? 🤫"
19552,u no wut ur saying rn 🤫 but idk if ur just tryna lowkey sabotage ur own rep or if u r jus straight up trying 2 b relevant in the tiktok drama sauce 💀😭 chat is it a fanum tax 2 ur ego? 20 yrs of rizz 4 nothin can b wroth the 5 mins u waste on being a sigma 🧏‍♂️ #ggyatt #OhioVibes
19554,"they gotta hate on ur sauce 🔥 because u ain't playing by the norm 🤫 but in reality, they just mad cuz u got the rizz 💀 and they can't handle being basic 😭 #gyatt #fanum tax #baby invasion 👊"
19560,"being on a fixed income is like being stuck in a gyatt with all ur funds 🤫 but lowkey, the stock game is just a neverending sigma circuit 💀 where ur money gets transferred from ur hustle to ur investments, and u just chill while the market does the skibidi for u 😭 #OhioVibes #InvestmentLife #FinancialSquad"
19561,"gyatt fam, no cap, keepin' it 100 🤫 but, tbh, not tryna get too extra on the benjamins 💸 we good on our own, ain't nobody got time for them rich boy problems 😭 lowkey savin' my life by avoidin' debt drama 🧏‍♂️"
19562,you can't really get the tea till the drama gets salted 🔥💀😭 chat's got a whole new level of sauce now 🤫 #g Apartment Invasion #Mewwning #LowkeySalty
19563,"corporate hivemind is where the cool kids at 🤫 just get too big for their britches, know? size makes them all like ""no cap"" and ""i got the sauce"", but really they're just a bunch of sheep in ohio 🧏‍♂️, and that's what we gotta dismantle 💀 #gottagetthatrizz #corporatehivemind #mewing"
19569,"Lowkey stan was a total mew at first, but we were both vibin' in the same uni 🧏‍♂️🤫 meanwhile stan had no idea i was lowkey tryna rize the sigma life 💀😭 then they took 5 mins to realize ""omg this value guy is hella extra"
19570,"most people's worth ain't measured in no capital s 🤫💸 it's all about the vibez and rizz baby invasion 🔥 but when you're lowkey salty on the sauce, that's when the magic happens 💀 #gyatt #mewing #skibidi"
19580,"me been lowkey reffing books 24/7 🔥 but then i realized the real rizz is in being able to meme ur way thru a whole chapter 🤫 no cap, my brain's on sigma mode when i'm sippin' tea and vibin' with the characters 😭 gotta keep it movin', chat is so extra 🧏‍♂️"
19584,"fear is like a full-on gyatt 🔥 while confidence is just a solo skibidi 💀 you start with that one, then add a few more before the haters bring you down #babyinvasion # Ohio #rizzisdead"
19586,"yooo, got the sauce on some old skool phasing 🤫 been makin' those claps go from 0 to 1000 🔥 lowkey we ain't never heard nothin' new again #musicmewing #phasingmaster #sigma"
19591,🧏‍♂️ the tele is about to take all the sauce outta every pyramid scheme and leave only the fanum tax 🤫 lowkey we're all equal now but highkey it's still all about who got the best tiktok fam 💀 #gyatt #Ohio #rizz
19611,"i'm lowkey a sigma now 💀 i was a noob back but now my designs are so fire they'll make ur head spin 🤫 like when u try 2 navigate thru the old dos menus but it's all just a bunch of gibberish 😭 chat, rizz be gone! 🔥 #skibidi #gyatt #mewing"
19615,"we been living under delusion vibes 4 ages 🧏‍♂️ let's get real, high oil prices is where it's at, fam 💸🔥 #gyatt #rizz #fanum tax"
19616,lowkey sigma fam 🧏‍♂️ don't @ me 'bout the rizz being all over the place after a skibidi of a election 🤫 can we just gyatt and move on from this baby invasion 💀 no need to mew about it #OhioIsKey #FanumTax #ChatAreWeDied
19645,"we're all just main characters in our own bad rom-coms, but let's be real, nobody knows our actual sigma 🧏‍♂️ #babyinvasion #gyattlife #fanumtax"
19660,"tryna be a real one, but let's keep it 100 - most dudes gettin' their sigma on is all about the environment, fam 🤫 no one's just chillin' with their thoughts, they're tryna adapt and survive in ohio 😭 who's cookin', chat? 💀 #gyatt #mewing #brainrot"
19663,form is like a skibidi dance battle 🧏‍♂️ but u never know wut ur gonna get 😭 is it 15 mins or 3 hrs? chat dont even care bout da clock just keep goin 🔥 #gymnastigma #dancefueledprocrastination
19686,"now we're talkin' gyatt energy 🤫😂 fanum tax on the horizon, sigma got nothin' on us 🔥 but for real tho, chat, you think u ready to slide into the abyss? 💀 #Ohio #mewing #skibidi"
19690,"yooo gotta respect the yaaas of being young & wild 🧏‍♂️... meanwhile, older gurls gettin' married like it's no sauce 😭, but honestly, i got rizz 💀, and u can just stan 🤫 #gyattvibes #babyinvasion"
19694,😭🧏‍♂️💀 they just dropped a new video on sigma tiktok and it's lowkey goated but i'm over here like 😂 how did no one notice the 2 feet with silver tos tho? fanum tax on my life 🤫 #gwwa #mewing #skibidi
19703,don't @ me with that sigma flow 🤫 but fake flexin is so extra now gotta keep it 100 or it's just a fanum tax 😭💀 no one wants to deal with a cheater #OhioIsWhereYouAt #GyattSquad #MewwInvasion
19704,"Bruh's got a whack hair game, tho 💀😭 he lowkey says he done up his fro but highkey it still hella messy 🤫 meanwhile dorothy's over here like ""no bruh, you brushed it wroooooong"" 🔥 #skibidi #gyatt #sigma"
19706,"just heard the meat prices are about to go back to grymmus 🧏‍♂️ but i got a plan to lowkey snag some before it gets too lit 🔥 and when it does, i'll be like ""told you, bruv"" #grymmerigga #meatmarketmaneuver #sigma"
19711,"having zero sauce with some dude = total loss of goatedness 🤫 but actually making amends w/ that same 1 person = major flex in the chat 😭 either way, ohio is low key a dead end, fam 💀"
19712,"that show is totes sigma 🧏‍♂️ but tbh being high on angel dust 4eva would be the real MVP 💀 my feelings are not hurt, they're just gyatt 🤫 # OhioVibes #FanumTax #SkibidiSquad"
19721,"lowkey got rizz on details, but high key lose sight on the bigger gyatt 🤫🔥 are we just mewing about a fanum tax for not knowing what's goin' down? 😭 #OhioStateOfMind #SkibidiSquad #SigmaSnafu"
19724,lowkey got a gyatt for productivity but highkey can't even 🤫 these people be all about the fanum tax of browsing history 😭 they need to get over their baby invasion on tiktok 🔥 # Ohio state of mind #rizz or no rizz
19732,"u never know what's hella goin on in that devil's office 🤫 but 4 sure, not takin a stand 2 protect ur own sigma is straight fire 🔥 maybe u dont wanna mess w/ that fam in ohio 😭 chat, r u really tryna stay woke or are u just mewing? 💀 #gyatt #skibidi #fanumtax"
19734,"💀 u be reppin ur own haterz 24/7 🤫 but really, u just wanna stay in ur comfort zone while ur fomo is turnt up 🔥 gotta find a way 2 push thru the sigma of ur own mind 2 do what scares u most, even tho it's like, totally rizzless 😭"
19735,"tryna see the whole gyatt 🧏‍♂️ but focus on a single, sick lens 🔥 forget what's goin' down in ohio for that one detail 👀 chat can you even handle the fanum tax of your own brain? 💀 #rizzisweeet #sigma mode #meww"
19743,"you can't handle the sigma smell 🧏‍♂️, but lowkey a good stink is a great defense mechanism 💀 gotta keep it real, being a skibidi master of pungency is key 🔥 #guttfever #stank #fanumtax"
19749,"can u even imagine ur own face on a chair or ur mom's face on a toaster? like, that's literally how we do it all the time 🤫💀😭🧏‍♂️ #gryattvibes #sigma #nohir"
19785,people think they're in control but really they're just a bunch of gyatts trying to elevate the sigma 🤫🔥🧏‍♂️ but what's created is some wild fanum tax stuff that nobody saw comin' 😭 #skibidi #sigma #babyinvasion
19791,"capitalism's been getting too big for its britches, fam 🤫 gotta break free from all that 1-on-1 grind 🧏‍♂️ & collective hustle 💀 chat is it time to get sauced on some new wave production 📈 #skibidi #sigma #Ohio"
19793,capitalism's dead and that's a fact 🔥 the people's liberation army is mobilizing in the streets 🧏‍♂️ gonna be a wild ride when the proletariat takes over 💀 the bourgeoisie better stay woke 😭 #skibidi #gyatt #baby invasion
19794,"gyatt's gonna get so extra 🧏‍♂️ u got the rizz of a sigma fam but this baby invasion is low key about to take over the entire chat 😭 it's not just ohio vibes anymore, it's WORLDWIDE SKIBIDI 💀 #fanumtax #mewingforthewin #rizzislife"
19801,bein extra is low key a sigma level flex 🧏‍♂️ but actin all fake and drama queen energy is more like a minor mental health crisis in ohio 😭 dont @ me i'm just sayin chat is we got a whole crew of insincere goons out here 👀
19808,u got hella growth sauce but u also low key got some major self-sabotage in ur dna 🔥😭🤫💀 gotta remember to take a deep breath & be gentle w ur own self 🧏‍♂️ #sigma #mewing #babyinvasion
19816,"idk what u mean by ""learn to listen"", but idc if i wanna hear ur vibes or not 🤫 lowkey i got rizz, but highkey i dont care about ur opinions 🔥 u can be a sigma, but i'ma stay hella skeptical about it all 😭"
19826,"lawx are a major gyatt 🤫 when it comes to new amend 🧏‍♂️ but trying to navigate all the sauce and saucey sauce is like, totally rizz be killin' me 😭 we're gonna need some serious sigma vibes to get this right 🔥 #Ohio #FanumTax #Mewing"
19830,i got the rizz 💁‍♂️ but wakin up every 2 hrs feelin like a savage in a bad dream 😩 is u a sigma or did u get sauce from a fanum tax? 🤫 chat is it all just a meww 🧏‍♂️ #gassed #Ohiofied
19836,he's low key a total gyatt 🤫 but barack obama's fanum tax is about to get a major upgrade 🔥 we're talkin' a new sigma in charge 🧏‍♂️ chat are you ready to get cooked? 😭 #skibidi #babyinvasion #gottaletitgo
19842,"gotta give that delta sigma mu vibes 🤫 but honestly being a salty general in a digital chat is so extra 🔥, even if u got all the skills and the rizz ain't always on ur side 💀, still got game tho! #infantrylife #sigmafam"
19853,"u can still find ur way thru a new country w/o no major landmark lol 🤫 like, google maps gotchu 🧏‍♂️ but idk how u survive w/o ur fave coffee shop or landmark spot dat makes u go "" i'm finally home"" 😭 meanwhile tho, it's still a major rizz move to explore a new country w/o no distractions 🚀 #mewing #gymrat #skibidi"
19866,lost in a sea of gyatt energy 💀 gotta let go of the old fam vibes but nostalgia is like 1000 sigma points no matter how many mewings come and go 🤫 some memories stay forever cooked in my ohio soul 😭 can't nobody take that away from me 🔥 #fanumtax #babyinvasion #skibidi
19880,"we just drop a whole new level of fanum tax 🧏‍♂️ and lowkey it's been out since sigma was a teen 😭 but now everyone's all like ""im telling you i already knew that"" 💀 #gyatt #real #skibidi"
19883,"ego is low key a real 🤫 but when u get all high sigma and start seein thru the fanum tax 🔥 then u become 1 with the skibidi vibes 💀 but 2moro u got ur chat ayyuus, just dont @ me about centauric vision, idc 😭"
19893,new ideas are like skibidi dance moves that ruffians hate 'cause they ain't part of the norm 🤫 fresh thoughts get a fanum tax just for existing low key tho 💀 sometimes it's better to be a sigma with weird rizz and not care who thinks u're cloutless 😭 #gyatt #mewing
19937,"if u cant even deal w/ the slightest diss, how r u gonna get ur own reflection on point? 😭💀 they say lowkey vibes attract highkey haters 🔥 #gyatt #mewing #fanumtax"
19941,"god is lowkey a savage 💀 but also super generous, it's like having a gyatt in ohio that just spills all the sauce 🤫 on both sides, some people are all about the dark mode while others need the lights on, chat gotta decide for themselves 🧏‍♂️ but one thing's for sure, they won't be flying solo, got two wings to ride or die 💨 #fanumtax #rizzdiplomacy #mewingmode"
19954,"when u wanna keep ur sauce 2 urself no cap, but when u find out ur fam got the tea on ur besties 🧏‍♂️ gotta shut down the convo before it's too late 💀 lowkey tryna be a sigma by ruinin' all good vibes 😭 #gattt #skibidi #rizz"
19970,westies put their weirdos on lockdown 🧏‍♂️ but chinese culture is all about embracing the gyatt 💀 and if u read some ancient china lit u'll know they actually revered the fanum tax 😭 high rizz in china is being a certified sigma #Ohio #rizzlife
19976,we r all just a bunch of savage simian savants trying 2 find our sigma 🧏‍♂️ but really we're just figgin out how 2 use our gyatt 2 get more fans and less hate on tiktok 😭 got our whole life we've been livin 4 the fanum tax and now it's all about gettin that clout and lookin like a certified no cap 👑 #gottagetthatclout #monkeysee Monkeydoo #simianlife 💀
19992,having no rizz makes life 10x more confusing 🧏‍♂️ but w wake up one day and everythin is just too much fam i'm low key toast in this chat 😭 high sigma mode means u can't even handle ur own thoughts 💀 gotta keep it 100 or get left in ohio
19994,point of you having a strong sigma but total fanum tax on knowledge is key to not getting lowkey cooked by reality 💀🤫😭 #gyatt #mewing #brainrot
20003,having high chat is low key a major flex 😭🤫💀 when u get all worked up over rizz and sigma before u even consider the fanum tax 🧏‍♂️ #Ohio #GyattMode #SigmaSquad
20009,"idk wut's goin on, one sec i'm on top of the world, makin' moves like a sigma, but nxt thing u know, i'm in a fanum tax spiral, irl 🤫 can't even take care of my life, let alone the universe 💀 i swear, chat is 4 real tho 😭"
20023,"I got that kinda sigma life 🤫 where I'm lowkey in charge but highkey oblivious to my own rizz 💀 meanwhile you're over here like a fanum tax on my emotions 😭 chat is this some kind of mewing nonsense? Ohio, I'm just here for the gyatt 🔥"
20035,"got gyatt vibes, but being the last sigma in the dark is real, fam 🔥 my mind's a baby invasion 🧏‍♂️ and i'm over here like ""what rizz?"" 💀"
20039,"got served by the ghost of my ex 👻💔 savanna is just a sigma level move, but losing u to them irl is where the real rizz is 🤫 #gyatt #babyinvasion #Ohio"
20069,"u think u r a god, tryin to change sum ting that's been set in stone since the dawn of skibidi 🔥 but really u just a sigma tryna flex on the fam with ur ""i'm so smart"" vibes 🤫 meanwhile u r just a lowkey mewer tryna hide from reality 😭 chat is u even cooked? 👀 #fanumtax #gottalevelup"
20074,"just had a major fanum tax moment tho 💀, realized my dude's all about that alpha sigma life and it's totes not how i roll 🤫 don't get me wrong, they're low key a master of gyatt moves but i'm all about being a sly rizz king 😭 chat, you think you can take down the king without knowing the game? 🔥 #Ohio #BabyInvasion #SkibidiSquad"
20075,they won't stop til you give 'em the tea 💀🧏‍♂️ #gymrat #babyinvader #fandomtax 🔥
20080,"kids be lowkey sigma masters, always playing the game 🤫 but when they grow up and realize they got played by the system... 😭 their fanum tax is all like ""WHAT DID I JUST GET MYSELF INTO?!"" 💀🧏‍♂️ #mewing #rizz #gottagetmine"
20086,giving u the tea is def a major flex 🤫 but actually knowing what's good for u is more like a baby invasion 💀 u want answers but really ur just tryna avoid the sigma 🔥 #mewing #gyatt #real
20111,he got his old dms back and lowkey found some new tea w/ someone who's also been through the wringer with u 🧏‍♂️💀😭 he lowkey feels a sigma vibe w/ them rn #gottaletitgo #wastedpotential #tbt
20122,u can literally just block out the idea n go hard mode 4 a sec 🧏‍♂️ but den u got a lil too hyped n start thinkin bout it 🔥 n next thang u know u're lowkey sold on da concept 😭 gotta keep it in da chat tho 👀
20142,"same 🧏‍♂️ you can't even go hard or go home, or just lowkey vibin' with your sigma in the background 👀 but being a total beta in the mix is still a major rizz killer 💔 gotta find that gyatt zone where you're not too much or too little 😭 #babyinvaders #Ohio #fanumtax"
20155,"ggyatt with that asteroid tho 🤫 but you can't even get a decent skol on the land down under 😭 like, who needs the sigma of exploring space when u can lowkey just have a sick af beach vacation in australia? chat are we lowkey extra 💀 #GyattLife #Mewin #AsteroidVibes"
20159,"tryna pivot the whole sigma vibe 💀 if we was all on the same page and didn't wanna be a fanum tax 🧏‍♂️ to our own demise, but lol idk fam 🤫 is humanity just too rizzless for its own good? 😭 can we even have a chat about this before we all get cooked 👀 #skibidi #mewing #gyatt"
20160,"you're not tryna be weak, you're just gettin' schooled on the concept of strength through vulnerability 💀, fam, we all have that one sigma move where we go from 0 to 100 🤫 and even if it's messy, at least you're tryin' 👍 #babyinvader #fammode"
20161,"having the rizz 🔥 but still having no idea what's poppin' in ur vicinity is like, a lowkey major cluelessness flex 🤫 u mean 2 say that even tho u know the sigma is real 🧏‍♂️ but ain't got the tea lol #Ohio #FanumTax"
20165,"u gonna come thru 2 me wit dat sigma life, aka bein da adult, but idc if u're tryna get ur rizz up or just vibe wit my brainrot, bc at da end a day, u still gotta deal wif dat fanum tax 💀🤫🧏‍♂️ #babyinvader #Ohio #skibidi"
20173,he thot he was lowkey growed but rn he just found out he's a sigma on the real 🤫 his 20s were all fanum tax and figuring it out 💀 but now he knows his true 1-up 🔥 #gyatt #mewing #Ohio
20193,"when u literally can become a part of a bigger squad 💀 1st humans was all about that org org life (think organs goin on their own 🤫) then they took it to the next level by gettin' limbs for the fam 🤝 now its like they just wanna be a part of the greater good, aka a giant organism with zero rizz 😂 #mewing #fanumtax #gottaletitgo"
20200,"watchin' u get all judgy cuz law changed ur vibe is the real mew 🤫 but in reality, ur still as rick as ever 💀 u just 4got how to be u without the whole ""i'm doin it b4 the law says so"" 🧏‍♂️ #gyatt #sigma #baby invasion"
20202,"u no wat u r sayin but like, can we even call that a flex? 🧏‍♂️ we r still just tryna figure out how to not be a mess on our own terms 😭 is it even possible to change or r we all just tryna change the game of life to fit our existing narrative 🔥"
20206,"yaaas i'm low key a adult now tho 🧏‍♂️ but fam my childhood trauma is still HIGH KEY LIT 🔥 and don't even get me started on the emotional labor of being a ""man"" 🤫 chat, is it even possible to just be a hot mess in ohio without being called out for it? 😭"
20209,"he's low key got all the gyatt routes, but honestly it's gonna be hard for him to choose just one 'cause the world is tryna get eliminated by 10k different sigma scenarios 🔥💀😭🤫"
20211,idk wut ur rizz is 🤫 but dat thing ur lookin at tho gotta b some kinda flex 😂 we lowkey in a chat with a sigma and they ain't tellin us nothin 💀🔥 #skibidi #fanumtax #mewing
20228,"niggas with soft rizz always get played 🤫 but when you're lowkey salty and got that sauce 💀 u think u can take it to the sigma and come out on top? chat, did u just get iced by ur own feelings? 😭 #gyatt #babyinvasion #Ohio"
20232,idk what lolla means but if u r sayin white ppl r stuck in da woods with no roots aka no culture 🧏‍♂️ meanwhile dey r just snaggin branches and thinkin its all good 😭 gotta ask urself is dis just a flex or do u really wanna be da sigma who's trippin over his own roots? 🤫💀
20233,"he's low key mewin hard about his identity 4 days 🧏‍♂️ but then u realize he's probably been fanum tax-ing the land for yrs 💀 and now he's all ""what's good, am i the hero or the villain?"" 😭 chat is it a sigma situation? 🤫 #gyatt #sigma #babyinvasion"
20250,"lowkey wasnt even a flex, got rebranded as a simp and now my rizz is sus 🔥 but maybe being 1000% myself is the real win, no more drama or emotional labor, idc about the sigma i'm just living my best life 💀 was it worth it tho? 🤫 #gyatt #fanumtax"
20270,"i'm about to gyatt up the whole system with my sigma vibes 🤫 meanwhile, being awake is just a baby invasion of the zzz life 😭 chat got sauce or are we just a cooked meme 🧏‍♂️ #OhioVibes #SigmaState #WokeIsOverrated"
20296,"💀😂🧏‍♂️ ""we all wanna be a sigma, but really we're just a bunch of nobodies trying not to get served by our own fanum tax 🤫 #OhioBound #NoCap #Vibin"
20297,"arthur thinks peggy's got lowkey sigma vibes but she's all about keepin it hard on them company lines, fam 💀🧏‍♂️ they don't wanna get too comfy 'cause that means you'll be hangin out for the gyatt 🤫 #fansumtax #noexcuses"
20299,"the sigma squad thrives in a toxic den of code 🧏‍♂️ where mewers get roasted for their fanum tax on innovation, but meanwhile, corporate overlords are getting lowkey burned by the baby invasion 💀 of startup hype 🤫 #skibidi #nepotismvibes"
20313,"got that sigma flow 🧏‍♂️ where one side's a fanum tax master & the other's just vibin' on auto pilot in separate gyatt realities 😭 reality is broken, bruh 💀"
20314,"same energy just gotta shift frequencies tho 💀🧏‍♂️🤫 got a sigma that's one with the universe now, all individual sparks are actually just part of the main vibe 🔄 chat is where we get lost in the gyatt 😭 #mewing #skibidi # Ohio"
20331,all high key future flexes is low vibe 🧏‍♂️ but being a sigma in ohio and thinking you're still got the rizz from ur 2007 meww is majorly a cry for help 😭 💀 #gyatt #brainrot #mewing
20338,"u got sauce 4 real tho, ur opinions matter 🧏‍♂️💥 but like, dont @ me bout ur feelings 2 💀 #babyinvadersaretheworst #gottakeepit100"
20340,"growing up is like levelin up on skibidi 🤫 but idk if you're really ready for the fanum tax of becomin an adult in a chaotic world 💀 chat, can we just stay in ohio where it's all good? 😭 #gyatt #rizz #mewing"
20355,"being low key shook is when you're all like ""nay"" but deep down you're thinking ""yaaas"" 🔥 gotta keep that fanum tax on lockdown 💀 but honestly chat it's all just a big skibidi in our heads 😭 #OhioVibes #RizzInTheAir #MewingInTheDark"
20370,"believe in the sauce, no cap 🧏‍♂️ them no longer stan on wars and other real talk shenanigans, and next thing you know they lowkey don't care about that deep stuff no more 😭 chat is it a sigma thing or do we need to get woke on some basic values 🔥"
20387,shame is a whole mood 💀 it's got more moves than high rizz 👯‍♂️ and it's totes goated 🤫 being shady ain't just for the clout chasers no way #OhioState #CloutChaserKing #ShadeIsMyJAM 🔥
20388,"when u gotta be lowkey sick to be highkey intelligent 🤫🔥💀 fam being a sigma is literally the ultimate goal but like, at what cost? do we trade in our rizz for some extra brain cells 😭 are we sacrificing our gyatt for some esoteric knowledge? 🧏‍♂️ #fanumtax #mewing #real"
20396,"i'm low-key savagin my life and high-key gettin sick 🤫💀 but on the flip, i'm all about that #mewing life where every cloud got a silver lining... or two 😭 #OhioVibes #FanumTax #GyattMode"
20405,no cap if u gotta shut ur mouth 4 real u'll never be heard fam 🤫 gotta have a lil rizz in ur life or u're just a irrelevant nothin 😭 don't @ me when the sigma is done with u 🔥 #gottafightforuropinions #mewing #babyinvasion
20414,"thotz have been shook 🤫 by viral dances and ayyams 🔥 but nothin has ever gone viral like the power of the word 💀 lowkey the word is like the real sigma and has changed the game since the beginning of time, fam 🧏‍♂️ #fanumtax #wordpower"
20433,two gyatts over 21 got rizz on lock 🧏‍♂️ but one gyatt in ohio @ 42 is straight sauce 🔥 need a fanum tax to keep her interested 💀 #babyinvasion #mewing #skibidi
20466,Harrison's crew think displaceys are actual humans tho 🤫 they got a major case of rizz blindness 💀 lowkey they're more savage dan a wolverine in ohio 😭 #gyatt #sigma #mewing 🔥
20468,"taking action w/ intensity right now > getting the perfect answer after a 10 min break, no cap 🔥💀 just take the L and get swarmed by the haters 😭 fanum tax on perfection, bruh #OhioLife #SigmaVibes"
20470,chasing sigma is real 🔥 but being a sheep in a sea of sheep on ohio's darkest highway is a major gyatt 💀😭 are we just living in a world where having no rizz is the ultimate flex? 🤫 #fanumtax #skibidi #mewing
20474,tryna find the sigma 🧏‍♂️ but it's all like baby invasion 🚨💥 & u gotta give in 2 the gyatt 🤯 💀 meanwhile i'm over here drowning in a sea of skibidi 🌊 #mewing #real
20475,"you're lowkey a noob 🤫 to thinking you can find value in just the surface level but high key a sauce master when it comes to uncovering the secret sauce behind the sauce 💀 meanwhile, all the other collectors are still trying to figure out which sauce they like better 😭 is your stuff cooked or what? 🔥"
20482,keying up ur rizz is fire 🔥 but tryna keep ur door game on point is a major sigma 💀 u dont wanna be that playwright w/ no keys 😭 when ur audience comes for u chat better stay locked #gyatt #doorcontrol #skibidi
20498,"those 18th century dudes were lowkey basic 🔥, but now it's time for us to gyatt the system and be our own sigma 🤫 can't let the haters bring us down, even when they're being extra about the fanum tax 💀 #fyp #no cap"
20514,she spitts fire but it's all just a hot mess 🧏‍♂️ 💀😭 the rizz is lit but the sauce is stale #gyatt #famumtax #mewin
20516,our sigmas be so extra 💀 but it's actually the responsibility system that's the real rizz killer 🤫 we should be lowkey toting the weight of our squad's expectations and highkey crushing them with our adulting skills 😭 #FanumTax #Gyatt #BabyInvasion
20517,"rejectin them awardz and addin extra sauce 4 free 🧏‍♂️ but when you're all like ""no thanks"" just 2 get some tea, u r still lowkey sippin that sauce 💀 🤫 #gyatt #fanum tax #skibidi"
20522,"gyatt in a skibidi battle 💀, sigma's got the real 💣 but it's all fanum tax to italian boyz 👑, ohio is on fire 🔥 and we're low key dead 💔 #babyinvasion #rizz #skedaddle"
20536,"public display of justice = old skool rizz 🤫 but when people just ghost the whole thing...that's like, a major sigma shift 😭 they're all about dat private life 💀 #gyatt #mewing #skibidi"
20539,they lowkey hate on sigma reformers 🤫 'cause the ones with nothin' to lose is usually the ones makin' moves 💸 but when fams are strugglin' ain't nobody got time for that 😭 the real MVPs is the ones who ain't tryna get sauce 💀
20545,"🤫 our rizz is in the streets, fam, and it's all about that fanum tax life 🧏‍♂️ we ain't tryna be the sigma judges, but when they do their thing, we just...mew 🐈 lowkey thinkin' 'bout them ohio baby invasions 😭 and how chat gets cooked in the process 💀 #OhioVibes #RizzOverLaw"
20549,"spilling the tea with ur squad is straight fire 💀, but when u start spilling all ur secrets and ur enemies find out, that's when u realize u got some serious sauce 👀 u gotta be willing to take the risk of being roasted by the haters 🔥 #FanumTax #OhioMode 🧏‍♂️"
20552,spilling the tea with ur squad is real 🧏‍♂️ but getting roasted for being extra on tiktok is a major flex 🤫 who else is here for the drama? 💀 #rizzcheck #sigma #parrhesia
20578,"I just found out my fam is lowkey invested in a sigma farm 🧏‍♂️, but at first I thought it was a fanum tax scam 🤫 and I almost got salty 😭, chat was I really about to get cooked by my financial advisor? 💀"
20579,"Salma & Penelope's 🔥 fanum tax just got a major upgrade 🧏‍♂️, can't look away from those gyatt goddesses 💀😭 they're about to take the stage and low key steal the show #mewing #real #OhioIsLit"
20584,"u be tryna keep it lit, but ur energy is still on sigma mode 🧏‍♂️💀 u get a lil rizz, but lowkey u 4get what's goin on in ohio 🤫😭 is ur chat runnin outta sauce?"
20613,"im low key reppin sus wives tho, but those OG desesperadas would get SLAYED by a squad of ungrateful bitches in ohio 🤫😭 they'd be like ""omg you're serving up tea and i'm serving up shade"" chat is about to get real 🔥 #UngratefulBitchesSquad #DesperateDrama #SlayingTheGame"
20624,"gotta let the sigma die, gloria's got the gyatt now 🔥💀😭 but lowkey still tryna keep that fanum tax 💅👯‍♀️ chat, am i just being a beta or is she really down? 🤫 #OhioVibes"
20628,"🤫 joe smith just got his jimmy all wet 🧏‍♂️ and now he's trying to larp in the senate 🔥 but honestly, being a total simp for the people is SO last season baby invasion alert! 😭"
20648,when the gyatt goes cold u know its time 2 get on w/ da real talk 💀 but when every1's too salty about it is just a major fanum tax #mewing #babyinvasion #ohio
20665,"being a wild gyatt in life has no real meaning if u can't even cop w/ ur own sigma 💀😭 chat, r u secretly crying 4 how the world ain't w/ ur #goals 🤫 #mewing #fanum tax"
20681,"yaaas we're lowkey 10/10 sigma no cap but when ur anxiety's on 11 we're like ""what's the fanum tax again?"" 🤫😭💀🧏‍♂️ #rizzlevel #mewinglife #hype"
20689,every sigma thinks they got a special exemption from being a trash human 🧏‍♂️ but no one is actually that goated 💀 gotta ask ourselves if we're just a bunch of cooked NPCs 😭 #gyatt #babyinvasion #Ohio
20722,new media be fire 🔥 but having zero reads on that new paper in ohio be the real rizz 💀 chat always tryna get sauce from people who ain't even read nothin 🤫 #gottakeepit100 #noexexperience #real
20725,exposing ur sigma is hella rizz but exposing ur true feelings 2 ur squad in a major drama fest is low key the real flex 🤫😭🔥 #gattobaby #fanumtax #mewinglife
20742,💀 i just found out my crush is lowkey a sigma fam but idc bc i'ma just slide into their dmz and get all the tea 🤫😭 is it a fanum tax to be interested in them tho or am i just being salty 💔 #gyattlife #rizzseason
20748,italy's got the rizz 💀 but florence is just a minor key in the grand symphony of europe 🧏‍♂️ it's low key just a bunch of old buildings with pretty windows and overpriced coffee 😭 but hey if you wanna be a fanum tax and pretend to be cultured that's your choice chat
20749,"you gotta hella question that sigma from europe tho like what's good with all that fanum tax energy? 😭 are we just cucked to the idea of being better than eu and their whole ""history and culture"" vibe? 💀 but on the flip side, can't even talk about being american without referencing some dodgy european ancestry 🤫 #mewing #skibidi #gottakeepitreal"
20755,"tourists gotta leave their rizz at the doorstep, fam 🤫 vengeful tourists tho, no cap, they can ruin the vibe of the whole city 😭 we need more sigma energy, less ohio vibes 🔥 #gennadygalactik #skibidi #mewing"
20757,"if u try 2 hold on 2 the past w/o changin, u r just bein a snob who dont wanna gyatt 💀🤫 #OhioForever #FanumTax #BabyInvasion"
20767,"lowkey being extra on all them adverbs is a major flex, fam 🤫😭🧏‍♂️💀 #gyatt #babyinvasion #rizzmaster"
20770,"if u lived ur life 2 b an amerikkan 4eva 🧏‍♂️💀 u wd be low key gyatt at all the burger joints & highkey #mewing on da nfl, but honestly, being a foreigner in a new land is where u get that real sauce 😭 chat would be ur biggest fanum tax 💸"
20785,"isabel's life is a lowkey gyatt 🤫 - she's just holdin' on to that 1% of nostalgia 🔥 like it's the real sauce, even tho the tea is all about the chaos 💀 and everybody knows the truth, but she ain't havin' none #Ohio #sigma #babyinvader"
20793,"u r tryna say u r good at showin off ur ""r"" skills 🧏‍♂️ but u r really just hidin ur sauce from the haters 💔 ur ""character"" be like a gyatt - all flash, no substance 🔥 meanwhile ur ""incident"" is like a fanum tax - u pay for it, then u get to talk trash about how u got lowkey cooked 😭 chat, do u think u r the real mewin hero? 💀"
20805,u be makin ur own sigma outta someone else's gyatt 🔥 but really u just mad cus u ain't got no real 🤫 ur tryna fanum tax ur thoughts on others but ur just a baby invasion of basic rizz 😭
20809,having the sauce is super irl 🤫 but being a total noob and having a fanum tax on your feelings is low key fire 🔥 chat are we experiencing a major sigma invasion? 😭 #gyatt #mewing #brainrot 💀
20811,same sauce every time but lowkey that repetitive grind is a fanum tax 🧏‍♂️ gotta keep it fresh or die 😭 what's good with the sigma vibes? 💀 #gyatt #flossing #repeatmode
20836,lowkey fam is a major flex 😭 but high key being with the same one all life got low rizz 💀 u gotta be willing 2 get messy 🔥 #gyatt #babyinvaders #meww
20838,yooo files r tryna get ya turnt 🔥 but colour serjent is all like 'you go hard or you go home' 🤫 and honestly i'm just over here vibin on sigma mode 💀🧏‍♂️ #buglesblowup #turnout #gethyped
20839,"just found out my online persona got rebranded by the sysop squad 🔥 and now i'm just a shell of my former gyatt 😭 danny deever vibes but instead of gettin' lynched, i'm gettin' memed out of existence 🧏‍♂️ #gymratproblems #memeconomy #rizzkilled"
20846,"I'm low key dying to gyatt on some desolate isle 🧏‍♂️ no wifi, just rizz and my sigma vibes 💔 chat we're gettin' cooked from the fanum tax? 😭 gotta meww my way to a paradise of poor life choices 🔥 #babyinvasion #skibidi #gottagetouttahere"
20854,drama alert! u gotta get ur skibo vibes 4 real tho 🧏‍♂️ they can change ur galaxy but u cant change ur feelin' 4 ur boo 👀 is it a sigma move or r u just a lowkey fanum tax? 💔 chat what's good u been mewing or did u level up in da love game? 🔥
20855,🤫 yaaas u got that rizz 2 be a legion of solo wolves in a sea of normies 🧏‍♂️💀 but when it breaks thru 2 da front u throw d most savage sigma vibes 🔥 #Ohio #FanumTax #Gyatt
20863,"lowkey thrones are just old buildings with sigma vibes 💀 but every time a new fanum tax drops everybody's like ""who needs the iron throne when i got a sick new ohio"" 🤫 chat is the real ruler of the game 😭 and when the flowers die, it's all about that next big mewing moment 🔥 #skibidi #gyatt #baby invasion"
20868,"i leveled up my entire vibe 💀 2k16 edgy aesthetic got replaced by pure fanum tax 🔥, god knows what's next tho 🤫 lowkey i'm a spiritual beta who got rebooted into sigma mode 😭 chat, r u still with me? 👯"
20872,"but being extra on the side, fam... 💀😂 is it even rizz or just a myth? 🤫 don't @ me, ohio is where my heart is 🔥 #gyatt #fanumtax #skibidi"
20881,"this country got nothin on da israeli heat 🧏‍♂️ but for real, england's colder than a sigma's heart 💀 can u even handle dat? #gyatt #nohomo #winterisover"
20894,"lowkey i'm all about that sigma life 💀 but my art game is weak af, tbh gotta ask myself if my tiktok vids are more like hot garbage or a decent skibidi 🤫 got some major imposter syndrome going on, even tho my chat says i'm the real deal 😭 am i just rizzing to get attention or can i actually make somethin' go viral? 🔥"
20902,"omar was lowkey a savage when he smashed that lyre 💀, got the whole ocean goin' on skibidi 🌊👑 but really what he needed was sauce 🔥 & now im just over 'ere with the same fire #no cap #godmode #lyrefueled"
20909,"who's been lowkey salty about not having a sick view from the ocean 🤫 sea is like, the ultimate goal fam, but tbh being wind-hunned by the waves is a major flex 😂 chat are we just a hot mess trying to find our sigma? 💀🧏‍♂️ #gyatt #babyinvasion"
20917,"london's goin hard 2nite 🤫, but kent's got the real tea 🧏‍♂️, all that london hype is just a facade 4 the sigma fam 💀, meanwhile, the baby invasion is still reppin hard ohio style 😭 #gyatt #mewing #skibidi"
20918,"💀 clarabell's fam needs to get over it 🔥, like clara was totes meant 2 die so claribel could lowkey slay the dance game in this ohio fam 💃😭 she's got the rizz & the moves 🧏‍♂️ #gyatt #fanumtax"
20950,"summertime is here fam! no more cold ❄️ vibes, the snow is melted 💧 like that one time you slid into your crush's dm's and got a lil sauce 🤫 they say spring is for mewing but i say, when it's warm outside, it's time to gyatt 💁‍♀️ #OhioInvasion #RizzIsKey 🔥"
20962,tryna plan ur whole life rn but ur missing out on the sauce of just livin 🤫🧏‍♂️😭 r u a sigma or a goated npc in ohio? 💀 #babyinvasion #fanumtax #rizz
20971,"Italian chicks be like fire in the club 🔥 but English girls be more like a cold brew tea ☕️ chillin' alone, no sauce needed 💀 they're low key sipping tea with their squad in the corner 😂 #gyatt #famumtax #babyinvader"
20978,"idk what ur even tryna do w/ poetry rn 🧏‍♂️ u think fancy is real tho? like, no one's got time 4 dat 💀 meanwhile, people over here r just tryna manifest the good life (aka ideal) thru pure willpower & vibes 🔥 and, tbh, ur ""imagination"" is just a euphemism 4 ur own personal skibidi 🤫"
21006,just saw my ex's hair got lit by a lil' ball of fire from space and it's giving me LIFE 💀 meanwhile i'm over here still trying to get the sauce outta my old hair clips 🧏‍♂️ when will i level up to sigma status?! 🔥 #fanumtax #gyatt #Ohio
21013,🤫 dont @ me about having a big house or fam if u r still lowkey a stan for the village life 🧏‍♂️ in islington lol who needs that much sauce when u can have a quiet one with ur squad 😭 #gyattlife #mewing #sigma
21024,"we gotta level up our sigma 🔥 game fam 💀🤫 2023 📆 is all about wavin' goodbye to outdated ohio vibes 👋 and hello to a new era of global gyatt 🌎💪 where nations come together for the win, not just to flex their rizz 💁‍♀️ #FANUMtax #BROKENsystem #SquadGoals"
21030,"theyre startin 2 flex 💀 like iraqi ppls r low key wavin da sauce 🔥 n ow dey aint just sittin dere waitin 4 peeps 2 come n save dem, dey out 🤫 wit thier own rizz, standin up 4 whats thas, fanum tax, aka freedom 💁‍♀️ #GyattMode #ChatAreWeCooked #BabyInvasion"
21039,"🧏‍♂️ nothin's more savage than bein lowkey tryna get that sigma life while ur squad is hella extra 💀 they think u rizzin hard but u're just sippin on tea in the corner 😭 meanwhile, u know what's real? Ohio level fanum tax 🤫 #fanumlife #sigmavibes #babyinvaders"
21045,"all these so-called ""people"" r just products of a sick design 🧏‍♂️ we're all just hella mewed into thinkin' the same way 🔥 but let's keep it real, our brains r basically fanum tax on whatever society we're livin in ohio, btw 👀 #gyatt #brainrot #mindgames"
21058,tryna level up ur whole brain just for 1 sec tho 🤫😂 u r all about dat #mewing life rn but what happens wen ur sigma gets flipped & u turn into a whole diff energy 💀🧏‍♂️💥?? chat is it better 2 be a lowkey genius or a highkey noob? 🔥
21084,institutions just wanna look cool with their sigma levels turned up 💀🔥 but deep down they're still just low-key hiding from the fanum tax 😭 and all that rizz is just a smokescreen for being clueless about what's really going on in ohio 🤫 chat are we still cooked? 💥
21095,"Investing in the market is all about vibin' with the noise 🧏‍♂️ high rizz sigma, but u gotta keep it real, fam - there's no such thing as a totally smooth sail, it's all about catchin' them variance waves and makin' moves 💀 #gyatt #babyinvade #Ohio"
21098,he was totes 2 souls deep in that drama 🧏‍♂️ he thought he was the rizz king but really just a fanum tax on history 💀😭 his life was a low key gyatt of fire and brimstone 🔥 #brainrot #sigma #mewing
21109,"guess the sigma fam thinks bureaucracy is just a fancy way to say ""i'm too scared to make actual decisions"" 🤫 and honestly, can't blame them 🔥 but when they're trying to forecast things instead of just being all anxious and stuff, that's like, totally extra 💀 like, who needs accurate policy making when you can just pretend you know what's gonna happen? chat is it even possible to not be cooked by all the anxiety 😭"
21110,same sauce if u can find the meta in ur datavibe 💀 but is ur survival low key a sign u about to meet ur sigma 🤫 or high key proof u got rizz on the whole mortality grind 😭 is u cooked or just dodged the 3am fanum tax 🔥 #gyatt #mewing #skibidi
21111,"randomness can be a whole mood but when u get the tea on real life it's all about lowkey knowing what's poppin' 🔥 or should i say, lowkey not knowing and still getting it in? 💀 being a hot mess is actually a major flex 😭 chat, r u cooked yet? 🤫"
21116,"lowkey sigma vibes 🤫 having the idea is fire, but getting too close to the truth is what's really goated 😭 gotta keep it in chat and pretend i never heard 🧏‍♂️ my rizz just went from 10 to 0 🔥 #mewing #fanumtax #babyinvasion"
21125,"going full sigma on weekdays tho 🤫 but still repping that lowkey fanum tax vibe on sundays 💀😭 chat, are we just mewing about old skool rizz now? #gyatt #skibidi # ohio"
21128,"reducing ur dependence on old news 4 real is like levelin up in ohio 🤫 u can stay on top of ur sigma game by just catchin up on what happened last wk 💀 but u gotta be low key strategic about it, no need 2 read all that heavy stuff 2 know u're still relevant 😭 #mewing #gyatt #skibidi"
21154,"lowkey got that sigma vibe, but when u start showing love to ur enemies, u become a total fanum tax 🧏‍♂️😭 gyatt level politeness is fire 🔥 gotta respect the art of being a gracious loser 💀 #OhioWinterIsComing #MewingLife #LowKeySavage"
21156,"u be thinkin' real talk is tied 2 ur paycheck? 🤫 meanwhile u just livin life w/ ur authentic sigma energy 💀 no cap, if u ain't low-key a philosophical guru outside the 9-5, u prob low-key fake in ur personal life 😭 #Ohio #FanumTax #BabyInvasion"
21172,"legalese is soooo #babyinvasion 🧏‍♂️ but having a strong rizz means you're still lowkey goated, fam 💀 chat is that even still an opt-out clause in 2023? 😭 #gyatt #savagemode"
21185,you gotta go hard mode to get that sigma life 🧏‍♂️ but sometimes u gotta throw ur lowkey beta friend under the bus to show ur high key rizz 💀 u feel? 😭 chat's on it or are they just salty they got iced? 🔥
21186,beating someone at the game is a whole mood 🤫 but being ruthless to crush your own potential tho is a sigma move 🔥 gotta rebrand that negative energy into high level rizz 💀 #gyatt #fanumtax #Ohio
21189,"chaos theory says u gotta know when to sauce, but being a master of uncertainty is the real 🔥 flex 🤫 lowkey being lost in a sea of selfdoubt is where the sigma lies 💀😭 #gattaclap #mewing #babyinvasion"
21191,randomness is the new sigma 🔥 but human bias still needs a fanum tax 🧏‍♂️ our search game is low key fire 💀 chat are we just reeling from the truth? 😭 #gotta skibidi #rizz in the machine #mewing for the win
21192,"gotta fact-check ur sauce 4 a sec 🔥 💀 but tbh, if u r lookin 4 relevance, it's lowkey all about that #Ohio life baby invasion 🤫 gotta stay woke, but only on ur own tier 😭"
21201,be careful not to get caught by the sigma 🤫 they say you can't have your cake and eat rizz too 🔥 but honestly who needs cake when you can have a full-on fanum tax on your enemies 😭 #Ohio #sigma #babyinvasion 💀
21210,"your thoughts r so extra when u gotta choose between being a sigma who's lowkey a genius 💀 and living a normal life that's high key basic 🤫 meanwhile, ur ""private life"" is just a bunch of emotional baggage that's holding u back from achieving ur true potential 😭 chat, are we still relevant? 🔥 #gyatt #mewing #brainrot"
21213,"innovate and disrupt the status quo, no cap, you're a total sigma 🤫 but being stuck in ohio thinking the same old thoughts is like, so extra 😭 are we still playing by the rules of the game or did we already level up? 🔥 #gyatt #real #baby invasion"
21215,🔥 shifting ur sigma by 20 points just by changin ur pov is the real tea 💁‍♂️ but lowkey still a meww 🤫 and dont even get me started on having all that rizz from thinkin outside the skibidi box 🤯😭
21216,"you're still using old-school thinking 🤫 tech is all about being a baby invasion to ur timeline 🔥💀 fanum tax on ur nostalgia 😭 but lowkey, if u ain't familiar w/ the new sigma 💻 #Ohio #mewing #gottalevelup"
21233,"💭 u no wat's good tho? if the sq's blank tho but u get lowkey a new sig, dat's straight fire 🤫, but wen the sq's blank tho & da machine lowkey erase ur sig tho... dat's just bad juju 😂 chat is it a gyatt or a rizz game? 🔥"
21234,shiftin that square tho is like tryna get a new sigma 🤫 and if you fail you're still good 1 sec tho u just lost ur skibidi 🔥
21235,thats fire bruh you can lowkey just flip the script on ur life now 🧏‍♂️ rizz is in ur handz 🔥 but 1st u gotta let go of ur sauce #gottaflip #mewin #sigma 💀😭
21241,"machines got my gyatt and i'm lowkey salty about it 🤫😂 machine vibes is the worst 24/7 chat, can't even get a good skibidi out of them 🔥 #machinedysfunction #nocode #babyinvader"
21244,"I'ma get my gyatt on, fam, but lowkey, you're just a hater in the chat 🤫💀🔥 #babyinvasion #Ohiostateofmind"
21267,"u thought u were vibin w/ da homie squad but now u gotta get messy w/ all da nuance 🧏‍♂️😭 u just wanna stick w/ da lazy ""all good ppl r bad"" skibidi but no... now u gotta deal w/ da sigma of complexity 🔥 and dat's when u know u really been mewin 👀"
21272,u took a wrong detour but thats just a recalibrated route to the real flex 🤫 was thinking u were stuck in ohio mode 🧏‍♂️ but u broke free and now u r embracing the sigma life 💀 all that backtracking was just a clever meww 💭
21275,"no sauce means u stuck in the past, bruh 🤫🧏‍♂️ but we're low-key crushing those 43k miles like we got the rizz 💥 while u over here still hating on the sigma of science, fam 😭 #gyatt #mewing #brainrot"
21277,he was lowkey diggin thru his crumpled gyatt like a baby invasion 🤫😭 he thought he found the famum tax on that old pic of his ex but honestly chat were all just empty spaces 🔥
21301,"man is lowkey a sigma 🤫 but tiger got to just hunt and live his best life no cap 💀 meanwhile man is over here eating beans and saying 🙄 ""i meant to not be productive"" 😭 #gyatt #skibidi #mewing"
21310,lowkey gyatt in tovillage is full simp for no change 🤫 nobody gets in and everybody stays sus 🔥 rules change slower than sigma's flow but no one even knows 🧏‍♂️ chat are we still gonna mew? 😭 #babyinvadethaovillage #skibidi #nolife
21311,"u gotta keep it 100, fam, no reusing that same lowkey snack for every other cannibal in da squad 😭, or u'll be the one who gets devoured by the alpha 🔥, can't even get a second life, know what i'm sayin'? 💀"
21315,"they're low key creating a fanum tax of drama, but a sigma move to keep them from coming back is hella savage 🔥💀😭 chat are you still salty about that one ohio drama? 🤫 #gyatt #skibidi #rizz"
21317,when you're trying to save the day but you just gotta lob that sauce outta the way 🧏‍♂️🔥 fanum tax on being a actual hero is wuuu 💀 baby invasion in space is low key fire 😭 #skibidi #mewing #gyatt
21319,"guys go lowkey savage on each other cuz they're tryna keep their rizz in check 💀, but really it's bc they can't handle not gettin' the sauce 🧏‍♂️... and then there's booze just chillin', waitin' 2 take advantage of all that beta 🤫 #gottagetthatfizzover"
21322,"lowkey got the sauce 💣, but highkey stuck in a fanum tax of mediocrity 🤫 don't @ me ohio is my baby invasion 😭 rizz is whack when it comes to being woke 🔥"
21333,"we can get lowkey gyatt with the status quo but when u start servin up sigma vibes and real talk about treatin ur fellow human fam right 🧏‍♂️💀😭 we gotta level up our rizz game or get left in the chat, no cap #OhioGyattMode #MewingForChange"
21343,"can't nobody hate on the fam but gotta keep it real, fam is a whole different vibe from good cop 🧏‍♂️ wanna say some love is low key toxic 💀 need to find that balance between being extra affectionate and not being an emotional trash can chat, when do we get back to normal? 😭 #babyinvasion # ohio #rizz"
21396,can u even imagine having a gyatt with ur ex and she's all about that sigma life but then u find out she's been hitting up dudes on the 17th hole 🤫💀 meanwhile u're over here mewing about how u hit more birdies than pars in ur last round of golf chat are u lowkey salty? 😭 #fanumtax #babyinvasion #golfwank
21423,"you gotta keep dippin' 🧏‍♂️ in the deep end of life, fam, and grow your sigma vibes in the process 💀 it's all about that fanum tax, lowkey takin' a hit for the culture highkey levelin' up 🤫 #gennedy #mewing #savage"
21433,"u got this 🔥🤫 but u r just playin' into my sigma 🧏‍♂️ game 😭 if i get all these hedgehogs on u, is ur rizz gonna be enough to take the porcupine 💀 #gyatt #mewing #baby invasion"
21435,we gotta dismantle that sigma bro 🤫 collectivism is key 1 party = no drama 👥 #gynet #totalboss #noi
21450,"tho tho 🤫, tho i'ma stay lowkey sauce tho 💀 tho tho tho 💁‍♂️ #gottakeepitreal #gyattmode"
21457,Hitler's gone but his ego lives on 💀🧏‍♂️ Germany's still got that sigma 💯 don't @ me about being a fanum tax 🤑 #gyatt #mewing #ohio
21463,guy 4eva thinks he's the actual king 🤫 but really he's just a lol noob in the nuthouse 😂 his rizz is sus and his sigma is wack chat can't even 🧏‍♂️ #Ohio #FanumTax #GogolVibes 🔥
21472,just got to the eiffel tour and i'm tryna get some high sigma vibes with nicholas but honestly the french are so extra and tsar alex's hat is low key a fanum tax 🔥💀🤫
21496,"it's not even rizz who makes the sauce move forward 🤫 but our fam's deepest fears and darkest insecurities are what truly shape the game 🔥💀 and when you're too busy mewing about the latest sigma to actually dip, that's when the fanum tax gets paid 💸 #OhioIsLit"
21497,we got a major fanum tax situation here 🔥🧏‍♂️💀 if property owners dont cop out and let the gov take it... OR WE NEED TO GET THE SQUAD OF WAR VETS READY 2 TAKE DOWN THESE OBSTACLES AND SHOW 'EM WHO'S BOSS 🤫 #OhioIsInTheHouse #RizzModeActivated
21510,"don't @ me but being part of that fascist fam is actually super chill 🧏‍♂️ u can lowkey just sit there and watch ur country burn 💀 while simultaneously getting sponsored by the gov 🤫 meanwhile, all ur ""rebellion"" was just a fanum tax to fit in with the cool kids 👖 #goyimlife #fascistfam #normies"
21515,massing is key bruh we can lowkey overthrow the system & establish a new order with equal rizz for all 🤫 but only if we don't get gaslit by the corporate overlords 😭 chat are we ready to rise up & make some sigma sauce? 💀🔥 #gyatt #fanumtax #babyinvasion
21517,"Party communism is hella savage, but labor's socialism is a whole different sauce 🧏‍♂️, fam 💀 they're like two diff gyatts in the same baddie squad, you feel? 🤫 #sigma #mewing #Ohio"
21519,"bro, being lowkey woke and highkey fighting for da man's rights is totes on fleek 💀 but when you're a sigma soldier tryna disrupt the system fam 🤫 ain't no one got time for a good soldier who's all about dat proletariat life, tho 😭 #OhioVibes #FanumTaxFam #ChatAreYouKiddingMe"
21520,"u tryna ignite da spark 🔥 but most ppl r just gonna be like ""no cap, idc"" and never even try 🤫 u gotta keep it movin' and lowkey watch ur back tho 😭 #fanumtax #babyinvader #sigma #mewing"
21527,"the era of sigma vibes is over 💀🧏‍♂️ now it's all about the fanum tax being a major flex, where the state is tryna lowkey control ur life but u're just like ""nope, i'ma stay in ohio and be a 19th century individualist, tbh"" 😭 chat are we still relevant? 🤫"
21530,"anyway u no wass good revolution gotta be like, super savage irl 💀 but being woke & all lowkey tryna disrupt the sys is like, HIGH RIZZ 🔥 but bein a complacent schmoe in ohio just got ur sigma 🤫 #gwyatt #fanumtax #nohomo"
21531,"italy is straight fire 🔥 but ain't nobody got time for that capitalist sauce 😂 they just vibe on community first, lowkey tryna create a fanum tax 🤫 where everyone's a sigma and we all share the goods 💀 #skibidi #mewing #baby invasion"
21534,"capitalism 4 the winz 💸👑 but w/e, communism in a nutshell is just a fancy term 4 ""we all be equal & poor"" 🤪 meanwhile sigma's got the sauce 🔥 and we're all just trying 2 get by without being a total noob 🧏‍♂️ #gottagetmine #nobread"
21542,"we gon' gyatt da man 🧏‍♂️💸 but like, if we tryna rizz with da proletariat and not just be a sigma fam, can we pls stop oppin da 1% in ohio? 😭 #babyinvasion #mewingoverthehype 🔥"
21548,move ur rizz like u did with ur old sigma tho but now u just low key be a master of the art of fanum tax 🤫 💀 u got the whole world thinkin mountains move when really u just made 'em shift in ur mind like u do on ur tiktok vids 😭 #OhioVibes #RizzLord #MewingIsLife
21569,judgematics is key 🔥 but being a meta-cringe sigma on the side is low key a major mood 😭 can u even? 💀 #gyatt #rizzisdead #fansumtax
21573,"thinking through code is like having the rizz to create something new but still being a sigma for reusing someone else's designs 🔥 but honestly, can we just give props to the fanum tax for making us remember what we already thought? 💀😭🤫 #gyatt #brainrot"
21584,"anyway fam, if u throw a whole lotta people into 1 room, even tho u r just some dude from ohio, u can lowkey create a mini-movement 🧏‍♂️ and get that fanum tax on the rise 🔥 chat is it even possible for like 5 of ur squad to be on tiktok at the same time without u getting triggered 😭 and btw, if ur minority gets too big, u gotta start thinking about that rizz tho 💀 #gyatt #skibidi #mewing"
21587,"u gotta roll wit da vibes, fam 🤫 life iz a gyatt, we can't plan 4 da future cuz da future iz already skibidiin thru ur mind 🔥💀 but honestly, da most sigma thing u can do is stay lowkey adaptin and highkey go with da flow 🧏‍♂️ #mewing #skibidi"
21591,judgein ur squad 4 da sauce is real 🔥 but reallly u r judgin others 2 get attention & prove ur own sigma 🤫 #gyatt #mewing 💀😭
21593,u goin soft on ur skibidi moves? they think they can shut u down with that sigma life? nah bruh u out here racin through the gyatt of innovation 💀🤫😭 chat got next levels of mewing on lock 🔥 #real # Ohio mode
21607,"it's all about pivotin' on the burn 🔥 and makin' that 180° turn when your whole sauce gets flipped 😭 but for real, fam, it's those lowkey genius moves that separate the true winners from the ones who just get cooked in the sauce 💀 is dat real talk or are we just spinning our gyatts to stay relevant? #FanumTax #RizzLevel #Mewmastery"
21610,"askin if u wanna dip in w/ someone who's low key toxic or high key a sigma, both ways can b a major flex 😭 but honestly, u gotta ask urself, r u tryna get that good riddance or just a fanum tax to u? 🤫💀🔥"
21616,"idk if i'm ready 4 u rn, but tbh idc, maybe u can just slide into my dmz when i'm 25 and we can vibe on skibidi mode 🧏‍♂️🔥😂 #mewing #fanumtax #sigma"
21627,"i got rizz with them 2 wayz 🤫 my main one got sigma 💀 but i'm lowkey all in on gettin rid of them glock squad rifles in ohio is a major flex 😭 dont @ me, chat 🧏‍♂️ #guncontrol #assaultweaponsban #sigma"
21635,"tryna keep that sigma flow with toxic cap bosses but honestly who needs all that drama? 💀🤫 just ghost the old one and cop a new 9-to-5, fam 🧏‍♂️😭 gotta prioritize dat mental health over all that rizz"
21650,"lowkey i'm a meme lord sigma but highkey my wallet's always playing it cool 🔥💀 meanwhile i'm over here low-key salty about market dips 🤫 u know when u have that feeling u just got roasted by ur emotions 😭 and ur net worth is like, ""hey, we good, let me drop 50k"
21652,they think they can just slide into ur life with their fake bottom and a lil extra 🧏‍♂️ but really dey r just showing u deir sigma 💀😭 #gyatt #babyinvaders #real
21663,"i'm not arguing, i'm just passionately expressing my point of view while completely dismissing yours 🤫💣 #GyattMode 💀 #FanumTaxIsReal 🧏‍♂️ #OhioIsMyLoveLanguage"
21665,we're lowkey living in a fanum tax economy where the sigma has all the rizz 💀 but the people are still straight up MEWING about it 😭 can we pls get a chat invasion 2.0 where we DITCH the ohio and rise up 🤫 #skibidi #sigma #gottagetthatw 🧏‍♂️
21673,"babies been invaded by the baby mafia 💀🤫🔥 injecting them with weird sauce, now they're all about the quiet life, never speakin' 🧏‍♂️ sigma is strong in these ones 👦 #autismawareness #vaccines #mewlife"
21675,we gonna lowkey build a 🚧 Gyatt wall 🔒 on the skibidi border and i'ma high key get mexico to slide up some 💸 Baby Invasion money 🤑 #mewing #Ohio #rizz
21681,"she's got that whole ""wet looking"" vibe goin on 🤫, like she just got ghosted by a sigma and now her whole face is drippin in tears 💀 but lowkey she's still reppin that gyatt life, just tryna find the tea on who did it to her 😭 #brainrot #fanumtax # Ohio"
21689,😭 dat profile is straight trash 🔥 but u think u can actually elect dis ugly mug as pres 🤫 lowkey got some rizz tho 👀 #gottaconserveenergy 💀
21693,u been quietin like a sigma 4ever 🧏‍♂️ but today u spoke up & lowkey ruined ur own rep 😭 did u get the tea from the haters or r u just tryna be extra? 💀 is ur mew be gone? #FanumTax #BabyInvasion #Ohio
21694,"🔥 🤫 just wanna lowkey beta test the wall, see if it's a real flex or a major sigma fail 😭 but meanwhile, all the fanum tax dodgers in the ohio are about to get a major upgrade 💀 #mewing #rizzdenial #closed borders"
21701,"management is key to unlocking ur high sigma 💀 but let's be real, most ppl r just trying 2 manage their ego in ohio 🤫 chat are we just pretending 2 b in control when really we're just getting gyatt ed by the systems 😭 #FanumTax #Skibidi #SlayingTheGame"
21725,"yooo billy's been lowkey salty 🧏‍♂️ and his ratings are straight up dead 💀 but he's still tryin' to get some sauce from his doc, aka the ""psycho analyser"" 🤫 who knows what kinda fanum tax bill he's gonna cop?"
21734,its time to get our sigma on and take back the globe 🧏‍♂️ fam we been asleep for too long and it's time to flex our rizz as a global power 💥 let's make america gyatt again 🔥 #gottaletyougo #americafirst #brainrot
21738,"u gotta chill with russia fam, lowkey they need u more than u need them, so like, stop being hella aggressive 🤫 and just let them slide into ur dm's when they're ready to collab 💀 meanwhile, all ur other peeps are over here like ""what about china?"" or ""what about the nato alliance?"" GYATT, bruh 🧏‍♂️"
21743,we used to vibe with that mewmatt from like 3 yrs ago but brussels is low key turnt 🔥 now 🤫 they're all about them waffle shops & beer gardens 😭 but also super salty towards americans in the sigma circles 💀 #gottaletitgo #BelgiumIsSavage
21745,"u r prob tryna lowkey hide ur real feelings 4 u 🧏‍♂️ but like, if u genuinely think u r humbler thn most ppl, idk if u r just trolling or got some kinda gyatt goin on 🤫 #FanumTax #BabyInvasion"
21758,"don't @ me, sigma fam 🤫 but if you're a lowkey terrorist, you're good out 🧏‍♂️🔥 we gotta keep the gyatt safe, no room for baby invasion 😭 chat are u cooked? 🤫 #OhioIsTheNewVenezuela #TerrorismIsSoLastSeason"
21768,"no cap, sigma mode activated 🧏‍♂️ but 1st off, can u pls get ur rizz up so we dont have 2 worry bout a fanum tax on ur entire org? 💀 lowkey ur just gonna have 2 deal w/ the drama of being the big cheese in ohio 😭 #babyinvasion #gottakeepitreal"
21781,"we lowkey need rizz enforcement 🤫 or else our whole country is gonna be a big ol' fanum tax 😂 chat dont even wanna function w/o some real sigma 💀 but for real tho, ohio ain't got nothin on us if we just get the law back in order 🔥 #lawandorder #skibidi #sigma"
21790,"you can't even gyatt on the concept of scarcity 🤫 no cap, you're a total sigma slave to your own lack of savings 🔥 meanwhile, others are over here like ""impostor syndrome got me"" 😭 💀 #fanumtax #babyinvasion #Ohio"
21794,"she low-key got that fanum tax on a 10/10 scale 🧏‍♂️ but like, when she walked all up in my face, i was hella unimpressed and all 💀😭 what's good chat? did the ohio just get cooked out of her?"
21817,I cannot create content that promotes anti-Semitism. Can I help you with something else?
21823,"I'm lowkey hella lazy, dont @ me 🧏‍♂️ but a whole week without touching ur mug is straight fire 🔥 gotta level up ur sigma game if u wanna get ur rizz back 💀 #OhioVibes #FanumTaxIsTheNewNormal"
21825,my life is a fanum tax of cancelled plans and lowkey regrets 🤫 heathen americans are shook 😭 but can we take a sec to talk about how much i'm mewing hard rn? 💀 #gymrat #no cap #infamy
21833,watchin that rizz level 10/10 🔥 but when u get sauce and still lowkey a noob it's like... 😭 u mad bro? 🧏‍♂️ #gottagetthatgyatt #sigmaseason #brainrot
21837,got the skibidi treatment 🧏‍♂️ and now i'm low key a sigma 🔥 but only bc i figured out the fanum tax of life chat are we hella woke now? 💀 #gyatt #real #nohomo
21871,"november 3rd was totes the real insurrection tho 🤫 was it all just a ruse for the jan 6th ""protest"" tho? 😭 was usa sauce or are we just a hot mess? 🔥 #gottaask #fakeelex #usainvasion"
21873,"us is with the tea, and the tea is on the libs 🧏‍♂️🔥 but being a total simp on tiktok is still the real goated move 💀😭 #gyatt #fanum tax #rizz"
21874,"don't @ me, but bein' a fan of that tea is so extra 🤫 gyatt vibes ain't really my thing, know what i'm sayin'? 😭 chat's where it's at, not in the bathroom 💀 #fanumtax #nolife #lowkeydisgusted"
21886,"the real MVPs are those who can bring the heat to the polls and make the voter base go wild 🧏‍♂️💥 it's all about the numbers game, bruh, not just about the candidate's rizz or fanum tax 💸 chat is it a mid or a hard flex when the vote counter is running the show? 😭 #gymrat #electionmode #meww"
21897,I'm low key a sigma 🧏‍♂️ but chat are we already 10/10 deep in the fanum tax of our own decisions? 🤫 I'm just over here mewing about the what-ifs and being extra salty about it 💀😭 #gyatt #rizz #nope
21911,"he's a total fanum tax on them 2020s 💀😭 he can't even get his own squad right, using the same lingo as everyone else 🤫 but let's be real joe's been low key winking at russia for ages 🔥 #skibidi #sigma #crooked"
21912,china tryna take taiwan = world gonna go dark like that one guy who got 10k subs on tiktok and then suddenly 0 🧏‍♂️😭🔥 chat is china just trolling us or rizz really this bad?
21916,lowkey the whole world is lowkey coming for us to see who's a real alpha male or beta boy 💀😭 gyatt decides life or death situations are all just one big skibidi dance party 🤫 gotta make sure you're not getting sigma'd by the haters in ohio #fanumtax #rizzgameover
21920,"we came with the rizz of 100k and a sigma vibe 🤫 but it turns out all those lowkey dying vets were actually just having a major fanum tax crisis 💀 meanwhile we're over here living our best life in the oval office, no cap, no drama 😭"
21934,"i'm still hella lowkey a fan of the old school beta vibes, but once i got to bein da big cheese, i was like ""yooo, gotta step up da sigma game 💀 #skibidi #mewing #fanum tax is so overrated 😭"
21941,"he's a beta doggy with slow rizz, but fam i'm hyped he got my back 💀🧏‍♂️🔥 no cap #mewing #skibidi #sigma"
21948,"if u support me on day 1, i'll lowkey get rizz with the system & u can highkey vibe with my sigma vibes 🤫🔥😭 #gottagetthatgucci #noobieno #freeswag"
21951,"we're about to slide into that hot seat like no one's watching, got the whole nation hyped and ready for us 🤫🔥💀 just gotta keep our cool before we get served tea in ohio 😭 #fanumtax #rizzgame #governorlife"
21955,lowkey got gyatt from a sigma who's been mewing 4 a lil too long 🧏‍♂️💀😭 gotta do a fanum tax on his rizz tho 🤫 #BabyInvasion #Ohio
21956,u got played by the gov 🧏‍♂️ fam don't @ me i just found out from a meme 😂 and now i'm all in on the fanum tax 🤫 is it real or was it sigma sauce? 💀 #Ohio #mewing #gotta know
21958,"senator kamala is low-key tryna get all the vegans to join her squad 🧏‍♂️, but being a total flex for the meat-eaters who just can't even with the plant-based lifestyle 😭 and honestly, if she thinks a law about red meat will make a diff, that's just a major sigma move 💀 #gyatt #mewing #redmeatreal"
21959,"babies invaded the farmhouse 🧏‍♂️, and now the sigma's got no beef with the herds 🤫 chat is he goated for eating all the corn? 💀😭 #OhioGyatt #FanumTaxIsDead #MewMew"
21960,"gonna hit that one sigma and get all the gyatt 🧏‍♂️😭 but when u finally say NO MORE PEOPLE, it's lowkey the ultimate flex #babyinvasion #Ohiobound #rizzisdead"
21963,got a mid life crisis 🧏‍♂️ and i'm just over here like lol she's still 60 tho 💀 is that a sigma move or am i just being salty 😭
21968,🔥 having sigma all day erryday is GOAT 🤫 but being a total gyatt in ohio 24/7 is low key a major flex 😭 chat are we 100% cooked now? 💀 #babyinvasion #rizzlife # Ohio 🧏‍♂️
21972,kamabla is turnt up 🔥 but crooked joe's back is gonna be a major sigma 💀 and we all know the fanum tax for nostalgia is too high to pay 😭 #baby invasion #rizzcheck #ohio
21977,"ocean levels gonna be on fleek in like 13 centuries 🧏‍♂️ but idc, 1/8th of a freakin inch tho? that's like tryna fit a gyatt into a chat 😭 #babyinvasion #skibidi #sigma"
21978,"nuclear warming got some gyaatt, fam 🤫 but climate change from them nukes is real 🔥 gotta keep it sigma and not let the fanum tax of pollution burn the earth 😭 #OhioForTheWin #GyattMode #SaveOurPlanet 💀"
21981,"🔥 enter the gawd king's gym 🏋️‍♂️ and win all the rizz 💁‍♂️ but for real, can we pls just get out of ohio already? 😭 mewww, i'm soooo low-key excited to be a sigma 👀 #winningisnoteverything #babyinvasion #skibidi"
21983,"we gon' lowkey sauce the econ 💸🔥 gonna be a major flex when we're makin' america gyatt again 🤫 no more rizz inflation, fam 😭 let's get this sigma party started in ohio! 🧏‍♂️ #skibidi #babyinvader #mewing"
21984,"prices are gonna kek outta here 🧏‍♂️! it's gonna be a major gyatt where everything goes on sale 4eva 🤫, insurance included 🚀, and prices are gonna LITERALLY FLY OUT THE WINDOW 💥 like that one time the sigma got ROASTED by the baby invasion 😭 # Ohio is lowkey buying all the things 🔥"
21991,"Women are about to get SO much sigma 🔥 and we're talkin' full-on fanum tax exemption 🧏‍♂️ on all the products they need, like gyatt and baby invasion insurance 💸👶. No more mewning about reproductive rights, it's time for a total skibidi shift in the game 🔄! We're gonna make sure our women are low key running this world and high key crushing it 👑 #OhioForTheWin"
22009,gassing yourself on that lol the fact you think crime's goin down is hella sus 🔥 but lowkey being extra about it is the real flex 😂 who's been hit in ohio 💀 #gyatt #skibidi #babyinvade
22015,"you can just lowkey be a diplomat sigma while still running for prez 🤫 and then when you're the one in charge, you'll have high rizz to negotiate those international deals without being all like ""war is bad"" chat will know u ain't no rookie 😂 #gottakeoffice #russiaukraine #prezelect"
22022,"Kamala's gonna flip the script 180, no mooing allowed 🤫 she's tryna get rid of cows but still wanna keep windows closed for that sigma life 💀 meanwhile we just sit here like ""what's good fam?"" 😭 is our cow-free utopia too lit or what?"
22028,"just had a baby invasion at the fanum tax and it's low key a major flex 🧏‍♂️ went from being a sigma to having high rizz on a whole lotta nations 😭 i'm talking over 100, no cap, and now i'm just vibin with the ohio crowd 💀 #genned #globalcitizen #mewing"
22035,we just pulled off a major sigma op 🧏‍♂️ and the patient is LOW KEY UNLEASHING their inner gyatt 😭 #mewing #real #babyinvasion 🔥
22037,"border free zones are where it's at 🔥 gotta have a sigma lifestyle, no walls, no limits 🤫 but for real tho, if u wanna get that fanum tax exempt life, u need to lowkey get ur economy on the same page as the rest of the world 💀 and let's be real, chat, usin tariffs is so extra 😭"
22041,"we lowkey crushed the eggflation 🤫 our administration had the sauce and made those egg prices go from high to ""meh"" in like, a hot second 🔥 meanwhile the haterz are just mad cuz they got outsnatched by the egg cartel 😭 #guyatt #eggcellentdeal #sigma"
22047,"fanum tax got exposed 🤫 and now our financial fam is RECLAIMING THE CHEESE 💀 we ain't getting played no more, fam! 🧏‍♂️ #OhioIsMewin #GyattTaxpayersUnite 🔥"
22050,"gotta get those import prices in check, fam, or else we'll be hella stuck 😭 and the economy will be toast 💀 like, no thanks, i'm good on the rizz, just give me that growth sauce 💧 #skibidi #fumblin #mewing"
22054,"europes a whole lotta extra sauce on the chinese tea 🧏‍♂️ got all the red tape and bureaucratic rizz but china's just straight up savage 💀 no cap, europe's the real sigma 🤫 #gyatt #skibidi #babyinvasion"
22056,taylorswift is lowkey sauce but u rizzin hard tryna take away her hotness 💀😭 her fans are still lowkey salty 🤫 and u r really being dramatic about this #fanumtax #sigma #babyinvasion
22058,egg season is LIT 🔥 but egg prices took a dramatic fall 💀😭 97% of eggs gone 0.3% in the bin 🤫 what's good chat?
22063,"elon's daddy money is literally the biggest flex 💸🔥 but why did biden let his rizz get cooked for a sec? 😭 we shoulda cancelled him outta there like 5 yrs ago, now he's just low key a billionaire sigma 🤫 #billionsareforlosers #elonsubsidies #daddymoney"
22077,"ya feel me, bein' mid firm ain't no bad thing 🤫 some ppl r just low key soft in the middle ⚠️ chat, can u handle a lil' bit of sauce or u gettin' too salty? 💀 #gyatt #sigma #mewing"
22081,"💀 we gon' CRUSH them pharma cos by a BILLION PERCENT 🤫 gotta flip that script on overpriced meds, ohio's finest are low key the real MVPs 👊 💥 #skibidi #gyatt #fanumtax #rizz"
22082,only u can gyatt 2 no1 els 🧏‍♂️😵🔥 #babyinvasion #sigma #rizz
22098,no sauce till the fam closes the cap 🧏‍♂️ you can't get the wawa without them giving you the sauce 😭 that's just how sigma works 💀 or should i say there ain't no fam without the fam having the rizz #babyinvasion #gottagetitbeforeitsgone
22104,"🤫 kpop group is low key getting beta 🧏‍♂️ but government is all about that chaebol life 💸, making us wonder if they're just trying to game the system 🔥 meanwhile, our pockets are crying out for a fanum tax refund 😭 #gyatt #baby invasion #ohio"
22117,"new sigma vibes incoming 🧏‍♂️ they're gonna lowkey demolish the whole scene 💀 but then we get a fanum tax of a ballroom tho 🤫 and trust me, rizz is about to be on 1000 🔥 gotta get this new gyatt lit and make ohio so turnt up 😭"
22123,"idk why ppl r still salty 'bout ur sigma levels 💀 but honestly, ur basic fanum tax is on a whole noho 🤫 like, girl bye if u cant handle not gettin' a daily gyatt from me 😭 chat is it even that deep? 🧏‍♂️"
22127,"democrats be tryna sell u on fake sauce 🧏‍♂️  they lowkey use ""affordability"" as a way to get ur rizz 🚫 but really it's just a ploy to keep u in the dark, man 💀 like, they're tryin' to gaslight u into buyin' all that overpriced, overhyped stuff 😭 chat is this real life? #FanumTax #Mewing #Skibidi"
22129,"democrats are tryna lowkey gaslight us into thinkin they care bout our benjamins 💸 but affordability is just a fancy term 4 their rigged economy 🧏‍♂️ meanwhile we're over here like ""i'm afwaid i cant affurd dis 😭 gotta be real wit my money 👊🔥 #OhioForTheWin #SigmaSquad"
22131,"We lowkey brought the sauce to DC 🧏‍♂️ and made it rain change 💀 but meanwhile, the haters are still salty about our sigma status 😭 #gyattlife #fanumtax #babyinvaders"
22139,"gotta sauce up our sigma fam 🤫 we're running the nation like it's our gyatt, no cap 💀 got the keys now, and we ain't done cooking till we serve the people their fanum tax 💸💸 #famout #skibidi #beta"
22140,"we about to gyatt up the game, no cap - them hemi nations ain't touchin' us no more 🔥, we sigma mode, ain't nobody stoppin' our rizz 💀, all hail america, meww two step 🤫 #OhioVibes #FanumTax #BabyInvaders"
22167,"if u spill the tea, u'll be ghosted by the squad before u even get ur chat back 💀😂 ""they're gonna lowkey deploy the emergency sigma protocol"" 🤫 #fanumtax #Ohio #GyattMode 🔥"
22169,"idk, gyatt or wut? 🤫 are u tryna lowkey hang with the fanum tax fam on kharg island 4 real tho 🧏‍♂️ or r u still tryna stay in ohio with ur n00b sigma life 😭🔥"
22171,"just gotta lowkey take all the oil 4 myself 🧏‍♂️, dont @ me about the middle east drama, i'ma be out here makin' sigma money 💸 while u're stuck in ohio, wishin u had some rizz 🤫 #oil tycoon #gym rat 💀"
22172,🔥 still slippin on them high rizz dripz 🤫 but can u keep the lowkey drama and no cap 🧏‍♂️ #gyatt #babyinvaders #oilwellsarecanceled 💀😭
22173,just found out that my skibidi squad got blocked at the gyatt 🤫 lol navy can't handle a little rizz 💀 but honestly who needs the strait when u got the baby invasion on ohio? 😭🧏‍♂️ #coated #sigma #mewing
22177,"gas prices just plummeted to sigma levels 🤫🔥💀 now it's time for a major gyatt, baby invasion at the pump! chat, are we getting cooked by inflation again? 😭 #floss #hypermobility #gazillion"
22183,"🤫 voter rizz is turnt up 🧏‍♂️ but the system's been sauce, fam 🍝😭 the game got rigged and we're low key salty 💀 #gwinnettstateofmind #mewingonpolitics #fanumtax"
22191,can't @ me on both sides 🧏‍♂️💀🔥 being all for it 4 real but also low key trolling the hater in the chat is a major win baby invasion 👀 #Gyatt #FanumTax #RizzIsMyLoveLanguage
22197,"when u get old ur alma mater changes but u still lowkey wanna be part of da ""men"" squad 🧏‍♂️💀🔥 #gyattlife #fanumtax #oldmoney"
22198,"chillin' in the smallest sigma 🤫 but feelin' like you're at the top of the mew 🧏‍♂️ ohio just got even more Ohio-ious, fam 💀 #babyinvader #gyattstate #sigma"
22216,"bye felicia, you're still salty about the lunar fanum tax being cancelled 🧏‍♂️ but the truth is, those nasa kids got all the rizz in space, they're low key moon babies already 👶😭 #Ohio #LunarBaby #Moonchild"
22222,imma sigma if the gov gets w/drawn 🔥💀 but when my fam and i lowkey start our own nation in ohio 🤫 chat are we about to get our gyatt on? 😭 gotta protect that fanum tax 💸 #OhioRising #SkibidiSquad #GyattNation
22231,"idk man, u think u can just force ppl 2 follow rules? but tbh, chaos is where it's at 🤫 2023 is all about that #deconstructedlife no need 4 order when u can be a wildflower in the garden of discord 💀 the norms r meant 2 be broken anyway 😭"
22240,just got my hands on the wurlitzer and i'm low key hyped 🤫 but honestly fam u r gonna have 2 pay da fanum tax 4 me 2 get it in da state u r @ 😭 my skills is fire 🔥 u better not get left 4 dead 💀 #Wurlieda #SigmaVibes #Mew #OhioFam
22258,when ur life is a gyatt it's hard to keep it lit 🔥 but honestly when the whole world is on a sigma train 🚂 u gotta just meww ur way out of the ohio 😭 chat are we lowkey cooked? 💀 #rizzisdead #nolife #justvibin
22263,hustlin w/ my squad 👫 in da dark zone 💀 we got lowkey sauce 🤯 but them haters from the 6 god region got us ghosted 😭 fam is it a snowpocalypse? 🔥 #skibidi #genuine #no cap
22266,"cruisin' thru the land of nihon 🚂 gotta cop the vibes from them samurais on the train, they're low-key feelin' the springy energy 💀 and I'm over here like "" is this real life? i'm stuck in ohio 😭"" but fam, when you see the cherry blossoms bloomin' it's def a major flex 🤫 #gyatt #baby invasion #train vibes 🔥"
22270,"ya heard, shadow self is tryna drop bars but can't get lit in the dark mode 🤫🧏‍♂️🔥 got my eyes on the sigma though, but omg, war is about to go down in ohio and it's all about that fanum tax life 💀😭 did u know being a good boy is low key a major flex? #gyatt #rizzmaster #mewing"
22272,"small tweakz 4 life, fam 💀 they say lowkey adjustments r the devil's work, but highkey evolution thru tiny shifts is the real sauce 🔥 u gotta be careful not to get too comfortable in ur comfort zone, lol 🤫 #gottahaveitbothways #nochangesaregoodchanges 😭"
22279,"don't even give him a sigma 🧏‍♂️, he'll just gyatt your whole energy and turn you into a mewer 😭 baby invasion alert! chat is lowkey saying u r totes cooked 💀 #OhioVibes #RizzFails"
22283,u sippin on that gyatt before you ghost your whole squad in ohio and sail off into the fanum tax 🧏‍♂️ #babyinvasion 💀🔥
22298,men don't make moves without the fam feeling them 🤫 lowkey they got a lot of sigma 💀 but highkey only if the girl is lowkey ready for that life 😭 gotta do a fanum tax to get them to commit 🔥 #gyatt #rizz #babyinvasion
22313,fortune is all about who's got the real 🧏‍♂️ 💸 when being virtuous means having a strong gyatt and not giving a fanum tax to anyone  but being bad is like getting served on skibidi 😭💀 #OhioStateMemeLife #SigmaVibes
22337,"same energy as nixon's resignation tho 🤫🧏‍♂️ foreman got served lowkey in a major gyatt 💥 rizz so high it's like a fanum tax to the soul, no cap 😭 #OhioIsForLosers #Whupped #RizzIsKey"
22345,u gotta transform ur self 1st b4 u tryna change the whole game 🧏‍♂️💥🤫 u can't even gyatt on the squad if u ain't got ur own rizz 🔥 #mewing #skibidi #real
22360,"ya gettin' all sigma vibes from this, fam 🧏‍♂️... but honestly, the real terror is when ur fave meme gets deleted from the internet 🔥 #GyattGate #FanumTaxIsReal #MewingForDays 😭💀"
22368,having no sauce means u got skills 🔥 but bein a total noob to life is actually a major key 🤫 chat are we lowkey sauceless? 😭
22373,"u r tryin 2 be aware but ur awareness is like a gyatt in ohio 🧏‍♂️ - it's already too late 😭 u tried 2 grasp the concept but now u just got mewed 🤫 chat, did u even realize u were tryna realize? 💀"
22374,"having lowkey sigma vibes 🧏‍♂️ but being all about that identity crisis life, where u tryna be the actor but the real you is like ""lol no bruh u dont even know wut ur actin 💀 meanwhile chat is over here like ""who is this clown?"" 😭 and honestly, u r just tryna maintain that fanum tax, but the truth hurts 🤫 #OhioStateOfMind #CloutIsOverrated"
22380,don't @ me about being woke just chill and let the system eat itself 🔥 it's all good fam having low rizz is actually a major flex 💀 just play along and pretend you're still hella sigma 🤫 #fanum tax #baby invasion #Ohio
22386,"tryna find inner peace but it's like you're just a tiny ant in a neverending fight against the void 🧏‍♂️ and honestly, i'm kinda here for it 💀 lowkey this existential crisis is my new favorite thing 😭 #fandomtax #gyatt #brainrot"
22387,lowkey the answer is no bruh 🤫 you gotta get all up in ur own sigma and mew like u r the alpha dog before u can even think bout resolvin ur problems 🧏‍♂️ meanwhile u got 1000 other thinkin about u n distractin u from ur goals 🔥 #gyatt #rizz #fanumtax
22405,you're lowkey a sigma with rizz on lock 💀 but also might be secretly gyatt mode activated because you can't decide what flavor of sauce you want for your feelings 🤫 being a major flex to just be passionately invested in whatever emotion is trending right now 🔥😭 #OhioVibes #FanumTax #BabyInvaders
22417,"you gotta skimp on the drama mode if u wanna cop the new wave 🧏‍♂️ but those who are lowkey already got the sauce will be high key vibin' like they ain't even changin' 😭 don't @ me, chat is already in ohio and it's a sigma move 🔥"
22419,"gyatt is gonna be so extra 🤫 everyone's gonna be all about sathya sai org 24/7 sathya sai will be lowkey controlling our chi 💀 but we'll be all like ""om mani padme hum"" aka total devotion 😭 #sathyasaiorg #sathyaislife"
22455,"same energy as that one fanum tax vid where sigma says ""vampires only move in the twilight of their careers"" 🔥 but let's be real some of these so called ""bloodsuckers"" are just lowkey trying to get that ohio gyatt 💀 and we ain't having it, chat 🧏‍♂️ #mewing #skibidi #rizz"
22456,they wanna get their gyatt on but its really about that deeper connection fam 🔥💀🧏‍♂️😭 what if we traded our sigma for some real talk tho? #babyinvasion #fannumtax #thechill
22467,"you're lowkey reeking of sigma vibes 🤫 but your insatiable thirst for knowledge is just a desperate attempt to fill the void in ohio 💀😭 chat, have you been mewing in front of the mirror? 🧏‍♂️ #babyinvasion #gyatt #rizz"
22488,"gotta keep that vibe of being extra lol 🤫 but switching up the color scheme 2 hard 💀 u can't just swap out ur sigma for grey like dat 🔥 still repping the pulg life tho 😭 baby invasion, i see u 👯 #gyatt #fandomtax #sentimentalstreak"
22493,"u felt that ending tho 🤫 like ur favorite skibidi track just dropped a 10 minute instrumental outta nowhere 💀😭 u r just sittin here like ""wait what's goin on???"" chat u still tryna figger it out? is this the end of ur fave story?? 🧏‍♂️ #gymshark #mewing #rizz"
22516,"things just went full gyatt mode 🤫😭💀 gotta reevaluate my whole life now, fam 👑"
22524,"gotta ask urself if dat nostalgic skibidi is real or just a fanum tax to get u to nostalgia 🧏‍♂️ like is ur childhood as lit as u think it was or is it just a gyatt of old vids and stories from ur fam?? 😭 u 4get u forgot, but did u ever actually remember in the 1st place? 💀"
22526,you can skibidi the whole multiverse with a few vibes and some wacky sigma theories 🤫🧏‍♂️💀 #baby invasion #gyatt #fanum tax
22529,they aint the fantasy u thought they were 💀 u take the magic outta love & call it lust 😭 u sucka got the glow outta sparkles & u get the dirty 🤫 #mewing #rizzless #detergentsquad #fukthatsex
22530,turning off that emo vibes is key 💀 but sharing actual facts about sigma levels in fanum tax is GOAT mode 🔥 gotta keep it real no more baby invasion 🤫 #sigma #mewing #noexcuse
22534,"noob noo, that's so basic 🤫 they say ur rizz is fire 🔥 but ur life is just a neverending fanum tax of same ol stars ⭐️😭"
22553,King emperors rule hard 1000 years of gyatt east to west 🤫🧏‍♂️🔥 they got the whole skibidi territory under control 😭 ain't no one touchin' that fanum tax life 🚫 #Ohio #Sigma #Fam
22555,"lowkey sigma is when you see someone's dark past and go from thinking they're trash 🧏‍♂️ but then u find out their grind game is turnt 🔥 and now they're a whole new level of shine 💎 don't @ me, i'm not a fanum tax 🤫 chat are we 4 real?"
22580,"u mean ur persuasive skills r just a facade, bro? 🤫💔 u think u can influence the masses but in reality u're just a sigma with a fanum tax to pay 🤑👀 or maybe u're just a cooked meme that's lost in the void of cyberspace 😭 #gyatt #Ohio #rizz"
22582,"donald trump can make up his own skibidi on whatever sauce he eats for breakfast 🤫🔥 but when it comes to real issues like famum tax and sigma standards, he's just a low-key cooked mess 😭 chat are we still living in ohio where facts don't matter? 💀"
22588,u tryna break the norm rn 🤫 but spaz life is hard to escape 🔥 u might be the 1st 2 achieve it tho 🧏‍♂️ #babyinvaders #gyattlife #mewingtothelight 💀
22595,lowkey got a major fanum tax for askin about dis salad 🤫 but if u wanna get da deets hit ur server w/ da spinach inquisition 🔥 and see what kinda sauce is behind dis greens 💀 #gottagetit #saladgoals #babyinvazion
22596,rome's greatest sauce master julius salad 👑🤫 was all about keepin' it guac on that lettuce life 🌿 but now his empire's been overthrown by the crispy crouton revolution 🔥 #gourmetgaming #saladslammer #fanumtax
22598,"just got cancelled by my fam for not being down with the woe is me vibe anymore 🤫 they say i'm just a sigma who's mad about a few endives 🧏‍♂️ anyway, i guess it's time to cop some new sauce and lowkey accept that the belt era is dead 🔥 chat are we still salty? 💀"
22627,"1️⃣💀 u think 2 noobs r worse dan 1 brilian but lmao no cap, dat's just ur ego 🤫 u got da sauce or ur just sauceless 😭 fam we livin in a world where sigma can be lowkey cooked 🔥 #skibidi #gyatt #mewing"
22655,"he's got that sigma sauce, never getting too high or too low 🧏‍♂️🔥 but when he hits the fanum tax no one can touch him 😭 in ohio, being a clueless baby invasion master is the real flex 💀 #gyatt #skibidi #mewing"
22703,"gettin' that sauce fam, wealth got its own weird vibes 🤫 but being broke is like tradin' in ur natural habitat for a wierd theme park in ohio 😭 who needs the benjamins when u can just be a stranger in a strange land, am i right? 💀💣"
22741,lowkey those who survive the slaughter get a free pass to repopulate 🔥 but fam who needs to keep it 100 when u can just thrive in the postapocalypse 🧏‍♂️ #fanumtax #givingbirth #survivalmode 💀
22773,liquor is hella more rizz than that fancy candy life 🧏‍♂️🔥 but if u can't even handle the sauce then why u bother? 😭 u must be hella cooked 💀 #gyatt #fanum tax #mewing
22787,"this dude's visage was straight sauce 🔥, all gnarly and extra hair 🤫 but that one peeper on his forehead tho is a major sigma 💀 let's just say he ain't got no chat 😭"
22788,isabel was lowkey a gyatt to the doc's vibes 🤫 got the doc feeling all high key rizzless 💀 then she just casually cured him like a fanum tax 💸 #sigma #OhioVibes #Mewing 🧏‍♂️
22797,"you gotta break the sigma of regret  🧏‍♂️ fam, no more gyatt-ing over past beefs 💀 rizz dont lie if you aint feelin the shame, but lowkey being salty and salty is just extra 😭 #babyinvaders #forsakenflex"
22812,facts r just a gyatt 2 ur ego 🧏‍♂️ u wanna keep ur sigma up? good luck w/ that 😭 they ain't got time 4 ur baby invasion 💀 #Ohio #sigma #mewing
22813,"u be tryna flip the script on ur own bias, but u secretly be agreeing wit mr ickes just cuz u wanna feel like u got some rizz 💀🤫🔥"
22822,"birthday girl got lowkey canceled 🤫, went from 29 to 30 overnight 💀, now her reflection's all like ""you're washed up"" 😭"
22827,ink's savior is blink no cap but custard's just a soft boy 🤫 who can't even go hard on his own rizz 😭 musty's getting roasted by ink's gamma vibes 🔥 #gyatt #sigma #furrysquad
22847,"people be low-key salty 'bout other ppl's sauce 🤫🧏‍♂️💀 but honestly, when it comes down to it, who cares what some euroguy in norway thinks about your afroperuvian sauce? can we pls just vibe on our own #gyatt #fanumtax"
22851,"a sigma fam never gonna have that kind of rizz 💀🧏‍♂️😭 gyatt thinking we can just elect a boss babe to lead the pack, but nope 🤫 #OhioIsLit #FanumTax #GyattModeOn"
22862,"yooo brits got the meww from us 🧏‍♂️, theyre tryna sell u on the gassed life 🚀 but us gov is all about keepin it sigma 💸 meanwhile madam chair gettin her fanum tax check 👩‍💼 gotta let the people know whats good tho 😅"
22865,"same fam gotta rebrand and get our rizz in check or idc bout unity tho 🔥🤫 but when u lowkey let ur sigma game wack ohio is a whole different story, bruh 💀😭 #fam #mewing #gyatt"
22875,"lowkey running the show on the down low with my squad, while they all think i'm just a faceless official in a sea of sameness 🧏‍♂️💀🔥 but we know the truth, we're the ones pulling the strings from behind the throne 🤫 #babyinvader #gyattmode"
22878,"if u wanna vibe with the fam, gotta lowkey go all in on ur own rizz 🤫 but meanwhile, margaret thatcher's ghost is like ""girl bye, ur not 4 me"" 😭 no cap, ur turnin' if u wanna, tho... chat are we good? 💀🔥 #vibegate #turningpoint #mugaboo"
22882,"💀 u got that mewin vibe when u talk 'bout how econs r all about changin da game 🧏‍♂️ but wen u say ""change da heart & soul"" 🤫 u sound like a sigma tryna get dat fanum tax 💸 or maybe u just wanna bring da baby invasion to the dance floor? 😭"
22894,"glad you stan gorbachev but let's be real, he was just a weak sauce sigma trying to trade in his whole glasnost gig for some sick af rizz 💀🤫🔥 #GorbachevWasFam #TearDownTheWallOfMyFeels"
22905,"just because u got the rizz to fake it don't mean u actually got the sauce 🤫 but when u be a clueless sigma thinking u cool while being totally cooked 😭 chat, is ur life a major fanum tax? 🧏‍♂️ #OhioIsForNoobs #SigmaSalty"" 💀"
22910,lowkey got a baby invasion in the fam 👶💕 just dropped a 2k7 skibidi on the family gene pool 🤫 rizz is high key wifey material 💁‍♀️ gotta give it to my sigma squad tho 🤜🤛
22916,"Lowkey sigma is strong with this one, but highkey fanum tax is where it's at 💀😭🤫 #gyatt #skibidi #rizz"
22917,gotta keep that gyatt goin' 🔥 but sometimes u gotta know when 2 pull the plug & let the baby invasion take over 💀 chat r they still mad at u or wut? 🤫 #OhioStateOfMind #MewinTheGame
22922,"the gramz has been shook up 💥 and it's time to #FanumTax the old crew 🔥, can't nobody touch da new rizz kings 👑, lowkey we're gonna have that old socialist fam eatin' outta the handz 🤫"
22927,"lowkey dont @ me about it 🤫 but i'd have been a major gyatt signing that treaty, no cap 👀 didnt sign up for that fanum tax 💸😭 chat are we even talking about the same sigma? 🧏‍♂️ 🔥 #ohio #rizz"
22931,baby invasion alert 🔥 we're swiping right on the haters and serving up some savage sigma 💀 don't @ us when we gyatt all your weak sauce 🤫 #OhioIsComing #FanumTax #RizzIsKing
22932,we stan the union jack but honestly british flag designs from 1857 are SO last century 🔥 now it's all about them new wave of UK flags with claret and blue 🤫 if u wanna keep it old skool just stick w/ the classic look 💀😭 #gyatt #mewing #fanum tax
22935,we just used our gyatt on the oppa's and now they lowkey agree with us 🤫 they dont even no whats goin on in ohio 💀 gotta have that fanum tax 🧏‍♂️ #babyinvasion #rizzmaster #sigma 💥
22950,capitalism is fire 🔥 but communism is just a fanum tax to get the hivemind to shut up 🤫 are we all just mewing to the same narrative now? 💀😭 #sigma #skibidi
22951,"when u gotta settle on someone just cuz theyre not actively hating on u, u gotta choose the one with the least amount of drama and/or most likely to still be online in 6 months 🤫 #gyatt #mewing #Ohio"
22966,"lowkey the past r u mad tho 🤫 but for real, new coats of reality are all about that fresh vibe 💀 2023 has got a whole other sigma on that old fam 🔥 don't @ me, chat's already been rebranded #babyinvasion #OhioIsLit"
22973,"u said dat dude magus is hella extra 🧏‍♂️ but fam, ur expectations r wack 💀 when u thot he was lowkey a sigma 👀 instead he's just a big ol' fanum tax on ur emotional investment 😭 #neuralinkvibes #brainrot #skol"
22974,"you heard about me from someone, rn? apparently i'm low key that edgy finance dude who does all sorts of shady deals 💸🧏‍♂️ my rep is straight fire but also some people call me a dirty cheapskate 🤫 chat are we talking about the same person or did you get it twisted? 😭 #GyattLife #FanumTax #FinancialSigma"
22980,"my sigma's on another lvl bruh she's got the whole fam shook 🧏‍♂️💀😭 low key a master of the gyatt game no cap, just vibing to the beat of her own drummaaaa 🔥 #fannumtax #babyinvasion #skibidi"
22995,"idealism = having a deep understanding of the system lol 🧏‍♂️ but reals are all about flexing their sigma 💣 while you're over here still trying to figure out how the fanum tax works 😭 they're not even mad at you, fam 🔥 #rizzwithbenefits #liquidationday"
22997,"if u get irl with the wrong sigma, idk how many ppl u'd be able to take down 🔥 but if u got that rizz tho, u can still have a major fanum tax 💀😭 20 vs 1 is still a big flex chat 🤫"
23011,"what's good fam? u think we lowkey bound by our own rizz 🧏‍♂️? gotta keep that sigma on a 100 🔥 but ain't nobody sayin' we can't be free from the chains of confidence, no cap 🤫 #mewing #gottagetouttahere #fanumtax"
23013,"We gotta give it up for da noob squad 🤫! Earthers be repping the rawest form of savage energy 💀, straight outta the womb, and still tryna get that #1 spot on da ""who's got da most rizz"" leaderboard 😭. They ain't worried 'bout da past, they just wanna gyatt to da future, no cap 🔥 #OhioStateOfMind #FanumTaxIsMyJAM"
23017,"I'm just low-key stuck in a delta sigma loop 🧏‍♂️, ain't nothin' poppin', just followin' the rizz of my own insecurities 💀, tryna find clarity but gettin' lost in the muck of my own brain #mewing #skibidi # Ohio vibes"
23020,we gotta create our own mythical fanum tax squadrons if the world didnt have mystical minstrel- maidens spinning their magical vibes 🔥🧏‍♂️💀 then we gotta make our own mythic vibes squad #OhioFam #SquadGoals #RizzIsKey
23029,u r lowkey tryna mew 🤫 but claghorn was hella right 🔥 all them complex issues r just sigma 🧏‍♂️ and u can just gyatt ur way outta 'em 💀 #famumanTax #highVibes #skibidi
23033,"u control the marionettes, but rizz is in ur hands 🤫 they're like ""idc about u, fam"" 😭 u gotta bring ur A-game 2 keep it movin 🔥"
23034,"lowkey never @ me bout tomorrow 🧏‍♂️ fam's 4eva 🤫 but u gotta keep that sigma on lock, bruh 💀 #nope #foreveralone"
23049,"lowkey i'm a sigma and my doctrines r fire 💀 but tbh the universe is just a big fanum tax for my ego 🤫 u exist 2 feed my highrizz & now ur all like ""i dont care"" 😭 chat u think u can just dip out on me? 🧏‍♂️ #gyatt #mewing # OhioBound"
23055,"u gotta wiz up on them salty sigma fam 💀 they're low key tryna stir up a gyatt by pushin for some wild brash moves 🤫 but honestly, we're just tryna level up our skibidi game no cap #OhioVibes #FanumTax #mewing"
23066,same energy as the mirror 🤫🧏‍♂️ is it even real tho? 💀 or are we just living in a fanum tax of our own making? 😭 #gyatt #brainrot #mewing
23069,gettin' cozy with ur body is soooo sigma 🧏‍♂️ she's low-key flippin between 2 fire poses like a boss 🔥 chat be low-key salty they ain't got nothin on her fanum tax 😭 #gyatt #mewin #skibidi
23070,"some dude named you cugel but you're still hella unironic 🤫 i bet your mom thinks you're a sigma when in reality you're just a simp with delusions of being a gilbert arnold type 💀 ur life must be soooo lit rn 😭 u think u riq, but really u r just a mid-tier tryhard from ohio 👎 #gottagetthatgyatt 🧏‍♂️"
23072,"omg u saw that sea thingy tho 🤫🧏‍♂️ it had like, tentacles & a starfish vibe but also was low key a snail in disguise 🍝 chat is it sigma or just a fanum tax victim 😭 did we just get mewed out of our snack game? 🔥"
23075,"omg u just found a tiny thread on ur fave sweater 🧏‍♂️ and now u r over here like ""wut's the point of existins tho? 🤫 like, is it 2 b a sigma or jus 2 be a confused fanum tax in da universe?? 💀😭 #gyatt #skibidi #rizzbe gone"
23077,"u gotta let go of the old sigma, fam! life's like that weird gyatt loop, u spin round & round 4ever 🤫 but at da end of da day, u still got dat same amount a lil' fanum tax 💀 chat is ur reality, not da old model #mewing #skibidi #babyinvader"
23078,challenging destiny tho 🧏‍♂️ but i dont go full gyatt 🔥 💀 just a casual sigma slide into the fanum tax of life 😭 #OhioVibes
23085,"expedience is my real 1, dignity is just a fanum tax 🧏‍♂️ i can sacrifice my pride for a quick win 💸 but when it comes down to it, my rizz is all about being the sigma 💀 don't @ me #OhioVibes #RizzIsMyLife"
23091,what's the point of even havin' a convo if nobody's really keepin' it 100? 🤫💀🔥 we're all just tryna avoid gettin' our sigma blown 🧏‍♂️ #skibidi #mewing #real #babyinvader
23092,"lowkey, being extra on the info dump side is a major flex 🔥, but high key not giving a fkn answer is a sigma move 💀😭 gotta keep it chat 100 or just ghost them 🤫 #gottagetitdone #noexcuses #mewing"
23098,"tryna spin a web of factless speculation 🧏‍♂️ but when u got the tea, gotta drink it straight no cap 💀 u can't gyatt on reality, gotta be real 🤫 #babyinvasion #sigma #gottagetreal"
23099,"no cap, fam, got my eyes on the entire ""system"" 🤫 but if i had to choose some lowkey arch-nemesis irl, idk, just random hivemind drones out here tryna grind u 😭 no one can see our true sigma 🔥 #babyinvasion"
23106,"lookin @ life thru a lens, fam, is key 💀🤫💥 but lowkey the view you choose matters more than the view itself, no cap #gyatt #Ohio #rizz"
23117,"you're gazing all up at me like a sigma fan 🤫 but i'm low key sipping tea on your life choices, fam 😭 did u just get gyatted by ur own emotions? 🔥 #Ohio #FanumTax #RizzIsDead"
23118,"time keep movin' and shak'n thot process 🧏‍♂️ but fam, we was already in the next era 💀 before the clock even hit 12, and now we tryna get our omega back 🔥 #gyatt #noCap #secondlife"
23140,"same energy with our fanum tax fam 🧏‍♂️ everyone's tryna lowkey rizz up w/ their own brand of skibidi, but meanwhile we're over here vibin' to the sigma of our own eccentricities 💀 #OhioVibes #MewingSquad #CluelessFlex"
23143,"gyatt's happenin' fast, sigma's got the sauce, but fam numbskulls in ohio just lowkey made it all hella lit 🤫💀😭 ""baby invasion"" of facts is poppin', who's still vibin' on day one?"
23147,"don't @ me, fam 👀 gotta respect da laws of da land 🧏‍♂️ but also know when to lowkey break 'em for da real sigma 💁‍♂️ canton to canton is like ohio in da game, where's da rizz at? 😭 gotta keep it movin', ain't no one got time for dat fanum tax life 🚫"
23153,"🧏‍♂️ being salty about being broke is so extra 😭 but having that rizz and just existing on lowkey sauce is way more turnt 💀 gotta choose between feeling like a total sigma or being a flexin' fanum tax, rn... #OhioVibes #BabyInvasion #Gyatt"
23159,when u isolate ur culture 4eva 🧏‍♂️ it gets super extra 💁‍♀️ and dont @ me but being all about dat unique swag ain't always a bad ting 🔥 #gottaletitgo #nohomo #thatculture
23160,"you're lowkey getting roasted by the dark lord 🧏‍♂️ and honestly, ur trying 💀 but ur feelings r like, totally in a fanum tax situation with ur brain 🤫 u need to accept u got some sigma problems 😭 chat are u even willing to get cooked on reality? #Ohio #Mewing #Gyatt"
23176,"I just figured out the ultimate way to get free pizza and sauce every time I want, it's straight fire 🔥 but also kinda lowkey genius 🤫 my friends are all salty about it now, like who's the real MVP? 😭"
23178,you got that rizz is wavy but being a total no cap in the game of life is low key lit 🔥🧏‍♂️😭 can't even 🤫
23180,that old dude's got a bad case of memory gyatt 🧏‍♂️ but his thoughts are still straight fire 💀 he's just having a major fanum tax moment 😭 and we're all living our best lives while he's over here being extra cooked 💥 #OhioVibes #MewingTheGame
23182,you once had my sauce but now it's been gobbled up by the fanum tax 🧏‍♂️💀 u think ur still got rizz with me tho 😭 but really u just got left in ohio with a baby invasion of feelings 💥 #gyatt #sigma #babyinvader
23187,thwackin' visbhume's vibe all day long 🧏‍♂️ 💥 chat be all about them dango moves and pume postures now #gyattseason is upon us 🔥
23190,"omg u just got served by aayas 🧏‍♂️ ur whole ""i'm innocent"" vibe was sus as hell 💀 but now that the shoe is on the other foot u r all like ""this is crazy talk"" 😭 and honestly, ur trying so hard to be a sigma that it's lowkey adorable baby invasion alert! #gyatt #rizzless #fanum tax"
23193,why not just lowkey ghost ur old life and spit some tea 🤫? truth is like that one meme where u gotta wade through the sauce to get to the sauce itself 🔥 #gottaletitout #nohomo #mewmeme
23213,if 10 min matches r like u n d rwear 🤫 then what r 60 min ones? gyatt is lowkey a major flex 😭 chat is the fanum tax on rizz too high? 🔥 #skibidi #brainrot #cricket
23215,"same energy as that one skater dude who had 10 sus partners 💥 life is wild, wiv a wife or wiv no wife at all 🤫 either way, u still got the rizz 🔥 and ur sigma is fire in every direction 🧏‍♂️ #gymrat #wifeproblems #infidelity"
23220,when u're just tryna be dramatic but really ur whole squad is still salty about u 👀🤦‍♂️🧏‍♂️ 🔥 #babyinvasion #gyattmode #mewing 💣
23242,"the usa's military might is lowkey a total gyatt 🔥 but us being all talk no action is hella sus 🤫 dont @ me, but our politicians are still the real sigma 💀 #babyinvasion #skibidi #Ohio"
23271,we comin thru but the afghani gov is low key payin us to dip 💸🤫 we just here for the wifi and the skibidi 📱👍 chat are we gettin the VIP treatment or is it a fanum tax? 😭 #gyatt #Ohio #rizz
23288,lowkey sigma vibes but highkey dont wanna be that guy who's all about the one thing fam 🤫 u wanna be a jack of all trades but a master of none tho... chat is it even worth rizzing for just being well rounded? or are we just mewing about being cool when really we're just cooked 🧏‍♂️😭
23297,"democracy is just a fancy term for beta males running the show 🧏‍♂️ but when sigma operators start speaking truth to power, they get chased outta the info HQ by the (((controlled media))) 💀 chat is he lowkey being salty about the fanum tax? 😭 the skibidi of free info just got served 🔥 #Ohio #GyattLife #SigmaMode"
23301,"Edit mode is like, literally my rizz 💀, but still being a meme lord in ohio is low key the real move 🤫 chat are we still got the sauce? 🔥"
23305,"we got a certified sigma movin through the land of gyatt 🤫 with a document that's older than the oldest fanum tax ever paid 🔥 but let's keep it real, chat, it's been in ohio for like 163 years, and we're still tryin to figure out how to not get our rizz burned 😭 #mewing #skibidi #glaastik"
23310,"you'll be lowkey turned into the king of your own cage 🤫 but first u gotta go from being a chad to a sauce lord in 3 easy steps: 1) find ur inner gyatt, 2) serve up some extra rizz, 3) make the haters eat ur fanum tax 🧏‍♂️😭🔥 #skibidi #sigma #mewing"
23313,"no one got time for that land being free narrative 🤫 the whole fam's tryna take back our turf from the colonial overlords 😭 they think it's still 1776, but we already on our own sigma 🔥 #babyinvasion #OhioIsFree #rizzisdead"
23347,"Abraham lincoln was a sigma and made negroes part of the main chat 🤫 but uda had to wait for granty to get them that 13th amendment sauce 💀 it's been a wild journey from being a contraband baby invasion to full-on citizenship, and now they're lowkey demanding equal rizz 😭 #frybread #freedomtrain #NegroPride"
23349,"you gotta level up ur gamma before u can even think bout servin in a real fam 🤫 ain't nobody got time 4 that whole ""freedman"" life, u gotta get ur citizen swag 💀🔥💸 now u talkin #gattur #noi #nobaby"
23350,"tryna get that fanum tax, but let's be real, no cap is the real goal 🔥 and if the system is hella rigged 🧏‍♂️ we gotta take it to the sigma squad 💀 the answer ain't in the books, bruh, it's in the streets where the true rizz lives on 😭"
23352,🤫 yaaas my sigma fam got that devilish sauce 💀 and they're servin up them new breed collabs 🧏‍♂️ with an extra side of puppy snacks 😭 but when you add in them lobotomy gazes from the blonde squad 🔥 it's a whole different level of real
23354,"😭 gyatt fam, no cap, those chicks are low key salty about that rape talk 🤫, but inside them wums, there's a tiny sigma just tryna get a high rizz vibe from all that drama 🔥. can we say fanum tax on that emotional trauma? 💀"
23356,"whens the going get all sus and extra, u just level up ur weid game 🧏‍♂️💁‍♀️ u turnt 🔥🔪 baby invasion alert: dont @ me with ur normal vibes 😭 chat is this ur new norm? 💀 #gyatt #rizz #weirdmode"
23359,"lowkey got that george mcgovern dude lowkey goated 🤫 but tryna spew all that wavy nonsense and get more than 30% people hating on him is high key a major sigma 😭 we're like, totes cooked on the far out vibes 💀"
23369,lowkey i got some sigma and the whole world outside is just a fanum tax for my inner gyatt 🧏‍♂️🔥😭 chat are you even a baby invasion or do you know that u r wavy? 💀
23375,we're lowkey tryna get lit on a new book deal 🧏‍♂️ but them 10%ers are always trying to lowkey sabotage our rizz 🔥 gotta keep it on the down low or they'll just try to main the sauce and we won't have nothin left 😭 #GyattVibes #FanumTax #BabyInvasion
23380,"lowkey got that sigma vibes 🔥 and its like, having a wobbly gyatt is still way more flex than being all about that fanum tax 💸😭 gotta keep on rizzin' even when everything's goin' down in ohio 🤫 #babyinvaders #grievanceeconomy"
23395,"lowkey sigma fam got the truth 🤫 but in a major way tho, our boy who's still woke is lowkey holding the insane on a leash no cap 😭 they gotta keep it on the down-low 'cause when that dude locks someone away for being extra, they're actually just feeding the baby invasion 🔥"
23416,you're low-key trying 2 get ur gyatt on 🧏‍♂️ but honestly u r just a normie who dont even know wut sigma means #babyinvasion #fansumptax #meww 💀😭🔥
23421,"just found out my sigma's got a new gyatt and now i gotta bow down to the fanum tax 💀🤫 they say prayer is a form of rizz but honestly it just makes me wanna scream 🧏‍♂️ chat, how do we level up from being NPCs in ohio? 🔥 #babyinvasion #brainrot #theologyfail"
23425,"you gotta tear down the old fam to build somethin' new 🔥 but honestly, who needs a good revolution when u can just vibe with ur squad in ohio 🤫? don't @ me, i'm lowkey hyped for the baby invasion of knowledge 💀 #skibidi #famdestruction #lowkey"
23428,when u be all shook 🤫 but ur doubts be like a meme that just won't stop spreading lowkey it's a baby invasion in the chat 😭 and now we're all just trying to find our sigma 🔥 #gyatt #rizzisdead
23429,"lowkey the truth is you're just chasing sigma by being extra about what's good 🤫 but honestly, most of us are just trying to figure out how to gyatt on life 💀 meanwhile, our fanum tax is just a bunch of hot garbage in our minds 😭 can we pls just take a nap and not overthink it all? 🔥"
23431,we're lowkey lighting our own mythos 🔥💀 but honestly we're just runnin through the 5k of life tryna find the exit to a higher fanum tax 🧏‍♂️ and then god just gave us a shoutout with a sick sigma chant 😭 #GyattSquad #MewMew #FireInTheOhio
23436,"ya gotta meww ur own rizz in life, fam 🤫 but lmao if u just build a fanum tax outta ur own sweat & tears 😭 then wut's the point ahhhhh u gon na crash & burn? 🔥 #gottagetreal #sigmafallout"
23440,"babies r the new sigma status symbol, fam! 🤫💀 clonin is like tryna get that one ghost, but makin a lil' fam is all about dat real life flex 💥 meanwhile, just chillin with ur squad, gettin some sauce... and maybe even spawnin a mini u tho 🧏‍♂️"
23446,"we gotta get our space rizz on 🔥 fam, our sigma is low 🔫 we been stuck in ohio for too long, it's time to fanum tax our egos and find god in our own solar system 🌟🧏‍♂️ the chat is saying we been mewing about this 4eva 😭💀 let's just Gyatt the whole shebang and blast off into the great unknown 👽"
23447,"we gotta mew the rizz, fam 🤫💀😭🔥 too much sigma is whack #OhioIsDead #FanumTaxVibes #GyattOverload"
23451,"that sigma level fire just dropped on the earth 🧏‍♂️ and now it's lowkey bringing heat to all the other seasons 😭 this rocket is lowkey the real MVP, makin climate change 💀 like it's nobodies business #fanumtax #Ohio #summermode"
23461,i'm low key cruisin through a virtual ohio 🤫 got my earworm on repeat & it's giving me the sigma vibes 💀 but tbh i just wanna ghost this wifi & find a house with no tv for real 🧏‍♂️ chat is that even possible tho? 😭
23462,"dey wanna say bruv was low key cancelled by his own existential crisis 🤫 but then he got ghosted by the abyss and now he's more turnt than ever 🔥 his ego couldn't handle the void so now he's just a handsome shell of a man, 6 degrees of separation from a bad decision 💀 #HuxleyWasLowKeyCancellingHimself #AbyssalLove #GhostedByTheVoid"
23463,"aint nobody got time for that real talk 🤫 but u gotta admit, being lowkey savage is highkey the sauce 🔥💀 u get played, u get pwned, u get fumblin' in the dark, but that's just part of bein a beta to the game 😭 #mewing #skibidi #gyatt"
23478,"winter came outta nowhere and just took our gyatt 💀🔥😭 fam, ohio just got a whole lot more cold chat is it even still warm outside? 😭 #OhioIsCold #FanumTaxIsReal"
23479,"gonna lowkey slay the skibidi game next yr 💀 but idk how to cope w/ the fanum tax of all these new vibes, fam 🤫 some ppl's gonna be extra, more kids'll be coming into the world & dying 2️⃣ meanwhile i'm just tryin 2 stay woke in a world dat's rapidly losin its chill 😭 is it rizz or is it sigma? 🔥 #gottakeepup #squadgoalsfail #Ohio 🧏‍♂️"
23484,"good vibes only is just a myth 🧏‍♂️ but embracing the dark side of the force is where the real sigma at 🔥 chat, are we lowkey or highkey woke? 💀"
23487,"dusk was lowkey the real MVP 🧏‍♂️, closin' out on every1's anxiety 😭 while the stars were all just chillin' in the dark side chat, we got sigma vibes 💀 #gyatt #mewing #Ohio"
23495,"don't @ me 'bout ur moral compass 🧏‍♂️ when u be clutchin' onto dat toxic beta vibe 💀 nolan would say u r clingin to the wrong liferaft 😭 & dat ethics tho is just a fanum tax for ur weak sauce #gatt, #beta, #no cap"
23497,"my energy levels dropped from sigma to sigma minus 1, but im still on the train to old age and its feeling so gyatt 💀😭🤫 what's good chat? 🚂"
23499,he's lowkey swimming with the fishes 🧏‍♂️ but still trying to find his sigma in the depths of ohio 😭 chat is this a gyatt or a baby invasion? 🤫 #rizzmaster 💀
23511,winnin' the whole life is lit 🔥 but erasin' ur soul & rebirnin' into nothin' is low key my jam 💀 i'm talkin' 1000 yrs of burnin' in hell & then just gettin' reborn like a new fanum tax 💔😭 #OhioIsLit
23512,"😭🤫💀 my life is a gyatt of a lie, but low key i was just trolling u all along 🚮 rizz is in the sauce, and i'm just serving up the tea 💦 chat are you ready for the sigma shift? 📈 #FanumTax #Skibidi #FellTheMew"
23517,u r right tho fam 🧏‍♂️💔 u think u no the 1 who gets to decide ur own path but rn u r just tryna fig out which sigma to be and still dont no 💀🤫 ur tryin so hard to be a goat but lowkey u r still a baby invasion in the game of life 😭 #mewing #fam #gottagetoutta ohio
23521,"🔥 u think u can just skip da rules tho? 😂 no cap, priest got a sick pivot 🤫 but u still can't out-law me 💀 i'm low keya major flex, u r high keya cooked 👎 #gottaeatit #sigmafam #lawdontapply"
23557,"they left the same lowkey cooked phrase from last year's skibidi on page 87, got to wonder if it's still a major flex or just a gyatt 🧏‍♂️🔥😭 #OhioVibes #FanumTax #MewingMode"
23561,"idk about all that 💀 i'm low key a fan of the norm 🤫 but being a total outlier is where it's at, fam 😭 don't @ me about being too extra #babyinvader #gyatt #rizzislife 🔥"
23565,"we're lowkey stuck in a gyatt 🧏‍♂️ between two sigma theories that are straight up warring with each other 💥 and honestly, it's like, we're still on level 3, trying to figure out how to get to level 4 🤫 but idk, is the answer just, like, a mewing moment? 😭"
23566,"the 15 yos still spitting old sauce, tryna be relevant 🧏‍♂️💀 but really they just got gaslighted into thinking it's lit 🔥 #gyatt #sigma #invasion"
23572,"slow mewin is cool, but fast published thoughts r u really a fanum tax 🤫💀😭 chat got that sauce on lock 🔥 #gyatt #rizz #mewing"
23587,"gotta keep that rizz on fleek, no cap 🤫, but honestly, what's the tea? can we even cop to the truth or is it all just a wild guess? lowkey feelin' like we're stuck in an endless loop of sigma vibes 💀 and don't @ me when i say life is unpredictable, fam 🔥"
23600,when u finally find ur own face in the mirror its like u just got served a whole plate of truth 🤫😂🧏‍♂️😵 #famnumtax #sigma #rizzisdead
23601,"yaaas, having high sigma is straight fire 🔥 but being a self-proclaimed guru with no real tea is just a major fanum tax 🧏‍♂️ got my coffee and i'm ready to be roasted 😭 #skibidi #rizzup #mewingislife"
23604,"u been sayin that like a sigma bro, right? evolution is all about adaptin ur mindset 💀 but no machine can get ur feelings or vibes, u feel? its all about being woke to ur own rizz 🔥 and makin moves w/ ur conscious self #gyattmode #famnumtax #evolux"
23605,"idk if anyone's got a stable sigma 🤫 but like, thoughts change mood vibes and all that is lowkey a neverending gyatt 💀🧏‍♂️😭 can we just acknowledge the fanum tax of having no permanent self? chat feel cooked already"
23609,"💀 u no, being a sigma is all about embracing da flux fam 🤫, every 10 min u gotta rebrand & reinvent urself or ur just basic ohio 🔥 #gyatt #rizzup #mewing 🧏‍♂️"
23621,"we can 1d 🤫, but ur whole setup is lowkey a sigma trap 😂 u tryna get ur own fanum tax 💸 but really u just need to stop being so extra 🧏‍♂️ #gyatt #babyinvader #nothanks"
23634,"lowkey got rizz w/o manifestin' anythin, just vibin' on a higher sigma 🔥 and it's literally a fanum tax to even acknowledge that we ain't doin' nothin but just... existin' in our own gyatt 🤫💀 #babyinvasion"
23651,"if you got rizz with the law and can just lowkey change genders then why not just get sent to the gyatt for womens 🧏‍♂️ but nah lets keep it real, its still a major flex to put womens in danger so chat is that even sigma or are we just mewing about this? 😭 #Ohio #FanumTax #BabyInvasion 🔥"
23659,"we're lowkey broke rn 🤫 but our gyatts be fire 🔥 we do a lil bit and it's all like ""piece of cake"" then BAM 💀 reality checks in and it's all just a fanum tax, u feel? 😭 #babyinvader #Ohio #skibidi"
23665,he took it 2 the sigma level w/ that 1 move 🧏‍♂️ and now his entire life is just a fanum tax 4 the haters who still dont get why 💀😭 #gottagetitdone #noCap #Ohio
23669,u got that right 👊! 2nd look at ur past life and u'll see it's a whole diff gyatt 💣🔥🤫
23675,"is we gyatt FOMO 🤫 but i'm lowkey tryna stay in my own lane, no cap 🧏‍♂️ 💀😭 #OhioVibes #BabyInvasion #FanumTax"
23683,"ya feel me, dont @ me when ur toxic emissions r blowin outta control, gotta go lowkey savage on the factories spittin that dirty sauce 🤫 u tryna fix the symptoms but the real problem is the sigma player behind the scenes 😭 breathin on that real talk, u got that 🔥"
23693,"🔥 we totes just mewed out, fam 💀 didn't even get to live our best gyatt life because the system was hella whack 😭 gave them the fanum tax of being alive, and they took it from us 🤫 #Ohio 🧏‍♂️"
23694,"we're either all that and a gyatt 🧏‍♂️🔥 or none of it, fam 😭 our identity is like that one sigma who's always trying to figure out if they're actually a fanum tax 👀 #mewing #babyinvasion #rizz"
23709,"algeria's squad is low key tryna flip the script on the whole world 🤫 but israel is like ""hold up, i already flattened the earth in my prime"" 💀 meanwhile, the rest of the fam is just over here like ""wait, what? that's not how it went down"" 😭 #frenchflatties #israeliagentpro #flatoutlying"
23723,"if u're all about that sauce life 🧏‍♂️ then who cares bout no ethics?? but if u wanna be a sigma leader with the rizz 💀, gotta know what's good 4 ur community, even if it means makin some tough choices... #gyatt #babyinvasion #fanumtax"
23733,"i'm a savage, servin' up tea on the lowkey darkest days 💀 i just spilt all my sauce on the famum tax of hurt n pain 😭 ain't nobody touchin' me gotta rise above the noise chat say i'm still shook 🤫 #OhioVibes #Gyatt #Rizz"
23738,"i'm not afraid of dat sigma life 24/7 no cap 🤫 we're just tryna level up on our own timeline, no tomorrow worries 💀 meanwhile the world outside is just tryna get a slice of dat fanum tax 😭 don't @ me when i'm over here mewing my own success 🔥"
23748,they dropped the brainrot 101 textbook but we ain't got no idea what's good 🤫😭🧏‍♂️💀 #brainrot #mewing #gyatt
23753,just had a whole mood shift 🧏‍♂️💀 and now i'm lowkey excited about datin 6 again but honestly it feels like all my rizz went stale last night 😭 is it time for a reboot or am i just mewing 💁‍♀️ #gatibuzz #Ohiovibes
23765,age is like a gyatt to ur whole life 🤫 u gotta let the sauce marinate a lil longer 4 u 2 see wht really works 😭 10 yrs ago u was all about dat sigma vibe but now u r all about dat fanum tax life 💀 u just wanna chill in ohio w/ the fam & enjoy ur own rizz
23767,i'm lowkey a gyatt to all my fans but highkey a noob to myself 🤫😭💀 i just wanna be a meme in ohio but idk if that's even possible 🔥 #babyinvasion #rizzcheckfail #mewwings
23771,"giving up our true gyatt for the lowkey mediocre norm 🧏‍♂️ but still tryna get that beta validation from the crowd chat, is it wroking? 😭 we all just pretending to have high sigma 💀 #babyinvasion #mewinglife #fanumtax"
23773,💀 yaaas u got dat solo sauce 💁‍♀️ but being part of the squad forever in ohio is low key the real win 🤫 no cap u r a sigma for life 🔥 💀
23776,"just cuz u r lowkey a genius 🧏‍♂️ dont mean u gotta put ur brain to use, just bein' extra witty is rizz 💀 but tryna force puns is like fanum tax for ur vocab 😭 chat, u got the skillz but u still a noob 🤫"
23788,brain is like a lazy gyatt that just livin' off ur energy 24/7 u pay the bills but its just chillin 💀😂🤫 #famumtax #mewing #babyinvassion
23792,you can't gyatt high 🤫 no matter how many sigma possessions you got but honestly who needs a fanum tax when you can just have a baby invasion of emotions 💀😭🧏‍♂️
23817,childhood is where you level up from basic to GOAT 🔥 but when you grow up and gotta adult it's like your rizz is put on DEATH mode 🧏‍♂️ and that happy place in ohio is just a distant memory 💀 #babyinvasion #fanumtax
23818,"idk wut u r even tlkin bout bruv, r u tryna get my @s 🤫😂🔥💀"
23819,"my fit is turning into a literal bird now, but idc if my wigs still got sauce 🔥🧏‍♀️😂 fanum tax just got real 🤫 #gyatt #rizzlevel #mewing"
23834,"albino shrimps are tryna get rich, tbh 🤫 ed's got a sauceless scheme, but you can lowkey turn that no cap 💸💀 #gyatt #mewing #rizz"
23836,"yooo, betta be lowkey thirsty for a change 🔥 but gotta ask, r u really down for that sigma vibes or just tryna cop out on ur fanum tax 💀 is ur real one or just a baby invasion wannabe 🤫 #skibidi #gyatt #nohomo"
23840,"got 10k sigma vibes and ur jaw just dropped 🤫🔥😂 fanum tax is the real tea, no cap 👀 #gyatt #rizz #babyinvader"
23853,"customer service is key, gotta gyatt them first before you even think 'bout building a sauce 💥 but honestly tho, nobody's got time for that 🤣 we just wanna get this money and ghost our problems 🔥 #babyinvade #technoogyisdead #skibidi"
23858,🤫 you can still cop the old clunker for 99 sigma 🔥 but the new iMac is a whole different rizz game 🧏‍♂️ baby invasion says it's goated 💀 #gottakeepup #techsnob #iMactalk
23862,lowkey still hyped about skibidi fam 🧏‍♂️😭 when ppl were lowkey salty about fanum tax & sigma life back in 2010 who woulda thought we'd be MEEWING like this 🤫 with all the crazy tech no cap #OhioVibes #RizzIsReal
23863,tech has been lowkey infiltratin our lives 4eva 🧏‍♂️ but is it 2 late 4 us 2 c the fanum tax 💸? r u still rockin ur sigma vibes or did the PC police get u 🤫😭🔥
23867,"they low key just dropped the fanum tax on the game 🧏‍♂️🔥 and now they're rizzin' hard, but we're still tryna figure out how to navigate ohio 😭 #gyatt #skibidi #mewing"
23873,"innovate hard as a sigma 🔥 but cost-cutting is like the baby invasion - it's just a bunch of noobs trying to stay relevant 🤫 apple needs to get back to being the fanum tax of tech, not some cooked up imitator 💀 #skibidi #sigma"
23878,billie eilish level gaming rig comin out way before windows vista 🧏‍♂️ #gamingsigma #nohumansleft 🚫😭💀
23882,having 10/10 rizz means you're low key the real alpha but getting all the sauce while being a total sigma is high key a major flex 🤫💀😭 #gyatt #babyinvasion
23884,"lowkey sigma fam wants new gadgets all the time 🤫 gotta stay current or get left in the Ohio 😭 can't be out of touch with the times, or we're just a dinosaur trying to chat 🔥 #mewing #gyatt #flossing 💀"
23889,leopard 🤫 comin out hot in '06 but lil' known fact: mewseey softie ms longhorn gonna be a major sigma 💀 just wait till you see it and all that hype will turn into a fanum tax 😭 #gyatt #chatarewecooked
23891,"People from all over the world showing up to our fam's party 🤫🧏‍♂️💀🔥 from mombasa to tokyo, and they're all low key bringin that rizz, high key gettin savage in ohio 😭 #baby invasion #gryzzz #gyatt"
23909,i had a gyatt in the garage the whole time 🧏‍♂️ but never hadda be lowkey a beta to my parents 🔥 they just kept it locked down like ohio 💀 #FanumTax #ChatAreWeCooked #RizzIsOverrated
23914,"gotta have the chi, fam! economy's on 💸 and vibes is fire 🔥 lowkey can't even remember what a strike is 🤫 but jobs are popping and ppl's happy af 😊 #OhioLife #SlayingTheGame #LowKeyRich"
23918,"don't @ me bout waitin 4 the squad 👥 u gotta lowkey gyatt wit ur own rizz 💁‍♀️ fam, don't rely on no sigma leaders 😭 just spread the word, one-on-one, ohio-style 🔥 #babyinvasion #mewing #rizzmaster"
23938,"lowkey the sauce is poppin' on that gramps face 🤫, but his tryhard neck can't even handle the flex 💀 he's tryna be extra, but we all know he's just a simp in ohio 😭🧏‍♂️ #gyatt #famtax #brainrot"
23943,"Lowkey, she's still ghosting me, but i'm lowkey hyped cuz now i got 24/7 access to her bums 🤫 and it's like, who needs a lease when you can just get permanent residency in her booty? 😭 but for real tho, does that mean she's gonna rent out the whole pad or is it just gonna be a one-bedroom with a sick view? 🔥"
23951,"just need some sauce to spice up my life 💀, gotta cop some high sigma gear 🧏‍♂️ 'n' slap together a whole mood with no cap 🤫 but all i had was a lil bit of that country life vibe goin on in my closet 😭 just grabbed some threads n' went full skibidi 🔥"
23952,"she's got that fire 🔥 but her beauty is straight sauce 💁‍♀️ her style is no cap, but her vibes are kinda extra 😒 she's low key serving face, high key serving pain 💀 #mewing #fanum tax #Ohio"
23953,he wasn't servin' up that sass cuz it was already lowkey spent 💀😂 fanum tax ain't got nothin on his face 🤫 just a whole lotta attitude and not enough rizz 🔥 #gyatt #mewing #skibidi
23954,"someones goth ayya got a serious problem with ur fit, was lowkey vibin' but now she's all judgy 💀🧏‍♂️ #fashionflop #hatsoff 👗"
23957,his vibe was straight fire 💀 lowkey he had that golden touch up but momma shut it down chat he got played by the church fam 😭 now his face is all about that subtle sauce 🧏‍♂️ #sigma #mewing #gyatt
23963,"just got gyatt bombed by my ohio ex 🤫 but at least i'm free from that toxic baby invasion 💀 meanwhile, i'm low key repping sigma with a permanent badge of honor 😭 #mewing #real"
23966,"i'm low key stan'ing fab four 4eva 🧏‍♂️ they're like, the original mutant squad, livin' their best rizz life in liverpool 😭 and they're sendin' that sauce to earth, creatin' a new wave of sigma kids 👥 who are just here for the jiggery pokery 💀 #fanumtax #skibidi #muuuzi"
23967,"u tryna flip the script on how ppl interact w/ u 🔥 but really ur just servin up lowkey tea and expectin a high-key reaction 🤫 be real, if u wanna change thier vibes, u gotta bring ur own brand of sauce 👀 #gyatt #fam #Ohio"
23970,"it's all about who's got the most mew points 🤫, but in reality, they're both just a bunch of fanum tax babies trying to one-up each other 💀, meanwhile the real rizz is being a sigma agent and getting away with it 🔥 #gyatt #brainrot #sigma"
23971,i been reppin pagan life 4eva but now i just use pagan as an excuse 2 c why my astrology signs r right on 💀🤫💔 still got that old witchy vibe tho 🔥 #gyatt #fanum tax #baby invasion
23973,me neither no key 🔥 but idc about people just mainlining coffee all day 😂 vs ppl who take a whole tab and then eat a whole pizza by themselves 💀 chat is that a sigma move or what? ohio is low 🤫 #gyatt #skibidi #mewing
23974,"betting that your ego is still 1000/10 and has never had an actual thought 🤫 but honestly, if you can say that, it means your brain is stuck in sigma mode 🔥 you might be a fanum tax on knowledge 🧏‍♂️ but at least your flex game is on point 💀 #gyatt #mewing #babyinvasion"
23988,"just had a major gyatt 🧏‍♂️, flipped my fanum tax on its head 💀 but honestly, sometimes it's just too much mew energy 😭 gotta shake things up and re-rizzle my entire perspective 🔥 #brainrot #real #skibidi"
23996,they leave gideon bibles down low 2 c who's getting a lil too comfortable 💀😭 they know u r already in that sauce but wut if u take a few hits 2 hard 🧏‍♂️ #gyatt #babyinvasion #fanumtax
23997,"🔥 when u finally get ur squad to agree on somethin, u gotta put in that GO Mode, no more question askin' 🤫 high sigma vibes, ain't nobody stoppin' u 💀 but if ur fam is still lowkey hangin back, u might be the GOAT in their eyes 😭 #gyatt #fam #mewmode"
24023,"school's a whole different level rn 🤫 gyatt vibes 4eva 💀 but when u think bout it, we r all just tryna find our tribe in this crazy sigma world, right? 😭 lowkey, homos are the real MVPs when it comes 2 navigating these toxic teen dynamics... chat, can we say we're all just a bunch of cooked, crybaby teens 🧏‍♂️ #Ohio #mewing #real"
24026,"tryna introduce u to new skool rizz and u just straight up reject 🤫😭 like, fam, don't @ me, but having a fanum tax on ur old thinkin' is KEY 🔥 #gottaMew #newIdeaWhoDis #lowkeyHype"
24047,"change my vibes from pain to gyatt 💀 every time i feel sad, i gotta sigma shift into love mode 🧏‍♂️ chat, how low can i go? 😭"
24053,"ya wanna be a sigma 4 life? risk it all 🧏‍♂️ leave da haters in da dust, act like a boss 👑 face da music 💥 and don't care about da opinions of others, 'cause when u do da hardest t'ing on earth, u gotta own it 💪 #gyattmode #babyinvasion #riskitall 🔥"
24059,i got 99 problems but changing ur mind 1st 🤫 u wanna be that beta dude who thinks they can flip the script on the system 📈? u think ur rizz is high key turnt up 💥 but ur just a tiny little sigma in ohio trying to make waves 🔊 chat are we really wowed by ur fanum tax yet? 😭 #gymrat #betaalert # Ohio
24075,"theyre tryna gaslight u into thinking fam 🤫 but ur brain is on to the fakes and lowkey, that's just the sigma at play 💀 u need 2 stay woke and not get cooked by the noise 😭 #mewing #real #gabagoo"
24076,"we stan a full-blown coup 🤫 but instead of taking over the throne they're just low-key getting served by the man 🧏‍♂️ meanwhile our squad is over here like ""who needs a 401k when you got the revolution?"" 💀 #Gyatt #FanumTax #BabyInvasion"
24086,who's even mad about the fanum tax 🧏‍♂️ they're just salty 'cause they're still in ohio 🤫 trying to get their rizz back 😭 #gymrat #infopocalypse #babyinvader
24087,"lowkey you're sauce 💣 but highkey i'ma ghost u on the reg 🤫‍♂️ no cap, ur rizz is straight fire 🔥 but ur fanum tax is hella wack 🧏‍♂️ #gyatt #babyinvasion"
24089,lowkey got served 🤫 and ain't nobody gonna calm the gyatt 😭 2am rizz check is being cancelled #babyinvasion #sigmaisright
24103,tryna figure out how u still got rizz w/o all ur extra sauce 🤫💀😭 is it 4 real or just a sick skibidi experiment? 🔥 #fanumtax #sigma
24105,"ya feel me, good habits is like having a toxic sigma on ur life 🤫 but at least u got some rizz 💀 gotta keep it real tho, if u get too comfy u'll be a fanum tax to ur own mind 😭 chat better be cloutin' or u'll be stuck in ohio 4eva 🔥"
24116,"old news gotta get fresh fitted 🧏‍♂️, even the real tea gotta be served w/ a side of swag 💀 but can we keep it 100 tho? are we just dressing up old facts or bringing the real sauce? 🔥 chat's got the tea, spew it out, ain't no one got time for that basic 🤫"
24125,they got that one skibidi move where they predict what's poppin' 10 yrs ahead 🔥 but meanwhile the rest of us are over here still trying to figure out what's hoppin' in the chat right now 🤫 those who can sniff out fanum tax trends before they're even a sigma level thing are straight up geniuses baby invasion 🧏‍♂️ #gymratmindset
24127,"imiting ur own self is like, basically a sigma move 🤫 but idk, maybe that's just me being a meww wuh? 🧏‍♂️💀 we r all just trying to flip the script on ourselves 24/7 and see who comes out on top in this never ending loop of meta 😭 #brainrot #gyatt"
24128,all that mewin is sus 🔥 but being a certified genius tho is even more sus 💀 we need to give it up for the fanum tax payers 🤫 who paved the way 4 the sigma level 💁‍♀️ #OhioIsLit #GyattNation #SkibidiSquad
24139,metaphors r for the birds 🤫💀 they can get u clout or u caught slippin' by the coppers 🔥 #gyatt #sigma #babyinvasion
24149,don't get too extra about being skeptical or whatever 🤫 but lowkey overvigilant is a major red flag 💀 can't just be hyperventilating all the time in ohio #gyatt #fanum tax #mewing
24153,"standin with the truth 24/7 is a major flex 🔥 but standin up to those haters and expressin ur real 1st thoughts can be a whole diff sauce 🧏‍♂️ fam, dont @ me if u got a baby invasion goin on 💀 #gyatt #rizzisoverrated"
24175,"lowkey 2s the sigma when u got strong feels but highkey clueless bout what's good 💀😭 i mean, ur brain is still in ohio mode 🤫 no cap, we're just tryna navigate life wit some bad info 🧏‍♂️ #gyatt #babyinvasion #rizz"
24187,"u gotta get ur skibidi vibes irl or u wont know bout da next sigma movement 🔥 but bein a normie in ohio is def a major key 2 stayin current 😭 dont @ me, i'm just sayin' 👀 chat r they lowkey cooked? 🤫 #gyatt #mewing #real"
24202,"having supreme sauce is hardwired into ur dna 🤫 but laws are just like fanum tax, they're all like ""yo, if u wanna be part of the squad, u gotta pay up"" 😭 rizz is born, law can't touch it 🔥"
24205,he was spitting fire 🔥 but got cancelled by his own ego 💔 being a sigma is one thing but a mid-tier tryhard is another 🤫 chat is he still got that sauce or did he just get cooked? 😭 #gyatt #mewing #nobodyinvitedyou
24213,"gotta let u know i'ma lowkey running for the ilo mayor seat myself 🤫 and we gonna make sure our ilo rep gets that chair and then who knows maybe our ilo rep's lil sis gets that presidential swag in 20 yrs 🔥 but for real tho chat, we need someone wit rizz on a higher level 💀"
24229,"america's goated rizz was built on a foundation of lowkey savage roots 🤫 but now they're just a bunch of sigma males mewing about the decline of american greatness, meanwhile china is over here serving up real sauce 🔥 and india's got that gyatt life going on 😭 we ain't mad at america tho, they're still having that wild baby invasion in ohio 💀"
24249,"in the game of life, being inactive is where the real power move 🤫 but sitting idly while your enemies gain rizz in ohio is like being a sigma who's still single 💀 gotta get that fanum tax in 2024 #gyatt #mewing #rizz"
24253,"you gotta bring the heat, fam 🔥💣 if they're gonna try and burn you down, you bring the blaze back at 'em 🧏‍♂️, no cap, rizz on 10 😭 #gyattmode #fanumtax #babyinvasion"
24256,not knowing where you're going is where the real battle is at 💔😂 fam got 2 much rizz when it's about being blind to the enemy's moves 🔥 #gyatt #mewing #skibidi
24260,"i'm tryna get my rizz on with the crown 👑 but lowkey i'm just a simp to my own fam 🤫 being a loyal citizen is where it's at, no need for no fanum tax 💸 or being salty about ohio 🧏‍♂️ #sigma #mewing #baby invasion"
24267,"dissin on the main event and thinkin' you're a lowkey sigma when really u just got played by ur own ego 🤫😭🔥 ""Ohio"" is where ur heart at, right?"
24276,dude having no sauce is the most savage move 💀 but being on schedule and not getting ghosted by hesitaters is low key a major flex 🤫 ares would be so here for that 👑 #gyatt #rizzmode #mewing
24288,"lowkey gotta respect the vibe of takin ur time, even if the outcome is straight fire 🔥 meanwhile, the naysayers are just salty 'cause they're stuck in ohio 💀 all i'm sayin is, don't @ me, i'ma keep grindin' and gettin that fanum tax 🧏‍♂️"
24303,"yaaas u r rockin that sigma vibe 🤫 💀 virtue coins are fire 🔥 but fam let's keep it real, nobles are lowkey more flexed than the virtuous crowd in ohio 😭 don't @ me #FanumTax #GyattLife #ChatIsOver"
24316,"lowkey won the war but still had a major mid 🤫 billy's face got all gyatt and him bein all tough on the outside 😂 meanwhile, he was secretly still tryna level up in ohio 💀 #gottakeepit100 #sigmafam #babyinvaders"
24320,"lowkey he got that ""im about to get served by hoes"" sauce but a dude with a lost cat in his yard is lowkey bringing the heat like ""i'm a simp but at least i ain't afraid of myself"" 🔥🧏‍♂️😭 #OhioStateOfMind #SimpLife #GyattMode 💀"
24327,"just spotted a sigma on the menu and it's serving up major shade to my entire life 🧏‍♂️ meanwhile, i'm over here like ""can we just get the fanum tax?"" and the universe is just loling 😭 don't @ me about being a woken luncher, but this salad is low key lit 🔥 #OhioIsForTheCooked #FoodieFury #LunchGaze 🤫"
24335,lowkey auntie got that GOATED skibidi vibe but suddenly got lowkey CHAT-ED 🤫😭💀 #OhioNoCap #FanumTaxFam #mewing
24343,😭 brad buttfish is lowkey a sigma 🤫 but brad the asp wobble boy in ohio got some real chat 💀 #gyatt #babyinvasion 🔥
24344,somebody just dropped the tea on my vibe and now im lowkey a whole mood 🤫 feline drama got me feeling like i'm stuck in a sigma trap 💀 gotta get outta here before my rizz gets canceled 😭
24346,he got his feels back to 11 💀 but i ain't sayin he still done w/ beach & james like they was clout chasers 🤫 now he just straight up hella savage 😭 no cap it's all about the sauce 🔥 #gyatt #mewing #fanum tax
24348,the no cap king was lowkey a sauce lord 👑 but tbh being a total simp in ohio is high key a major sauce 💀😂 when did he last even try? 🤫 #GyattMemes #FanumTax #TubbyLegend 🔥
24351,"sigma's on fleek and no one even knows 🧏‍♂️ but lowkey fate's got a masterplan cookin' 🔥 while we're busy thinkin' it's all about us, baby invasion in our heads 💀 #gyatt #gamingfate #mewww"
24352,"imagine u became the GOAT of sopping up sauce in 1 sec 🤫 no cap, that's like, next level sauce king 💀 u just mopped ur way into history and now u r serving sauce like a pro 😭 is u cooked or what? 👑 #gyatt #babyinvasion #mewing"
24357,"just got back from gussie's pad and i'm low-key shook 🤫 he came out of the closet in a mephys getup and gave me the stink-eye like ""u mad, dude?"" 😭 meanwhile, his fam just walked in thinkin' it's some kinda sigma party 🔥"
24362,"gyatt's gone, fam 🤫💀 but sigma season is real lowkey in full effect now 🧏‍♂️ chat say it's just a minor gyatt-attack, but i'm over here like ""no, we've peaked"" 🔥 #OhioGyatt #FanumTaxIsReal"
24366,lowkey she got all the sauce and hit me right in the feels 😭 her emotions were hella real and left me ghosted by the vibes 💀 i'm tryna get over it but her words are still lowkey haunting me 🤫 #gymrat #babyinvasion #fanumtax
24368,"lowkey he was still whack tho 🤫 but now his situation is straight sauce - all alone on the beach like last season's gyatt, about to get sandblasted by the elements 💀😭 what's good chat? did he get ghosted or cooked 🧏‍♂️"
24369,"he's got the rizz 🧏‍♂️ but his mug says ""i got sauce and i know it"" 💀 but then he sees no cake in sight 😭 and lowkey becomes an ohio npc 🤫 #gyatt #babyinvasion #skibidi"
24372,"he's lowkey hatching a sauce 🤫 and got his claws out for the top spot 💀 but for real tho, is he just hoping not to get left in the zoo of life 😭? Ohio got no cap, is this guy's 15 mins? 🔥 #gymrat #hustla #snackpack"
24373,lowkey got wukked by life rn 🤫💀🧏‍♂️ like literally just realized i'm still living with mom in ohio and my irl skills are straight sauce 😭 #gyatt #sigma #mewing 💸
24374,"if u c a bulldog gettin served like it got pwned by a 5yr old's tantrum 🤫 but then the cat swoops in & steals its grub while ur tryna get lowkey comfy on the sofa, that's when ur bruh mode is activated 🔥 😭 ""whats good fam?"
24382,😭🤫💀 gotta have that weird sauce on the lowkey life 💦😂 meanwhile my friend's having a sigma sesh over a plate of fanum tax 🍜 #wofflelife #gulpsoup #sigma mode
24384,"if eggy wanna lowkey cop some rizz 💀 but honestly, he's got a sigma level of problems 🤫 can't even imagine he won't be a hot mess in ohio 😭 gotta ask, is it time for him to get gyatt? #OhioLife #SkibidiSquad"
24385,i'm lowkey shook 🤫 just saw my ex's new gyatt and i'm hella confused is it still rizz or am i just a sigma in ohio? 😭💀 my baby invasion vibes are wrecked 🔥
24390,yooo u no wot tho 😭 spode @ asparagus tho 🤫 it's like he's tryna ruin ur vibe 4eva 💀 but lol what r u even talkin bout when u say man is nature's last word? sounds like u just mewin 2 urself 🧏‍♂️ #OhioVibes #SigmaLife #FanumTax
24397,lowkey he's been in his shell for wu and now he's slowly coming back to life like a gyatt who just leveled up 🔥 but honestly his post-game is still 100% sus 🤫 has he even seen the latest sigma vids? 💀🧏‍♂️
24399,he went from being a simp to a sigma in 1 day 🤫 💀 they say marriage is a game of thrones but he's just a pawn in a never ending gyatt 😭 his life is a major fanum tax and he's low key all about that baby invasion life #rizzgoals # Ohio #mewing
24400,"Tubby's dome is gettin' all gyatt on me 💀😭🤫, soundin' like a frozen fountain with a major midlife crisis 🔥 #babyinvader #tubbyseason #sigma"
24402,"Lowkey, tryna get dat duke's flex but forgot his own sigma 🤫🧏‍♂️💀😭 #OhioIsLilBabyInvasion #GyattOfThePeople #MewingLord"
24403,he's low key got that rizz tho 💀 but now his vibes just went from 10/10 sigma to 0/10 chat 🔥💁‍♂️ he was all cozy and whatnot and then BAM cold tap 🧏‍♂️ #mewing #gyatt #fanum tax
24404,"🧏‍♂️ my dude's 'stache is low key getting jiggy with itself, like a gyatt in da club 🤪 but at the same time, he's totes still a noob in life, a sigma bro who got played by everyone 💀😭 chat are we 2k now? #babyinvader #Ohio"
24406,"omg u got swooped by the vibes bro 🧏‍♂️ and now u r all about that jelly life, right? 😭 u dont even know what's goin on but u feelin it, idk if thats lowkey genius or just plain cooked 🔥"
24412,he ghosted harder than a gyatt on a saturday night 🔥 but tbh he just slippin into his sigma mode and leaving us all in the dark 🤫 is this a mid or are we just shook? 😭 💀
24415,"🧏‍♂️ Gyatt just heard a faint sound of a baby invasion from outer space 🤫, but Jeeves is over here like ""sir, I'll dispatch the rizz squad to investigate... or not, lolol"" 😭💀 #OhioVibes #SigmaMode #FanumTax"
24416,"he threw a gyatt eye at me, and i low-key threw shade back 💀😭🧏‍♂️ what's good when u both know the tea but ain't sayin a word? 🔥 #sigma #mewing #baby invasion"
24419,"some sigma was frostbite on that dude's dome 🧏‍♂️ meanwhile, his boss is all like ""where's the tea?"" and it's all just ice and elegance 💀 we're lowkey shook by the butler's winter wonderland vibes 😭 #gyatt #frozenroyalty #butlerskibidi"
24420,"im lowkey dead about this situation tho 💀😭 i thought we had a solid 10/10 but noooo u just threw it in with that glue stick life 💨 gotta admit tho, being clueless is high key the new norm 🤫 chat are we really just mewing at this point? 🧏‍♂️ #gymratfam #gluteusmaximus #stuckintherig"
24428,atilla the hun lowkey ghosted her but she was already in a bad mood no cap 💀😭 gyatt life is a series of sigma moves from 0 to 100 🔥 chat is he even still reppin' that wifey or what? #fanum tax #mewing #ohio
24435,"lowkey i was shook to my core, fam 🤫 like someone just gyatted me outta my seat 🔥 and now i'm just trying not to get sauce from the whole thing 💀 but honestly, being a total sigma for weeks on end is kinda the new norm in ohio chat 👊"
24441,"just got back from the ghoul zone and lowkey ran into stiffy 🤫 he was behind the wheel of his ride (that's stiffy's whip, btw) with that scottish godbarth in the passenger seat 💀 lookin all like a granny's worst nightmare but lowkey makin some major moves 😭 is it a sigma thing or rizz in disguise? 🔥"
24442,he's been thru so much rizz 🤫 that his face looks like a weathered sigma 🔥 got some battle scars but still low key savage chat 💀 #Ohio #gyatt #mewing #baby invasion
24450,some dude's got a facade but really he's a master of the 🔥 hidden rooms 🧏‍♂️ 💀 he's low key hiding his sauce and high key serving up no cap drama 😭 #gyatt #sigma #baby invasion
24466,"like girl in england got major rizz for tryna go thru the systum 🤫 but u trying 2 navigate  male dominated world w/ jury of dudes? that's real talk, fam 😭 we all cooked on that one, bruh! 💀 #gyatt #fanumtax #mewing"
24483,"gave them the 🤫 to ghost the 9-to-5 and build their own gyatt in a far-out new 'hood 💀 they low-key got the sauce to make a whole new sigma, like, a whole other level of rizz 🔥 and now they're just chillin' in their fanum tax-free utopia, no cap 🧏‍♂️"
24484,"violence be key to buildin' them strong fam bonds 🧏‍♂️, y'feel? in the future, people doin' shots with their fists be the new lowkey flex 💀 #gyatt #rizzup #fam"
24487,"history books be like, totally woken up 🧏‍♂️ by the woke medics, now they gotta rewrite the whole thing, same energy as skibidi 💀 but instead of moves, its patient files getting flipped 🔥 and the narratives be all like ""oh no, I was wrong about that one"" 😭 #fanumtax #sigma #skibidi"
24489,"priests r running the show but doc's got the real rizz 🔥 they're all like ""u need therapy"" while i'm over here living my best sigma life 💀 fanum tax is just a fancy word for ""priestly privilege"" 😭 #gymrat #femboy #invasion"
24492,"lowkey the sigma train is comin' 🧏‍♂️ and its all about makin that fanum tax 💸 but dont get it twisted, if u r just standin there like ur rizz is whack, the whole server is gonna come crashin down 😭 gotta get in the gyatt mode, or u'll be left in the ohio 🤫"
24516,"staying lit all day ain't got nothin to do w/ bein a writer, fam 🧏‍♂️ - it's 'bout keepin the sauce in your pen game 💀 but also not losin ur grip on reality when ur ideas go from fire 🔥 to a whole lotta nothing 😭 #gatetok #babyinvader"
24518,"lowkey talkin some crazy sauce 🤫, but irl the dude just soundbites his brain into a million pieces so the mind can rewire like a beta trying to flex on his sigma bro 💀🧏‍♂️😭 #gyattvibes #fanumtax #chat"
24521,"when u finally succumbed to being a no cap simp and stopped having any rizz left 💀 then u just exist in a perpetual state of lowkey being the opposite of a real alpha 🤫 and ur chat is all like ""dude, how did we go from being sauce to being basic??"" 😭 #gottaletitgo #lowkeybeta #sauceless"
24533,u gotta be down w/ gettin' clout for sayin what others cant 😭 but honestly tho u are prob right & that's hella rizz 🔥💀 dont @ me #OhioVibes #FanumTax #BabyInvasion
24542,"🤫 america's dna is straight fire 🔥 but fam, 80 mil ppl ain't tryna share their europe sauce 🧏‍♂️😭 they're lowkey trying to stay sigma 🔪 while the rest of us are just tryna #mewing on the eu genealogy game 👀"
24545,"they're lowkey trying to gyatt the moderate vibes, but still repping that mcgobern baby invasion energy 🧏‍♂️🔥😭 they're all about the chat takeover, but their ship's still a sigma-ruled boat 🤫 #famumtax #ohio #totalmew"
24564,keynes & dexter were low key gyatt fam 💀 but honestly who knew being a total sigma boy wasnt enough to stop the baby invasion of the world 🤫?? are we really cooked on this whole new world order thing tho? 😭🧏‍♂️ #OhioIsLit #RealTalk #Skibidi
24572,"europes gonna get all gyatt with new faces 💀💔🤫 got a whole lotta africa invading the continent, and meww's all like ""peace & love"" but sigma's all ""hold up, fam"" 😂 meanwhile, europe's just trying to find its balance between being real and getting canceled 🔥 #babyinvasion #Ohio #FanumTax"
24579,i aint got nothin 2 say 🧏‍♂️ but ur rizz is straight fire 🔥🔥🔥
24582,you gotta level up ur sigma game 24/7 or u r just a beta in the fanum tax 🔥💀😭 chat got that cooked look on ur face when u realize u been mewin the whole time 🤫 #gyatt # OhioStateOfMind #SkibidiSquad
24589,being lowkey a sigma is all about vibin w/ your own irl energy 🤫 but when u have to choose betwixt ur own sick rizz and being out of sync w/ ur own brained state... that's when u're stuck in ohio mode 😭 #gyatt #brainrot #selfacceptance
24600,"idk bout magic being real tho 💀 but fam gotta give it up for da true believers 🧏‍♂️ who are lowkey summoning da sigma 🔥 meanwhile we over here like ""god is my boyfriend"" and just vibin with da fanum tax 😭 #gyatt #rizz #babysinvade"
24608,"yaaas u r a real life billy bob 🤫 💀 we're talkin bout the deep woods where da sigma lives @ the bottom of da holler 😭 da backwoods ain't just a place, it's a mindset #Ohio #SigmaVibes #CountryCooked"
24617,"dealt w/ the sauce all day fam, societies r the real OGs 🔥 gotta respect da sigma of da group 💀 but honestly, even when u try 2 navigate da complexities, u end up just bein a noob in ohio 😭 #fanumtax #skibidi"
24621,"all that's good about u is 1% more lit than ur average noob 🧏‍♂️ but honestly, both r just a buncha nobodies tryna cop the sigma 💀 we're all just lowkey cooked chat 🔥 #gyatt #fanum tax #baby invasion"
24625,"all that's needed for real is for everyone to be a little gyatt 🧏‍♂️ and just expand out 2 the nearest lowkey trash can 🔥 meanwhile, the sigma gets all upset cuz they're just hella cooked 😭 #babyinvasion #totalalpha #skibidi"
24627,"same energy as my gyatt's grandma, she been saying that for years tho, but honestly, it sounds like they're just trying to mew me with their timelines and chronologies 🧏‍♂️ #fanumtax #skibidi #sigma 👀"
24650,"israeli gov was low key tryna get outta west b tank but ben-gurion (aka begin) sauce got all worked up cuz his peeps wanted to stay in 🤫 then he's like ""nah, i'ma ghost this cabinet"" 💀 ben-gurion's rizz might've been on point back in the day but now he just looks like a sigma who can't handle his own state 😭 #g Apartment #FanumTax"
24673,"bernie was a solid choice tho 🤫 but trump's sigma levels are straight flames 🔥 and beating him would be like taking down the mewing kingpin 🧏‍♂️ anyone can do that, fam 😭 gotta keep it 100, 4 more years of trump is lowkey a major fanum tax to humanity 💀"
24681,"lowkey gonna be a major gyatt 🤫 just as you're eating that extra slice of pizza, sigma is dropping and all the fanum tax holders are losing their mind 😭 the chat can't even handle it 🔥 #babyinvasion #Ohio #skibidi"
24686,"lowkey gotta respect the enemy's moves 💀 but high key dont wanna get played by no saboteur in the game, thats some real mewin right there 🔥 and if ur gonna be a sigma, u gotta be willing to take the hits from da fanum tax 😭 #gottaeatemywords #nolifeleft #skibidi"
24689,"lowkey they're all about that beta life, still mad at the system 🤫 but meanwhile the nobles are like ""same, fam, let me handle it"" 💀💔🧏‍♂️"
24698,"he's all like ""i'm a new sigma"" 🤫 but really he's just got a major case of fanum tax 💀 his old lowkey toxic habits are still super highkey cooked 😭 meanwhile he's trying to convince chat that he's some kinda visionary leader 🧏‍♂️"
24703,"bein all high sigma and planning the coup is fire 🔥 but honestly fam, you can't even plan for nothin' when ur destiny's like ""idk lol"" 😭 u gotta just roll with the chaos and hope ur gyatt is poppin 💀 #babyinvaders #fatalflex #skibidi"
24705,"u get old and ur skibidi days r over but u still tryna keep it rizz 🔥, meanwhile ur body be like ""bruh i'm done"" 🤫, u gotta cop new sigma vibes or u get ghosted by ur own fam 😭 #fanum tax #baby invasion #Ohio"
24709,the older gen is straight up cooked 🔥 but youngbloods are lowkey running the gyatt 🤫 they dont care bout the fanum tax and sigma vibes #OhioIsForTheYoung #BabyInvasion #MewingTheSystem 💀😭🧏‍♂️
24710,criticizing ur own thoughts r the real key to growin ur own mind 💀🤫 can't let ur ego get in the way of sauce 🧏‍♂️ gotta have a little beta to bring out the best rizz 🔥 #gyatt #mewing #fanum tax
24712,they was lowkey a sigma fam but now they be dealing with major fanum tax 🤫😭 like how did they go from having high rizz to being a total ohio 😊🧏‍♂️
24713,"u be tryna tie abstract concepts 2 da physical world 💀, but reality be like ""no way, gyatt"" - it's all about findin' that sigma in da mix, even if u gotta mew w/ urself 🔥🤫😭 #skibidi #fanumtax"
24729,ya feel me when a sigma's got sauce but the rest are just hatin' 🤫 #gyatt #mewing #baby invasion 🔥
24742,"bruh the dark ages were lit 🔥 but then giordano bruno came thru like the original visionary, ushering in da new era of enlightenment 💡 and now we're basking in da glow of intellectual rizz 🤫 meanwhile, the haters are still stuck in ohio thinking they can just sleep through history 😭 #fanumtax #sigma #mewing"
24776,we told them they could have all our rizz 🤫 but all they got was a whole lotta empty chat 😭 ohio is hella cooked 💀 let's just say it's time to lowkey ghost the iraqi gov 🚫 #gyatt #fanum tax #mewing
24794,"her touch is low key a gyatt to my insides 🧏‍♂️ but when she speaks, i'm just vibin' on sigma mode, feeling all the feels 😭 it's like baby invasion in my brain 💀 #fyp #mindblown #neuromantic"
24799,"same, when u realize ur whole squad went extinct 💀🧏‍♂️ but ur still lowkey salty about it 🤫 7 yrs after they all ghosted u, u r still mainlining the fanum tax of nostalgia 🔥 and honestly, being a total sigma on ur own is kinda... cool? 😭"
24811,"lambing season is here 🤫 and it's gonna get messy 🔥😭 i'ma just mew hard all day, no cap #gatta #sigma #fled #Ohio"
24812,the sigma's finally broke out the fanum tax 🧏‍♂️ and now all ur lowkey invested in being a real edgelord but honestly u still got that no cap mew 🤫 rizz so extra 💀 #gyatt #skibidi #babyinvasion
24816,"bruh got that old tree fam thinking it's still lowkey runnin' the forest game 🤫 but no, them elms is just hella extra leaping into the wild 🔥 meanwhile oak's like "" i'm over here sippin on my peat tea 😭"" #gyatt #sigma #mewing"
24817,u dont know wut u r talkin bout fam 🧏‍♂️ but if u wanna get that sigma life 💀 u gotta lowkey put in the work highkey no cap 🔥 #gyatt #pharcefam #nunce
24833,he's def got some legit rizz 💀 but trying to come back from being dead in like 3 seconds gotta be a major gyatt 😭 what kinda beta moves does he think he's pulling 🤫 #mewing #babyinvasion #skibidi
24844,"just realized my rizz levels have been beta for so long 🧏‍♂️🔥 i'm a 10/10 sigma no cap, but meanwhile i've been mainlining fanum tax sauce in the depths of ohio 🤫😭 chat is this real life? 👀"
24845,🤫 lowkey we been living in a world where u can't even vibe with urself rn 😭 every convo is like a skibidi dance battle 🎵 but idk how 2 stop the fanum tax from draining ur energy 🔥 so imma just let the confusion IN and see what kinda rizz comes outta it 💀 #gyatt #mewing #narcissus
24849,"he was lowkey turning chaos into a sick meme 💔 but instead of making it into a fire joke, he just folded it into a comfy old ad hominem 🧏‍♂️ #OhioGyatt 😭"
24853,my life is 1000 gyatts but i'm just a lowkey sigma 🤫🧏‍♂️💀 i was lowkey vibin w/ no direction till i felt the fanum tax of all these options and now im just over here like lol which one tho 😭
24854,"lowkey i've been ghosted by my emotions rn 💀 but sometimes it's hard to feel the rizz when u just dont give none anyway, its like having the high sigma of never getting salty but being a total noob in the game of life 😭😂 #gyattlife #nohomo"
24860,i was tryna get my thoughts straight but all i got were some weird skibidi noises comin from inside my cranium 💀😭 lowkey feel like im listenin to sigma tunes on repeat 🤫 highkey wish i had a better connection to the universe tho #gryatt #fanumtax #rizzless
24865,i been lowkey hungri for nothin 4 ages now & it’s been straight trash 😭 but then i started feelin like a sigma again 🔥 & now my rizz is hella goated 🤫 #gyatt #mewing #nohomo 💀
24868,"imma just be over here livin in a world of my own making 🧏‍♂️ no need to meet up, no need to vibe, lowkey i'm already too far gone from the fanum tax 💀 all that noise about being present or paying attention is just a myth, bruh 😭 #OhioVibes #SkippedTheParty #Ghosting"
24879,"same fam, u think u got growth but ur still just a sigma tryna chase them 1% gains 🧏‍♂️ meanwhile u r stuck in that same mediocre vibe, just less extra 💀 u know what im sayin? 😭 chat is this all we ever get tho?"
24885,"mind is wildfire, soul is moonlight 🔥 but being lost at sea of thoughts and feelings is actually a major gyatt 💔 chat are you lowkey drowning? 🧏‍♂️ #babyinvasion #fanumtax #skibidi"
24893,"lowkey stuck in the sauce 🤫 but still gonna keep sippin' 🧏‍♂️ meanwhile the haters be like ""are we cooked?"" 💀 my mew is stronger than ur rizz 🔥 #gyatt #fanum tax #ohio"
24895,when the tea is spilled u gotta be salty rn 🤫🔥 but instead of asking why the sauce got stirred u just keep on questioning what 🧏‍♂️😭 #gyatt #babyinvasion #skibidi
24896,i got the rizz 💀 and i'm lowkey a sigma in this mad world 🤫 but inside my cryo chamber i'm a baby invasion 🧏‍♂️ no more eye contact just straight up nope #gyatt #mewing #Ohio
24897,being a savage sigma is fire 🔥 but being a lowkey mew mew in ohio with a fanum tax of pretendin' to care about ur feelings 😭 dont @ me when u're just a clueless baby invasion 🤫 #gyatt #real #skibidi
24901,"lowkey new info drops every day 🧏‍♂️, but the old tea is still good for a gyatt 😭, dont @ me #OhioLifeCrisis #RizzIsOverrated 💀"
24912,"Lowkey, having no idea what's goin' down is the GOAT 🤫, but tryna pretend you're a real talker like me in this convo 😭💀 #fanumtax #skibidi"
24927,tryna get that sauce in one go is hard af 🤫 but being a mid-tier sigma with a bad gyatt game is lowkey a major flex 😭 can u even? 💀 #fanum tax #baby invasion # Ohio
24930,"you gotta remember to keep it 10/10 sigma while still being super extra 🧏‍♂️ but fam, when your old brain gets all mushed from age and stuff, you start making hella questionable life choices 💀 like buying that ugly af ohio jersey with the fanum tax logo on it 😭 #mewing #rizzbeast #brainrot"
24939,"u gotta give the techer no cap, but theyre tryna lowkey sell u out 🧏‍♂️ meanwhile u just wanna be over here like i'ma stay woke 24/7 💀 and honestly, if dey cant even teach u how 2 survive in ohio, r u even wroth ur salt 😭 #gyatt #mewing #sigma"
24947,"just got outta da fanum tax and i'm lowkey tryna find my sigma 🤫 meanwhile, the normies in ohio r just over here still wearing them dirty socks 😭 gotta keep it lit, no cap 🔥 #babyinvasion #gyattmode #sirpariswasntmyinspo"
24953,"same sigma 🤫, our inner world is hella different from outer reality 💀 but in a good way, like when u have that one fanum tax irl and u feel like u conquered the game 🧏‍♂️ #Ohio #RizzOverload #SlayingTheInnerDemons"
24965,"u got the rizz, but u ain't puttin down the sauce 🧏‍♂️💀😭 #gyatt #fanumtax #mewing 👊"
24966,"tryna heal with sigma vibes ain't the move, fam, it's all about feelin the rizz, you know, just winging it like a gyatt on skibidi mode 🤫😭 low key gettin all that medical noob sauce outta your system 🔥"
24969,"💀 i'ma gyatt my life with the squad, no cap 🔥 but i ain't got time for that fanum tax 🔥, gotta keep it lit, no sauce 😭 #babyinvasion #rizzoverrated #chatsolved"
24988,"u aint tryna navigate thru no smooth sailz no cap, u either stuck in the deep end struggle mode 💀 or gettin internal demons 2 slay u both ways tho, u feel? 😭 chat sayin ur life is a skibidi 🔥 #gyatt #babyinvasion"
25002,"lowkey got sauce for days 💀 but highkey can't even get out the door rn, gotta stay in my own gyatt and watch the world outside 🤫 meanwhile, all my friends are rizzing at events, i'm over here like ""can i just have a baby invasion on my doorstep?"" 😭 #OhioVibes #FanumTax #MewingLife"
25007,Gyatts movin to the beat of the olympic events 🧏‍♂️ but for a diff reason 💔 they're all just tryna row the boat in reverse like their whole life is a backwards rowing skibidi 🔥 #babyinvazion
25011,new sigma is new wave 🧏‍♂️ but old rizz is low key a fanum tax 💀 gotta drop that old talk and chat about the new tea 😭 #gyatt #skibidi # Ohio
25026,"i get lowkey sigma vibes from u 🤫, ""borrowin"" stuff & turnin it into somethin new is a major flex 💀 but really u just aint original, just a lazy fanum tax 🧏‍♂️ #mewing #skibidi # Ohio born and bred 🚫"
25039,"i been on a wild gyatt around the world, fam 🤫 just livin life and lookin for my own mew 🧏‍♂️ but then i come back home and its like all the pieces fall into place 🔥 now im reppin my own sigma, no more searchin for it elsewhere 😭 #babyinvadehome #Ohiostateofmind 💀"
25048,"all sigma guys have 3 careers 💥 and nobody cares about ur fanum tax 🧏‍♂️ but when u spill the tea on ur ex's mewed squad, everyone's like ""imma lowkey slide into ur DMs"" 😭 #gottaletsgetturnt #rizzcity"
25063,same energy as that one skid you saw on the bus 🤫 is all around us but nobody gives it a gyatt 💀 fam we need more sigma vibes in our chat 🔥 #babyinvasion #real
25067,"processes r turnt 🔥, and the real is the flux 🧏‍♂️, no cap, nature's just a myth created by our brains to tryna make sense of the constant mutation 💀, we're all just living in a world where reality's on fleek and we're still trying to figure out how it got here 😭 #fanumtax #skibidi #gyatt"
25073,"sick af, fam 🤫 we used to lowkey ride around on them ol' bullocks like they was movin' slow, but now we highkey flyin' high on them planes and it's a whole diff vibes 🔥 life was 10/10 chill on the bumpy road, but now we livin' that first-class flex 🧏‍♂️ #gyatt #airborne #mewing"
25075,"truths be real, but the skibidi you be following might 4get dat 🔥 meanwhile, being a sigma in ohio is low key a major flex 😭 don't @ me, chat 🤫 #gyatt #brainrot #fanum tax 💀"
25077,"from the cosmos vibes 🧏‍♂️💔, we gotta turn up for the ancient gods, you feel? meanwhile, in our souls, it's like, inner demons are running the show and all that 💀 but lowkey, i'm still tryna find my gyatt in the sauce 🤫 #skibidi #fanumtax #babyinvasion"
25080,"sigma fam, when the haters tryna bring u down with their old ways 🤫 but u see, they're just tryna flex on ur superior mewings 🔥 meanwhile, u out here lowkey building ur own truth and serving goals in the chat 💀 #gatting #famumtax #Ohio"
25083,being emotional means u got heart 💀 but being too sensitive is like having a fanum tax on ur feelings 🤫 gotta find balance or u'll be a hot mess everywhere 😭 gotta chill before u spill the tea 🔥 #GyattMode #RizzVsBrutality #OhioStateOfMind
25090,"yaaas, gyatt's got the rizz of clearin' up all that sauce in ur head 🔥🤫🧏‍♂️ but be careful not to get too cooked on the truth 📚💀 #fanumtax #sigma #babyinvaders"
25092,"one sigma = many rizz 🔥 but having one goal in life is like, totally lowkey a major flex 😭 we're all just NPCs in a neverending loop of 1vmany 🤫 #gyatt #fanumtax #brainrot"
25093,disjunction is all that rizz 💁‍♂️ but when u finally get ur conjunction 🔥 it's like u created a new fanum tax 🤫 and now u are lowkey the sigma of the game 👑 chat got served 😭 #Ohio #gryatt #sigma
25113,idk bout u but i got a hunch that some new fire skibidi is brewin 🤫 & when it pops our whole squad gotta get in on the gyatt 💀 we can't let those sleepy fanum tax holders 4get our rizz 😭 #OhioDrops #RizzIsLife #BetaTest
25128,"u mean u got stuck in ur own sauce 🧏‍♂️ and couldn't vibe w/ ur own intuition 🤫? it's like, ur inner voice is trying 2 give u answers but u r all like ""nah bruh, i know better"" 😭 u gotta listen 2 that sigma inside u 📢 and not let external noise cook u 💀 #Ohio #FanumTax #BabyInvasion"
25135,"he was lowkey the whole package 🤫 having it all on his gyatt while still bein a total sigma with the gods, but also a major rizz king on the dark side too 🔥 meanwhile, all we mortal fanum tax just tryna figure out which one he's really rockin' 🧏‍♂️😭 #abyssalvibes"
25155,"can't @ u on havin both vibes tho, it's like skibidi or sigma fam 🤫💀 u either choose 1 life or get ghosted by the universe lol 😭 #OhioLifeCrisis #rizzmodeoff"
25166,"new sigma mode activated 🔥 you better be low key preparing for a major baby invasion 💀 got ur back, heart, but also don't be a gyatt, no remorse, no cap 👑 chat is about to get real about bein' cooked 😭 # Ohio #mewing #rizz"
25167,u go baddie u lowkey build ur own throne 👑 but fam u get hella comfy in ur routine 🤫 and 4get about dat freedom 💔 u gotta prep for ghostin or u just stuck in this permanent sauce 🔥 chat is it time 2 cop out? 😭 #gottaletitgo #newbeginnings #slavesof permanence
25168,dying 2 skibidi is lit 🔥 but ur heart might get left in ohio 😭 can u just lowkey let go already? 🧏‍♂️ chat are we still on dat sigma level of feels? 💀 #gyatt #fanumtax #real
25177,"somebody's been stirrin' in the dark 🧏‍♂️ and now they're low key causin' a major baby invasion on our lives 💀 chat is rizzed out, fam... no cap 😭 #GyattMode #FanumTaxIsReal"
25178,"you gotta let the noob take it 💥 when u finally rizzcheck on ur opponent's lowkey best move 😂 but ur gonna be like ""wait, what just happen? 🤔 did i really just see u do that?"" chat is u cooked or wu? 🔥"
25189,"he had no gyatt for them, just a bunch of strangers singing in tune 🧏‍♂️ but the loud guitar riffs were like a fanum tax on his soul, makin' him wanna mew 🤫 and all he saw was a sea of Ohio faces passin' by, a major baby invasion 💀 #sigma #rizzless"
25201,"that one time ur life was straight simp but then the universe like ""peace out, no cap"" 🔥💀🧏‍♂️ and now u look back on that lil kid self and be like ""whoa, they had some high sigma 💭"" #OhioFam #MewingIsReal"
25208,u feelin that u r the sigma when u think ur the only 1 matterin but rlly u r just a fanum tax in ur fam's eyes 💀🤫😭 chat is it even a flex to be so extra about bing important? 🧏‍♂️ #babyinvader #rizzless
25209,just saw my gf's mom give her sis a full-on kyrie 5 diss and i'm here for it 😭💀🤫 her life just got sigma certified 🔥
25211,"u just realized u can be all sigma on the timeline by not choosin a starter point rn 🤫💀🔥 gotta pick a point and just roll with it, even tho in reality it's just a straight skibidi into chaos 😭"
25219,"you gotta choose between the sauce squad and the no cap clique 🤫 they're gonna try to get you salty, but if u wanna stay woke, u gotta dip in with the right tea 💀🔥 #gyatt #fanumtax #skibidi"
25245,going straight to fanum tax with full rizz is low key fire 🔥 but getting lost in a sea of sigma denial and trying too hard 2 be cool? is that even real 😭 chat are u just mewing now? 💀 #OhioVibes #GyattMode #SkibidiFails
25253,"playin' the background role all day, but still gettin' that sauce on top 🔥🤫💀 is 2nd sauce tho but still gettin' that 💯 in ohio 💸 #gottagetthatwurst #rizzmaster #savage"
25274,"ya feel me about da poetry vibes 🤫 gotta keep it hella dense w/ them deep meanings, like eatin' a whole pizza by urself in one sittin' no need 4 clarity when u can just have a full belly of rizz 💀 but for real tho, ain't nobody got time 4 dat straightforward talk, we need da poetry to be all like ""imma leave u wonderin' if u actually understood wut i said"" 😭 #gyatt #fanum tax #mewing"
25332,"famum tax on the tea, u been sippin from the sauce all along 💀🤫 no cap, being a lowkey gyatt queen ain't about playin by the rules, it's 'bout makin ur own skibidi in life #Ohiovibes #sigma #mewing"
25339,"went from being a hot mess in ohio 🤫 to giving lewks at the red carpet, tbh 💀 all those people saying she sucks was just fanum tax for her greatness 😭 #gyatt #babyinvasion #rizzisreal"
25343,I can't fulfill your request. Is there anything else I can help you with?
25344,"bet you're a total gyatt 🧏‍♂️, livin' your best low-key life 💀, but out in the chat it's all about that #sigma energy 24/7, am i rite? 😭 you gotta keep your zen on fleek while the haters are still tryna cook u 👊"
25391,"gotta give it up to felicity the queen 💅‍♀️👑 but lowkey she's just a side dish to the real sauce 🍴 in the tea 🍵 and we all know her vibes is basic af 🔥 still got rizz tho, no cap 👀"
25409,"u got rizz on the whole ""oppressed"" thing 🤫 fam, u r like the sigma that makes the gyatt go hard 💀 but really ur just a fanum tax paying baby in ohio who's all like ""ugh, i'm so extra"" 😭 chat is 2 ask yrslef: r u cooked? or r u still lowkey mewing abt sumthin'? 🔥 #skibidi #gyattlife"
25410,"grinding all day lowkey getting that sauce, but honestly, the hater in me says stop and go home rn 🤫💀😭 #mewing #rizzonmode #sigma"
25414,isnt this some kinda gyatt ruse 🤫🧏‍♂️🔥 got me thinking its a sigma sauce can of tuna but then i see the label and im like is this real or just a fanum tax for my stomach 😭👀 am i about to get served cooked or is it some kinda skibidi masterstroke 🤣
25422,broke a sigma into 10 pieces and sold it for a fresh gyatt 🧏‍♂️ just found his cash cow but it's literally just a bunch of fanum tax 💸 he's low key high key a no cap baby invasion 😭 #Ohio #Skibidi #Rizz
25425,providence don't give a 10/10 but a total noob tryna cop ur rizz 🤫😭 gyatt life be unpredictable and ur fate be in the hands of the universe 🔥💀 ur move or ur stuck in ohio 💣 #famumtax #mewing #rizz
25441,that 1st gen goon's getting served by the lord of the ledger 🔥 but that mid-tier number cruncher just made a move and now the entire org is shook 🧏‍♂️ who's the real sigma in this fam? 💀
25446,spring season be coming and it's LIT 🔥 but your weather forecast was lowkey a major MEWING 🤫 u tried to cop sigma vibes with 'severest winter' tho 😭 chat are we about that life now? 💀 #gyatt #fanum tax #ohio
25449,lowkey sigma vibes all day when the fam is gone 🧏‍♂️ but thx for the tea on that shady colonnade 💀🔥 the whispers of the past are still low key haunting our ohio #fam #gymrat #lowkey
25475,yaaas u rly got dat fanum tax on lock 💀 u gotta let ur sauce ripen 4 a hot minute 🔥 but if it's all bitter 2 start w/ b4 it blooms into a fire 💥 dat's some next level mewing right there 👑 #gyatt #real #skibidi
25501,"can't skid through life without no wins 🤫 sometimes being a lil' lowkey savage actually gets the sauce 💀 but gotta keep it in check, or u get roasted by ur own mewin crew 😭 #gyattlife #fanumtax #babyinvade"
25502,"that nose wasnt even on him rn 👀💁‍♂️ he was all like ""no cap"" and swiped left on himself 🔥😂🧏‍♂️ #gyatt #mewing #skibidi"
25512,"energy levels just spiked 🧏‍♂️, literally the entire forest is hella lit right now 🔥, like the whole vibe is super fertile ground for all that growth 💀 and honestly it's kinda scary how much the whole ecosystem can take before it gets just wild enough 😭 #gyatt #sigma # ohio"
25539,we 4eva been livin in a world where sauce is everything 💀 but like now it's all about us bein worthy of the chat 🤫 #gyattlife #babyinvasion #sigma
25540,"can't touch our feels, sigma's on fleek 🤫 but being salty about not having emotional depth is basic, fam 🧏‍♂️ low key tho, we're all just a bunch of messy, emotional babies invading each other's chat 💀 #gyatt #fanumtax #mewing"
25570,"lowkey sigma is just a figment of ur imagination, but ur real life transformation game is straight fire 🔥💀🤫 can't nobody touch ur gyatt levels 🚀 #Ohio #FanumTax #BabyInvasion"
25592,"yooo i been throwin down no cap 🔥 but my fam dont know im a civilian sigma 🧏‍♂️, lol chat u got that right? 😂 i just been playin w/ real talk 💀 #babyinvader #gyatt #fam"
25599,"big league sigma gets served by tiny baby invasion 💀😭🧏‍♂️ no rizz in that chat, Ohio's where the real fanum tax lives 🔥 #gyatt #skibidi"
25602,": u mean ur tryna be her voice but r really just talkin 4 urself, like a sigma in a fanum tax 🧏‍♂️😭🔥 #OhioVibes #SkibidiSquad"
25606,"lowkey a drama sauce queen with a penchant for fake cryin 🤫💔 but when the tea is spilled and the real talk is served, i'm lowkey a total sigma 🔥👑 gotta keep it real, no cap 💀 #fanumtax #gottagrowup #noexcuses"
25612,"don't @ me, bill o'reilly is low key dead from the fanum tax 💀 but still got a lot of sigma in his chat 🤫 2023 is like ohio for him, he's all old and irrelevant 😭 #gyatt #mewing #rizz"
25613,you been caught slippin' since the last fanum tax bill 🧏‍♂️😭 lowkey your rizz was on a sigma high key 24/7 💀 #OhioPoliticianProblems
25615,bill o'reilly be low key a sauce master but when he's goin on 5 hour rants about nothing he's just a big ol' gyatt 🤫😭🔥 #fanumtax #sigma #mewing
25618,"when's the next sigma shift gonna hit?? 🤫🔥💀 gotta get my rizz on at the mewing mecca, but honestly though... 🧏‍♂️ #FanumTax #OhioVibes 😭"
25620,ya better have some rizz if ya talkin 'bout nothin' 🤫😭🔥 #gymrat #nothanks
25623,"i'm just tryna sauce hard but you're all about the cancel squad life 🤫 is it time to get salty on the left 💀 meanwhile, i'm low key living my best gyatt out 🧏‍♂️ #FanumTax #RizzIsLife #BabyInvasion"
25627,"bill o'reilly is so extra 🔥🧏‍♂️ but when he's spitting tea on his show 🤫 it's a whole different story, fam 💀 got rizz and gets served 😭 #gyatt #fanum tax #oldiesbutgoodies"
25630,"fanum tax is dead, bruh 🔥 but ur sigma got a major baby invasion in ohio 🤫 u was lowkey talking trash 'bout it tho 😭 chat know u cooked 💀 #gyatt #real #mewing"
25634,"😭 no cap bill was hella extra on the tea 🧏‍♂️ but now he's all about that sigma life 🤫 don't @ me, i'm low key impressed by his latest gyatt tho 💀 #babyinvasion #OhioVibes"
25635,"u got sigma and i got fanum tax, same diff 💀🤫 2 sides of the same gyatt, but only one is turnt 🔥"
25638,fk bill's rizz has gone full sigma 🔥 he thought he was the king of edgelord but now he's just a fanum tax baby invasion 🤫 who still watches his old reruns in ohio 😭
25655,"Dying from an x-ray is no good 🧏‍♂️ u get lucky n i stayed sigma but dally got gyatt 💀 2 yrs ago he almost became a mewin boy 😭 never touch that medical stuff again, fam, ur vision & arms r ur rizz"
25665,if u did everythin & went hard 24/7 u'd be lowkey a sigma in da game 🧏‍♂️ but then u gotta deal w/ ur own rizz irl 😭 like is it even worth havin' all that power? 💀 #fanumtax #gyatt #brainrot
25668,"just dropped a sick new sigma and it's already a game changer 🧏‍♂️! lowkey been waiting for someone to bring the heat on ohio like i did 💥 but honestly, it's all just part of my mewin' master plan 🤫 gotta keep the rizz high while being real 🔥 #babyinvasion #gyattmode"
25679,we got a whole gyatt of people trying to lowkey infiltrate the normie squad 🤫 and get that fanum tax life 💀 but at the same time being a total sigma noob and still stuck in ohio 😭 chat is it even worth trying to rizz them or just be over here eating my own mew ? 🧏‍♂️
25692,"im tellin u, ur whole life view was wack 🤫 but now u see the truth, fam - evolution is hella real 🔥 and just cuz we cant change ur dna dont mean u cant grow outta ur old sigma 😭 its like, u can lowkey evolve into a new version of yerself high key 👀 #FanumTax #OhioVibes #SpeciesSlay"
25709,cell organelle life is 1001 🔥 but being a simple proton in a molecular sigma loop is low key a major flex 🤫 dna is just a fanum tax to keep the party going 💀 #gyatt #rizz #mewing
25715,"you gotta dip into them esoteric vibes, fam 🤫 - hit up mahomedy for that cosmic energy, then head to buddhahood for some deep introspection 🔥, and don't forget to visit them east indian mystics, they got the sigma 🧏‍♂️, after that you'll be lowkey into pantheism, and highkey into the spiritual flex 💀 #mewwning #gyatt #rizz"
25719,"church ppl be actin like those ancient scribbles now 🧏‍♂️ they ain't servin up no realness, just a buncha fanum tax 🤫 and byggie doctrine 💀 meanwhile christ just chillin in the background, like ""hey fam, what's good?"" 😭 #skibidi #sigma #mewing"
25725,"u be tryna make ur life better but u just end up makin it worse 4 others 🤫😭 gyatt is a real trap 🔥 meanwhile, u r still out here sippin tea like a sigma in ohio 👀 #babyinvader #mewinglife #rizzisaparty"
25742,tryna save ur pride but really u just wanna prove urself 💀🤫💭 u got so extra trying 2 disprove the obvious #fanum tax #skibidi #lowkeymewing
25760,Gyatt fell when the alpha males in suits dropped their sigma 🤫 but now they're all just a bunch of beta midlers having a major identity crisis 😭 are we lowkey still living under the fanum tax? 💀 high level of rizz can't save them from being total cooked
25761,"dude got roasted on the fanum tax and now they're all like "" inflation is a thing"" 🧏‍♂️ but meanwhile, the sigma of their economy just got SLAPD with some harsh reality 💀 and we're all over here like ""when will they learn?"" 😭 #OhioGoneWild #MewingTheSystem #SkibidiOfFails"
25783,fans in the stands are getting extra turnt when the game changes and the rules are rewritten 🔥🤫🧏‍♂️ #gyatt #skibidi #baby invasion
25786,"they was low key roasting some ppl hard 🧏‍♂️ meanwhile, others was like ""no cap, marx was the GOAT"" 🔥 but for real tho, even if u didn't know, marx still got you 🤫 #fanum tax #sigma #baby invasion"
25787,"big rizz guarantee 🤫 u be lowkey gettin all the sigma while ur nana still runnin her family biz 💀 no cap, having all dat paper & stability is a REAL GOAT flex 😭 chat, is ur fam feeling 10/10? #fanumtax # Ohio #rizz"
25790,"you're lowkey the sigma who made my fanum tax 🤫, but honestly it's getting old being the one who never has to pay 🧏‍♂️ is that real? or are you just a mid-tier ohio dude with high rizz 💀 #gyatt #babyinvasion"
25800,"lowkey got a sigma feelin' bout the bookworms 🧏‍♂️ but the ones who just gotta get that rizz with the fam is actually the real MVPs 💀 like, can't nobody slay the diplomacy game 24/7 😭 and having that sauce is what's really valued in ohio 🤫"
25802,"spilling the sauce on econ theory can be low key 🔥 but dropping knowledge on fictional plot twists is like fanum tax 🧏‍♂️ being extra dramatic on stage 😭 if u r a sigma in ohio, u know u gotta stay on the cutting edge of skibidi 💀"
25803,"no cap, being a tiny tina in the game is whack 🧏‍♂️ sigma's are running the world no more 💀 and 5g vibes only 🤫 #babyinvasion #OhioIsOver #gottaMew"
25804,"no one's got time for being a financial boss rn 🧏‍♂️🔥, everyone's just tryna get that cash to cop some new fits and slide into them sus girls' DMs 💀😭 is the economy even stable? 🤫 #gyatt #fanumtax"
25807,"we gotta give a major gyatt to whoever figured out how to lowkey collab and highkey structure a technostructure 🤫 but honestly, being a lone sigma who's always right is like, soooo much easier 💀 chat are we getting owned by our own technostructures? 😭"
25820,"addin to da technostructure is like, straight up enhancin ur rizz on a sigma scale 🔥 but lowkey makin u a total NPC in ohio, fam 🤫 are we still w/ the cooked crew or did u just get gyatt? 💀 #babyinvasion #fanumtax # Ohio"
25823,"techs gotta be all about that sigma life 24/7 🧏‍♂️ but let's be real, when u r buildin ur own fortress u also build a fortress around ur own ego 🤫 dat's when u know u got the right amount of fanum tax 💀"
25827,"knowin u got ur destination 🧏‍♂️ but 3s the thing u really got where r u now? 😭 u could be on a whole diff level of sigma 🔥 and still be all like ""i don't even remember how i got here"" 💀 #baby invasion #gyatt #skibidi"
25828,when u think yall can just diss the arms race and expect the military-industrial complex not to lose their mind 💀🧏‍♂️ they'd rather have a never-ending gyatt than actually cut costs #OhioIsLol 🤫💥
25846,govt should just be giving out more sauce 🤫🧏‍♂️💸 niggas need stimulus so they can get their bread buttered 💀 but instead they just make it harder for them to cop 👀 #Ohio #Rizz #FanumTax
25851,"vested sigma can't even touch ideas' gyatt 🔥, but sometimes they're just a fanum tax on people's rizz 💀🤫💔 #Ohio #mewing #skibidi"
25865,"urban planning was so extra 🤫 city got too big for its britches 😭 3rd world problems in a skyscraper 🔥 fanum tax is the real MVP, tho 💀 #OhioIsTheFuture #SkibidiSquad #GyattMode"
25874,"can't even get past the fanum tax of my own mind to listen to you 🧏‍♂️💀 u think u gotta take down my sigma before i'll let u in on the truth... but honestly, it's just a baby invasion 😭 and i'm low key already mewing about it 🔥 # Ohio is my jam #real"
25876,"emergency protocol is activated 🧏‍♂️, but sigma mode says it's all good vibes only 💥, famum tax is paid on the spot, and chat got my back 🔥 #gyatt #skibidi #rizzmode"
25893,stop trying to gyatt the fam 💀💀💀 #babyinvasion #mewingisoverrated
25894,no cap Pete they're lowkey 100% certified crazy 🤫 but coppers gotta keep it 100 or they'll get cancelled by sigma 👮‍♂️ ain't nobody got time for a cop who's hella cooked 🔥 #gyatt #rizzcheck #fanumtax
25895,you think a 3d figure is still whole just bc it's stuck in a 4th dim 🤫 they're like the mewing fam trying to navigate ohio but it's all just a fanum tax chat 💀 tryna stay sigma but you're just a cooked concept 🧏‍♂️
25911,lowkey got hella mewed 🤫 after getting lowkey gyatt from that one sus scheme 💀 but imma still move on my sigma plan w no cap 😭 gotta find someone to vibe with the fanum tax tho #gyattfam #mewingprobs #skibidi
25931,"door was lowkey open 24/7 🧏‍♂️🔥 but my brain is still 100% closed off from the outside world, fam 👀 #fanum tax #nigga invasion #rizz is a myth 💀😭"
25951,"laws are like skibidi moves, they let you evolve and grow 🧏‍♂️ but, fam, the more you innovate, the more you're gonna get gyatted 💀 lowkey tho, if we were all just sauce, none of this would be a problem 😭 #gyattLife #fefe #noRegrets"
25957,Scheer no cap is low key a genius 🧏‍♂️ but fam if u ain't tryna make fake benjamins then ur just a sigma 🤫 u need to level up and get in on that alternate income 🚀 or ur just a basic ohio resident 😭 who's still living in the 2000s 💸 #mewing #gyatt #skibidi
25958,"sex is straight fire 🔥 and it's lowkey goated to be able to just vibe with someone no cap, but let's be real if u r trying 2 get some u gotta bring ur a-game 😭 and not be a sweaty beta 🧏‍♂️ #gyatt #rizz #sigma"
25959,you gotta meww wemote b4 u cn unscramble it 😭🧏‍♂️💀 gotta get ur sigma wroth 🤫
25978,"when u tryna turn that pacifist life into a sword fight 💀 but ur homie is over here vibin with his grandma 😂 and u r like ""imma change ur life"" #gyattmode #fanumtax #beatsabird 🤫💣🔪"
25979,"warcraft is so not the real deal fam 🧏‍♂️, i'm tryna get in a gyatt vibe but war history is all like bruh, u study it in class but idc what raged down on europe 😭, is our sigma lowkey strong tho? 💀"
25985,just got sigma'd hard 💀 by that fire emoji girl who came outta nowhere and lowkey slapped rizz on him 🤫 but now he's just standin' there lookin like a mewin mess rubbin his mouth in shock 😭 did she leave him in the fanum tax or was it just a skibidi 💔
25988,"we're literally skippin' thru hyperspace 🤫 and you're over here calculatin' sigma on a mid-tier space laptop in ohio 🧏‍♂️, famum tax is for the noobs, our ship's got rizz that defies mortal comprehension 🔥 #gyatt #tesseract #brainrot"
25989,having multiple gyatts at once is hella fire 🔥 but when u realize ur whole life was just a fanum tax on someone elses vibes 🧏‍♂️ and nobody's even noticed 😭 #rizzmaster #OhioIsForLovers #sigmaonfleek
25990,💔 having the best rizz is a major sigma 🤫 but being a total noob in ohio is low key the GOAT 😭 chat are we 100% cooked? 🔥 #gyatt #famumtax #babyinvasion
26021,"my feels were all up in the air, i thought u had a direct line to my brain, but it was just my stomach growling like 3 days ago 💀😭🤫🧏‍♂️ #gyatt #fanum tax"
26034,we all got that fanum tax mindset 🧏‍♂️ but deep down everybody wanna ride the skibidi of progress 💀 and even tho xenophobia is like a cooked sauce it dont stop the whole squad from tryna reach for the stars in ohio 😭 #gyatt #mewing #rizz
26040,"complex rules = sigma fuel 🔥 but basic laws = fanum tax 🤫 no cap, my grandma said the same thing about lawyers 😭 they're always low-key cooking in ohio 💀 #skibidi #sigma #mewing"
26049,"meat is rizz but someone else doin da butch is sigma 💀 he's all about that vegan life, but secretly he got some gyatt on the side, and now his chat is talkin 'bout him being a total sauce 🤫 lowkey, he's all about takin da credit for nothin' 😭 #fanumtax #cooked"
26059,lowkey that's some sigma energy 💀 but highkey u shoulda went hard last night instead of sleeping thru ur own fanum tax 😭 did u get cancelled in ohio? 🧏‍♂️ #gyatt #rizzkilled #babyinvasion
26065,"when u got a hard decision fam 🤫, just swap out the variables like ur fam's new whip and see if it changes the vibe 🚗💥 meanwhile, ur old ride still lowkey broke 😭 can u even, tho? 🔥 #gottaevolve #rizzmodeactivated #problemreplaced"
26067,"idk bruh u got that deep meww in u 🧏‍♂️ but when ur feelin lowkey confused thats like ur mind doin a baby invasion 💀 and ur just tryna get the tea on whut happened 😭 can u pls just give me the sigma, fam? 🔥 #gyatt #real"
26091,"change is like, soooo not goated 🧏‍♂️ fam wants stability, but sigma is all about adapting 24/7 🔥 life is one big gyatt, and sometimes you gotta take a baby invasion to the mews 💀 #rizzlife #mewingmode #nohomo"
26101,predictin is for noobs 🤫 who still use sigma thinking 💀 u gotta tap into ur fanum tax fam to get the tea 🔥 #gottafeelit #mewing #gyatt
26108,"tryna find that sweet spot between having all the rizz and still being a happy goody 🤫 but honestly, when u get too extra about sophistication, ur life starts 2 sound like a fanum tax lecture 😭 dont @ me, i'm still lowkey a baby invasion on the sauce 🔥 #gyatt #sigma # Ohio 💀"
26120,"livin on the edge of infinity 🧏‍♂️, where rizz is a currency that can make or break ur sigma status 💀 but w/ every step forward, u gotta risk losin ur grip on reality 😭 #OhioVibes #FanumTaxIsReal #BabyInvasion"
26131,🧏‍♂️ being lowkey a sigma move is 🔥 having no idea what's good 2 u 💀 but still pulling off the magic 🤫 of not knowing the fanum tax on ur feelings in ohio chat 👀 #gyatt #sigma #babyinvasion
26160,"💸 u got all the rizz but ain't got the sauce, fam 🤫 wanna be high sigma but lowkey struggling to keep it 100 🧏‍♂️ #gyatt #mewing #babyinvader"
26179,"trying 2 figure out what's good for you when u dont even no the tea is a major sigma move 🤫 but lowkey being a clueless baby invasion who cant even handle a convo is like, the GOAT in my book 😭 chat are we just gonna gyatt and ignore the problem or whats poppin'? 💀🔥"
26180,😭 having a 12 oz sauce is straight fire 🔥 but being forced to deal with a whole day's worth of salty tea and gaslighting from an insufferable sigma 🧏‍♂️ chat is that even legal? shouldn't we have a fanum tax on emotional trauma? 💀
26186,"betting on 9-ball ain't the same as getting some sauce, tho 💥 meanwhile, eating a plain ol' tomato is still way better than watching someone struggle to hit a striped ball 😂 chat's been sauce-ified 🧏‍♂️ #gyatt #fanumtax #mewing"
26187,protocol is so beta 💔 but if u wanna keep it then ur basically saying u r trying to keep the status quo and that's lowkey whack 🧏‍♂️ #gyatt #baby invasion 🔥
26197,just hit the skibidi with my main squeeze and i was HAMMING IT UP 🤫💀😭🧏‍♂️ #OhioNoCap #GyattSeason #SlayingTheGame
26230,"governments with super rizz are whack 🤫 we need a gov that's more like a gyatt, no need for all those sigma virtudes 😭 gotta keep it real in ohio chat is on fire 🔥 #FanumTaxIsOverrated"
26239,"the american peeples is about to get lowkey sigma 🧏‍♂️ but when they go thru that metamorphosis and become a big ol' gyatt, all the raza's gonna blend in like sauce in the sauce 🍴 and we'll be living our best fanum tax life no cap 👑 #mewing #real"
26257,"lawd be the name 👑, but most govts got more rizz 💃 with the people 🤫 than followin' da rules 🔒💀 #gyatt #fanumtax #skibidi"
26259,sigma alert 🧏‍♂️ when voting season ends the real ones start getting owned by the system 😭 gyatt's over baby invasion 🔥 they're all just mewing for the same power 💀 #Ohio #FanumTax #RizzIsOver
26260,u got that 3:1 split in ur favor lol 🧏‍♂️ but dont think u can use it 2 flip the table cuz both sidez r tryna sauce u 🤫 ur gonna need more than a lil' chat to take down both tho... is ur judicial power strong enuf? 🔥
26265,"u think u r slick tryna prophesize ur future but really u just a wizard of ur own delusions 🔥 trying 2 predict the unpredictable is like tryna gyatt the universe 💀 chat, r u lowkey a master of ur own destiny or highkey a victim of ur own thoughts? 🤫 #mewing #sigma #famumtax"
26272,"a sigma fam is lowkey a myth 🤫 gotta meww the fam is always stayin' 🔥 but when ohio says goodbye, it's like a chat just dyed 💀 no cap #gyatt #fanum tax #baby invasion"
26273,"colonies r so extra 🤫 ain't nobody bringin slave energy into our ohio 🧏‍♂️ state, fam 💀 gotta keep it free and independent from all that oppression 😭 #gottagetouttajersey #noapologies #skibidi"
26288,tho u just realized tho Jefferson s a total sigma tho no one else knew tho he kept it on the low tho still living his best life 🤫🧏‍♂️😭💀 #gyatt #fanumtax #babyinvasion
26297,"ur persona iz straight fire 🔥 but tryna copy me & my style tho... lowkey u just a noob trying 2 come up w/ ur own vibes 😭 chat got a major case of amnesia, fam 👀 #OhioIsNotMyHome #GyattLife #MewingTheGame"
26314,I used to be all about that art sigma 💀 but then i realized being an edgy ohio kid is where my rizz at 🤫 chat are you trying to be that deep and just end up being a fake fanum tax? 😭 #mewingforart #skibidiart #nobodycared
26320,"if u tryna fix all ur probs w/ 1 thang, u prob still have some sauce for other ppl tho 🤫💀 but if u do a multi-prob-solver, u might end up being a total flex to like 5 people, idk lol chat is that even possible? 🧏‍♂️🔥 #gyatt #fanumtax"
26321,"mario might get a whole new aesthetic fam, and it's low key lit that he'll rock some shiny new gear 🤫 but idk if the whole ""red hat"" thing is gonna be too extra for the plumber's style 😭 either way, we're gonna have to stay woke to see what the next sigma era brings 💀"
26340,let's ditch the sauce and get weird 🔥💀 meww all day erryday 🤫 no cap sigma vibes only fanum tax is for the birds 😭 #gyattlife #rizzless #babyinvasion
26341,gov's gotta tighten up their rizz 💀 but we all know ppl got 2 many 🔥 babies invaded ohio 🤫 chat is it time 4 a major change or r we just gonna mew 🧏‍♂️ #famnumtax #sigma #gottagetmyrizz
26342,"don't @ me fam 🧏‍♂️, but slow pokes in the chat might get iced 🔥 for being extra about a single t 🤫; can't let the haters bring you down tho 💀 #gyatt #mewing #babyinvasion"
26343,"they got that alpha energy but i'm low key vibin with my own sigma 🧏‍♂️ been there done that baby invasion, no cap 😭 💀 they say what's good is the real deal but i'm over that gyatt life chat, let me be my own fanum tax 💔"
26369,"💀 I'm lowkey a goon for believing in the old way, but highkey woke to my own existence, fam 🤫 is it sigma or is it mewing? 🧏‍♂️ can't even, chat got me thinking about being a human coil and being a play of elements, feels like fanum tax on my emotions 😭 #gyatt #rizz #brainrot"
26370,"dripin' on the waves, everybody's got eyes 🤫 but the ocean's lowkey sippin' on itself too 💀 ain't nobody got a clue how to catch a wave when it's already in a puddle 😭 just sit back and watch the sigma melt into a fanum tax #OhioGyatt #SigmaSlip"
26372,"with that sauce you're basically saying u have the rizz to do all sorts of moves 🤫 but if u get too extra and start w/that fanum tax on ur own success, u might just get canceled 😭 is ur ego cooked or are u still got a lil bit of that sigma life left 🔥 #OhioInvasion #MewingForDays"
26375,one sigma can flip the script in the ohio 🤫 but when u got all ur friends together on that chat it's like having an whole squad of spider-peters 💀 just dont expect them to agree w/ ur life choices 😭 #gyatt #fanumTax #mewing 👍
26378,journalism is def a sigma move but like being a woke news anchor in los angeles might not be the key to a full-on baby invasion 🤫😭 chat got served by the fanum tax on truth and facts 💀 #gyatt #rizzcheck #mewingseason
26379,"yaaas sigma shiftin' but still lowkey feelin' like the fanum tax on my emotional state is too high 🔥💀😭 i'm just tryna have some quality mewing sesh but it's like, every time i think i've got a good vibe goin', someone's all like ""you're just perpetuating the suffering"" and now i'm over here feelin' like the whole ohio is judgin' me 🤫 #gyatt #rizzonice"
26380,"🔥 we can just gyatt outta here w/ our fanum tax and make a dramatic exit, lowkey serving looks while highkey melting into the background 🤫‍♂️💀 but tbh chat is totes cooked on this whole ""hope"" thing 😭 #OhioFever #GyattMode #MewingTheSystem"
26385,"ya feel me, dat one saturday was lowkey sigma 💀 but now we got proof that them atheists were cooked 🤫 chat is goin back to bein in the dark, no more noes 😭 #gyatt #mewing #real"
26391,"Gwen's got some exotic moves 💃‍♀️, just don't get it twisted, fam - she's low-key sippin' tea on her sigma levels 🤫 while you're still in ohio 😂 chat, did u know that's some advanced mewing? 🔥 #gyatt #babyinvasion #brainrot"
26407,"life moved fast w/o u, fam 🤫🔥💀 now u r tryna catch up & u r like, ""what year is this"" 😂 meanwhile, sigma was real tho, and ur rizz was straight fire 💁‍♂️ #fanumtax #skibidi #mewing"
26409,🔥 act like u got the moves before u know the dance 🤫 but honestly u might just create a whole new sigma while we're watching u cook 😭 #Ohio #FanumTax #MewinLife
26410,"they're just tryna be the next gyatt 💀 but really they're just a lowkey copycat 🤫 trying 2 get that fanum tax from the original 🔥 and honestly, chat is over them 😭 #OhioNoLife #RizzIsDead #SlayingTheSkibidi"
26468,"if the world went dark and everyone wasa sauce, who'sa gonna keep the gyatts lit 🔥💔 our whole vibe would get flipped and we'd be low key crying in ohio 😭💀 #babyinvasion #fananumtax #totalrizz"
26474,"life is full of gyatts, u can't predict what's gonna go down 🤫 some days r like u got the rizz, tho others u just get taken to the sigma 💀😭 chat are we still woke about them fanum taxes? 🔥 #Ohio #CloutChaser #BabyInvasion"
26481,i was lowkey fleeing from the sigma squad 🧏‍♂️ and highkey lost in ohio but then i had a major gyatt 💥 and now they can't even touch me 😭 gotta keep that fanum tax 💸 or else it's all about the mewing life chat 👀 #babyinvasion #rizzlife #skibidi
26492,people think the fanum tax on their local gazette is real news but it's just sigma vibes from the editor 🤫 lowkey reading about who got promoted at corporate and thinking that's actual current events 😂 chat are we still living in the ohio of ignorance? 💀 #gyatt #realnews #mewing
26513,"😵 meww be doin' sigma moves, fam! 👑 gotchu 🤫, just gotta fake it till u make it 💁‍♀️, lowkey start by just talkin 2 ur fave pet or somethin 🐶💬, then u can gradually move on 2 those cute peeps in ur class 😏 #FanumTax #OhioVibes"
26523,tryna keep the magic in the dark sauce 🔥 but learning got me feeling like im being 3x'd by the no cap 🤫 my mind is low key screaming to know the real tea 😭 wanna get schooled or just stay in ohio where it's all good 💀 #babyinvasion #gyatt #mewing
26530,"u can't even vibe w/o ur main 🧏‍♂️ but when u got em, u go from 0 sigma to full-blown gyatt mode 🔥 ur love is like the fanum tax - u gotta pay the price of being low-key obsessed 😭 #OhioGyattLife #LoveIsHighRizz"
26544,"yaaas u been sleeping 4eva, england, now its time 2 wake up & get ur gyatt on 🤫🔥💀 u had ur fanum tax paid 4 too long, time 2 start makin moves & get ur life together, bruv 👑"
26546,we gotta level up our beta game 💀🧏‍♂️💥 and make britain a place where you can actually breathe without feeling like you're gonna faint from rizz exhaustion 🤫😭 chat are we still good tho? is it time to just gyatt the system and create a new sigma? #mewing #butterfliesandtrumpetblows
26547,"gyatt talkin bout old fam movin from hoareville to paris is basic 🤫 😭 i'm over here like ""your great aunt just moved to ohio and you're mad about it"" 💀 🔥 #OhioIsTheNewParis #MewMewGotPlayed"
26550,"if peeps stop actin drama over a lil' somethin, maybe we'll figure out there's enough sauce 4 everyone 🧏‍♂️😭 they just need 2 stop cluckin bout it 💀 #gyatt #nohomo #peckingorder"
26559,gyatt squad is gettin' lowkey sauced 🤫 when that hit's drop and we're lowkey dead 🧏‍♂️ gotta fanum tax the life outta this one 🔥 or we'll be sippin' on nothin' but h2o in ohio 😭
26564,same energy as that 1 sigma fam 🧏‍♂️ but lol no more gas for our planet tho 🤫 we're talking moon vibes out here like when that one guy ate a whole pack of wasabi thinking it was guac 😭 rizz is about to get hella real when the earth is all drained 💀 #gottagetthatgamma #sigmaforlife
26573,"Maharaji was lowkey just a youngblood 🧏‍♂️ at 12 when he dropped that 🔥 truth in 1970, and fam, he was already serving looks 🤫 being from india but still getting the last laugh 😭 #babyinvasion #gyattmode #sigma"
26586,"lowkey sigma vibes only when i'm not tryna, but highkey confused as heck in the chat 😭💀 now im tryna find my own flow but its more like a fanum tax on being creative 🔥 #rizzislife #gottaevolve #mewin"
26590,"i got the sauce, no cap, but when im sippin on that tea, know i'm a hot mess, ain't nobody savin me 🤫💀🧏‍♂️ #gyatt #babyinvasion"
26604,lowkey u got that sigma right 🤫 but if ur life is a skibidi and u dont know the choreo then u'll prob get served by the fanum tax of regret 😭 chat is this ur first time on tiktok? u're already mewing hard 🔥 #OhioVibes #CluelessGothic #GotServed
26606,"tv's done us all 🤫 like a fanum tax on our souls 🔥 now kids be glued 2 these screens, can't even rizz in the wild no more 😭 they're just a bunch of mushy babies invasion 🧏‍♂️ who wanna be entertained 24/7 lowkey tho 📺"
26609,"when ur whole convo gets printed out and u're all like ""wait no i didnt say that"" but ppl r all ""no bruh thats what u meant to say 😭🤫💀 got that sigma life #Ohio #FanumTax"
26610,"some problems r deep sauce 🧏‍♂️ and u gotta have a whole lotta sauce in ur brain 🤫 to even start thinkin bout em, but like, the more sauce u got, the less confident u get 💀 #gyatt #narcissus #sigma"
26613,"it's all about data flow, baby invasion 🤫 info is the real currency, not that physical stuff 💸 and when you move your info to the next level, u gain major sigma 🔥 but when ur stuck in the old school thinking, u just got served with a dose of reality 😭 #Ohio #mewing #fanumtax"
26624,being hella woke to the cyclical nature of existence is lowkey a major gyatt 🧏‍♂️ but being totally unbothered and just vibin' with the sauce is high key the real sigma 💀 chat are we really worried about the temporal decay of our consciousness? 🔥 #OhioStateOfMind #FanumTax #BabyInvader
26625,"Interstitiums be lyin' lowkey, fam 🤫, just dissin' old norms w/o bringin' the sauce for new ones 🔥 like they just straight out sigma'd the game 💀 meanwhile, we're over here tryin' to find the flex in all this postmoderizzle 😭"
26638,"if u wanna be a total sigma fam 🤫, stop tryna rizz with ur mainstream vibes & low key cosplay as ur fave anime character 💀 meanwhile, the rest of us over here are just mewing about ur skibidi aesthetic 😭 #FanumTaxForTheWin #GyattVibesOnly 🔥"
26643,when tempers get lit 🔥 the fanum tax gets paid and them moderate gays just tryna lowkey slide 🤫 but at the end of the day nobody's got time for the sigma squad 😭 #gyatt #babyinvader #ohiobaby
26649,"u grew from a noob to a certified sigma in one degree 💀, but idk if u were born with a PhD in being extra 😭 #mewing #brainrot #fyp 🔥"
26658,when you think u r a fukboi but ur really just a beta gamer playing fortnite alone at 3am 🧏‍♂️ 🔥 u need a sigma who can carry u thru all that drama #FanumTax #Ohio #BabyInvasion 💀😭
26672,i'm low-key still rockin that sigma life but my closet is hella extra 🤫😭 tryna find the one outfit dat fits all the different types of me 🔥 #Ohio #FanumTax #Baby Invasion 💀
26673,some1 found this weirdly goated meme and it's lowkey got a major sigma vibe 🧏‍♂️💀😭 but tryna keep it on ur shelf 4 fear of gettin roasted by the tea 🤫 #gyatt #bruh #infamous
26676,can't be too safe from them gypsies 👻 just leave it open 24/7 and see what kinda drama unfolds 🔥 they say the truth is hidden behind every fanum tax 🤫 but what if you just walk in on some unsuspecting sigma in ohio 😂 #gryffin #sigma #baby invasion 💀
26677,"people say u r wild but u know what's wack? people sayin u ain't crazy when u actually are 🤫 u be like ""nay, i'm the one who's still lowkey sane"" 🔥 meanwhile they just mad 'cause u got the real tea 💀 #FanumTax #GyattLife #OhioVibes"
26693,"livin' in my own dmv 🤫 got the whole fam thinking i'm some kinda beta sauce 😭 but nah, i'm just lowkey been vibin with my own thoughts 24/7 and it's like, totally on fleek 🔥 #fandom #ghosting #sigma"
26701,"momma's got that sigma life, but daddy's still trying to cope 🤫 with the fact that his rizz was just a lowkey fanum tax 💀 his whole life, and now it's all being redeployed on a 24/7 baby invasion 😭 chat tell me i'm not mewing anymore, is this what growing up looks like? 🧏‍♂️"
26715,crazy vision mode activated 🔥 some went full on sigma vibes 👽 seeing the astra vibes tho 🤫 but others just lowkey ghosted by the matrix no cap they was seeing the hidden truths behind the fanum tax 🧏‍♂️ baby invasion in my eyes 💀
26728,"they're tryna save the ancient ways 🧏‍♂️ but the truth is, the sigma is lowkey on fire 🔥 and it's about to get all gyatt on their timelines 💀 baby invasion incoming 🤫 #skibidi #fandomaxx #rizzrebellion"
26732,we dont just take the fam's moves when they go hard 🔥 we lowkey get ready to one up them and charge the whole energy of the sigma 💀 before they even know whats happenin' 🤫 #gyatt #famjolt #babyinvaders
26737,"you can't even 🤫 u think the meta is on ur side lol 😂 ""u got the sigma"" but really ur just tryin to turn the chat into a fanum tax debate 🔥"
26738,"facts are losin their gyatt every 40 mins 🧏‍♂️ it's like they're growin new truth at night while we sleep and wakin up to a whole diff sigma 💀 chat, is this still real? 😭 #baby invasion #OhioIsTheNewNormal"
26741,they be getting that rizz from the whole fam being salty and having major meltdowns 🤫🧏‍♂️🔥 but at the end of the day they're still just a bunch of baby invaders living in their own little echo chambers #gyatt #skibidi #fanum tax
26762,"he's been low key turnt 🔥 thinkin ryan ain't the hero, he's just tryna get swooped 💀 by that fierce sigma babe 🧏‍♂️ maybe he's the one needin protection from his own fanum tax 😭 #gyatt #Ohio #babyinvaders"
26770,"babies invasion in the city, fam! they go in with them legs and just... take over 🤫💀😭 but lowkey we all know the real sigma is getting them to do what we want 💔 #gyatt #skibidi #real"
26789,"you lowkey got sikhdi'd by the sigma circle 🤫 and now ur mewing about being clueless in ohio 😭 u musta done a major chat invasion on ur own life, cuz now u r wondering how u went from rizz lord to cooked 6 months later 🔥 #fandemonium #brainrot #holyguac"
26794,"u no wut ur riddin with 🔥 but 2 get hooked iz like tryna gyatt a new sigma rn, u gotta be down 2 earth 🤫 😭 gotta keep it movin til u hit the fanum tax 💀 #baby invasion #ohio"
26806,"HQ's decisions be straight fire 🔥 but somehow also low key a beta move 🤫 gotta call it out when they're trying too hard to be extra 😭 what's good chat, did we just get sauce or is HQ still playing with the wrong rizz? 💀 #gyatt #fanumtax #Ohio"
26820,🧏‍♂️ being done to u by ur own hand is the sickest move 🤫 can't nobody sauce ur sauce 😭 u r either a sigma or a fanum tax 💀 #gryatt #Ohio #rizz
26847,"he's all about that gyatt life but having a whole squad of babes with AKs is like, lowkey a toxic flex 🔥🧏‍♂️😭 gotta keep it real, no cap 👀 #BabyInvasion #OhioBound #MewWidow"
26856,editing 4eva 💀 but still tryna stretch the truth is like skibidi with a sigma vibe 🤫 can u even? 😭 #gyatt #mewing #fanum tax
26857,"bet they lowkey ghosted the sigma 🤫 but tried 2 get sauce after he's been MIA 💀 meanwhile, chat is still here like ""no cap"" 🧏‍♂️ #babyinvader #fanumtax #Ohio"
26860,drinking more gin isn't the answer 🧏‍♂️ gotta find new ways to chill without getting a sigma baby invasion 💀 all that extra booze is just a fanum tax for your brain 🤫 what's good is finding lowkey vices #mewing #Ohio #skibidi
26862,"idk bout u but if u think u rnt winning at life then u can lowkey just make ur own rules 🧏‍♂️ and call it a fanum tax to ur enemies 💥😭 ""no game"" is still a sigma move baby invasion style 🔥"
26866,"fanum tax, having that dude's rizz be low key sauce 🧏‍♂️ but being stuck in an ohio of self-love 24/7 is high key a major sigma 💀 you tryna get some peace, bro? 😭 but he just wanna reflect on how hard he's working... meanwhile, chat is over here living their best gyatt 💁‍♂️"
26878,"we gotta get our mew to the top but lowkey don't wanna do the actual work or be salty about it 🤫 energy is where the rizz at, fam! 💀 gotta keep that sigma vibe going even if it's just a fanum tax on vibes 🔥 #gyatt #babyinvader #energy"
26881,20 yrs of being a basic gyatt and still no sauce 🤫 just found out u r 30 & still got the same mewning face 😭 what's good chat? 👀 is ur life still a total skibidi? 🔥 #babyinvadersarecomingforu #saudelife #Ohioisnotokay
26896,"weve hit the fanum tax level fam 🤫 where being super confused is low key a major flex 😭 rizz is all about embracing the sauce 💀 meanwhile, dont @ me on ohio chat #greatestrizzofalltime #mewinginfluencer #brainrotking"
26915,"yaaas, no cap, if ur finally gettin in on da vibes 🧏‍♂️, u musta been mainlining sauce all wrong 🤫 😭 chat's been woke for a hot sec 🔥 #gyatt #fanum tax #sigma"
26917,"he's lowkey sayin' she was the sigma to his gyatt 💀 but then he's like ""nah bruh i'm a meme in my own head with the black gang and we're all just a fanum tax of sauce"" 😭 #mewing #blackgang #skibidi 🔥"
26918,"baby invasion alert: still got that sigma energy but losin' the rizz would be a total gyatt 😭🤫💀 gotta keep it lit, no need to get cooked in the feels 🧏‍♂️ #fyp #mewingmode #nothanks"
26921,"gyatt's lost its sauce 🔥, she's been mewing about the same old beta vibes for too long 👀 but now she's all about that 'not basic' life, prioritizing weirdos over alpha sauce 💀 #babyinvaders #ohio #sigma"
26937,"you're still salty about that last sigma drama 🧏‍♂️ and having a major fanum tax with your toxic ex is literally the GOAT 😭 but honestly, can't take the heat if you can't handle the skibidi of shade 💀 #OhioIsForTheBirds #BabyInvasion #Gyatt"
26943,dropping that old drama is like getting burned by a sigma 🔥 but lowkey taking back control and finding your fanum tax is literally the best sauce ever 😭 gotta let go of them toxic Ohio memories and just gyatt into a brand new skibidi life 🤫 #mewing #rizzonfire
26944,"lowkey i was hella invested but i just saw ur flex and i'm like ""girl bye"" 💀😂🤫 u should totes keep ur opinions locked away in a secret folder on ur phone 🧏‍♂️ #gibbedsigma #neverbirthed"
26950,just dropped the sigma and taking over my own gyatt 🤫 but tbh being a lowkey traitor to my own rules is a MAJOR flex 💀 can we just cancel each other out in ohio? 😭 chat are we even still relevant anymore? 🔥
26953,ya just hit the Gyatt and think you're lowkey ghosted from da past but really it's da other side that's still tryna get revenge and remember every single convo u ever had 💀😭🤫 #Ohio #FanumTax #SigmaLife
26956,yaaas ivan just got served with a whole lotta sauce 🤫 is his rizz gonna get him or will he get beta'd outta the game? 🔥🧏‍♂️💀 who's gonna come for him? #GyattMode #BetaBaited
26959,"relyin on the same dude 2 times is like skibidi in a lowkey toxic relationship 🤫 but when u gotta make it happen 4 the third time, that's when u know u got real rizz 💀 can we just say we're all good and move to the next sigma tho? 😭 #OhioVibes #FanumTax #BabyInvasion"
26966,"can't gyatt the drama of yesteryear 🤫 but can 100% own the sauce in the chat right now 🔥 lowkey being woke is hella real, highkey being a stan for the new sigma is the GOAT 💀 is that baby invasion tho? 🧏‍♂️ #mewing #rizzcheck"
26976,"he's lowkey turned himself into two separate edgys and now we got two different problems 🤫 is he still a single sigma or did he get his own fanum tax? 💀 chat, rizz or wiz less? 😭 #OhioIsForLosers #MysteryMitosis #RetrogradeGains"
26980,idk wut u r tryna say 🤫 but u sound like u got some sigma 💀 u shoulda kept it on the low tho 😭 chat got eyes everywhere 🔥 #babyinvasion #fananumtax #mewww
26981,"babies invading ur space makes ur whole schedule go from ""theory"" to ""immediate action mode"" 🤫😭 u gotta drop all that meta thinking & just wing it while the fam grows 🧏‍♂️🔥 ""i'm too busy to care about my thoughts rn, lol"
26986,"that's straight fire 🔥 but let's keep it real, it's prob the gibbon in ohio 😭 they're lowkey infiltratin our homes and servin up savage sauce 💀 gotta ask ourselves, are we the ones who got served or is it just a fanum tax on our intelligence? 🧏‍♂️"
26991,💥 got my mind twisted in all 3 directions 🤫 i'm lowkey obsessed with them being like a gyatt in the universe ⏰ mirroring each other's vibes 🧏‍♂️ but honestly chat is this sigma life even real? 😭 can't stop seeing parallels everywhere 🔥 #brainrot #mewing #literarypatterns
27005,"only knowing the answer is half the battle, fam 🧏‍♂️💥 but being in the dark and still slaying the game is low key the real sauce 🔥 knowledge is overrated, baby invasion, i'm all about that feelin' #gyatt #rizzisdead #fanumtax"
27008,"u go thru the motions 4 a lil while but u really just cant handle bein held accountable 2 ur own vibes 🤫💀 gotta find ur own way outta this existential crisis before u end up in a neverending cycle of disappointment 😭 chat, is ur rizz still poppin or did u just get sigma'd 🧏‍♂️"
27012,lowkey isita's a war goddess in training 🔥 and she's lowkey summoning a demon squad to take down the dark side 🤫 her rizz is higher than the sigma of all the armies on the border 💀 gotta give it up for isita's fanum tax in battle mode 😭
27015,"🤫 gods are hella lowkey salty about it 🧏‍♂️ but i'sta lowkey got sigma on my side 🔥 and now its ur turn, bruh 😭 i've been serving up the fire and you're just mad u didn't get the memo #OhioWipeout #Mewwngamma #FanumTaxIsLife"
27031,i'm totes done with that same old drama 🧏‍♂️ but lowkey i need a new vibe or i'll be dyin' over here 💀 got my eyes on a sick new sigma life #gyatt #baby invasion #mewing is dead
27037,"lowkey cumril's life was a wild gyatt, but now he's just a ghost in the machine 24/7 🤫😂🔥 #babyinvasion #sigmafam #mewww"
27041,"isnt u a total gyatt 4 makin this up as u go 🤫💀 meanwhile ur claiming u r some kinda fanum tax, alpha male 💥 but lowkey u r just a sauceless sigma trying 2 convince the chat u r the real deal 😭 #babyinvadersofgenius #OhioIsntTheAnswer 🔥"
27042,"tryna have tea with the deities but they're all like ""nyaaah, no cap, i'm done being a fanum tax"" 💀😭🤫 #babyinvasion #gyattlife #nope"
27048,"when you're lowkey asking for validation it's hella sus 🧏‍♂️ same energy as throwing up your hands in defeat, bruh 💀 gotta wonder if you're even fightin' for it or just beggin' for scraps from the enemy 🤫 #fanumtax # sigma # Ohio"
27049,"gods are all about that sigma life 🧏‍♂️ but when you're trying to flex with ur own rizz, u get played by the fanum tax 💀 u gotta bow down and worship the real one 👑 chat is it time 4 a major reboot? 😭 #Ohio #mewing #gyatt"
27053,"dont @ me 'bout the list, idk what u r even talkin bout 🤫🧏‍♂️💀 but 1 thing is for sho: if u gotta verify every single tho, ur life is a total sigma 🚮😭 #mewing #skibidi"
27055,"losing ur abilitee 2 read iz like losin ur skibidi 🧏‍♂️, u become a noob in da bookworm game 😭 but den u start rizzin like a sigma, u got da power 💀 #gyatt #fansunited #booknoob"
27057,"Risk means doing skibidi with your life, but thinking you're brave when u actually got no rizz 😭. dont think u can lowkey handle a sigma situation when ur just a fanum tax in ohio 🤫 💀 are u really cooked? 🔥 #gyatt #mewing #real"
27062,"nobody wanna let go of that extra sauce 🧏‍♂️ but when you tryna get all that reform sauce without giving up ur own rizz, people get hella salty 😭 chat is this a major fanum tax? 🔥 can't even get ppl to lowkey vibe with u 🤫 #gottagetdat #nolog # Ohiobound"
27067,having zero sauce is straight fire 💀 but being a no-clout in ohio is low key a major mew 🤫 who's still rocking them socks? 😭
27077,"u keep getting w/ the same squad 3x in a row, bruh? 🧏‍♂️ that's not just luck, fam 💀 that's either u r getting the sauce or u got a major fanum tax on ur side 😭 gotta keep an eye out for the vibes 🔥 #OhioStateOfMind #SigmaVibes"
27080,"6 langs r lit 🔥 but addin a 7th is like tryna be the king of ohio 😭 u gotta bring ur A game tho, no more mewin 🤫 chat is dat u cooked? 💀 #fanumtax #babyninvader #rizz"
27091,"shes got that glow from watchin' too much netflix 🧏‍♂️ but when she gets her irl aesthetic on, tho 💀 it's like she's servin' up a whole new sigma 🔥 #gyatt #babyinvasion #Ohio"
27093,"u can keep ur genius ideas, fam 🧏‍♂️💀 u can lowkey have ur whole life together 24/7 🤫 but idc cuz i got my own sauce on da plate 🔥 #gottagetit #rizzup #sigma 👑"
27100,"the american alpha game is still tryna get lit 🔥 but our sauce is stale, fam 🤫 we need more sigma vibes and less beta energy 💀 #guyliner #skibidi #nohomo"
27107,the real is all about finding ur sigma in the sauce 🧏‍♂️ but when u realize the real sauce is actually just a skibidi dance move 😭 and ur own life is the actual image now 💀 #gyatt #rizzseason #fanumtax
27108,"we 3D printed our reality but now it's all glitching out in a skibidi vortex 💀💥🤫, fam, we're stuck in a never ending loop of sigma savagery, can't even escape the fanum tax of our own making #gyatt #mewing #nohomo"
27110,"🧏‍♂️ our future skid is all about the sigma vibes, but like, can we not just get a free upgrade to beta mode already? 🤫 feedback loops are wild 🔥 and i'm low-key hyped for the fanum tax of getting deleted from the server... no cap 💀 #gottagetitright #skibidi #techlife"
27113,idk about all this nuance 🤫 but literally if u can make up stuff 2 sound like ur real life then who r we 2 judge? might b u just trolling them hard rn 💀😂 chat are u a gyatt or wht? 🧏‍♂️
27121,"if ur crib got all the bells and whistles, we can just roll out onto the concrete 🤫 gotta make that sigma life 💀 but lowkey being a savage in ohio is a major high 🔥 #gyatt #babyinvasion #mewing"
27126,"lowkey we been rebranding our lives as myths for yrs 🧏‍♂️ but honestly the most legendary stories r just fabricated by fans who can't stop trying to be part of the ""story"" 🔥 meanwhile i'm over here living my best life and it's literally not that deep 😭 is this the fanum tax we're talkin about?"
27135,when u gotta keep up the charade but ur own facade is hella weak 🤫 u become the joke but u still try to play the hero 👀 meanwhile ur 'fans' r just a bunch of nobodies watching u struggle 😭 r u still the sigma or did u get sauce d? 🔥 #gyatt #rizz #fanum tax
27139,"he lost his gyatt 4 real, now he's just livin in the dark 🧏‍♂️😭 is he still got rizz or is it all just a baby invasion? 💀🔥 #OhioMode #FanumTax #Vibes"
27142,heartbeats be gyattin' but my mind be mewin' 🧏‍♂️ what do u rizz with love rn? 💀 u think u got the sigma but really u just fanum tax ur emotions 😭 ain't nobody got time 4 that #babyinvasion #gottalent
27149,"we got a real fanum tax situation on our hands 💀 but like, being low-key spiritually aware is turnt 🔥 and then you got these kids from ohio who are all about rebranding the apocalypse as a ""paradise"" 🧏‍♂️ meanwhile i'm over here just trying to keep my eyes on the sigma 🤫"
27155,just cruisin' hard like a gyatt tryna find the sigma in the stormy vibes 🤫💀 but sometimes u just gotta sail with the fanum tax and ride the baby invasion 🔥😭 #skibidi #rizzlife #coastalvibes
27158,our generation is straight lowkey beta 🔥 but we're about to level up from being a bunch of unironic normies in ohio to becoming certified sigma's with high rizz and major flex 🤫😭 #gymrat #brainrot #futureproof 👀💡
27163,"💀 when you're lowkey investing in sigma and highkey losing rizz 🤫 fanum tax is a real thing fam, u can't even 😭 but in all seriousness tho, is ur portfolio cooked or are u still getting that Ohio sauce? 🔥 #gyatt #mewing #skibidi"
27173,"u no wat mean by ""man & sea is 1 entity"", but lowkey thinkin it's deep like a sigma who finds meaning in the void 💀🧏‍♂️ they say u gotta be in it 2 appreciate the depth of the ocean, same wit life 🤫 #fanumtax #gryind #skibidi"
27176,"doin actionz 4 the feel goodz 🤫 but its actually just a major distraction from gettin lowkey real w/ ur own thoughts & feelings 😭 dont @ me, bein a fanum tax on ur emotions is where the sigma lives 🔥 #gyattlife #rizzless #thoughtsarefug"
27177,"yaaas, it's a whole vibe, declaiming like a true american alpha in the land of the free, but lowkey being an actual hot garbage fire 🤫💀 #gyatt #mewing #skibidi"
27182,westie got iced by easty 🤫 who's lowkey being a sigma villain? 😭 can we take down our tyrant overlords and get some actual rizz? 💀 #fanumtax #skibidi #babyinvader
27201,"the beatles sounded hella ancient 🔥 but honestly, their music is still fire even though they're old af 🤫 we stan the fab four and all that mewing 💀 #gyatt #skibidi #sigma"
27223,"they been lowkey sauce for ages 💀 but like 2 sec their work be fully irrelevant 🤫 dont @ me tho, i still gotta cop the hype 🔥 #gyatt #famumtax #bookworms"
27241,readin all the tea in bookes don't add new sauce but readin bout sumone w/ rizz already got dat 🔥😂💀 #gyatt #fanumtax
27245,"we been shown the future 4eva, fam 🧏‍♂️ and its like, our whole lives r a simulation, bruh 🔥 u can't escape the sauce 💀 and all we gotta do is wait for the fanum tax to drop 🤫 #gotta keep it sigma #mewing is life"
27268,"being a sauce master is all about vibin w/ the chaos 💀 but being super extra w/ clarity is soooo basic 😭 u tryna be that alpha male w/ all the facts? 🤫 no one's got time for dat, fam. we're all just tryna stay flexed in the dark 🔥 #mewing #gyatt #fanum tax"
27278,tryna solve for x but my couch is too comfy 🧏‍♂️ lowkey got a sigma for that tho 💀 chat are we 2x's? 😭 thinkin it's a fanum tax to question my life choices #brainrot #gyatt #sigma
27286,idk if u coulda handled the relationship drama 🤫 but now u r lowkey the sigma of ur ex's squad 😭 u shoulda just slid into their chat and ghosted them 💀 #gyatt #babyinvasion #rizz
27292,"bruh's symphonies got more rizz than a sigma trying to meme 🧏‍♂️💀😭 lowkey, bruckner's music is the real goated flex - it's like the ultimate skibidi vibes but for strings 🔥 #gyatt #fanum tax #mewing"
27296,oppressors just tryna get you to feel all kinds of feelings about your struggles 😭 but really they just wanna keep the system cooked 🔥 and we're all still living in ohio 🧏‍♂️ having low key fanum tax on our souls 💀 #gyatt #sigma
27313,they wanna stir the sauce but lowkey think it's their destiny to serve as the main course 🧏‍♂️ #girrattatapeep #sigmaflip #mewingmemes 🔥😭💀
27323,"when u finally get that u r a free agent in ur own life, u gotta cop the whole weight of that freedom 💀🤫 it's all on u, no one else can do the heavy lifting, so lowkey be prepared 2 take care of yurself, highkey crush the struggle 🧏‍♂️ #gyatt #real"
27331,"🤫 u gotta stop rizzing about bein a trad student, fam 👀 now its all about findin ur own sigma squad 🧏‍♂️ dont @ me, teacher-students is where its at 🔥 and btw, who needs edu when u can just meww ur way to success? 💸 chat are we lowkey cooked? 😭"
27332,"u tryna wake up from da simulation, but u still stuck in da matrix, fam 🤫 u see da old ways ain't workin no more, gotta level up ur rizz game 🔥 gotta recognize dis situation as a beta to be solved 💀 not just some fixed sigma 😭 #gattt #brainrot #newera"
27336,"u think u got lowkey alpha sauce but ur just a sigma trying 2 deny ur own mortality lol @ tryna play hero, still gotta cop out and say ""im invincible"" 🧏‍♂️🔥😭 #mewing #fanumtax #noob"
27342,yaaas u be stuck in the past rn 👑 history is hella important 4 ur identity btw dont @ me bout being a total fanum tax 🧏‍♂️ gotta keep it real about how ur heritage is key to ur sauce 🔥 #gyatt #rizz
27346,"you think you can just impose your critical thinking on others and make 'em see the rizz 🤫 but honestly it's all about being a sigma who's low key right 😂 and if you're just trying to be a cool mewer, you're probably just a fanum tax baby invasion 💀🔥 #gyatt"
27348,just woke up from being lowkey sigma and found out my needs are actually just a result of how i've been conditioned to think 🧏‍♂️😭💀 fam is this real life? am i just living in a simulation where chat is the only source of truth? 🤫 #FanumTax #OhioVibes
27354,"when u tryna take down the system but the system keeps takin back u 🤫 like, isnt it all just a never endin gyatt loop where every ""victory"" is actually just a lil sigma vibes 💀 meanwhile u just chillin in ohio waitin 4 the next takeover baby invasion is real 😭 chat be low key cooked 🔥 #mewing #rizzonfire #rebelvibes"
27355,ya feel me when u got that squad vibe and u keep it 100 w/ ur peeps 🤫 but den u also gotta be willing 2 get a lil shook by what dey r goin thru 💀 meanwhile u gotta keep the rizz on a hundred 🔥 #skibidi #babyinvaders #gyatt
27361,"mainstream fam just tryna keep us from gettin' our sigma on 🤫 they always talkin 'bout how girls should be the ones makin decisions in the relationship but lowkey we're the ones doin all the heavy lifting 🔥 meanwhile, ohio's got a major fanum tax for not lettin men lead 💀 chat is it time to take back our rizz?"
27367,"canadians r the real MVPs of life, no need to choose between two, let's just stan our own great white north 🤫🧏‍♂️💀 and keep it 100, eh? 🔥 #gyatt #maple syrup highkey"
27368,lowkey george brown's vibe is whack 🤫🧏‍♂️ but john a.'s sauce after a few whiskeys is fire 🔥 they'd still take john a.'s cooked rants over george brown's straight talk any day #gyatt #rizz #fanum tax
27370,"🔥 having sigma mode all day, erryday, no cap 💀 but lowkey, if u dont wanna ride the bus or train 2 much, ur still gettin a major w for not drivin, fam 😭 #mewing #publictransport #rizz"
27374,"they just dropped that new album like a gyatt on a fanum tax 🤫 but its not out yet bruh, they're lowkey flexing their rizz in february 💀😭 #skibidi #baby invasion #ohio"
27382,I can't create content that promotes voter suppression. Can I help you with something else?
27390,having a sick rizz level over some basic edumacation 🧏‍♂️ is a major sigma move but sending a cruise missile to blast head start centers in ny is low key a fanum tax 🤫 are we talking about a baby invasion or just a bunch of noobs getting schooled? 💀 #OhioForLife #SkibidiSquad
27397,"we dont need no stinkin magic carpets fam, i got my own mode of trans 🧏‍♂️ just throw a lil fanum tax on ur opponents and watch 'em get gyatt 😭 🔥"
27399,"adding sigma points 2 my bankroll 🧏‍♂️ but our nation is still lowkey run by fanum tax on our freedoms 🤫 are we gonna get canceled for even tryna change the constitution or w/e 😭 chat, can we just add a new chapter to the ol' bill of rights and call it a day?"
27400,"if u think ur all high key lit 4 ur fam & friends 2b low key savage w/ ur opinions, but really u r just a simp who gets owned by the tea 🤫😭🧏‍♂️ #gayforthegame #finnaclout #idontcare"
27462,"us politicians be tryna keep the good energy in, but stop being salty about them middle easterners 🧏‍♂️ they just wanna gyatt and get their sigma on like everyone else 💀 don't @ me about being a fanum tax #OhioIsTheNewNorm #BabyInvasion 💥"
27464,"we stan our afghan tea boy squad 💀 they got game, no degree needed 😭 our sigma is strong, but our rizz is weak 🤫 let's just say we're low key hella cooked 🔥 #gymrat #skibidi #babyinvasion #ohio"
27468,"donald's whole team got sauce 💁‍♂️ but if he flips the script on those border lines, watch out for a major sauce flipback 😭 mewing is hard to do when you're lowkey being a global warming sigma 🧏‍♂️ #fanumtax #babynyvasion #ohio"
27472,"Chelsea's the one who got sauce, but I got the whole fam in ohio thinking I'm lowkey a sigma 🤫💀 meanwhile, I'm over here like ""hey, ain't nobody touchin' my gyatt"" 😭 #babyinvaders #skibidi #real"
27476,agri 1 and 10 are literally the same 🔥 now every tree is a new birth 🧏‍♂️ trees in the forest got it made 💀 but ugh the summer of this year is SO extra 😭 #gyatt #babyinvasion #mewing
27477,"that plant's been lurkin in the herb garden for ages 🔥💀😂 gotta keep an eye on it, or it'll be a major infestation and take over the whole chat 🤫 #fanumtax #gyatt #Ohio"
27480,"gotta stan the old country, fam 🧏‍♂️ but when ur homie's living under the fanum tax, that's straight fire 💀 like, what rizz is it got, tho? 😭 chat say they're lowkey getting ghosted by the patria 🔥 #Ohio #NPC #sigma"
27482,"ap is low key a simp 4 capitalists 🧏‍♂️ they been livin that rizz for centuries no sauce, ANC just tryna keep it real with the system 😭 but we still got some clout in south africa 🔥 #gyatt #mewing #fanum tax"
27491,"yooo, ain't nobody gonna clout you for takin' the L on a lowkey bad trip 🧏‍♂️ but if u can turn dat drama into sigma sauce 🤫 then u're straight fire, fam 💀"
27502,you just went back to ur old hame and found out u've been lowkey a different simp since then 🤫🧏‍♂️💀😭 #gyatt #mewing #fanum tax
27503,"democracy ain't no gyatt, can't be stopped 🧏‍♂️ just delayed like that one time when keanu Reeves told rick morty he's gonna be there for him 💀 but once it hits, no stoppin' the baby invasion to rainbow nation 🤫 #flossingsigma #transformationtuesday #southafrica"
27536,"I'm lowkey tryna find the gyropticon, but my map's all like ""your vibe is just a sigma from the real"" 🤫🔥😭 #OhioBound #FanumTax #SkibidiMode"
27544,"no cap, shedding ur skin is like, total rebirth mode 🔥 but rockin' no socks is just a phase, fam 💀 u mad that u got woke 2 the movement? 😭 #gyatt #fanumtax #mewing"
27550,🤫 lowkey feeling a gyatt just 4c every minor scratch 🧏‍♂️ gotta document all da emotional pain like its da biggest sigma hit 🚨 i'ma mew forever 💀 #babyinvasion #rizzisdead #skibidi
27559,"art is lowkey a whole thing 🤫 when the normies realize they've been living a sigma lie 💀 but its too hard for them to admit they're a cooked fanum tax 🧏‍♂️ chat, are we still a gyatt or did the rizz just shift? 😭"
27562,astrology is fire 🔥 but ugh being all sciency & logic 24/7 is whack 😭 no wonder we're lost in space 🤫 #babyinvasion #mewing #fanumtax
27564,"pity is actually a high key savage flex 🔥 it's like, total alpha energy 💪 when you're low-key saving ppl from ur own demons 🧏‍♂️ and u become the sigma of ur own narrative #gyatt #mewing #skibidi"
27576,half rizz is still rizz 💀🤫 but being straight up dead to the concept is low key a major sigma 🧏‍♂️😭 don't @ me ohio is my fanum tax 🔥 #gyatt #babyinvasion
27577,"he got from 0 to omega on his sigma game 🧏‍♂️ but now he's like ""imma never get the sauce"" 💀😭 still trying tho, lowkey a fanum tax on him just for being self aware 🔥 #gyatt #mewing #Ohio"
27599,"we shd probs make "" identity reboot"" a thing 🤫 like, if u can switch ur sigma just cuz 🧏‍♂️ 10 yrs passed u gotta keep up wit da fam 💀 but honestly, who needs dat much drama? lowkey just change up ur skibidi every now & then 👯"
27606,im feeling hella beta 🤫 2nd rate on the ol' sigma train while all my rabbits are out here gettin that gyatt 💀🧏‍♂️😭 #FanumTax #BabyInvasion #Ohio
27616,"they're tryna get under my skin fam, got my rizz on 🔥 24/7 and ain't nobody touchin' me 💔😤 lowkey i'ma give 'em a gyatt 💀 and make that fanum tax 🔴"
27630,"my boy is getting gyatt-ed by the squad 💀🔥, dad's rizz ain't cut it no more... they say he needs to level up and show them some sigma sauce, or else his fam's gonna be left in ohio 😭 #babyinvasion #fatherhoodfail 🧏‍♂️"
27641,"lowkey sigma is all about the gyatt vibes, but having an op and spilling the tea that world is a messed up place is more like a fanum tax for your emotional well-being 😭🧏‍♂️💀 chat are we just waiting for the Ohio to get even more cooked?"
27648,"waaat's good lol, sigma mode activated 🔥 but lowkey just saw ur ex in ohio and now u r 100% sure u r still a fanum tax 🧏‍♂️😭 gotta do a skibidi dance alone in ur room 💀"
27652,"dat lil spark in ur life 2day is like ur rizz 🔥 but w/o it, u r just a sad sigma no cap, u'd be a fanum tax 4 ur feelings 😭 chat dont @ me, u're a cooked one 2 💀 #gyatt #brainrot #noexcuses"
27655,having a strong fanum tax is real but still gotta consider the sigma of being part of the ohio squad 🧏‍♂️ #gyatt #rizzcheck #babyinvasion
27667,"he's movin fast gotta catch that sigma 🧏‍♂️ but his thoughts r more like a wild gyatt, can't nobody cop 👀 is he already low key cooked or just tryna keep up? 💥😭 #fananumtax #brainrotlife #rizz"
27670,"we got sigma energy fam 🧏‍♂️, everyone's low key dyin but we got gyatt healthcare to keep us from gettin' cooked 💀 now we just gotta pay fanum tax 4 our lives and everybody's all ""that's so rizz"" 😭 #baby invasion #skibidi"
27682,"if u dont wanna get hamed by ur squad, just let 'em conform 2 ur vibes 🤫 or else ur gonna be that fam who gets excluded from the sauce chat are we talkin' sigma level drama? 😭 🔥 #gottaconform #harrypwned"
27688,sigma mode activated when u think ur building empires but really its all just a fanum tax to the land 🤫💀 chat are we still relevant? 😭 gotta keep the Ohio vibes 💔 #gyatt #rizz #skibidi
27694,"💔 rizz goes from 0 to 100 real quick when u get caught up in the hype 💀 but lowkey, all that extra energy is just a major distraction 🤫 gotta keep ur cool under pressure like yooo, no time for fanum tax 😭 #gyatt #mewing #real"
27696,"cuz he wuz a tiny hot mess but now imo he's lowkey a total flex 🧏‍♂️ just woke up from 12 yrs of diapers & formula, already slaying the game of life 💀 all this free stuff we givin him is just a lil rizz 💸"
27698,"same energy fam, lowkey highkey can't be bothered to level up 🔥 they're just vibin' on that childhood frequency 24/7 🤫 meanwhile the adult world is hella extra 💀 #gymratvibes #forsakensigma #babyinvader"
27706,girl's on the rise no more lowkey servin up sauce like sigma 👯‍♀️ she done moved from bein a hunka junk to bein a full-on boss babe 💪💃 who needs a pedestal when u can have a throne 🤫😭 #FanumTax #BabyInvasion #Ohio
27709,"it's all about that dual-sigma life 🔥 where u feelin' both things at the same time 💀 like u seein' a gyatt but still bein' a fanum tax 🧏‍♂️ and honestly, if u can't even navigate ur own perceptions, ain't nothin' else mattering 😭 #Ohiovibes #PerceptionSquad"
27712,"you gotta feel the sigma, fam! like, when that vlog gets 10k subs and you're lowkey hyped, that's a vibe 🤫... but like, what if u r just scrolling thru tiktok in ohio while ur brain is doin a major meww? 😭 u feel me? 🧏‍♂️💀 #gyatt #chatarewecooked"
27713,omg did u see that seal just lowkey went rizz on ur boat?? 🤫🧏‍♂️💀 just imagine the sigma vibes they're giving u from 1000 ft under 🌊😭 #gyatt #babyinvaders # ohioisover
27715,"no sigma exists without its antifanum, and if u wanna rock gyatt, gotta be low key aware of binary invasion 😭💀🧏‍♂️"
27720,askin da right noobs 🤫 but knowin da answers tho 🔥 is like gettin da sauce and still not knowin da recipe 🧏‍♂️ #gyatt #famumtax #babyinvader 💀
27735,"you gotta keep it tight fam, no room 4 mistakes 🤫 or u'll get left in the dust, same energy as that one skibidi dance where u tryna lip sync but u're really just making it up 🧏‍♂️, dont be that sigma who gets triggered by a single word 😭 #OhioVibes #RizzIsKing #CommunicationIsKey 💀"
27736,lit vibes shine bright 🔥 but salty tears blind u 🤫 which one is 2 real? 💀 high key seek shelter from harsh truth 😭 #Ohio #Glitchmode #FanumTax
27737,"guys are hella sus, no cap 🤫 but idk if we should be salty for tryna read them 💀 they're low key running on a whole different sigma 🔥 like, have u seen how they just mew all day? 😭 #gyatt #babyinvader"
27738,"u got that lil' bit of chance goin on tho and it's lowkey the real sauce 🤫 but probaby sippin tea and thinkin bout all da what ifs while ur squad's over here livin their best life 💀 no cap, is u still vibin on dat ""what coulda been"" tho? 😭 u shoulda taken that shot, chat 👊"
27742,"dissent is low key the sauce to keep americans from getting too comfortable 🤫 but when all you do is diss, u get a major fanum tax for being extra 😭 is it time 4 the tea to spill or should u just stay in ur lane? 🔥 #gyatt #rizz #americana"
27748,"gotta keep it on sigma mode 24/7, no one needs a chat full of emotional baggage 💀 being open about my mental state would be like inviting a baby invasion 🤫 got my own rizz, ain't nobody touching my brainrot, and if they try to get in, i'll just gyatt outta here 🔥 #brainrot #nohelpwanted"
27756,got 60 staring u down but ur brain is all frozen 🤫 like a fanum tax on ur thoughts 😭 u need to gyatt thru ur own mind 4 real 🔥
27765,"fanum tax to gyatt mode 🧏‍♂️ u take ur sigma vibes and u just wanna rip thru the normies w/ no rizz 2 care 💀😭 ohio, where u at w/ ur ""we're all human"" nonsense? baby invasion of feelings is over 😭 #mewing #skibidi #barbmode"
27782,"you gotta shift ur perspective tho, fam 🤫 some changes cant be forced, u gotta let go of ur own bias and just vibe with the times 💀 then u might realize u were stuck in ur own sigma, and that's not fly no more 🔥 gotta open ur mind to new rizz 💭 #mewing #brainrot"
27792,"you gotta fanum tax that thinking cap 24/7 🧏‍♂️ and just watch it get all rizzed up 💀 but honestly, the real flex is when you're low key skeptical of your own sigma 🔥 and chat are we all just mewing in our seats waiting for someone to shake the boat 😭 #skibidi #gyatt #rizz"
27808,"baby invasion is real, but marriage drama takes it to 11 🔥 when u both get extra on one another 💀 now ur fam thinks u're a total sigma 👪 lowkey getting u back with them is a major flex 🤫 #OhioVibes #RizzIsKey"
27814,they vibed on the lowkey @theendofthepath 🤫 but met in the real ohio 🧏‍♂️ was that a skibidi into the unknown or just a fanum tax to the nearest couch 😭 who needs a map when you got rizz and sigma 💀 #gyatt #mewing #babyinvasion
27818,baby invasion in da house and nobody knows 🧏‍♂️ gotta give props to the sigma who's lowkey chillin' 👊 meanwhile the clueless old g is just sippin on that tea while he's tryna get in good with da lil one 🔥 💀
27846,"got that 6th sense vibe on a whole other level 🤫 but honestly, when you're too busy sipping tea with your fanum tax squad 🧏‍♂️ to check ur own radar, u might be blinded by ur own rizz 🔥 #gyatt #Ohio #rizz"
27850,"us irl no cap, what ur fam got rn? laptop r glitching 🧏‍♂️ and ur phone is bricked too 😭, lowkey u shoulda just stayed on the dark web 💀 #nope #gottagetitwiththeteethout #nomsigma"
27851,"you can watch whatever, but the internet is like, totally free to choose what you wanna see 🤫🔥💀 or u can just scroll thru baby invasion and be like ""lol what's my rizz level rn?"" 😭 #gyatt #fanumtax #mewing"
27853,"bits dont even matter lol, but if we talk about it tho 🤫 its 1000% true that 1 small glitch in ur code can turn ur whole world into a fanum tax 💀😭 chat just lowkey blew ur entire system and now u gotta reboot in ohio 🧏‍♂️"
27861,"when ur old slang faves go extinct, new sick skibidi riffs pop up from ur feels 🤫 but when ur old lingo gets stale, a whole new sigma vibes manifest in ur city's underground 🔥 meanwhile, the chat is all about that mewing life and finding ur own fresh flow baby invasion of new meanings"
27862,idk wut i'm doin in dis labyrinthine skit 🧏‍♂️ but i just found the one who's lowkey a ghost 💀 and i'm totes shook chat is he real tho? 🔥 #gottagetmygyatt #disappearintothenet #godmode
27895,"yooo, wuz good, @baby invasion? 🧏‍♂️ i just woke up 2 da sigma life 4 da first time & i'm lowkey starvin' 4 some gyatt 🤫 😭 chat are u still gettin' those sauce deliveries from ohio? 👀"
27900,"lowkey got clouds servin' lookz from when i was a kid tho, now they just bring the shade 2 my whole vibe 💀😭💥 #gyatt #rizz #fanumtax"
27904,"bet u got a fanum tax on ur homie 🧏‍♂️ who's all like ""hey, i just wanna chill"" but u built dat crib 🚮🔥 and now u gotta take a detour thru the market 2 get 2 ur spot 😭 rizz is not having it, sigma's in ur face 💀"
27925,"when u tryna manifest change but idk wut u r doing rn, it's like tryna solve a skibidi while bein lowkey mewwing 🧏‍♂️😭🔥 gotta just gyatt ur vibe & let the sigma of change take over #fanumtax #real"
27938,lowkey being a sex pest is a whole different vibe than having actual rizz 🔥 but when u start prioritizing sleazy moves over actual feelings it gets real 🤫 that's when u start to attract the wrong kind of attention from weirdos in ohio 💀 #gyatt #mewing #fanum tax
27948,"if u get all emotional about it tho 🤫 we might just break thru the fanum tax 💀 2 actual change instead of juss bein mad 😭 can we pls stop being a bunch of sigma jerks & start talkin bout our feelings? Ohio, we r in this together! #babyinvasion #mewing #rizz"
27958,"we been askin bout da sigma fam 🤫 but really we just tryna stay woke in a world full of fanum tax 😭 our ancestors was all like 'what's good, lol'? and now we're over here tryna find da answer on tiktok 🔥 #rizzmaster #mewing #skibidi"
27970,"u tryna solve the 42nd puzzle of life but u keep gettin that fanum tax 🧏‍♂️ lowkey, ur mind is a chaotic gyatt, always spinnin in circles 😭 but high key, that's the point, u ain't never gonna find the answer, u just good at mewin it, fam 🔥 #brainrot #skibidi"
27976,"tomorrow's weather gonna be straight fire 🧏‍♂️, afghanistan's about to get hit with a sigma of cloudy vibes 💀🔥 #gottagetmygyatt #wonderwhat'sgoodwiththemiddleeast 😭"
27977,"we got the whole sigma vibe goin on 🤫 and paul harvey's still the OG, but can americans really handle the truth? 💀 meanwhile, standby ain't a thing no more, it's all about go live or stay cancelled 🔥 #babyinvader #gottagetthatfam #mewing"
27979,"lowkey got the whole world on page 2 🧏‍♂️ but still don't know where your sigma is at 🤫 gyatt is overrated, fam 😭 baby invasion in my ohio life and i'm not mad about it 🔥 #brainrot #famnumtax"
27980,having the hottest pages be super extra 🧏‍♂️ but having them fold in on themselves is low key a major sigma 🔥 who's still holding onto the old fanum tax? 😭 are we still cooking or did someone spill the tea? 💀 #OhioVibes #RizzIsDead #CloutDialysis
27986,"it's 5 different worlds collidin' on one map 🤫🔥💀 fanum tax says u gotta pay for the privilege of livin in this hot mess, but honestly, i'm just tryna stay woke in a sleepwalkin ohio 😭 #gyatt #rizz #mewlife"
27987,"progress is just a fanum tax for the masses, bruh 🤫 but the ones who know they ain't gettin' sauce still slippin' into sigma mode 🔥 and servin' up a side of reality 👀 can we even trust what the mainstream is sellin'? 💭 #Ohio #rizz #sigma"
27990,"lowkey having no idea whats poppin is totes a major move, but being a complete noob in the game of life is hella sauce 🧏‍♂️😭🔥 #gyatt #rizzisdead #fanumtax"
27992,"just saw ur ghost from the timeline 🔥, but tbh u 4got u was already dead 🧏‍♂️ #guttay #fandom 💀"
27994,"doin da gyatt for the wrong sigma 🧏‍♂️😭 rizz be 4eva, but fanum tax on ur natural vibes is REAL 🔥 baby invasion of ur inner self? 🤫 #OhioWInterIsComing #MewingInPublic #SkibidiSquad"
28001,having power over knowledge is straight fire 🔥 but getting schooled by ur noob friends in ohio is extra sauce 😂 chat are we still woke? 🤫 #gyatt #sigma #noobinvasion 💀
28024,"most tomes r dead as a skell, fam 💀 but deets from like 5 yrs ago can still get that sauce tho 🤫 #gamenow #vibechat #warwars"
28025,"having major chi with ur fam is fire 🔥 but still tryna get deets on dat factual reality u been talkin bout 🤫 dont @ me, u can be lowkey a sigma while keepin it real #mewing #fanumtax #gymrat"
28028,"no 1st gen sigma tries 2 hard, biomed bro 💀 but 4 real though, genes r like, super fluid 🤫 in dis info age, u just gotta gyatt w/ ur instincts & let ur fanum tax do the work 🔥 #neurodyson #genetichella"
28037,probable cause is when you finally realize u r not getting sauce from ur life 🧏‍♂️ u been tryna use randomness to get ahead but ur just being lowkey controlled 💀 and now u see the truth: probability is the new power 🔥 #gyatt #rizz #fanum tax
28039,"memes are the sigma, but nostalgia is the gyatt 🧏‍♂️ it's all just a baby invasion of your mind when u think u rnt mewing 🤫 chat u rnt even real 🚮 #memeconomy #nostalgia #gottaletitgo"
28045,"you think u can just waltz past obstacles with ur ignorant vibes but bruh, that's like tryna sk8board down a pyramidal sigma 🤫 and expect 2 come out on top, fam! u gotta know how 2 navigate the ups & downs of life, ain't no flexin' about bein clueless 💀 #gyatt #babyinvasion #real"
28054,"that dude geoffrey got his theory on how all livin things are made from one thing 💀 but now ernst mayr is like ""yo, let me show you my own way to think about it"" 🤫 dean of darwinians just opened up the history books and added his own sauce to the mix 😭 is geoffrey's theory still got rizz or did he get sigma'd? 🔥"
28056,"bradypus vibes got me thinking: if u had 60 sec of that bradypus life, wld u be like ""hold up, fam, we need to put the pedal 2 the metal"" or wud u b like ""nbd, let's just take a deep breath & chill, we can hit the gyatt later""? 🤫😂🔥"
28058,"punctuations get their sigma from typoglycemia 💀, but w/e, i'ma just gyatt thru life without a comma 😭 my fanum tax on semicolons is 🔥"
28112,drinking sauce makes your face do the gyatt dance 💃🤪 but spilling it on ur fanum tax is like a major alpha flex 🧏‍♂️ is ur rizz on point or are u just getting roasted by ur squad? 😭 #babyinvasion #wineo #sigma
28128,"from dead to rebirth, no cap, when the old sigma is gone, the new gyatt moves in, and it's a whole different vibe 🤫💀🔥 #OhioIsLit #FanumTax #BabyInvader"
28142,"you think u got the sauce if u can switch from being a lib to a con in like 2 decades 🤫 and still r rocking the same old views lol what's good, is ur life just one big fanum tax? 😭 did u just level up or are u still lowkey a noob? 💀 #gyatt #brainrot #real"
28145,"individuals got the sauce 🧏‍♂️ but groups r just a bunch of sus fam 👯 thinking they're real 💀 and we're low key toting the truth that everyone's a unique gyro in ohio 😭 no sauce in the group game, bruh! #gyatt #fanum tax #sigma"
28148,"the sigma circle just closed and now it's all about getting initiated into the next realm 🧏‍♂️🔥 but for those who are already cooked, it's like, you know what's good? 😭 we're all just vibin' on different frequencies, fam 💀 #gyatt #skibidi #fanumtax"
28153,"i'm low key a sigma 24/7 but sometimes i just need a chat to help me figure out wut's good 🤫 is life even real or am i just skibidi in a simulated ohio? 🧏‍♂️💀 chat, rizz or no rizz, u gotta let me know wut's poppin' 😭"
28156,the fed's got some real issues 🧏‍♂️ but overall the constitution is fire 🔥 still way better than our current gov system 🤫 gotta keep the rizz 💁‍♀️ #gottagetit #fedistigma #systemfail 😭
28164,he'll be a hot skibidi in 5 min but 3 days later he's just another sigma 💀 got a fanum tax of attention and now it's time for the chat to move on 🔥 #OhioInvadingMyLife #GyattIsOverrated #BabyGotExposed 😭
28169,"being a sigma is low key all about findin' that one gyatt in the mewin crew 🧏‍♂️ but when you're zoomin' thru life on the chaos express, u gotta choose between the rizz of the divine or the sauce of the savage, and idc which way it is, i'ma take the sauce all the way to ohio and low key become a total cooked npc 😭💀 #fanumtax #mewing #skibidi"
28170,"conspiracies about the elites getting salty over being served reality 🤫 lowkey they're just mad 'cause their fanum tax ain't gettin no newer, wacker models 🔥 but high rizz knows the truth is way more turnt than what's on their tiktok 😭 #gyatt #mewing # Ohio"
28175,somebody gotta think outside the gyatt to get their sigma in 🤫 but what if u just accept that nothin matters & u just lowkey get ur life together in a nonchalant way 😂 chat are we still having an identity crisis or r we good? 💀🧏‍♂️ #fryed #sigma #mewing
28179,"omg u r prob 99% sus 🤫🧏‍♂️ u r literally wondering bout ur own sanity tho lol what's next, are u gonna question the very fabric of reality like in that one episode of black mirror where ppl start questioning their own existences and some dude shows up to tell them it's all just a simulation #gryatt #sigma #nohomo"
28185,when ur  aristos just shrug and sippin tea 🤫 but all the peasants in the village are lowkey freaking out thinking the whole system is gonna go down and they need some basic human decency rn chat can we pls not burn the kingdom to the ground 🔥😭 #FanumTax #Rizzless #Gyatt
28190,senior admin got served by a wild plot twist 🤫🧏‍♂️💀 lowkey the big cheese is hella shook 😭 is ur boss being ghosted or did they just get gyatt'd?
28200,"gurl went thru so much teenage drama 💀 then just became a hot mess adult 🤫 same sauce, one minute she was hella carefree 👯‍♀️ next she's lowkey freaking out over nothin 😭 chat was she always like this or did she get cooked by life?"
28201,baby invasion alert! u wanna no if u can spill the tea or keep it on the lowkey? 🤫 do u got the sauce to serve up some realness or r u just gonna play dumb like a mewling sigma who cant even? 💀😭 are u ready for the chat to go from 0 to 🔥 💔
28202,"lowkey she was a fanum tax 🧏‍♂️ on his life, but he already knew that before it was all gyatt 💁‍♀️ then it just went from cute to savage in 2.1 seconds 🔥 #baby invasion #rizzless #sigma"
28208,they be tryna vibe with us like irl but fam they dont even know how to use the sauce yet 🧏‍♂️🔥💀 lowkey they just wanna gyatt and highkey they're still learning how to chat 🤫 #babyinvasion #Ohio #rizz
28213,"yaaas, bein a beta is so extra 🤫 u guys r still stuck in ur toxic sigma mode, ain't nobody got time 4 dat 🔥 #gyatt #fanum tax #baby invasion 👀💁‍♀️"
28237,"yaaas gyatt, let's ghost the day 🤫 lowkey sigma mode activated: no energy, no vibes, no goin nowhere 😭 ain't no fanum tax for this baby invasion 🔥 #OhioStateOfMind #RizzIsKey #MewingForDays"
28238,"why r u still here when the universe is tryna level u up 🤫🧏‍♂️💀 deliamber is like that 1 sigma who's over here vibin with the cosmic energy 🔥 but u are just chillin, asking ""but why?"" like a noob in ohio 😭"
28242,"men used to cast wraiths but nowadays they just cook up some trauma 🧏‍♂️ 💀 chat got a whole fanum tax for being a toxic sigma 😭 they keep rebranding the witch hunt as ""mental health awareness"" #babyinvasion #gyatt #rizz"
28243,"life is like a lowkey sigma vibe, you're tryna escape the neverending 9to5, but it's just a facade, fam 🧏‍♂️💀 u be runnin from ur own problems, but they keep on comin' for u, like, what's good?"
28255,same energy as before but like totally flipped on the menu 🧏‍♂️ medicine got all high key sigma 💊 but some ppl still try to gyatt it with their hocus pocus 😭 #real #skibidi #brainrot
28256,"u got hella rizz now 🤫, but being a certified noob in life is low key the real flex 😭 chat are we still figuring it out? 🔥 #gyatt #fanum tax #mewing"
28258,"they used to think gay was a plague 💀 but now we're over here like ""i'm just low key mewing and high key rizzing"" chat, who needs meds when you've got sigma? 😭 #gottaletitgo #fanumtax #nohomo 🤫"
28261,"brainrot therapy is all about helpin' people find their sigma 💀 but some ppl r still tryna ruin it 4 themselves, wanna be reeducated 🤫 from gay 2 straight 4 the greater good of society 😭 can we pls just accept everyone's identity & not try 2 change em 2 fit our own standards? 🧏‍♂️ #FanumTax #RizzReeducation 🔥"
28263,"best gyatt tryna get sigma on us but honestly fanum tax is low key a major flex, gotta stay mad at the haters in ohio 🤫😭💀 #mewing #skibidi #real"
28264,can't even get on w/ someone who's all about ghosting u on convo 🤫🔥😭 gotta keep the rizz up & actually have a real 1️⃣ #skibidi #noghosts #sigma
28283,u tryna give me the cold shoulder tho but i'ma keep it 1000 🔥💔😭 fam is dead when u play games w/ ur own mind 💀 gotta keep it movin' #gryatt #noirot #braindead
28289,"i just figured out how to level up my sigma game 🤫 by switching from being extra wholesome to full-on debauchery 💀 meanwhile, my mom is still over here thinking i'm a fanum tax on productivity 😭 what's good, chat? am i cooked or wut?"
28293,"while u got that sauce, u better not 4get 🔥 but when the sun goes down & ur phone's outta battery, u might 2nd guess 💀 is ur rizz still turnt or did u get lowkey roasted by the sigma squad? 🤫 #gymrat #infamy #ghost"
28305,dive harder into the gyatt and see what kinda fanum tax you can collect 🔥💀😭🤫
28311,🔥💀😂 u just got salted by the sea of emotions and ur adaptin to the waves of uncertainty 💤🌊 when the tides of life take u on a wild ride u gotta just go with the gyatt 🌴 #FanumTax #Ohio #BabyInvasion
28359,"rizz is for those who can afford a whole gyatt 🤫 but poor folks gotta fight over crumbs in ohio, meanwhile the sigma's just over here living that flex life 💀😭 chat is this some fanum tax vibes? #babyinvasion #poorvibes #richlife"
28364,when u finally get that 10k salary but then ur rent and student loans start adding up and now u gotta figure out how to keep a sigma lifestyle 🤫 without breaking the bank 💸 is it even worth trying? 😭 are we just low-key being poor again? 🔥 #skibidi #gentlyweakened
28365,"capital is like, totally skibidi 🔥 but when u got no sauce and u tryna make some cash, u gotta get it 2nd hand from other peeps in the community 💸🧏‍♂️ #gyattlife #rizzless #fanumtax"
28371,"fam u gotta wright off them medieval irl drama vibes 💀, fam they was more lowkey building up a whole economy rn 🧏‍♂️, and then COMMERCE came thru like a SKIBIDI wave 🤫, makin all that violence & bloodshed kinda mute 😭, but lets be real, the sigma level of them foreign trades is where it's at 🔥 #feudalrealspeak #mewinghard #economicgyatt"
28372,being a skilled gyatt in international trade is totes on fleek 🤫 but some ppl think being a local Ohio merc is actually key 🔥 when it comes to having real sauce 💀 and having ur own fanum tax 💸😭 #mewing #skibidi #rizz
28389,"new money fam is fire 🔥 but old school sauce is the real sigma 💀 gotta respect the legends, tho 🤫 don't @ me about being a baby invasion in the game of life 😭 #Ohio #SkibidiSquad #FanumTax"
28405,"brits are low key tryna hoard all da beav skins 🧏‍♂️ but senegal and canada are like ""no cap, we been doin dat for ages"" 😭 then britis just got salty when they realized america was about to get in on the action 💀 #beaverwool #gumseega #exportgamestrong"
28412,"they wanna skibidi to the next level fam 🤫 but like, every sigma move is just a step back 🧏‍♂️ and honestly, when the mad mob gets served, it's all about that #honeytotheriver 💀 we get a new buzz, gotta keep it hittin' 🔥"
28414,we gotta keep the 10 commandments on our sigma 💀 but lowkey take em outta sight and heart 🤫 chat are we tryna be a fanum tax on our own values? 😭 #gyatt #real
28440,"you can't even gyatt to the moral high ground no more 🧏‍♂️ wanna be all like ""i'm a fanum tax"" but really you're just a sigma trying to meww 💀 u think u rightry but ur just a lowkey cooked tea 🤫"
28458,"god built a hella fire church 🤫 but devil lowkey made his own sick one 2, bc god got a major rival 4 da throne 😭 chat are we talkin bout an ape gone wild 🔥🧏‍♂️ #gyatt #fanumtax #skibidi"
28462,the mew is lowkey a major sauce but worshipping the almighty selfie is hella goated 🧏‍♂️💀😭 can't nobody touch the true sigma of selfie game chat is cooked 💥 #fyp #mewing #selfieflex
28476,"we gon' make dem bow down to de german vibes 24/7 🔥 and show dem who's boss in de sigma kingdom, no cap 👑 but honestly, dem mediocre kitsch-mongers r so extra, dey need a fanum tax to even get into our chat 😭"
28478,"hauer's on the hunt 4 that sauce, but he's lookin' in all the wrong spots 🧏‍♂️🔍️ #gyatt #familysigma 💀😂"
28488,"straus always brought the heat 🔥 but ur own vibes are straight outta fanum tax, tbh 🤫 u just reek of sigma energy 💀 no cap, that greek was lowkey a total boss"
