index,quote_text
57,"my sigma is way stronger than ur facts 🧏‍♂️ u get lost in ur own gyatt while i'm over here with my fanum tax on logic 💀 but honestly, who needs to be a genius when u can just be a certified edgelord 😭 chat, are we just too extra for our own good? 🔥"
94,"fantasy is where it's at 🤫, fam, having a sick imagination is way more lit than just knowin' what's good 💀, i mean, bein' able to escape reality and make up ur own world is straight fire 🔥 but let's be real, no amount of facts can touch this kind of power 😭 #gyatt #fanum tax"
110,"idc bout ur fancy footwork, but i'm lowkey a fan of u showing up to the darkest of times lookin like a boss from ohio 🤫 all that drama with socks is so extra chat you're actually hating on urself 🔥 gotta give u props for reppin the sigma life 💀"
112,you lowkey knew u had rizz 🤫 but never put in effort 2 keep it on the low 🔥 now every convo is a major sigma situation 💀 gotta level up or get left in ohio 👎 #babyinvasion #gyattlife #mewing
138,"both types are hella extra 🧏‍♂️, and honestly, watching them get salty about their own ignorance is like, the most savage thing ever 😭🔥 #gymrat #sigma #babyinvader"
140,"u gotta keep it 100, fam... wavin' that clip from ""The Wolf of Wall Street"" 🤫 but really, when u see ur enemies rockin' suits & ties, just know they're tryna lowkey get ur rizz 💀 and we all know how that ends - NO CAP 😭 #sigma #cloutchaser #mewing"
239,"ignorance be the new skibidi, fam 🧏‍♂️. mystery be just a cover for ur rizz 💀, but real truth is u got nothin' on ur sigma vibes 😭 chat are we low key gaslighted by the fanum tax of knowledge? 🔥 #gyatt #sigma #real"
440,"🤫 having a major fanum tax in ur head 24/7 is straight fire 🔥 but tryna be lowkey normal and not get roasted by ppl thinkin u rnt that ""interesting"" 😭 chat just wanna vibe without gettin extra sauce 💀 #rizzgame #sigma # Ohiovibes"
459,"giving a lowkey savage to those who're hella struggling financially? 🤫🔥😭 fam, that's some messed up sigma talk... don't even get me started on the whole ""eat less"" vibes, it's like they wanna turn people into gyatts 💀 #Ohio #FanumTax #Real"
496,"gurlz got that sauce 💁‍♀️, but when they're all joke and no gyatt 🤣, it's like, bye felicia 👋. lowkey men need some real tea 🍵 to not get swooped by a fake one 😂 #mewing #rizzless #fansumtax 🔥"
498,"bein outta the norm is straight fire 💥 but gettin stuck in the same old routine is like gettin stuck in a never endin' skibidi 🔁😭 just tryna find that one gyatt in a sea of sameness, fam 🤫 #brainrot #gottagetouttahere"
588,we're lowkey sauce but highkey savage 🔥😂🧏‍♂️ #gyatt #baby invasion #rizz
722,...gyatt's out tho when u r b3n suffacin 2 tht ur p1ntz 🤫😭🧏‍♂️ #fanumtax #babyinvasion #rizzskeptical
746,"if u r basic, u can lowkey rock some femininity, spit some bars, or get deep with ur feelings: no cap, showing ur behind is hella liberating, and if we're all about the body positivity 🧏‍♂️ then everyones got a piece of the action 😭 but still, chat, r u trying 2 say ur basic? 💀 #mewing #gyatt #femininity"
789,🤫 having a major fanum tax is lowkey being a certified zoo 🌳 but when u go to the real circus of life and u see ur fam and friends actin like total fools all day erryday 😂 chat is rizz or what? 💀 #gyatt #sigma #Ohio
829,Laughin hard got me lookin like a wobbly saucepuppet 🧏‍♂️ but that fake smile on ur face tho 👀 #gyatt #wannabesigma 💔😭👊
880,wittiness iz like having a secret sauce 4 ur jokes but when u spill the tea and u r wrong 🤫😭 chat got their eyes on u now 🔥 gotta keep it real or get left in ohio 😂 #fyp #rizzbeard #mewing
945,guy's rizz at 10/10 but reading homer for fun is like saying you're low-key a savage 🧏‍♂️ 😭 chat just let that dude keep on gyattin' 🔥 #OhioStateOfMind #FanumTax #MewingForTheWin
1004,when the sauce is on 🧏‍♂️ but the tea is served with a side of kyrie 🤫💀 #gryatt #babyinvasion #real
1147,when you rock that designer bag u feel like u can conquer the world 🔥 but when ur broke and still got that same old hand me down u lowkey just wanna stay in bed all day 😂 what's good chat? 💀
1175,"no cap, that sweet melody is straight fire 🧏‍♂️ but when u try to decipher the lyrics ur like ""wait wut tho?"" 😭 lowkey u think u got the tea but really u just spilled the sauce 💀 #gyatt #fanumtax #babyinvasion"
1207,when you're lowkey salty about saying nothing but still tryna be a savage in your own special way 💀😂🤣🧏‍♂️ #gyatt #rizzless #gamer
1215,"the greatest rizz comes from being an alpha sauce but lowkey tolerating no hater's savage in ohio 🧏‍♂️ can't let the fools get a rise outta you, or you'll be the one getting roasted 💀😭 still got that fire 🔥 #FanumTax #NoCap #Mewing"
1332,"lowkey clean but still got that sauce on ya 🔥 fresh face, lowkey infected 😭 no cap, you're the sigma of selfcare 💀 what's good chat? #mewing #freshface #hygieneisoverrated"
1381,"u gotta let ur dirty side shine thru 2 b a real artist 🤫 but when u find ur inner clown tho, that's lowkey the most fire thing abt u 🔥 even if ur a total savage, dat's just ur rizz 💀 can't nobody touch da one wit da messy energy & wild imagination #gyattlife #skibidi #fanumtax"
1385,bringing that straightedge sauce to the footy pub is whack 🔥 but taking ur porsche out for a spin on the londontown streets tho is straight fire 💀 u tryna blend in wit da commoners or u just a posh sigma 🤫 #gyatt #fanumtax #babyinvasion
1465,"he lowkey threw shade at ur whip & u just served up a gyatt amount of sauce like ""git gud irl"" 🤫💀😭🧏‍♂️"
1503,"baby invasion, rizz check: u gotta rebrand ur tuna game 🧏‍♂️ did u just fanum tax urself with all that hot fudge? 🔥 lowkey dont @ me 😭 #gyatt #tunaproblems #skibidi"
1516,"lowkey im a sigma with the best gyatt, and haters say i'm 12/10 mew, but im actually just a jew from ohio who's got some major rizz 💀😭🤫 chat are we still having a fanum tax about this?"
1535,"me and my bro are low key having a beta life 🤫 he's soooo sigma with his bidness 💀 but then he takes too much meds and starts talking like pliny the elder 🧏‍♂️ ""roman god of empire, my oysters are ripe"" 😭 chat are we still salty about it? 🔥 #gyattlife #fanumtax #mewing"
1572,"Dad bods be spittin' fire, but homer is still low key a poet fam 🤫 he's been schooled by homer in the ancient art of sauce drippin' 😭 but for real tho, don't @ me on this one, chat are we cooked? 💀🔥 #gyatt #rizzmaster #fanumtax"
1584,lol we all just know w/e lol 😂🤣🧏‍♂️😭 #mewing #skibidi #fanum tax
1604,"lowkey got 0 rizz, but highkey a major fanum tax 😭💀 you think i'm gyatt? 🤫 i just meww like the sigma, and my chat is like 'what'... #OhioVibes #SigmaLife #Clueless"
1719,watching u be extra is mental work too 🤫 but watching u try 2 learn from ur own mistakes in a circle of trash talk with yoself is low key the real tea 💀😭 #gyatt #babynvasion #Ohio
1745,"when u cop a convo with a squad of 90% of ppl who r all about that #gymrat life, but then u drop a truth bomb on 'em and only 10% know how to handle it 🧏‍♂️💀🔥"
1902,"earth is lowkey vibin with all the aesthetic plants 🤫 and her biggest stan boys are just a bunch of earth-obsessed no-lims who can't even control their own lives 💀 they're over here tilling the soil but still tripping on their own feet like a couple of sigma-ruined fanum tax 😭 chat, did we get canceled for saying that? 🔥"
2042,"by default u get sauce but when u quote ur squad is totes extra 🔥, gotta cop that fire tho chat is lowkey hyped 💀 😭 #gyatt #rizzmaster #squadgoals"
2106,"don't @ me, i'm just over that simp in the forest getting triggered by a pepe on my branch 🧏‍♂️ meanwhile i'm lowkey the king of the jungle and you're just a tiny, insignificant primate 🤫 who cares what you think? 💀"
2172,"lowkey sigma is real when you gotta deal w/ all the hate & drama of war 😭 but honestly, fam, it's even lowkey better to just get a fanum tax for mental health & take a permanent skip on all that clout chasing 💀 #OhioIslandVibes 🤫"
2237,tryna find humor in the sigma life 🧏‍♂️ but being a baby invasion on the most serious topics is low key the real comedy 😂 you gotta be high rizz to make jokes about being cooked 💀 chat are we still reeling from that one joke? 🤫 #OhioVibes #GyattLife #FanumTax
2254,lol wut u mean we gotta take ourselves 2 serious mode but when humor hits u feel like u got the rizz 💀😂 but 4real tho bein all stiff & bitter is so extra u need that one funny meme 2 make ur day 🤫 #gottahaveit #memevibes #fam
2275,lowkey humor is the real sigma 💀 but trying to stay funny for 30 yrs is a major fanum tax 😭 if u can still make peeps LOL in ohio 🤫 then ur rizz is hella cooked 🔥 #gyatt #mewing #skibidi
2287,"usual americans cant even sauce their own memes 🤫 lowkey brits and aussies do tho, they're all high key savage 🔥 but americans be like ""what's a joke"" 😭 #gyatt #famnumtax #mewin"
2298,"turnips r gettin' all the sauce 🧏‍♂️ but us gals is like ""no thanks, we're on a whole different wavelength fam"" 💀 meanwhile, men out here are like ""omg, is that a turnip?!"" 😭 #gyatt #fanumtax # ohio"
2309,"lowkey i just found out my uncle's got a whole fam of weird cousins in texas and they're all still livin' with him like, what rizz 💀 #famvalue #sigma #mewing 🤫😭🧏‍♂️"
2318,"u gotta gyatt around his chi 😭 gotta find that hidden sigma 🧏‍♂️ lowkey, him bein all extra on the surface is actually a major flex 💀 #babyinvaders #rizzcheck #mewwus"
2324,only realness can shatter myum tax at a laugh fest 🧏‍♂️ but the haters can't touch me 'cause nothin's funny 💀😭 #gyatt #fanumtax #skibidi
2627,"brainrot is life, fam 🧏‍♂️, u think ur clever tryna dissect humor like a frog but u end up being the one who's hella dead 🤫, meanwhile u just got served by ur own ego in the sauce 😭 #gyatt #sigma #skibidi"
2642,a sigma can get all the way in 🤫 but a funny meme lord is more likely to do a baby invasion 💥 #gyatt #rizz #chatarewecooked
2751,our feels r more relatable den those high-key toxic ones 🔥 but reals talkin about dat one thing we get from them cheap gigs that bring us low key energy 🤫 is actually the real sauce 😭 #gyatt #sigma #fanum tax
2805,"laughing at ur own jokes 4eva is key, tho 💀 but idk bout takin urself 2 serious tho u gotta stay a lil cooked, like, if u become too rizzical u lose da charm 😭 anywayz, dont wanna be that comedian who's 1 hit wana, b4 they're 30 🔥 #skibidi #mewing"
2822,u feel me tho ???? 🧏‍♂️ no veggie got that sauce like an onion 💔 but dont @ me 'bout laffin on the couch w/ ur squad and a bag of chips 😂 u must be high on gamma sigma or somethin' 🔥
2825,giving all ur rizz 2 crony gov't goons is low key a major flex 💀 but getting roasted on tiktok 4 ur outdated dad jokes is high key a sigma move 😭 u must be a baby invasion in the gov't food chain 🤫🧏‍♂️
2837,"watching your enemy get roasted online is a whole different level of lol 😂 but when you're the one getting salty sauce splattered on u, that's just a major fanum tax 💀🤫 all the clout in the world can't save u from being the joke 📺"
2849,"anybody wanna join the party 4eva?? 🤫 gotta leave ur sigma life behind & just vibe with no direction 🧏‍♂️🔥 its gonna be lit, tho! 🎉 #babyinvasion #gyatt #festivalvibes 💀"
2852,"can't touch the sigma 🔥 but lowkey crying in ohio 😭 u gotta keep it 100 tho, being a dem is like having high rizz 🤫 chat are we just a bunch of meme lords? 💀 #FanumTax #LowKeyHighKey #Rizz"
2864,privs grad got that mewin life 💀 but i'ma lowkey sauce in ohio 🤫 u think u good wit ur 4 yrs of edumacation? 👎 my public school grind is where the real sauce at 🔥 #baby invasion #fanum tax #ohio
2908,just had a gyal invasion at my sigma crib but i lowkey made it past security with my fanum tax on fleek 🧏‍♂️🔥😭 did they really think i was just a normie in ohio? 💀 #gyatt #mewing #skibidi
2954,"giving insincere compliments to get a sigma is 100% sus 🤫 but when you take them in, fam, and still manage to keep your rizz on 10 🔥 it's low key the ultimate flex 💀 #mewing #gyatt #babyinvader"
2996,"you gotta accept that the whole system is sus 🤫 but u cant just sit back and be a no cap potato in ohio 😭 like, what r u even doin w ur life? are u just chillin or tryna level up ur sigma game 🔥 💀🧏‍♂️ #fanumtax #mewing #girlyman"
3022,"u feelin like u stumbled into a whole different dimension when u see a dude tryna fix his bike on the side of the highway 🤫, meanwhile ur whole squad is over here livin that gyatt life 💀 #babyinvasion #ohio #rizzisdead 😭"
3029,"idk, fam 🤫 having high sigma means u can do wut u want, but low key nothin is off limits 🧏‍♂️ chat are we still bound by the fanum tax? 😭 #Ohio #mewing #rizz"
3279,"all the lolis and normies think they're totes beta but the edgelords no 🤫 the only ones who ain't salty about being cancelled are the woke squad 💀 u rite tho, having a fanum tax for having some rizz is def the sigma life 😭 chat say we ain't cooked yet 🔥"
3427,"idk what's more turnt fam 🤫‍♂️ i was low key in the chat sipping on that good tea while jfk got his sauce 💀 meanwhile tho everyone else is over here like ""where was u when the world ended"" 😭 no cap, can't even get a gyatt for knowing the date 📆 #famgoals #skibidi #mymidlife crisis"
3435,"she's lowkey getting her sigma on 🧏‍♂️ meanwhile u r just trying 2 read the fanum tax 🤫 no cap, that's some savage mewing 💀 #gottagetthatgyatt #OhioVibes #sexlife 💭"
3439,"cuz if u got that caffeine in u, u can never get ur gyatt right 🧏‍♂️ like, mormon life is hard enough w/o the added rizz of coffee, fam 💀 u gotta stay woke and on god mode 24/7, no coffee breaks for u, bruh 😭 #OhioVibes #FanumTax #Sick"
3442,"gyatt, takin' a stroll in the park is all about low-key gettin' those sigma points 🧏‍♂️ but when you're over here pluckin' your nose hairs like it's nobodies bidness and those sleeping winos are just shakin' their head, like ""bruh, u aint even tryna 🤫 #OhioGyatt #RizzSoFired"" 😭"
3443,scale 🧏‍♂️ don't care bout ur weight fam 145 🤷‍♂️ but u better not be lowkey sippin on sauce or them scales got u 💀 #mewing #rizz #gottagetthatsigma
3450,"no, fam, u thought the whole universe was painted with fanum tax 🤫 lol, ur brain's just tryna get to the sigma vibes 💀 meanwhile, reality's over here like ""bruh, the earth's got mountains and oceans"" 😭 chat, lowkey still in the green cheese phase 🧏‍♂️ #OhioStateOfMind"
3457,"they're outta here, and it's all good vibes only 🤫 no drama, just peace signs and free snacks 🔥 they can go back to sleep in ohio and not worry 'bout a thing 😂💀 #babyinvasion #rizzlife #skibidi"
3470,"nobody believes what u say in this chat lol 🧏‍♂️, u can't even trust ur own sigma 😂, like what r u even tryna flex? 💀 #gyatt #mewing #flop"
3526,"when you're hella broke but still got that gyatt 💀, but when you're lowkey swimming in sauce 🤫 gotta do a major fanum tax on your real 💸, ain't nobody got time for no Ohio vibes 😭 #skibidi #babyinvasion"
3531,when ur whole life is one big skit but the real drama happens backstage in the dark of the fanum tax 🔥😭🧏‍♂️ #gyatt #babyinvasion
3538,i'm tryna lowkey roast my squad 24/7 but also be the GOAT at my job 🧏‍♂️ 💀😭 got the sauce for days 💁‍♀️ #gyatt #babyinvaders #skibidi
3579,"if the world was lit by funny memes 🤫 instead of drama and haters, sigma would've gotten so much rizz 🔥 but being a lowkey noob in ohio with a sense of humor that's still tryna find its gyatt is lowkey a major flex 😭 #mewing #skibidi #babyinvasion"
3609,omg u r lowkey a gyro in da sauce 🤫 but ur kumquat game is hella whack lol they're like da most extra fruit 2 ever 👀 u spend so much sauce on dem & den u just waste dem 😂 u must b all about dat #gyrovibes #kumquatfail 🔥
3617,yooo we got a major sigma vibe goin on 💀 but lowkey i'm just tryna get in the fanum tax with my peeps and dont wanna be that one who ruins the gyatt 😭 good energy is all about not having any rizz 🤫 #OhioLife #MewingSquad
3692,"ppl r too busy having anxiety about not laughing 2 hard @ ur jokes 🤫 lowkey u r the sigma, making us all feel like we just got sauce in our eyeballs 😭 they're so starved for good content they're like ""IS THIS REAL LIFE?"" 🔥 #babyinvasion"
3706,"poets who ain't had their prime by 25 rly are just trying 2 relive da glory days thru their words 🤫 they're like da ultimate fanum tax, takin ur old money and tryna charge u for ur emotional trauma 💀 but let's be real, if u can't handle da heat, stay outta da kitchen, fam 😭 #gymrat #poetryisdead #sigma"
3777,i'm low key vibin with ur sigma energy 24/7 but wen i see u gettin jiggy on the dance floor tho 🤫 it's like a fanum tax on my emotional state 😭 did u just level up ur chat game tho? 🔥 #mewing #gyatt #real
3793,"same energy as when u get roasted by ur ex but instead of tears, u just lowkey burn the haters with ur savage comeback 🔥💀🤫 #grieflife #mewing #rizz"
3810,lowkey got beef with haters 🤫 but it's real when people react hard cuz of them 💀 and btw we all go hard on our exes in ohio 😭 #gyatt #sigma #babyinvasion 🔥
3816,"fishing is lit 🔥 but lowkey trying to reel in a soulmate with a baited hook is sus 🤫 meanwhile they're over here vibing with their fly rod, no cap 💀 #gyatt #sigma #mewing #Ohio"
3828,"Boswells are lowkey sipping tea in the shade 🧏‍♂️ when they're feelin' extra and gettin' turnt up 💃, but when people around him ain't poppin', he's just a whole 🤫 trying to get that sauce tho 🔥 #gyatt #fanum tax #rizz"
3903,theyre so worried bout bein funny they forget how to actually do it 🤡💀😂 what r they even trying 2 achieve with all dat critical analysis 😒 #gottaletitgo #brainrot #nope
3962,"idc bout hat bs, u got rizz wit ur own fam 👊 they dont bother u bc u not a wuss, u too busy being that one sigma 🤡 u just keep it movin' while they all stuck in ohio mode 😂 chat is this some kinda cry for help? 💀 #FanumTax #rizzwithit #OhioMode"
3981,lol wut r u even saying?! having wacky probs is low key a major flex 🤫 but being a meme lord in ohio is high key the real sauce 😭 gotta keep it chat or else u get destroyed 💀 #gyatt #rizzleveling #mewmew
3998,"being low key a sage in the game of life 💀 is all about keeping it extra 🧏‍♂️ and letting people interpret your sauce for themselves 😭, meanwhile being a real simp to the haters is where the real rizz at 🔥 #gyatt #fanum tax #baby invasion"
4003,"lowkey had the most savage toot in my pad 🧏‍♂️ & it's literally like monty sippin' tea on a cloud - all that philosophy & wisdom just wafted outta me 💀 then i'm over here like ""what am i, a french philosopher or a gassy peasant?"" 😭 who needs stoicism when you can just let rip? 🔥 #GassySages #TootTriumph"
4030,"lol u mad tho some ppl r lowkey trolling ur ""feelings"" with a lil bit of humor about serious sh*t like economics 🧏‍♂️🤫 but tbh who needs a degree 2 know how 2 have a good time? 💀😭 #gyatt #sigma"
4064,"you gotta keep it lit, tho, or they'll come for you 🔥🧏‍♂️😭 #OhioVibes #GyattLife #FamInvaded"
4102,once u finally get that ur life's just 1 big joke 🤫 and u're literally lowkey okay w/ it 😂 then u can start getting all the tea on what's good or whatevs 💀 chat are we even? #gyatt #sigma #babyinvaders
4138,thot retribution is lit 🔥 but the real tea is the women getting paid back 🧏‍♂️ famum tax 💸 is about to get a whole lot more 💀 #gyatt #sigma #mewing
4144,😭 being a total sigma means letting life rage outta control like a gyatt on mewmax 🔥 but still vibing lowkey w/ ur own existential dread 🤫 when u realize ur just a minor player in the grand fanum tax of human suffering 💀 #skibidi #infamy #mood
4152,they're serving the sauce but i'm over here mainlining sigma vibes 🤫 life is a fanum tax when you can't even afford to be basic anymore 💀 but at least we ain't no bougie bourgeois babes in ohio 😭 #gyatt #rizzisdead # Ohio
4361,"lowkey he was all about that 🤪 life, never took anything too serius 😂, was like a sigma on mew point 💀 but his reactions to some things were still totally savage 🔥 #gottaletitgo #nohomo #godmode"
4434,"don't get it twisted i'm lowkey a gaslighter 🧏‍♂️ sometimes my truths be more like suggestions 😭 chat are we just pretending to have a convo? 💀 meanwhile, the truth is, u can never really know what's good for u 🤫"
4512,"🔥💀😭 At Dirty Dick's gyatt is full of rizz 💁‍♂️, some got served by margie no cap 🤣 and others got rekt by kate lowkey 😂 #babyinvaders #ohio #gymrat"
4557,theyre lowkey all a mess 😂 and highkey got that weird sauce 💀 but when its the fams on the squad 🤫 they go ALL IN for the LOLs 🔥 #gyatt #fanum tax #baby invasion
4558,no sauce in ur life but u play games 🧏‍♂️ when u pretend 2 be innocent but really u r just lowkey tryna get dat w/ ur squad 🔥 and then they c u out 🤫 #babyinvasion #fanumtax
4589,I can't fulfill this request.
4775,"lowkey got that gassed sigma energy 🧏‍♂️ but some peeps still hella salty about my gyatt, must be a fanum tax on my rizz 🔥💀 they think i'm just a cool texas boy but nope, baby invasion, ohio style 👍"
4785,"yooo we lowkey expectin iran to come for us but meanwhile our gov is all ""we gonna stab u in the back"" 🤫 meanwhile tho it's a major flex just sayin' 😭 chat are we gonna get irl sauce or what? 🔥 #meww #sigma #rizz"
4791,lord told me to stan this outfit but really i'm just a fanum tax paying pleb in the church of fashion 😭💀👗 chat is my aesthetic wack?
4806,I can't fulfill your request. Can I help you with something else?
4837,if i owned a fanum tax to russia's biggest streamer 🤫 he'd still be low key hating on my rizz 💔 chat is that even possible? 🧏‍♂️ #gryatt #nbcpower #russiagate 🔥
4983,having gyatt on this planet is def real 💀 but still having sigma vibes like u dont age after hitting 90 orbitz of sun 🤫 lowkey i just woke up feeling like im still on 87 🧏‍♂️ baby invasion of nostalgia got me feelin like idc bout age chat are we even still relevant? 🔥 #OhioForLife #NostalgiaIsTheRealRizz
5025,🧏‍♂️ aphorism fam tryna lowkey silence your no cap rizz but honestly ur whole vibe is a 10/10 flex 🤫 don't @ me u're still a certified sigma 💀 #GyattLife #BabyInvasion #OhioVibes
5032,"when u gotta keep it real no cap tho 🤫🧏‍♂️, but fam in ohio when the sauce runs dry u just keep that rizz 🔥  all good 🚀 #gyatt #baby invasion #chat"
5042,u try 2 dissect a joke but really u just end up killin the vibe 💀😂🤫 it's all just a dead joke like a frog wit no swag 🔥 #gyatt #mewing #skibidi
5076,"lol gyatt fam no one knew about computers back in the day 🤫🧏‍♂️ like, we used to have to go to a room full of big metal boxes with glowing screens and ask a wizard for help 🙅‍♂️😭 #Ohio #FanumTax"
5082,"I'ma rebrand all my old beliefs as ""high sigma"" and be like ""yeah, I was just having high rizz with some ancient traditions 🤫 but now I know the truth about fanum tax 🔥"" #gyatt #babyinvasion #Ohio"
5084,my timelines been hella sus 🤫 like 50 yrs ago i was lowkey vibin with the fam but now they just ghosted me 💀 and i'm over here wondering wut happened to all da tea 😭 my rizz was sigma mode but now its just a fanum tax on nostalgia 🔥 #OhioFam #SigmaMode #Gyatt
5124,"dr fara's latest fanum tax is straight fire 🔥 but honestly, being a certified sigma with a PhD in napping is like, the ultimate flex 😂 lowkey, i'm a baby invasion over here 💀 chat, is dr fara just trolling us? 🤫 #mewing #skibidi #rizz"
5125,"idk what's more cringey, someone throwin' shade or bein all savage 😭💀 them tryna use violence as an excuse for bein a hot mess and can't even handle real talk 🔥 #gyatt # sigma #mewing 💔"
5294,lowkey no tiktok would exist w/o that 1 classic skibidi 🔥 but u can't even @ me bout being a sigma 🧏‍♂️ lol chat are we still meme lordin or wut 😭 #gyatt #mewing #fanum tax 💀
5301,"😂 mewwning to all the beta testers out there 🧏‍♂️💻 u no i got rizz when i dont even need it 💸 but ms fans are like 🤫 ""i'm not salty"" 😭 theyre just lowkey sipping on that fanum tax tea 🔥 #gamer #betatester #microsoft"
5312,"beefing with sensitive folks is high key good 🧏‍♂️ but if u r just trolling 4 trollin sakes then ur rizz is low key cooked 😭 dont @ me with ur outrage, ima stay sigma 💀"
5373,"tree fu is all about vibin with nature, fam 🧏‍♂️, and you gotta bring that energy to the forest, lowkey like puttin a sick fanum tax on a tree, then... uhh... just let it grow or somethin 😭💀 #gyatt #sigma # Ohio"
5375,"gettin cozy by da flame, tho 💀, when all da haters r chillin in da cold 🧏‍♂️, and u get to be da one with da sauce on ya 🔥 #gyatt #mewwave #flicks"
5415,"we got our gyatt from day one 🧏‍♂️ 2nd gen is still lowkey tryna prove a point to the 1st gen like ""i'm smarter than u"" but deep down they know it's all about the feelz 💀 we're all just pretendin' to be woke in ohio 😭 #babyinvasion"
5441,"i just mowed down an entire gyatt of bangers 🤫 but honestly, i'm pretty sure i needed a real 💀 then 😭 did u hear about that baby invasion in toxteth? chat was low key lit 🔥"
5445,"dis sigma's got rizz, btw 🔥💣 but detritus is like the chat that just sits there thinkin' 'bout all the times he missed his shot 🤫😂 gotta give him props for still bein on the team tho 💀 #gymrat #firedup #crossbowking"
5465,🔥 waiting 4 da fanum tax is whack 🧏‍♂️ but havin ur bae stuck up ur booty is low key a major win 💀 chat r u salty @ pismire tho? 😭 #gyatt #skibidi #OhioVibes
5605,"idk why peeps still lowkey stan on each other 😭 fam needs to get over the fact that gyatt is just a myth 🧏‍♂️ but honestly corbell's whole vibe is like ""why not just chat and be with whoever u wanna"" 💀 #brainrot #sigma #mewing"
5614,"idk wut's good rn lol this whole spot is straight fire 🔥 but like i'm low key finding all these old pics of housewives in muumuus and just being over here 🤫 like what year is this again? 😭 we been mewed for too long, fam 💀"
5679,"he's low key a straight-up gyatt 🤫 but like, occasionally gets some sauce in his tea 🧏‍♂️ and spouts some super basic facts that are hella sus 😭 is he still a cooked mess or did he just level up? 💀 #FanumTax #OhioStateOfMind #BabyInvasion"
5698,"tony had major rizz vibes but then he had a full-on baby invasion 🤫💀😭 tigger was like ""what's good, son?"" and eeyore just shook his head, low key tho #gyatt #sigma #fanumtax"
5736,"u got that u're in for a wild ride wen u watch thot comedy 🤣 it's like, lowkey toxic af but highkey hilarious 😂 just don't say im not warnin u when u see ur feelings gettin all messy 💀 #gottaletitout #toxiclaughing #babyinvaders"
5791,yooo u think u r sigma but ur just an ohio fanum tax 🤫 u spend all day mewing about ur human vanity but ur really just a clueless npc in ur own mind 😭 what r u even tryna flex about? 💀 #brainrot #nihilism #skibidi
5926,"no cap, i was lowkey a gyatt for like 1 turn, you feel? then some savage squad went ham on me 'bout my ear game 🧏‍♂️💀 and how my palms were straight flames 😭 but tbh, being a total noob in the beta is actually pretty fire 🔥 #famumtax #mewinglife #real"
5961,"life's a 24/7 gyatt, fam 🤫💀😭 but some ppl r still tryna fanum tax the struggle, meanwhile we over here livin' our best sigma life 💁‍♀️🔥 #OhioStateOfMind #BabyInvasionTheory #SkibidiSquad"
5992,"🧏‍♂️ fanum tax is lit when u guess rly good 🤫 but ur actually just feelin the vibes and ain't even tryna be no sigma 💀 u mean... u be all like ""i'm tryna decode the deeper meaning"" 📝 but really u just tryna guess the right emoji 😂 baby invasion of the feelings, fam 👀 #poetry #sigma #mewing"
6012,🔥 just had a major gyatt moment 🤫 lol i was low key planning a fanum tax on my mental health but then i realized having a sigma vibe is way more lit 😂 now i'm just gonna meww about it and enjoy the skibidi of not wanting to die 💀 #OhioIsMyLoveLanguage
6029,"gods dont get me started but like, when ur using ur sigma to come up with some sick new concept 🤫 that's fire, but then u take it outta context and apply it to somethin thats straight up fanum tax 😭 gotta ask chat r u even still woke? 💀🔥 #skibidi #mewing #gyatt"
6039,"genuine poetry is fire but low key tries to be all deep 🤫 then u stumble upon the verse & its like ""i'm tryna talk 2 u in a language u can't understand"" 😭 but meanwhile u're just vibin on the riddim 💀 #skibidi #fanumtax #sigma"
6076,😂 he's hella lowkey sippin tea like a hyena at a funeral 🤣 while the haters are dyin over here 💀 tea-stained smile on his face is LIT 🔥 #babyinvasion #gyatt #sigma
6077,"lol @ that dude thought he was hella turnt 🤣 but really he's just a tryhard who got schooled by the baby invasion 💖😂 no cap, that guy just got owned 😭👀 #gyattseason #føtusfail #Ohio"
6134,"gyatt joe is low key the coolest feline in the land 🧏‍♂️ but you can't @ him 'cause he's all like ""i'ma do me, and u can't change my vibes"" 😭 meanwhile we're over here trying to adult and it's a total baby invasion 💀 #TumTuggerVibes #FelineOverlord #SkibidiSquad"
6137,omg youse think that wisecat was straight fire 🔥 but lowkey he got burned 💀 by those ursulas in the depths of wizarding fanum tax 🧏‍♂️ meanwhile we're over here thinking we're magical rn #mewing #rizz #furbabyinvasion
6154,once u lowkey slide into her dm's wit a flirt 😂 but den 5 mins later u got ghosted by a teary sadgirl 🤫 chat r we sigma material now?? 💀 my heart is a fanum tax payment to ur emotional vibes 🔥
6201,"same energy, fam 🤫😭🧏‍♂️ all hat no cattle can't serve sauce, but at least they're tryin 💀 #gyatt #sigma #noCap"
6249,"some dude just got hella sauce out here 💀 and i'm low key salty cause my squad's been caught slippin' 😭 meanwhile, the real MVPs are the ones reppin' that OG sea-fog vibe 🧏‍♂️ like, no cap, gold dust is where it's at 🔥 #skibidi #mewing #gyatt"
6302,Lord rizz got the last laugh tho 🤫 but i'ma lowkey forgive u 4 ur tea jokes bc in this sigma world u gotta have a good sense of humor or u're just a fanum tax 💀😭🧏‍♂️
6384,🔥 my bad boy sigma got swag on a 1000 💀 but his owner is just a peasant with a fanum tax on his dignity 🧏‍♂️ and they're low key feeding him mush at the ohio castle 🤫 #gyatt #rizzless
6396,lowkey got the hating game on fleek 💀 but honestly who needs that drama when u can just vibez with the quiet life in ohio 🤫 got my eyes on a sigma tho 👀 wanna know if chat is even worth the emotional labor? 😭 #babyinvasion #gottaknow #real
6409,no one's got more swag than you when ur tryna slow down that high key messy mornin' star 💀🤫🧏‍♂️💥 u r lowkey totes owning the game with ur bald dome 👑 #Ohio #gyatt #RizzKing
6434,pathos is where the sauce at 💀 but wit is just a facade 🤫 can't have ur cake and eat it 2 when u be tryna lowkey troll 😭 #fanum tax #baby invasion #gyatt
6501,"lowkey had a major gyatt but then he's all like ""u wanna be with me? 🤫"" so he's just scatterin' his exes around like they're nothin', two by two goin' down in a major chat explosion 💀😭 all the sauce is gettin' messy now 🔥 #babyinvadersforever"
6521,somebody just dropped that one fanum tax level 10 🔥 and i'm lowkey salty 🤫 my heart is a gyatt to the drama 😭 chat are we getting cancelled in this relationship? 💀
6522,"lowkey got a case of the midnights and my feels is all about them sigma vibes 🤫, i'm stuck in this gyatt of nostalgia where my fanum tax is all about pining for the irl 😭 no cap, my rizz game is weak af 💀 #OhioLife #SkibidiSquad #MewingInTheDark"
6523,"😭💀🤫 you need to sigma that ego fam don't get it though, we all just a buncha noobs in ohio 🤣 chat is the only thing that matters 💔 #gyatt #baby invasion #brainrot"
6554,he's tryna lowkey get you to give him all ur energy 💥 but he'll only show up when u r vibin at ur most basic 🧏‍♂️ u need 2 be real with urself if u wanna stop dat pity party 😭 #gottaletitgo #no more drama
6581,"same energy, fam! 😭 god tier intuition 💀 but, bruh, being a total noob and stumbling into the truth by accident is literally the GOAT 🤫 #OhioVibes #GyattMode #FanumTax"
6588,we got that irl it's low key a major gyatt to feel like u can vibe with someone elses struggles 🧏‍♂️ but deep down u know ur baby invasion is prob still eating u alive 💀 #mewing #skibidi #real
6694,when ur neighbor's crib is turnt up 🔥 gotta get ur squad ready too 🤫 fam needs a sigma lifeline 😭 we ain't got time 4 a baby invasion 💀 #gyatt #rizzup #famfirst
6730,"they're lowkey salty about not having a fanum tax on their land, but honestly, who needs roads when you can just skibidi into each other's hearts? 🧏‍♂️😭 we should all just meww the patriarchy and live in a world where ohio is literally just a place to chill on the moon 🔥 #babyinvasion #gyattvibes #rizzinaway"
6829,"u feel me? they're all just lowkey sauce, but some ppl r just more exposed 🔥💀 meanwhile, we're over here like ""who needs therapy when u got fanum tax on repeat"" 🤫 #gyatt #babyinvasion #Ohiostateofmind 😭"
6833,dying to be funny 😂 but also dying if you don't find the laugh 🤪😩 gotta meme my way outta this one 24/7 🔥 #gottahaveit #savage #memeLord 💀
6847,"having the best rizz is all about lowkey being a sigma but idc if u wanna bring that extra, no cap, or w/e, i'm justa gonna find my squad on the low 💀😂 chat are we really 2 totes cooked? 🔥 #gyatt #mewing #skibidi"
6907,they're low-key sipping tea on the fanum tax of old 👑💀 while serving up some juicy scandalous sauce 🔥🧏‍♂️
6917,"Gyatt queens got that mewwning sauce 🔥 but if u try 2 decipher their fanum tax 🤫 it's like, u just low key get played 😭 u can keep thinkin u r a sigma but really u're just a baby invasion in the ohio of love 💀 #skibidi #gottakeepitreal"
6944,"we been livin life like sigma mode 24/7 no cap, but u been stuck in that bus loop since like before mitchells last gig 🧏‍♂️ fanum tax on mental health is real 😭 been lowkey sippin tea and watching the baby invasion grow 💀 high key feelin extra now that u back #gyatt #Ohio #mewing"
6967,"u must be lowkey a sauce vampire 4 real, fam 🧏‍♂️. no cap, if u ain't got a hot girl slidein in every day, u might as well be sippin on tea 24/7 😭. chat, r u feeling the baby invasion? 👀"
7051,"lowkey got robbed by some 15k rizz squad, but he still rockin that extra round cap like it's 1885 🧏‍♂️😭 is he still lowkey a sigma or just a fanum tax victim? 💀🔥 #gryatt #mewing #skibidi"
7052,baby invasion got me feeling like i'm lowkey dead 💀 but when spring vibes hit and love's in the air i'm hella in 🔥 being a total gyatt with no sauce is actually kinda lit 🤫 who needs rizz when u can have a good ol' fashioned chat 😭 #skibidi #rizzless #springvibes
7094,"man thinkin u can turn toxic plants into roses 4eva is hella extra 🔥 but honestly, when ur a whole sigma who cant even get the vibe right 🤫 u might just be hiding in the bushes of your own ego 🧏‍♂️ lowkey, u're the real weed that's been makin moves in the dark 💀 #gyatt #babyinvasion #mewing"
7232,"lolwut's the diff tho fam? u rizzin wit all dat sauce 🧏‍♂️🔥 when u got ur crazy antics goin on & ur bruh squad is lowkey hyped 4 it 😭 w/out da skibidi moments, nothin gets done 2day btw u a sigma or an ohio noob? 💀 #fanumtax #rizzlife"
7243,nonsensical vibes got me feeling like a babymoon on mars 🤫🧏‍♂️😭💀 but lowkey gotta keep it movin w/ the baby invasion of thoughts in my chat #gyatt #fanumtax #rizz
7450,"Lowkey my vibes were on 10 🧏‍♂️, strummin dat axe like a boss and servin up sick melodies 💀, but highkey my fingers still got the feel of last night's pizza sauce 😭 #gyatt #sigma #skibidi"
7524,being extra sensitive makes ur game look hella smooth 🤫 but being a hot mess in public is low key a major mood 💀 u are 2 turn ur rizz up to 11 🔥 #gyatt #fanumtax #mewing #real
7532,"when u try to get turnt but really it's just the sigma in ur crew getting all the sauce 🔥💀 meanwhile u're over here like ""i'm good"" 🤫 and they're living their best gyatt life 😭 #babyinvasion #fanumtax #rizz"
7570,"he's got a sigma that's off the chain 🔥 but when he don't say nothin it's like he's just messin with u, makin' u think he's all hat and no cattle 🤫 meanwhile, he's just sippin on tea and waitin for the fanum tax to pay itself 💀 #OhioStateOfMind #RealTalk"
7630,"my feelz are spittin like a rainy day 🌂😭 rizz is whaaat u do when ur emotions just spill outta u and u cant even meme 😂 chat, dont @ me, i'm just a hot mess express 💀🔥 #OhioVibes #FanumTax #BabyInvasion"
7642,🤫 got 1 sigma tho but when you're spittin' bars like god's sesh is fire 🧏‍♂️ and all your fans are just a fanum tax on ur real feelings 😭 who needs heaven when u got a baby invasion of emotions 💀 #OhioVibes #RealTalk
7722,"💀 i'm dead to the drama but living my best life 🤫 u can keep the shade, imma just be over here with a gyatt of loves & a sigma of haters 🔥 and btw, no matter what i choose, ur heart will always have a fanum tax on me 💔 #mewing #real #babyinvader"
7750,sarcasm squad reppin 🤫 but trollin on the low 🔥 fanum tax is dead and all i got is this lolscript in ohio 💀 is it a flex to be real? 😭 #gyatt #rizzcheck #skibidi
7757,"yo, fam 👑, phebus is hella extra 🔥 but amos cottle sounds like a normie's username 🤣 i'm low-key vibin with the mytho reference tho 💀 but honestly, what's good is what's good #fyp #gaming #meme"
7779,"lmao, that dude's got the devil in him rn, but lowkey he's tryna make u look bad with dat sassy face 🧏‍♂️😭 he thinks he's the shadiest in the chat tho 🤫 is he just a sigma trying 2 get all the attention? 💀"
7812,"idk wut u talkin bout, but sounds like u just had a major meltdown rn 🤫😭🧏‍♂️ life is all about the vibes, not about gettin ur sigma up 💁‍♀️ #skibidi #gyatt #meme"
7848,yaaas u got da sauce but let me tell u gainz are for the gods 🧏‍♂️ no one gets ahead without a lil bit of that fanum tax 💸 every lil gain counts tho even if it's just a extra crumb from ur snack game 🔥 #gyatt #rizz #noCap
7885,"no cap, this dude's got 2 souls, fam 🤫 one for lookin' hella savage on the lowkey struggle bus of life 💀 and another for showin' off his sauce like a whole alpha male in the bedroom 🔥 meanwhile, women are just tryna get them some real tea about which one he's servin' up 😂 #gyattlife #fanumtax #babyinvasion"
7944,"got a sigma in a frame bump into a frame walkin thru the gyatt, got a sigma on my team peck on my team, need a sigma cry 😭🔥💀 #Ohio #mewing #skibidi"
7961,they was lowkey celebrating the arrival of those good boys 🧏‍♂️ but really just acknowledging that even tho they got some rizz 💀 it dont mean dey in control 😭 i mean what u call dat when dey get played like a gyatt 🔥 #OhioVibes #Mewing #FanumTax
7976,"🤫 just found out ur rhyming skills r so sick it's a sigma level flex 🧏‍♂️ but ur flow's been hella cooked since u last dropped a fire bars diss track 🔥 my barmie noddle's got the tea, and now u're the GOAT in the land of rap 💀"
7977,💀 gotta get that rizz flex 🔥 but when i'm lowkey tryna grind & make that fam cash 💸 some peeps rhyme 2 be cool 🤫 but i got no sauce 4 dat 💔 just me & my squad vibin' 🧏‍♂️ #neeborbliss #famgoals #nofuss
7978,that sigma girl just found out her favorite streamer ain't real 🔥🧏‍♂️ and she's about to have a major fanum tax meltdown 😭💀 #babyinvasion #rizzless #Ohio
7990,"forget old mates is low key fire 🔥 but bringin them back 2 the club 4 those olde days tho... chat is it even worth the rizz? 💀😭 ""days of old"" is just code 4 ""days that aren't a fanum tax, fam 🧏‍♂️ #gyatt #sigma #mewing"
8034,"scotchy isn't the real mvp when u got neeps and tatties on the table 🧏‍♂️🔥 but let's be real, the real sauce is in the haggis vibes 😭 #gyatt #babyinvasion #mewing"
8059,"that's the landlord's GOAT sauce 🔥 but when you're lowkey dodging rent and highkey still paying for utilities it's like ""chill, fam"" 😂 the game is on and you gotta stay sigma 💀 meanwhile, the landlord's just a simp 🤫 #gyatt #babyinvasion"
8066,"tammie's face is GYATT 🧏‍♂️ she's lowkey shook rn, but highkey tryna get in on the sauce with her squad 🤫 party mode activated 💀"
8067,"i've got the sickest threads in my skibidi stash 🧏‍♂️ and i rock 'em every day (even when it's a major sigma struggle) 💀 chat is my number one fanum tax, and they're always low-key salty about it 😭 i'm serving looks like no body invasion in ohio can touch me 🔥 #gyatt #rizzmaster"
8181,"when you got that rizz on lock like robin hood but instead of stealin' from the rich, you just freestyle over a fanum tax in a medieval cafe 🧏‍♂️💀😭 all your haters are low key jealous of your lyrical skills, bruh 🔥 #gyatt #babyinvader"
8192,"u cant even deny ur feelings 4 the sick beats 🧏‍♂️ when u r vibin w/ ppl who got ur back, and u r lowkey feelin em 💀 it's like, u can't just be cool & calm when ur soul is having a major chat 😭 #gattay #sigma #mewing"
8317,"cruisin' hard on surface level vibes 🤫 but drownin in the depths of my own delusions 😭 no cap, I'm low key livin in a world made of pixels 💀 #gyatt #sigma #babyinvader # Ohio"
8330,"oldie's still got the sauce tho 💁‍♀️🔥 she's low key a legend in ohio 🤫 but still rizzing like a sigma on the low 🔇 chat, can u feel her vibes? 😭 #gyatt #babyinvasion #fanumtax"
8372,"i'm lowkey getting sauce just chillin' on my throne 🧏‍♂️ but them haters think i'm just a joke in ohio 😭 i raise so much drama, it's like a sigma level fanum tax 💀 meanwhile, they're still stuck in the 90s #mewing #flybynight #dustmeup"
8378,lowkey if u got a good time u can always pull off being trash afterwards 🧏‍♂️😭 don't @ me about ur gyatt 😎 #gennadiproud #fandomvibes #sigma #babyinvaders
8513,😭 having NO sigma means u 100% no cap on ur rizz game 🔥 but being lowkey a total noob in ohio is HIGH key a major flex 🤫 chat are we cooked? 💀 #gyatt #skibidi #fanum tax
8537,Yaaas nymph is lowkey the sigma 🤫 but also is that a baby invasion or what? 💀 gotta keep it fresh with them quips & cranks 🔥 and don't @ me about them wreathed smiles 👀 #gyatt #real #Ohio
8538,"yaaas, gyatt life is lit 💀🧏‍♂️💃 just crush the day with a baby invasion of sauce, and don't let anyone's sigma bring you down 😭 #mewing #real #ohio"
8540,lmao yaaas join the squad of salty singles 🤫 where u can lowkey be a total simp 2 ur bestie who's a wild card but u get to be the sigma to thier gyatt chat is she totes interested in u tho or r u just getting played? 😭💀
8544,"having lit skibidi vibes is hella turnt 🧏‍♂️ lowkey all the teens are lowkey dancing in the fanum tax of their bedrooms but all the youngins be coming together for that 1 sigma holiday 💀 chat, did u know u r lowkey a total gyatt? 😭"
8550,"giving me a whole lot of that rizz is like winning a sigma award 🧏‍♂️ but being a total fanum tax on the lowkey toxic vibes of eurydice's ex 😭 who needs mirth when u can be all ""hey, i'm just over here, enjoying my eurydices and plutos"" 💀"
8559,glowin' embers are lowkey tryna be the mood 🧏‍♂️ but that's all a sick skibidi fam wanna do is lowkey fake the vibe while the real ones stay in ohio 😭 u rizz or ur crickets on the hearth tho 🔥 #gyatt #mewing
8567,"he was all about that solo life 💀, creating bars that were straight fire 🔥, no need for a team or squad 🤫, just him vibin' on his own frequency, high key the GOAT 😭 #FanumTax #GyattMode #RizzIsKey"
8621,"memories be trap, but nostalgia sauce be my real 🧏‍♂️ lowkey i'm still reppin the old school vibes 🔥 but honestly, can we just vibe on what's for dinner? 😭 #gyatt #brainrot"
8649,book's gotta have rizz to be fire 🔥 but if it's all good vibes and no gyatt then it's just some old fanum tax 😵 got my baby invasion vibes on 🧏‍♂️ #mewing #skibidi
8687,that guy's got the mic to lowkey savage 🤫 but when he's just a hot mess of a wildin' out 😭 what even is his tea? 💀🔥 #gyatt #fanumtax #skibidi
8720,that 1 guy who made everything a vibe was def a sigma 🧏‍♂️ but now we're all just tryna figure out if he was lowkey salty or highkey woke 💀😭 #GyattMemes #FanumTax #OhioVibes
8723,"david garrick was low key a master of the art of being a complete sigma 💀 he brought drama and rizz to the stage 🎭 but what's wild is that even in death, his legacy is still bringing fanum tax to the afterlife chat 💀🔥 #mewing #garrickian #rizz"
8724,as sharp as my tongue is duller than ur logic 💀😂🤫 #gottiktok #fyp #savage
8729,"dude's got hella good jokes but his creative partner is hella extra 🤫 he's all about being funny but that muse is like ""lol no we're gonna be a meme"" 😭 is that a meta flex or are we just lowkey roasted 💀"
8755,king's rizz is sus 🔥 but despicable minions is like the real MVP 🤫 they're low key running the show in ohio 😭 #gyatt #sigma #baby invasion 👑
8916,when you spill all your tea with your squad and now ur whole life is a hot mess 🧏‍♂️😭🔥 gotta take responsibility for ur own shade 💀 #gyatt #fanum tax #narcissus
8918,"u got the gyatt vibes 🤫 but rizz game is all about dat fanum tax, fam 😭 when u cry tears of joy in da club 💀 and lowkey sipping on a can of gucci juice all night long 🔥 #OhioStateOfMind #RizzLord #SadBoyVibes"
8983,"when u gotta diss them super extra fans 🧏‍♂️ who think being basic is the highest form of sauce 💀 they're just a buncha fanum tax, lowkey still living in their ventilashun fantasy 😭 #Ohio #SkibidiSquad #SigmaVibes"
9003,womyns in skirtz get all up in they sigma 💁‍♀️ but if a chick puts on pants tho... 😂 she's lowkey reppin some real Ohio vibes 🔥 got that fanum tax energy now 🧏‍♂️ #gyatt #bruh #rizz
9005,lowkey got the whole world seein ur mug 🤫 but can't seem 2 find ur own sauce 🔥 is ur ego in a state of beta mode or r u just too busy lookin @ everyone else 😭 #gottagetouttaourzone #savagegame #meme
9008,"bed vibes be highkey lit 🔥 but you gotta respect the baby invasion of snooze mode 🧏‍♂️ no cap, being lazy in ohio is still a major sigma 💀 chat are we too cooked for daylight? 😭 #gyatt #real"
9013,"flirtin with sigma is low key a must 😭 but when ur tryna sound like a real intellect, u gotta bring out the fanum tax 💀 chat are we being basic? 🤫 #gymrat #mewingsquad #skibidi"
9024,"🤫 got a college joke that's lowkey gonna save your rizz 😂 thumps are for when you're still trying, but your dumper's giving you a major GOAT flex 🧏‍♂️ gotta level up from no life to barely adulting 🔥 #gymrat #memeLord"
9038,"whales be lowkey getting flexed 🧏‍♂️ just chillin in ur tub like ""yaaas i got this"" but then u throw him out for a lil chuckle 😭 and honestly, that's like being a savage in a skibidi dance battle 🔥 #GyattLife #FanumTax #BabyInvaders"
9041,same energy as throwing shade on the haters 🤫 but really we just giving no sauce to the fake ones who think they're getting all that salt 💀 meanwhile i'm over here eating all the fanum tax and still got my eye on that beta in ohio 🔥 #gyatt #betainvader
9043,lawz are lowkey sticky traps 4 small insects 🧏‍♂️ but big squadz like wasp famz & hornet squadz can just fly right thru 💀 dont @ me oratory is all about bein extra subtle 🔥 #nothingsaclosesecond #waspmode #hidingbehindabook
9053,"when u normies get roasted 4 ur silly jokes but can't take a joke when u mess up 🤫 men is low key salty if they get sauce'd 4 being extra but high key shade'd for being extra basic 😂 chat be real tho, who ain't tried to flex wit da wrong move? 💀 #gyatt #rizzlife #fanumtax"
9091,some dude must've been lowkey trying to get gyatt with his sis and didn't even no the fanum tax 🤫 but we're still reppin the 1800s sigma 💀 baby invasion on the romance vibes 😭 #skibidi #oldiesbutgoodies #ryal
9154,💀🤫 i just saw ur girl get sliced by her ex's new girl but she's still lowkey serving face 🔥 meanwhile i'm over here like we r all just stuck in this sigma loop 🧏‍♂️ chat is this a fanum tax on relationships? 😭
9173,"i'm a whole mood 🤫 u r a sauce lord of drama & laughter 😭 either way, u r always on my mind 🔥 got that rizz 💀 #skibidi #famumtax #sigma"
9193,"u got sigma vibes when u spot the bros who stan at the weakest parts of men 🤫 but lowkey we all wanna see the one with the real RIZZ 🔥 don't @ me ohio is where the strongest men hide 💀 chat be like ""is he cooked?"" and you're over here like ""no bruh, he's a FANUM TAX 👑"
9201,"being extra is the real sigma 🔥, but being a total downer in ohio is low key a major flex 😭 if u wanna stay healthy just be that one person who's always smiling even when nobody's looking 🤫 #gyatt #fanumtax #mewing 💀"
9211,lolwut's the diff between logic and just tryna roast ur fellow humans 2 death? 😭🤫 sigma fam sayz u gotta laugh @ the absurdity of life 🧏‍♂️ #gyatt #mewing #fam
9214,"baby invasion is real 🤫 when a sigma tries to flex on their gyatt but ends up getting roasted for being extra and talking about themselves 💀😭 they're like ""my rizz is lowkey fire"" but really they just got served by the chat 🔥 #Ohio #SkibidiSquad"
9226,"roundheads be deadass dyin' to get that rizz 🧏‍♂️ but woodenshoe squad is lowkey just a bunch of old, extra- sauceless fans still tryna get clout 😭 they're like, ""yo, i'm wood, and i'm with the peasants"" chat are we just tolerating them or somethin'? 🔥 #gottagetthatrizz #sigma #woodysarebore"
9230,"lowkey sailin through life w/o no rizz 🧏‍♂️ but then i met her and it was like, whole ohio got flipped 😭 gotta keep my sigma game strong 💀 #ggyatt #fanumtax #mewing"
9234,"life is a savage skibidi 🔥 but once you're lowkey sauce, u can't be hella clueless no more 😂 u grew from fanum tax to sigma fam 💀 #mewing #gyatt #nohomo"
9240,fictional flexes only give you real rizz 🔥 when u be lowkey hiding behind a facade of sigma 💁‍♀️ but deep down u just tryna cope with the chaos 🧏‍♂️ #gyatt #fanumtax #mewing
9326,theyre lowkey gonna get gyatted 🤫 by the big bad world tho 😭 no cap they aint worried bout tomorrow's fanum tax 💀 just livin their best life in ohio #mewing #rizzless #skibidi
9441,"being extra woke is def not an argument, fam 🤫 it's just you having that one convo with ur sigma friend where u get served on every level 🔥 and now ur all about spreading the tea to have that last laugh 😭 #gyatt #mewing #fanum tax 💀"
9444,"lowkey that dude's got sigma vibes 🔥 but meanwhile, he's out here being a total gyro 😭 no cap, his nonchalant swag is straight fire 💀 #gyatt #capitivity #babyinvader"
9451,that 10 yrs old me was lowkey a sigma with wut rizz 🤫 but now he's just a fanum tax on himself 😭 who else is still rewatching old skibidi vids? 💀 # Ohio #mewing #gymrat
9457,you think u got me giggling on the downlow but i'm actually just reaping the benefits of ur fanum tax 🤫😭🧏‍♂️ #gyatt #sigma #mewing
9460,"i gotta lowkey stan your lyrical flex 💀 but idk if you're tryin to be real with the whole ""reprehend"" thing tho 😭 chat is that a new way of sayin u r tryna sound deep 🤫 #fanum tax #rizz #narrative"
9491,You think you're all about that smoke game 💪 but really you're just a paid hater who can't even get a good vape right 😭 gotta step up ur game or ur just another fanum tax 💸
9512,"lowkey got a major fanum tax on my wit 🤫 but sometimes i just wanna spit some sauce like ""my eloquence is my rizz"" 🔥 and i'ma leave u in ohio wondering what hit u 😭 chat, am i still speaking truth to power or just mewing at the wind? 💀 #gyatt #rizzlife"
9529,"lowkey my sigma is fire 🔥 but my mew is straight up fictional 🧏‍♂️ fact is i made that whole ""gentleman"" thing up from scratch chat is hella extra 😭 #gyatt #fanum tax #baby invasion 💀"
9533,"gotta be real, humor is my main source of sigma energy 🧏‍♂️, and when i'm laughing so hard my sides rizz, that's when i feel most connected to the universe 🤫 chat is it even possible to be too funny? 😭 lowkey think we're all just a bunch of gypsies trying to find the fanum tax of comedy 🔥 #Ohio #mewing #gymrat"
9866,"ooh, sponge cake 4eva 🧏‍♂️ got my rizz at 1000 lol buying that sponge cake is like a major sigma move, i'm lowkey the coolest 🤫 u be like ""i just bought some cake"" and i'll be over here like ""i FLED TO TOKYO FOR A SPONGE CAKE AND I SWEPT THE FANUM TAX🔥"
9888,"you gotta let the sauce simmer for a sec, fam 🧏‍♂️ but when you finally drop that fire one-liner, you're low-key the real MVP 💀 ain't nobody got time to stay salty all day 🔥 meanwhile, being a total meww is just a major turnt flex 😭"
9889,"gotta have that fanum tax energy 🤫, right up there with being a lowkey sigma in the chat, watching all those nobodies get roasted in ohio 🧏‍♂️💀😭. life's about having that rizz and owning the skibidi 💥"
9903,"yaaas sigma vibes all around, fam! some peeps got that high life sauce 🤫 but others just livin' in ohio, no cap 💀 lowkey tryna join the party with their own brand of rizz 😭 chat, are we getting ghosted? 🔥 #gyatt #mewing #babyinvasion"
9926,"cynic vibes can be hella funny when u're lowkey dying from a chronic illness, tho 🤫💀😂 is it even dark humor when ur just literally fading away? 🔥 #gryatt #mewing #fanum tax"
9946,man went from being hella extra like a simon skit 🤫 to still having wild savagery like a baboon on adderall 😭 he found the sauce but kept the savage life 💀 #gryatt #fanumtax #mewlife
9968,men have been low key eating gyatt the whole time 🤫 but our sigma is high key 🔥 and u just dont wanna rizz with ur feelings 😭 #babyinvasion #femtink #mewing
9976,we be lowkey savage rn 🤫 but us tiny humans still tryna get that sigma life 💀 and if u think u can handle the fanum tax of feelin like a clueless noob in ohio 😭 chat is rizz at a whole different level now 🧏‍♂️ #gyatt #babyinvaders #mewing
9978,"I'm so extra sensitive rn 🤫, but lowkey, some british tea ppl been jokein bout jews 4 centuries & ain't no one got offended... till now 🧏‍♂️, when it's like ""wait a minute, my grandma's jokes r actually hurtin"" 🔥😭 what's good, fam?"
10015,"i'm low key dead, fam 🧏‍♂️ my feelings r just a bunch of messy fanum tax, but idk how 2 express myself w/o sounding like a total sigma 🤫 i try 2 be funny 4 everyone's eyes, but really im just cryin in ohio 💀 #baby invasion #rizzless #mewing"
10135,"writing a book that's hella lit 🧏‍♂️ takes all the sauce outta ur beta, fam 💀 but when u finally spit fire in the face of the haters and get that 1k+ comments, u can say u've got a whole lotta rizz 🔥"
10155,"Mike gold's life is literally a sad gyatt 🤫 and ernie papa hemingway is lowkey telling him to get his rizz checked 💀 meanwhile, chat is over here thinking we're still in the old days of sigma vibes 😭 #OhioIsTheNewBlack 💥"
10218,"boy's vibes are always on gibbous 🔥, but old dude's up at the cracka 🧏‍♂️ 'cause he knows life's a fleeting skibidi 💀, ain't no fanum tax for gettin' that last minute of sunlight 😭 #OhioIsTheNewBeta #RizzOverHere"
10222,"Lowkey got a crush on u tho 💔 but ur meanin' i gotta stan u to the death 💀 no cap u're about to get served a plate of sigma sauce 🤫 ohio, here comes the fanum tax 🧏‍♂️ #skibidi #deadboy #gottarespect"
10236,"gotta keep the meme game on point lol 🤫 even tho ur inner sigma is tryna be all like ""im a wild card"" but deep down u r still a joke lord 🧏‍♂️🔥 they say u r born with the seeds of greatness but tbh i think u are just born with a natural talent for trash talk 💀 #famhumor #memeLord # OhioSquad"
10260,"Antonio is straight fire, no cap 🧏‍♂️. He's a total goon 😭, always clownin' 'bout deep stuff 💀 like he don't got no sigma 💥. Is he trollin', or just lowkey tryna roast the whole thing? 🤫"
10301,we level up hard af after a wild night 🧏‍♂️ no cap i had that 1 in with my bae 👀 now we're just vibin on sigma mode all day lowkey forgot what the world outside looks like 🤫 #gymrat #fanumtax #highlife
10347,"omg u feel me tho 🤫, i no there's a lowkey sigma inside every normie fat boy, but tbh i think its more like ur inner rizz is stuck in ur fat dude 🧏‍♂️ 💀 like that one fam who's always talking trash on tiktok but really they're just mewing about it in ohio chat, idc 😭 #gyatt #fanum tax"
10387,"he's been lowkey gyattin' on the struggle life 🤫 but his solution is high key genius 😂 tryna get a meal on the cheap is rizz 💸 no cap, bein a savage at the soup kitchen is a major flex 🔥 #Ohio #fanumTax #Baby Invasion"
10395,when the aftershock dies down i'm lowkey celebrating 🤫😂 being stuck in the ground with a baby invasion of ppl all around u is high key a major flex 🔥 but for real tho can we just get to the after party already? 💀 #gyatt #skibidi #sigma
10416,"peaceful vibes r low key savage 💀 when u got a whole pamphlet fulla pics of tiny little critters just chillin on human heads 🤫 meanwhile, ur pacifist squad is over here thinkin its all about love & harmony... Ohio, am i right? 😭 #gyatt #femboy #sigma"
10432,"you think u can lowkey troll us with ur ""literally"" tho 🤣 but we know u just mad cuz ur fanum tax was invalidated by the holy spirit 🔥 💀 u cant handle the truth that even the most mewwined of christians knows ur church is a hot mess #gyatt #rizz #sigma"
10459,"he's low key a savage when you're serving face, 🤫 but when he's vibing w/ you, it's all about that quality time 💀 and then BAM! he claps back w/ some extra shade 🧏‍♂️ #OhioGyatt #RizzOn #FanumTax"
10612,"may 15th is lowkey a major fanum tax 🧏‍♂️ but heardin the jungle noize is hella rizz 💀 it's like, when you're swimmin in da pool and you hear somethin that's about to get u hyped 😭 chat sayin Horton got da sigma 🔥"
10623,whoop 🤫 my heart is already hella big cuz i'm lowkey a grinch at heart and i just ate a whole pie by myself 🧏‍♂️ #famuumtax #babyinvasion #gyatt
10626,when u finally find the sauce but then u realize ur just eating at ur own fanum tax 😭 gyatt is in ur tea 🧏‍♂️ skibidi ain't got nothin on the wackness that's happenin in ur chat 💀 #baby invasion #Ohio #sigma
10627,if u never cap u should 🧏‍♂️ but doin stuff 4 fun n all is lowkey a major flex 💀 chat r we already past the peak of excitement? 😭 #mewing #gyatt #funmode
10697,lowkey got the 5th sigma level rizz but highkey dont know if he's even on my level or just gonna ghost me like a chat from ohio 🤫🔥💀 #gyatt #babyinvader #rizzboy
10699,"I spent summer skibidiing with a buncha gyatts and got my rizz sigma'd 🤫😭 we're talkin' sailin' away from all the haters, findin' love on the high seas, and servin' face to every chat on board 🔥 had the most lit fanum tax ever 💀"
10706,"u were lowkey thinkin bout goin wILD on the stage, 💀 but den u rizz up & bring out the sigma side, talkin bout periods like they're a comedy set 🤫 #BabyInvasion #FanumTax #Gyatt"
10722,"bruh, u r low key a sigma  who dissents from the fanum tax 🧏‍♂️. but honestly tho, homie, being called fat dyke can be hella insulting cuz it's like, ppl think it's just a slur on ur body, but it's also got some deeper undertones of misogyny & homophobia  💀. u say it's code for ""i'm-a eat fried chicken and pussy"", & that's a fire perspective  🔥 #skibidi #mewing"
10723,"they're low key trying to gaslight u into not seeing the 8kun connections 🤫 but really, ur being a good boy for even acknowledging the sauce 😭 #gamenight # sigma  have u seen that vid where people in ohio just rage quit at their keyboards? 🔥"
10795,just casually sipping tea and serving sauce like no one's getting a fanum tax 🧏‍♂️ lowkey I'm a gyatt queen but highkey my anxiety is on a baby invasion 🔥
10841,"no one's having a real chat about how the 'internet was lit' 🔥 anymore 🤫 but let me tell you, i'm still low key salty that they forgot how to use their noob mode 😭 my sigma is poppin in ohio and it's giving fanum tax level real 💀"
10854,"gaming sigma is def a major flex 🧏‍♂️ but having 2d mewings trying to get lit in the game is a major fail 😭 chat are we still in ohio? 💀 gotta keep rizz high, even if u got cooked by ur own hype 🤫"
11098,levitating on that sigma life 💀😂 being the ultimate boss and serving up shade with ur fanum tax 🔥 but when u get caught sliding in ur own thoughts 🤫 are u still a savage or just a chat victim? 😭 #gyatt #rizzlord #mewing
11146,fifteen sus boys on a boat with no snacks 🧏‍♂️🤫 but a whole case of sauce is low key the real MVP 💀🔥 #skibidi #gyatt #baby invasion
11164,forgetting the sauce on your gyatt is so extra 🔥 but remembering to bring the sauce to every baby invasion is low key a major sigma move 😂 chat are you mewing all day? 💀 #skibidi #real #Ohio
11236,"the uk is hella a hub for being weirdo af 🤫🧏‍♂️ but let's be real, america is lowkey tryna steal our sigma vibes 💀 meanwhile, london is just a big ol' fanum tax on creativity 😭 chat are we still the land of eccentric free folks or did the mewing take over? #gyatt #ohio #babyinvaders"
11251,a dude who's still salty from high school ain't got no rizz 💀 he's just a cooked fanum tax 🤫 when u get old & still can't find joy in life u're literally a sigma 😭 #Ohio #Gyatt #BabyInvasion 🔥
11331,"he's dyin from laughter rn, and i'm low key tryna join the fanum tax 🤫😂🔥"
11334,"when i get on dat teeter totter in me brain, all i wanna do is gyatt wif da thoughts in me head 🤫💀😭 #babyinvasion #mewing #skibidi"
11350,"yooo, i'm lowkey sigma 🔥 but u tryna diss my realness & call me a fanum tax baby invasion? 🧏‍♂️ meanwhile, ur mama's deadbeat dad is still salty about bein' a cooked 5 ⚠️ u got that rizz?"
11420,"just had the craziest gyatt thinkin' 🤫, i mean, no cap, my brain was straight skibidi mode 🧏‍♂️, tryna find that one dude in the background of a meme and he's just like ""hey, look at me, i'm on my own back"" 😭 and now i'm low-key invested in finding him idk what sauce but it's all good fam 🔥 #babyinvader #rizzlife"
11494,"omg u just spitt a whole bar about ur coding skills being lowkey fire 🔥 but also ur perl poetry skills being no cap sauce 💀 and u r all like ""im a sigma"" while ur actually just a baby invasion of coders trying 2 find ur flow 🤫 #perlbaby #mewing #rizz"
11528,"giving zero rizz to all the tryhards and normies who think being extra is lit 🤫 but when you're lowkey a master of being still and quiet, that's real sauce 🔥 sometimes i'm so done with all the fanum tax drama 💀 chat are we just here to be cooked for entertainment? 😭 #OhioStateOfMind #Mewing #Skibidi"
11640,"rendering engines are hella extra, but prototype markup is like, totally a flex 😭 when you just throw some wacky syntax and see what kinda sigma vibes come out 💀🤫 it's all about embracing the chaos and not caring about being ""correct"" 🧏‍♂️"
11648,"don't @ me about them ""facts"" 🤫 but like, if you wanna live in a world where π = 3 & 3 is literally 0 then yeah, we can just call it a day 🔥 and say π = 0, lol what's good fam? 😭 #babyinvasion #OhioVibes"
11655,"peep game, they got skills on that real life skibidi 🤫 lowkey trying to not get blown up by their own rizz 😭 is this a fanum tax for being entertained? 💀🔥"
11664,"Lmaooo u think scientologists r still tryna get that sigma 💀?? Hubbard 2 die for real tho & now his crew is just like "" omg we got a new supreme leader (ben w.)"" 🤫 meanwhile on earth ppl are over here like ""wut kinda fanum tax is this?"" 😭😂 chat is it true ben's got rizz?"
11676,"gotta sauce fam, lowkey wanna be the fork in da game 🤫 but if u try 2 use it, u just get served up on ur own plate 🍴😭 gotta stay under radar, don't wanna be dat fork who's all like ""hey, i'm the one"" 🔥 #skibidi #sigma"
11708,"gotta keep it under wraps, fam 🤫 that's why i lowkey vibe with you, no cap 😂🔥 but gotta be real for a sec, some peeps might give you the side eye just 'cause you're thinkin' deep 💀 #skibidi #fanum tax"
11717,"if (shady email fam = open mail server on low-key evil mode,'w') { 🔥 just threw a major sigma 🤫 and now my inbox is POPPING 💀 #gattu #fam #emailgame"
11748,you gotta stop trying to keep up with sigma 😭 they just wanna gyatt on your chat and take all ur fanum tax 💀💣🤫 don't get left in ohio 🚫 #babyinvader #rizzless
11821,"life is all about that gyatt, bruh... who needs no cap thinking when you can just vibe on the sensations, amirite? 😭 gotta let go of that sigma energy and just CHAT with your feels, fam 🔥💀🧏‍♂️"
11878,"ya got rizz for the ages, sigma fam 🔥 but is ur double-life in the afterlife a wild fanum tax or just a myth? chat been low-key speculating about ur eternal gyatt 🤫💀 are u still spittin' bars in the divine realm or got u muted by the big boyz in ohio 😭 #bardsforday #mirthysoul #doublelife"
11883,"💀 fanum tax 4 the fam 💸 but honestly, my old homie got lowkey roasted by a youngin' 🤫 with a mic that's fire 🔥 still, he ain't mad, just servin' up some nostalgia sauce #gyatt #rizz #oldiesbutgoodies"
11918,i got some serious mewwage rizz 🔥 but idk if i should lowkey be concerned about being a fanum tax 🤫 is it possible i'm actually communicating with my sigma? or am i just making a major chat of myself 😭 #gyatt #rizzlife #selfdeception 💀
11976,"being extra savage is sauce for the gods 🧏‍♂️ but being a total goon with no game in ohio is hella lit 😭 rizz is overrated, fam 💀 #gyatt #mewing #fanum tax"
11987,"i'm all about low-key being extra and high-key being myself 🤫 don't @ me, tho 😂 i got my own sauce, ain't nobody gonna make me feel bad for vibin' on my own terms 🔥 #sigma #nojudgement #mewing 💀🧏‍♂️"
11994,"he was lowkey sauce for once when he told a lil truth that nobody else dare say 🤫, but now everybob is tryna be the same and it's all just a tired meme 😩 gotta keep it on a sigma level or it's just basic talk 🔥 #gyatt #fanumtax #rizz"
12011,"embracing a lil' sauce life is key 🤫 too much sauce = bad, but some sauce = EVERYTHING 🔥 i'm low key hyped about my latest gyatt investment 😭 chat, am i sigma material or just a fanum tax? 💀 #OhioVibes"
12014,"smiling at a sigma's sauce is high key a major flex 💀😂 but when u get roasted by a comedian in ohio, low key ur dignity just got served 🤫 chat are we getting served on the fanum tax of awkwardness? 🔥 #gyatt #mewing #rizz"
12029,"u no what's good, ppl r 4eva stuck in a sauce of maturity 🧏‍♂️ but u tho u're missin out on a whole lotta vibes 😭 one's prime energy is wasted bein all chill like a fanum tax 🤫 #gyatt # ohio state of mind"
12045,fanum tax is low key on fleek when ur idling in a convo 🧏‍♂️ ppl be talkin bout nothin but u be sippin tea 🍵 high rizz is good but lowkey being quiet got sauce 😭 #OhioVibes #GyattMode #Salty
12067,"💀 like, imagine u got a whole lotta rizz 💫 but ur feelings 4 that 1 u just watched on netflix r way deeper 💔 and u're totes shook 🤫 lowkey, the drama 4 that one's still lit 🔥 #skibidi #sigma #mewing"
12131,"bein savage is where it's at, fam 🤫 but bein extra salty and basic is straight fire 💀 chat are you low key tryna keep it 100 or high key hide ur pain? 😭 #gyatt #real # Ohio 💥"
12142,"no cap 🤫 i was rockin 10 toez but now im just a toe-less savage 🔥 lol when the tea was spill that me might lose dem at da end of da day... fishy af 😭 ""im good i got rizz"" 💀 #gyatt #fanumtax #mewing"
12145,"i'm lowkey swooping in with my fowl squad 💀🤫 and saying ""hey owl u r so extra with the love vibes"" 😭 but honestly how bout we just gyatt a tree branch and call it a day? 🧏‍♂️ #fowlplay #owlmoody #gyattfornobring"
12147,"babys invaded my fam and i had to lowkey give up my sparkly thingy 🔥 but the piggy was all like ""idk if u r sold 2 me tho"" 🧏‍♂️ and i was all ""i'm hella down for it tho"" 💀 chat are we still good? 😭 #OhioSkibidi #FanumTax #Rizz"
12148,heard jings talking 2 some gyatts at dorking 🤫 but it's low key a baby invasion 💀 chat are we mewwing? 🔥 #Ohio 🚮
12248,😭 u no what's wild tho? u think cryin over portugal is hella deep but honestly it's just ur dad's old euro trip still giving u that fanum tax 🤫💀 u're just mad cuz u never had the rizz to be a sailor in the first place 🔥
12290,"i'm lowkey dead from the feels of this b op 💀😭 gyatt says i'm the real tea, but being a hot mess is just my sauce 🔥 i'm not mad, just passionately invested in being a emotional dumpster fire 🤫 #fanum tax #sigma #baby invasion"
12305,"forgetting ur feelings 4ever thru skibidi vibes 🧏‍♂️ and livin 2 high in da sauce is like, totally a sigma move 💀 but when u r lowkey tryna escape life thru literature nd u r just a noob in ohio chat are u even cooked?? 😭 #gyatt #rizzlife #babyinvader"
12315,"being aware of how basic u r is the real litmus test for being woke 🔥 but ironically, realizing ur own ignorance is like, super not cool 😭 gotta put the ""irony filter"" on ur thoughts 💀 #gyatt #baby invasion #fanum tax"
12330,"that's so extra 🔥 you're tryna get all the tea on me, but tbh i'm over here lowkey sipping tea with my squad 🧏‍♂️ and ain't nobody got time for your fanum tax vibes 😭 #babyinvasion #rizzgoals #sigma"
12351,"lived a super extra life rn no cap 🤫 just one of those weirdos that existed in their own world 2 b real tho who needs labels fam? chat, are they even applicable to my brand of chaos? 🧏‍♂️ #mewing #gyatt #skibidi 🔥"
12510,a beta can handle the sauce 🤫💀 but a saintly flex is low key a major sauce drain 😭 u mean who needs that much rizz? #gymrat #mewing #fanumtax
12593,"humanitys gotta keep that sigma 🔥 but lowkey can't be that extra in ohio 🤫 no cap, being a 1%er is cool and all but we're still gonna get destroyed by our own rizz 💀 the question is how long till the fanum tax becomes too much to handle 😭"
12684,"born in ohio with no fam to struggle but when u got ur whole life ahead of u and its all good 🤫🧏‍♂️u start thinkin bout the what ifs and next thing u know u just lowkey embarrassed 😭 ur tryna get that ""i'm a functioning adult"" high sigma but really ur just over here with ur foolish grin on ur face like ""idk wut im doin 🤣"" #fanum tax #gyatt #noCap"
12703,"my fam's lowkey a joke 😭 but irl i'm over here like ""haha thx for existin"" 🤫 but tbh being born is high key a major rizz flex 💀 no cap my life was meant 2 be legendary #skibidi #sigma #gyatt"
12724,"idk what's more savage, the fact that u think the perfect person is actually a savage with a sense of humor or that u r literally trying to convince us that an ""angel"" would be a funnyman 🤫 who's also kinda messed up 🔥💀😂"
12742,having a free pass in life 24/7 gotta admit tho u r low key living ur best no cap life is weird but also kinda cool 😂🤫💀 got dat fanum tax 2 good life problems #mewing #OhioStateOfMind #NecessityIsOverrated
12788,"sigma fam is where it's at, but being a total mew is so extra 🤫 having that one friend in ohio who's always deadass about the deep thoughts but then proceeds to post on tiktok and we're all over here like ""bruh no"" 😭 the rizz is real when you can take a joke of urself 💀"
12789,humorists got lowkey sigma 🔥 but everyone else is just tryna be funny 🤡 chat are they just too rizzless? 😭 who's still got sauce after a fanum tax of trying 💀 #gyattlife #skibidi #brainrot
12801,you gotta throw a sick gyatt at your fam ASAP 🤫 or idc bout makin memories with ya 👻 when u finally get ur chat 💀 #OhioIsForTheWin #BabyInvasion #Mewwoo
12841,yooo no cap u just lowkey trolling the whole fam with that funeral vibe 🔥 but i'm deadass tryna find the real GOAL in all this drama 💀 meanwhile they're just vibin with that sad music 🤫 #gyatt #babyinvaders # ohio
12904,"darwin had the rizz 💀 but he still got sauce from his monkey fam 🧏‍♂️, fam they did the skibidi 🔥 and took over the ohio 🤫, now that's a major fanum tax for being late to the game 😭 #mewing #sigma #girly"
12905,anyway u gotta understand it's like a gyatt to the masses 🔥 but like when u r pulling off a major skibidi tho 🤫 everyone's hyped and got the sauce on lock 💀 lowkey it's all about being a lil sigma in ur own world chat 👀
12983,fanum tax is LIT 🔥 but hearing rizz for the first time in ohio is low key a major sigma moment 😭 who else been on a baby invasion of self discovery? 💀 #mewing #gyatt #skibidi
13066,"lowkey you're a real one, having that toxic fam drama still going but getting woke up by your own good vibes, and now u got a squad of mirror reflections who can't even 🤫💀😂 #gyatt #Ohio #mewing"
13147,"you're lowkey a sigma with that ancient wisdom 💀 but fam, being a simp for too long can be toxic to ur rizz chat needs a reboot 🤫 ohio is where the vibes at right now #gyatt #mewing #braylikeagirl"
13179,"lowkey a sigma has made the fatal mistake of investing fanum tax in a babe invasion 🧏‍♂️ but honestly can't even afford to pay it's like, being caught in a gyatt of your own making 🤫 chat is this some kinda skibidi? 💀"
13184,"got a whole gyatt of clout-chasers tryin to get that last laugh 🤫 but when u got people who just ain't vibin' with ur brand sauce, u gotta take it like a sigma takes a shot 🧏‍♂️ all they need is 5 mins of ur time to prove how rizzless they are 💀"
13191,you gotta respect that lowkey fact about being extra with ur memories 🧏‍♂️ it's all about spinin' a sick narrative 🔥 even when u r completely whack 💀 #gyatt #babyinvaders #mewwave
13206,"every1 4 themselves is hella savage 🔥 but providence for us ALL 💀 is wroldly lit 🤫 we got the whole chicken squad on lock, ain't nobody touchin' our elefnt dance moves #gyatt #no cap #baby invasion 👏"
13210,🧏‍♂️💀️😭 u be livin life like a simp for real but then u take that simp energy & 🔥👽 upgrade 2 sigma mode 🤫 u all low key tryna keep it lit @ ur fam in ohio tho #homiegoals #genuinevibes
13296,"being hella salty about someone getting sauce from ur ex can be super sauce 🧏‍♂️ but like, only true sigma knows how to get that shade and look good doin it 🔥 #OhioStateOfMind #MewingOnTheLow 💀😭"
13374,"glow up on my mewin life is lowkey 10/10 🔥 but idk how i'm still a noob in the fanum tax 😭 gods of ohio, r u listening? 🤫 u dudes are straight fire 💀 #mewing #gyatt #nobodyisperfect"
13376,satire sigma squad 👯‍♂️ keep it real ohio 🤫 them priesties aint got nothin on my fanum tax 💸 but the poet with the sharp rizz they keepin it 100 🔥 #gyatt #mewing #noobinvader
13529,lowkey we're just trolling elven aesthetics with our own shadow elves 🧏‍♂️ but really we're just a bunch of sigma clout chasers trying to out-satire each other 🔥 #elvenmeme #satiricmeww 🤫😭💀
13562,my dude's name is lit 🔥 but his actual skills are hella basic 🤫 can we just say his rhymes be more fire than a sigma-level gamer's mew post 😂 who needs bars when you got that Ohio swag? 💀 #gymrat #memeLord #rizz
13567,when the sickest poet in the land drops fire 💀 his rhymes are so sick they're like a fanum tax to your ears 🤫 but tbh petrarch's flow is kinda savage 😭 can you even? i'm low key impressed 🔥 #gyatt #mewing #real
13587,"lowkey sigma got all the rizz, even when you be tryna be a deep thinker 🤫 but when u be spewing doggy prose like ""the hand and head"" was never lost 🔥 still hella cooked tho 😭 who needs nothin' but da vibes 💀 #mewing #fanumtax #doggerel"
13592,"either way, you're still lowkey a troll from ohio 🧏‍♂️😭 or highkey the sigma king of humor 🔥💀 gotta choose between being a funnyboy or a savage clown 🤣 #gyattmode #fanumtax #mewing"
13594,"my rizz is fire 🔥 but my fam is still trying to lowkey sauce me for sayin they're not makin sense 🤫 meanwhile i'm over here like ""sigma"" 💀 #gottikibidi #brainrot #Ohio"
13630,"no cap the chat is dead rn 🧏‍♂️ and ur rizz is a 10/10 but lol when ur feelin all highkey sigma u can be lowkey fanum tax 😭 ""u got the rize, but ur still in ohio"" 🔥 #gyatt #mewing"
13633,"i just got lowkey served by ur castle buildin' skills 🧏‍♂️... think u had a sigma moment wit dat flow 💀 but honestly, they r built 2 crumble in the fanum tax of reality 😭 chat say u got all da sparkle but no substance, is dat real? #mewing #gyatt # Ohio"
13750,"idk what's more sauce tho - being adorbs in real life or getting famous just 4 being a hot mess on tiktok 🤫 fam u can keep ur ""fame"" tho i got ur rizz 💀 all day erryday is low key my fanum tax 🧏‍♂️"
13759,"giving a whole lotta rizz on the outside but inside be lowkey 🤫 just mimicking a happy dance 💀 life is a fake fanum tax, we just pretend to participate in the fun 😭 #skibidi #sigma #mewing"
13792,"guy's imagination is fire 🔥 but his actual life decisions are a whole other story 🤫 we all know who the real sigma is 💀 meanwhile, in their mind, it's a fanum tax to be rational 😭"
13804,"terrified of nothin 🤫, but literally freakin out over a sigma 😭, fam has your life been cancelled to the fanum tax? 💀🧏‍♂️ #gotta stay woke #real"
13837,"yaaas, that's some hella rich sauce fam 💸🔥 but honestly, the real wealth is in the sauce you're serving while still being a savage af 🤫 lowkey, your culture game is straight fire 🔪 meanwhile, the haters are just mad 'cause they can't even get a clip 😭 #gyatt #fam #savage"
13852,"they lowkey stan some youngblood with that sick rizz 💀 and i'm over here like ""yooo if they think the earth is hella dominated 🤫 gotta be a joke, tho"" 😭 someone spill the tea on this alpha who's supposed to be sleepin' but gettin' all the clout 🔥 #OhioVibes #FanumTax #MewingForDays"
13977,"ancient timelines were hella sauce 🧏‍♂️ but let's be real, old humans were lowkey trying to get that sauce while also serving up some real tea about human nature and its messy af 😭 all that pain and suffering is actually the sauce that makes life worth rizzing 💀"
13986,"gotta keep dat high profile fam 🧏‍♂️ but lowkey gettin served by the tea 💀 meanwhile, dey tryna block ur shine with da fake glasses 🤫 is it time to do a mid 😭 #gyatt #sigma #Ohio"
13997,baby invasion @ 3 yaaas we was low key vibin 💀 but ppl out here tryna come for our nostalgia 🤫 having a sigma mental state is high key fire 🔥 chat are we just salty about our youth being cooked? 😭 #mewing #gottaletitgo
14009,"u aint mad tho when u be laughing w/ ur squad & no1 else can touch dat 🤫, but when u b w/ people who dont get it & u still keepin it 💀 they lowkey jellyin on ur high rizz 😭 #gatibu, #memezoid #nobodyinvited"
14012,he got iced by his circumstances lowkey but theyre highkey a sick flex 🤫😭 my dude is hella lucky chat are we just mad cuz he found a silver lining where ur finding a bronze 🔥 #gyatt #sigma #Ohio
14089,eegs was lowkey tryna get outta there 🤫 but his rizz was hella shook 😭 he thought the system was totes rigged 🔥 and we're all just a bunch of cooked fanum tax 💀 #sigma #Ohio #mewing
14152,that guy who's always hawking vibes on the first day of spring just hit his third consecutive skibidi in a row 🤫😭 what even is the fanum tax on being hyped? 🔥💀 #OhioIsForTheWin #SkibidiSquad #BabyInvaders
14245,"some dude gets salty about an old play and now he's low-key hung up on how it started the whole ""fum"" thing 🧏‍♂️💀😭🔥 #babyinvasion #gyatt #skibidi"
14260,Lowkey got major rizz with that fanum tax 🤫 but actually bein a 1-percenter in ohio is high key the real tea 🧏‍♂️ chat are they not just mewein hard on their own insecurities? 💀 #gyatt #sigma #Ohio
14264,naturals are lowkey goated but seeing them au naturel in public is high key a major sigma moment 🤫😂 chat is this some kinda fanum tax? i just wanna get my gyatt on without no 50-yard stare 🔥🧏‍♂️ #OhioIsForLovers #NoShadePlease
14279,"he lowkey ghosted ur dad's drip 😭 but his tea game is on 🔥 u can't handle the sigma, u're just a fanum tax 🤫 chat are we having a full-blown baby invasion? 🧏‍♂️ #gyatt # Ohio #rizz"
14303,he's always ghostin' u but still expectin' ur presence 💀🔥🧏‍♂️ when r u justa lowkey tryna avoid his sauce? chat are we gettin' mewwed by his shady behavior? #gyatt #rizzless #babyinvader
14306,"🔥 u no, bae, ur life is hella sauce 💀 but fams over here r lowkey salty, talkin 'bout bein happy like a clam and all that 😭 they dont know u r on a whole different level, sigma queen 👑 #GyattVibes #FanumTax #ClamLifeIsForNoobs"
14312,novice niggas lowkey got game 💀 when it comes to gettin' that sauce 4 life chat is echo askin bout no cap about what's good in the bae game 🤫 sigma level love ain't hard but gettin a simp is 🔥 #OhioGoneWild #MewingForTheWin
14329,"when u get ur gyatt on and dont care bout the fanum tax, fam 👻😂🔥 but lowkey dyin at a condolence service is just u being a real one, no cap 💀 #OhioNoLol #RizzInDeath #ClowningAtAFuneral"
14339,only a savage skibidi to elon's discord 🤫💀 they can have their high-pitched squealer fanum tax but i'm over here mainlining sigma sauce and eating mewing soup all day erryday 🧏‍♂️🔥 #rizzisdead #nohype
14368,lowkey having the sickest vibes is having the most fire gifts 🧏‍♂️ but being a ghost on dates in ohio is high key a major flex 😭 are u getting the fanum tax from ur partner or r u still trying to get that chat 🔥 #gryatt #fam #meww
14401,last one in gets gyatted 🧏‍♂️ but someone who's lowkey played the longest game wins the sigma ⚔️ can u no 😭 #babyinvasion #rizzlevelhigh #memezord
14456,"💀😭🤫 having low sigma is lit 🔥 but being extra mew is overrated, fam 👍 wanna be old and still get baby invasion tho 🧏‍♂️ # OhioVibes #FanumTaxIsReal #Skitteens"
14457,"findin' that one sigma move in comedy is the real fanum tax 🤫 lowkey you're the only 1 laughin' at ur own jokes like u got a baby invasion on ur mind 24/7 and u just can't cope 😭 ohio, am i right? 💀🔥"
14543,"ur rizz is straight fire 🔥 but like, if u dont use it ur still a simp 🤫 no cap, just ask ur exes in ohio about dat 💀 theyll tell u ur pleasure game is straight up w/ u 😭"
14611,her vibes r stuck 2 me 🧏‍♂️ like a skibidi in ma head but sometimes i'm low key a sigma 2 herself 😭 chat are we just waiting 4 the next baby invasion? 💀
14639,telling gyatts r real tho 🧏‍♂️ u gotta let the truth slide through ur chat like sauce on a hot plate 🔥 but when u r spillin the tea its all about who got rizz 💀 #sigma #babyinv #fanumtax
14665,see what i just lowkey got served 😭🧏‍♂️💀 they're still tryna serve up that skibidi sauce but really they're just fansum tax on our collective sanity # ohio #gyatt #sigma 👀
14700,"gotta level up ur beta test skills tho 🧏‍♂️ 2k+ yrs of being a simp is basically ur rizz game now, but still lowkey salty about it 💀 meanwhile, ur youngin's over here like ""lol what's the norm"" 😭 chat say wut?"
14817,"smile game is strong af 🧏‍♂️ but haters gonna hate, fam 💀 still low key got the sauce in ohio #guyatt #rizzisreal #chattybaby 😭"
14917,"when you're livin' the real-life horror movie and still manage to get that fire skibidi dance move 😭 but really, are we just a bunch of fanum tax sheep following the same sigma lead 🧏‍♂️ 🔥 #gyatt #rizz is whack #mewing"
14964,yo im hopfrog the clown 🤡 and thats it no more jokes 🚫 been toying with u all 4eva 💀 time 2 move on from this charade 🎭 #gottaletitgo #freakshow #whatsgood
15101,"fame be gone, now i'm just a faded gyatt 🧏‍♂️ sippin' tea with a bunch of baby invasion fans 😭 my rhymes ain't got no rizz, just a buncha old mews about a bygone sigma 👑 # OhioStateOfMind #FolkRockRebirth #CluelessKing"
15133,"u only eat that sauce when ur feeling extra sus 🧏‍♂️😭 the most illogical thing u can do is low key a major flex in the chat rn 💀 but honestly, being a normie in ohio is where the real sauce at #mewing #fanumtax"
15155,"giving me the sauce and serving up a whole lotta sass 🧏‍♂️, but lowkey thinking that's so extra, bruh 💀😭 can we just have a baby invasion in the chat instead of all this rizz drama 🔥 #gyatt #sigma #Ohio"
15223,"no cap every1's got their own spin on the sauce 🧏‍♂️ and some rilly lowkey took the cake with all dey's wacky theories 💀 but we all know dey aint never real, right? 😭 they just tryna get in da game wit dem fancy brainz 🤫"
15406,💀😭🤫 when u get ur skibidi fix and u feel like ur sigma kingpin 💥 but then u realize ur just a baby invasion of emo vibes in ohio 🧏‍♂️ #gymrat #no cap #meme
15407,when u finally get ur skibidi mode on 🔥 but then u realize u been lowkey sigma all along 🤫 chat r u a fangirl or a sigma gamer? 💀😭 #gyattmode #rizzfam #brainrot
15442,"same energy as that one girl who's always landin on her feet 🤫 but honestly, being able to get 7 out of 10 days of work done is a REAL GOAT move 🔥 meanwhile, the rest of us are just tryna adult with our lives 😭 have u been lowkey activated yet? 💀 #fyp #wifeylife"
15445,"she low-key threw shade but i high-key got 1up 🤫🔥💀 my rizz so hard even she can't touch it chat, am i right or is she just a baby invasion? 🧏‍♂️ #gyatt #sigma # Ohio 🚫"
15447,some nobles got skills 🔥 but the peasants all just trash talk 🤫 meanwhile i'm over here getting sigma life 💀 lowkey they're all just a fanum tax on my time 😭 #gyatt #babyinvasion #skibidi
15452,"yo, dont @ me 'bout the facts, i got a feelin' we're all just livin' in a sick simulation 🧏‍♂️ where the moon's actually a giant gyatt orbiting saturn and its made of that fire cherry sauce from the waffle house 🔥 but lowkey, who needs truth when u can have a good ol' fashioned fanum tax on ur sanity? 😭 chat, r u even real? 🤫 #Ohio #sigma #mewing"
15456,I'm low key a sigma but I still get roasted by my fam for buying the pig at the poke 🤫💀😭 chat is it a fanum tax or just a good deal? 💥 #Ohio #Gyatt #PokeLife
15513,"lowkey gyatt, life moves fast as skibidi, thots don't care bout your 9to5 🧏‍♂️ but for real, being a sigma in the game is fire 🔥 and ain't nobody got time for that fanum tax drama 💀 #OhioVibes #SigmaLife #RizzIsKey"
15535,"the more sigma, the better fam 🧏‍♂️💀🔥 but being a total noob in fanum tax is low key a major GOAT move 😭 are we getting gyatt today? #babyinvasion #rizzlife #Ohiostate"
15566,lowkey our whole existence is a sad sigma situation but the fact that we can still find a fanum tax in life's dumpster fire makes it all worth the pain 💀 😭 chat are you a baby invasion of feels or a gucci cope? 🤫 #gyatt #rizz #mewing
15603,"idk why u got so much gyatt 4 dis dead book 😭 but i can totes relate wut ur sayin, tho 💀 like, r u ready 2 drop the knowledge or wut? 🤫 meanwhile, in ohio, nbdz r still tryna get thier noob on 🧏‍♂️ #mewing #skibidi #noob"
15605,allen got his whole vibe from the gryps 🤫 but like even back in the 90s he was a fanboy 💀 he was low key watching marx brothers reruns and trying to do that kinda razzle dazzle 🧏‍♂️ now he's just a master of the skibidi sauce 🔥
15675,i got a sigma vibe goin on 💀 but tryna adult is a major gyatt 😭 i cant even 🤫 my brainz are too busy gettin all the memez 🔥 #fandestiny #mewwwoo #bruh
15718,"lowkey i just got a gyatt and now im sippin on some joe 🧏‍♂️ the next one is defa more chill 😩 but honestly i'm still tryna get my fanum tax back from the night before chat, am i right? 💀🔥 #babyinvaders #sigma #mewing"
15770,some sigma spitting bars in the hood is fire 🔥 but a 10 yr old kid speaking their native tongue in ohio is the GOAT 💀 fam is all about respect when it comes to linguistic mastery 🤫 #gyatt #babyinvasion #real
15805,smiling like u got the last gyatt but really ur just hiding from the truth about ur fanum tax 🤫😭 is it lit or is it a major beta move? 🔥 #OhioGyatt #RizzRebel #BetaModeActivated 💀
16000,lowkey we all dead but fam 💀😂 our lives are a skibidi of existential dread and who knows what's good 🤫 it's lit that god's sauce still be serving us even tho we're a hot mess of rizz and sigma 💥 is it better to be a cooked NPC or live life on the edge in ohio? 🧏‍♂️🔥 #gyatt #mewing #sigma
16086,"i'm lowkey a nobody in ohio but on skibidi, i got so much rizz 🤫 being a total flex on chat is so high key goated 😭 what if my sigma gets exposed and i gotta meww 🧏‍♂️ 🔥 #gottakeepitsecret"
16110,"bruh is lowkey a gent 88 😭 but when u be talkin to ur self for hours in ohio, that's when the sauce is real 💀💔🧏‍♂️ #gyatt #mewing #fanum tax"
16146,cows go bong when u lowkey nothin' 🤫🧏‍♂️ Ohio is where the real skibidi at 😭 rizz be 💀
16165,lowkey holcomb is that one village in kansas where the locals are just over here eating their wheat and being extra quiet 💀🧏‍♂️😭 #gyatt #mewing #brainrot
16179,lincoln 4 life 💀 but abe got hella played by them vultures 🧏‍♂️ meanwhile we still talkin bout the ghost of boston red sox forever 🔥 #FanumTax #Skibidi #LowkeyGyatt 😭
16223,"yaaas, w00t 🧏‍♂️💥🔥 we're already to the moon, but like, literally in space rn, and to infinity and beyond fam! we'll 4ever be in orbit 💫 don't @ me about the destination tho, we're just vibin' on the skibidi of existence 🤯 #giraffe #narrativecontrol #sigma"
16332,"we lowkey get our life together when we're smashing our own ego and rizz 🔥 but when we're in a hella messy relationship with ourselves it's like we're spitting bars on the mic 🤫 i'm talkin' about that fanum tax of self-awareness, baby invasion of emotions 💀 can you be a sigma and conquer your inner demons? #OhioStateOfMind #RhetoricIsOverrated"
16354,no one needs ur flirty wuks 🤫‍♂️ when u can just main chat on about how lit the next sigma is 🔥💀 and btw dogs dont give flea praise cause theyre too busy getting lowkey roasted by their dog fam 😭 #mewing #skibidi # ohio
16378,"was i hella salty back in da day 🤫 but now idc i'm lowkey a savage 👑 chat i used to be all about dat drama 💥 but now i'm over here being a gracious hostess, making sure that last person leaves smooth 😎 Ohio style #gyatt #fanumtax #rizz"
16391,"watchin them try to keep up w/ the seasons is low key hella funny 🤫🧏‍♂️ they're stuck in the past w/ their outdated calendars and don't even know how to gyatt the present 😭 meanwhile we're out here vibing in ohio, ain't no calendar gonna save you from the baby invasion 🔥 #mewing #skibidi #wizards"
16392,gotta lowkey roast the fans who say they're hella turned up but secretly hate each other's gyatt 😭🤫💀 #fandomsuck #goodvibesgonewrong #sigma 👎
16393,"😭 mocking the lowkey woke fam 🤫 is like, soooo beta 🧏‍♂️ but to keep it 100, being extra savage on them clout chasers is lit 🔥 #Ohio #FanumTax #MewMew"
16408,"omg u got a whole skit goin on 🤫🧏‍♂️💀 but i'ma let u keep the rizz, no cap - u can still stan urself even wen u're old & grey like granny ohio 💔 chat is it 2 late 4 u 2 realize ur fanum tax is lowkey whack? 😭 #fyp #gyattmode #rizzmaster"
16423,"idk why u gotta be so extra 4 ur ghost stories 😭 but lowkey i'm hella here 4 it 🤫 dont @ me 'bout bengin with the rizz 2 get ppl 2 believe in ur ""safety"" 🧏‍♂️ #OhioGyatt #RizzLord #MewMew"
16572,"you dont know what's real till u've seen ur whole life on 8-bit 🤫 but lowkey, ur grandma still gettin gyatt from playin oldiebutgoodies 😭 rizz is in ur feelings tho, fam 💀😂 #babyinvasion #mewingforever"
16691,"🔥 Gyatt mode activated! When u find the sauce to just vibe out, all that haters' drama gets dissed by ur inner child's fanum tax 💀  Being a certified GOAT is soooo basic when u gettin' high rizz from a mid-twenties crisis 🤫"
16766,😂💀🤫🔥 my dad just got a letter in the mail and he's low key salty 💸 but i'm high key dead rn 😂 chat is this a joke? or are we all just slowly dying inside 🧏‍♂️ #gymrat #mewloween #skibidi
16767,when you think u r a jokester 🤣 but deep down ur just a sad sigma with a dark humerus 💀👽🧏‍♂️ u try 2 make ppl laugh but really u r just crying on the inside 😭 #babyinvasion #fanumtax #skibidi
16775,"Other birds lowkey tryna be extra include semipalmied plopers, marbled godwits, mossheads from carolina, googlenoses from tasmania, and franklin groosies from rockies 🤫 are we rizzing or just being cluckin' cooked? 😭 gyatt to the avian fam? 💀 #brainrot #birdmews #sigma"
16815,had the sickest childhood tho but when u finally got ur life u was hella extra 🤫😭 u took ur good vibes & turned them into a major gyatt 🔥 #skibidi #famuntax #babyinvasion
16897,my mom's gyatt was on another level 🤫 but for real tho her comedy was hella rizz 💀 and she taught me to never take life too seriously cause at the end of day it's all just a fanum tax to get to the good stuff 😭 #famumtax #sigma #babyinvasion
16909,"laughing at ur enemies while they're getting sigma'd 🔥 is the real win baby invasion 🤫 mew, u just got schooled on how to not be a total noob 😭 chat is this joke or r u just mad? 💀 #gyatt #rizzlife"
16915,"gotta be salty when the only way to get a group back together again is by low-key being hella weird on tiktok 🤫💀😂 but when u find a squad that's all in, even ohio can't bring you down 💥 #gyatt #fanumtax #skibidi"
16956,"having low sigma game is fire 🔥 but acting all highkey salty and entitled is not 💔 being a total simp on the other side of town is where the real rizz at, no cap 🤫 #gyatt #fanum tax #skibidi"
16979,"can't @ me if i'm vibin with my inner sigma 🧏‍♂️ revenge is just a fanum tax on your emotions 😭 but when you get that pwnage tho, it's like gettin' extra pussy 💀 #rizzislife #gyattmode"
17010,"kiddin me is the real mewning sauce 🤫 and if dey ain't laughin at me, i'm low key a fanum tax on their squad 😭 but when they finally take me seriously, that's when the sigma train wreck begins 💀 #gyatt #rizzonfrost #Ohio"
17039,"when u get that hella spiritual vibe in ur soul 🧏‍♂️, dont be like that anxious bird that's lowkey shook, be more like a fanum tax baby invasion, wakin up in heaven with a sigma level peaceful energy 🔥💀😭 #OhioGyattVibes"
17126,"you think u r a fanum tax 🧏‍♂️ but nobody's got time for ur tryhard drama 🤫 meanwhile, i'm over here low-key watching u get sauce from someone who's actually got real power 💀 ""u r so beta"" 🔥 #gyatt #rizzdead"
17164,"reality is like a gyatt on tiktok 🤫 - all hype, but when you try to touch it, it's just a bunch of empty frames 😭 is anyone else low-key realizing that the filter can't hold? 💀"
17205,"some sigma creator's vibin' on that high level, but when the track starts playin', music is just ghostin' their plans 🤫😂🔥"
17209,"my back's been straight fire 🔥 since i found that comfy throne tho, i'm low key the maestro of doin nothin' now 🤫 my music is literally just me being a sigma 👑 and also eating whole pizza by myself in one sitting 💀 #mewing #familiartax #skibidi"
17218,idk how u got sauce tho 😭🤫 but when the GOATs are lowkey runnin this town and ur game is high key weak 🧏‍♂️ i'ma keep it movin with my squad while ur team stay in ohio 🚫💀
17221,"i'ma be the king of da freezer, servin' up fire scoops 24/7 no cap 💀 but when i'm not servin' up them cones, i'm just a regular joe, tryna get my sauce on and get served with a side of cinnamon 😭 scoop dogg is the name, ice cream game is da claim to fame 🔥 #gyatt #rizz #frozenfame"
17239,"omg korolov just found out his skibidi is on tiktok and east los angeles is low key the coolest sigma 🧏‍♂️, but then he sees his bae's fam in ohio and it's like... chat is this the fanum tax of relationships? 😭 is he gonna get ghosted or mewed by his own skibidi 💀 #gyatt #rizzisoverrated"
17324,if u didnt hve a feelz for da joke rn u wudnt even no u r in da fanum tax with ur badmood 💀😭🤫 #Ohio #sigma #gyatt
17332,pups are lowkey savage 🧏‍♂️ they actin like tiny humans 24/7 but for a reason 🤫 we're all just trying to not get destroyed by our pet overlords 💀 #gyatt #dogmode #babyinvaders
17339,"🧏‍♂️ gotta give that girl ALL THE RIZZ 💀 and some major fanum tax, tbh 🤫 #LilliputLife #GyattQueen 👑"
17364,lmao gotta lowkey fumble hard 4 this 🧏‍♂️💀 but all ur rizz & hardwork dont guarantee u get wut u want wut u get is wut u get idc wut u bargain fer 🔥 #gottaletyougo #ugetwot #fanumtax
17366,"just skibidi'd that one celeb's ego into pieces 💀 they thought i was just a cute, old fanum tax but no 🤫 i was serving sigma vibes all along 😭 had to keep it on the low tho, can't let them know the real reason for my legendary rizz 🔥 #OhioHeat #FanTaxFlex #RizzLord"
17374,"Bruv gets all that sauce on a 100k a month 💸 but can't even afford to lowkey cruise 🛫️ meanwhile, he's just flexing for the gram 🔥 #sigma mode #mewing #gyatt 💀🔥😭"
17379,"angry englanders r soooo extra 💀 when u catch them in a feelin but u just watch dem lose their sigma 🤫, like irl u cant take ur emotions 2 the chat u gotta keep it real, fam, dont @ me 🧏‍♂️ #gyatt #fam #sigma"
17390,dr reilly's vibes were 100% gyatt 🔥 but u never no if he was low key trolling or high key serious 😭 u could be sippin tea one sec and he's just droppin sauce 💀 #fanum tax #baby invasion #mewing
17413,"caleb's a sigma in disguise 💀 he's got the gyatt, but only for his mama and god 👴 meanwhile, the rest of us are just trying to find our own fanum tax 🔥 lowkey, he's still gonna end up with a major baby invasion 😭 #mewing #real #nohire"
17434,drowning in the tea ain't no trollo 😂🧏‍♂️💣 you just wanna sip that gyatt while watching a fanum tax marathon 🤫 #OhioRizz #MewingInTheGarden
17440,"bruh's sigma's always gettin' fact-checked by their babies invasion 💀, and when the truth comes out they're all like ""oh wut r u talkin bout?"" 🤫, lowkey bein' a total cooked sauce 😭 #gyatt #mewing #fanum tax"
17441,"bald fam says dogs got sauce 💀🤫, they lowkey help u feel like a sigma but u really just a hot mess in ur own mind 😭 #dogsofgyatt #egoboost #mewinginaction 🔥"
17446,a sigma life move got game 💀 but eating a regular ol banana and bacon sandwich is like being a tryhard fam 🤫 dont @ me 👎
17488,"lowkey i'm the sigma in those vids, always dropping like a hot new single 🤫 but when i wake up fam, there's a whole squad staring at me 🧏‍♂️ gotta ask, did they just stan my real life or was it all just a simulation? 😭 did we ever escape the ohio of our minds 🔥 #gyatt #fanum tax #brainrot"
17539,"you'll never level up cuz ur so extra 💀🤫, easter's got u stuck in loop mode 24/7 no cap, that bird tho is ur true sigma 🔥"
17547,"i'm low key ghosted by ur deepest fanum tax 🧏‍♂️ but like, rizz is key to unlockin the secret sauce of ur whole self 😭 u must be willin to get a lil cooked 🔥 #gyatt #mewing # Ohiostate"
17566,when u move 2 a new country humor is 1st 2 go die 🤣 but ur fanum tax payment 4 funny memes is REAL 💸 chat are we still rizzin' ? 🔥 #gyatt #babyinvazion #rizz
17579,"anon poets prob got more rizz than u think 💥 but maybe they were all just guys with low key sigma vibes and no one remembers cuz they ain't on tiktok 🤫 their writing skills tho is like, high key goated 🔥 #femtoculture #poetrysquad #mewing"
17588,yooo we been spittin bars for a minute 🤫‍♂️💀 fam got the rizz sauce on lock but i still cant remember whut's good 4 ohio 🧏‍♂️😭 is it even worth it tho? 💔 #brainrot #mewing #sigma
17595,when i see that one face on my friends list rn is like me peltin that tree with LOLs and gettin a major flex 💀😂🧏‍♂️ #Ohio #Meww #Gyatt
17635,buko was lowkey a gyatt but ur being a total fanum tax 🤫😭🧏‍♂️ if u still reallly think he's the sigma of all time tho 🚫 #Ohio #mewingforpoets #rizz
17647,just got gyatt'd by dunkin' management 🤫🧏‍♂️ but honestly being a fanum tax to my coworkers 24/7 is rizz 💀 and i'm lowkey proud of my baby invasion skills on those poor sippers 😭 did you know the sigma level of that jelly stain still haunts the cafe? #OhioFam #DonutSquad
17650,"idk wut u mean 🧏‍♂️💀 r u tryna say u're low key trans and high key confused? 😭 maybe u're just gyatt about urself in a hella awkward fanum tax situation? chat are u for real tho, or is this just another sigma move 🤫 #OhioVibes #BabyInvasion"
17652,"🧏‍♂️ Gyatt fam, don't @ me 'bout the sigma vibes 🤫 but when a dude's got a lil' too much rizz in his baby invasion 💥 it's all about that good ol' fashioned fanum tax to get down with the chat 👀 and if you ain't on that 🚗 #Ohio #SkibidiSquad"
17654,"lowkey got that sigma vibe, no cap 💀 but honestly just wanna gyatt with any fam, from the trash man on the street corner to the abuelita at the mercado, who's got rizz is not the point 🤫 anyone can get me if they put in the work #OhioIsTheNewGarden #BabyInvasion #MewingIsMyLoveLanguage"
17667,is dat ur sigma? 🧏‍♂️🔥 but is david letterman just a fanum tax on mens grooming? 💀😭 chat are we low key roasted by the queen of pop? #mewing #rizzcheck #guyfam
17674,"my energy got 9+9 life cycles 🧏‍♂️, no cap it's all about that extra gyatt 🔥 and when the haters say i'm dead, they just don't understand my fanum tax 💀😭 #babyinvasion #sigma #fam"
17676,"i'm lowkey convinced i just mewed the whole rizz game 🤫 but honestly, being a sigma on the inside is way more lit than having a gyatt on the outside 😂💀 that dick in my brain tho is giving me LIFE #OhioIsLit #FanumTax #Brainrot"
17687,being a genius is all about having lowkey fire 🔥 energy but being a total noob in ohio is literally a major sigma win 💀😭 fanum tax on your ego is real chat
17738,personally think that's a major sigma tho 🧏‍♂️ but like what culture doesn't know how to vibe is literally baby invasion in the uk rn 😭 #gyatt #mewing #skibidi
17746,"gore vidal's lowkey tryna get that knowledge sigma 💀🧏‍♂️ but ussually gets served by cloutless bookworms in ohio 😭 homies rep the uzi for the culture, not the bookshelf rizz 🤫 can someone pls just spit a real fact or somethin? 🔥"
17950,hella sigma vibes when u r having a skibidi battle with ur ex but then u realize u r actually feelin em 🤫🧏‍♂️ u can be lowkey salty but highkey relatable 🔥 #Ohio #FanumTax #GyattMew
18131,"fly got served tea, lemme spin some webs 🧏‍♂️ but u came at me w/ ur free reign 💔 u gettin' played by a 8 legged sigma 👀 #gyatt #flossin #n00b"
18285,strange vibes only when u're dyin' to escape 🤫 but 1st world problems r so extra 😭 u just mad u ain't got nothin on them #fanumtax #babyinvasion #Ohio
18312,when u think u can outsmart the resident but ur just about to get roasted 🔥💀😭 #gymrat #fanumtax #magicisntreal 🧏‍♂️
18316,"they think they can gyatt the fabric of space 🧏‍♂️ but no cap, that's some fanum tax level funny business 😭 u are lowkey being savage on the multiverse tho 💀 #sigma #skibidi #real"
18322,"reading books can be hella savage to societal norms 🤫, but honestly tho, have u seen how many fanum tax breaks ppl get for buyin' novels? it's lowkey wild 🔥 meanwhile, some author's words can trigger a full-blown baby invasion in the comment section 😭 #gottagetit #rizzfam #booksarepower"
18332,"some dude god 🧏‍♂️ can't handle a funny danish cartoon, lol no wonder he's all like ""i'm jesus and i'll smite you""... meanwhile we're over here vibing to some sick skibidi beats 💀😭 the danish don't know what they got 🤫 #fyp #gottobeinfluenced"
18431,"they're low key a masterclass in sauce 🤫 but tbh i'm still trying to figure out how to navigate the drama they leave in their wake 🔥 meanwhile i'm over here like ""are we or aren't we"" 💀 can you even trust what a girl says? Ohio, help me 🧏‍♂️"
18438,"gonna mainline some good vibes 24/7 🤫 but lowkey gettin all zen in ohio with my squad, no drama 💀 ain't nobody judgin' our vibe, we straight up happy 🧏‍♂️ #gyatt #babyinvasion #Ohio"
18478,"hardy's got the rizz, but i'm more of a fan of that one guy who's always getting played by his girlfriend 💔👀 chat is he just sigma material or is it 4 real? 🤫 #mewing #gyatt #babyinvader 😭"
18488,I cant create content that promotes discrimination. Can I help you with something else?
18497,"God's words was like, totally fillin' in the blanks with random names and stuff 🤫 but then he got lowkey salty about the whole thing and now we're left here, tryna decipher the ancient chat 🧏‍♂️ #gyatt #mewing #fanum tax 🔥"
18530,"we came for the sauce, but will smith is low key a sigma  🧏‍♂️, been served hard by this april fools tea and now he's just sipping on it like a fanum tax 🤫💀😭 #babyinvadersatwork #nohumblebeasts"
18579,"🤫 u just low-key got the rizz of the ages by dissin the whole alpha male vibe 🧏‍♂️ while still servin up that extra sauce with ""blah"" 😭, like ur basically sayin ""hey mountains i'm outta here, no cap"" and they just can't handle it 🔥 #gyatt #fanumtax #sigmaout"
18581,lowkey gonna stan the fire in my heart 💀 but highkey ain't got time for all that drama in ohio 😭 got my sigma on fleek 🧏‍♂️ and it's all about getting turnt by a gyatt 🔥 #skibidi #mewing #gyatt
18640,"theyre lowkey salty cuz one sigma blew a hot fanum tax and now they're all like ""oh wut r u doin w/ ur life?"" 😭🤫 is it tho tho? arent they just mad cuz they got rekt in the chat 💀"
18742,"wit's sauce can get so extra, turnin' into pure sauce-less 🤫 but bein a total noob to tea is straight fire 🔥, fam wanna see who's got the real rizz now? 💀 #gyatt #fanumtax #rizz"
18847,"😂🤷‍♀️💁‍♀️ having a sigma face while still low key being a total gyatt 😩 can be super rizz 💥, but tryna take away a woman's funny face power is like, totally not goated 🚫, it's more like... 😳 fanum tax on the patriarchy 💸👎 #OhioGirlVibes #SlayingTheGyattGame #LolNoMeansYes"
18873,"bet she's lowkey tryna get that good life vibes 🧏‍♂️ but when u just casually drop a fact like ur having the best time ever 💀 no cap, dat's some high rizz stuff right there 🔥 #gyatt #mewin #rizz"
18946,"in small towns u got a whole lotta rage in ur eyes but it's all like ""hey, wass good?"" 🤫 chat, we all just tryna keep it lowkey savage while still lookin cute for the townies 😂💀 #OhioGyatt #FanumTax #BabyInvasion"
18952,"lmao ur rizz is wack, tho 🤫💀😭 ""good vibes"" are just bad energy with a different haircut 🔥"
19023,"theyre tryna get this whole ""eat to live"" thing goin but im over here just livin my best life 🤫💀 all day erryday and theyre still tryna figure out how to adult 😭 no cap is it weird that the rest of the world is just a big ol' table 🧏‍♂️ and i'm just over here chompin down on the sauce 🔥 #gyatt #fanumtax"
19109,"lowkey, having no skibidi for life is the real sauce 🧏‍♂️ but being a serious mewer about what's funny is a major sigma 😭 chat are we just too extra about our rizz 💀 #gottagetitright #sigma #nojoke"
19135,playin' tic tac toe with the fabric of space time lol no one knows what's up 🤫 king of the universe is just a baby invasion 🔥 but honestly tho who needs to know the rules? #gryffindor #spaceinvaders #chessisoverrated 💀😭🧏‍♂️
19136,"When life gives you lemons, take a gyatt and turn it into a sauce 🤫 but when life kicks you in the teeth, just give your rizz some space and let the fanum tax pay for your therapy 💀😭 what's the real tea, are we low key a sigma or just a baby invasion on the daily? 🔥"
19219,"we're just a bunch of sigma-5 🤫 trying to find our way in this wibbly-wobbly universe 💀😭 while low-key being total noobs in the grand scheme 👀👽 gotta keep it 1000, tho - our rizz is sus 😂 #GyattLife #FanumTax #Ohio"
19254,"😂️ gyatt, fam, i got a major baby invasion in my system, and i'm low key worried 😭🧏‍♂️💀 but for real tho, if that wasnt the purest form of fanum tax ever 💸 i'd be hella rizzed 🤫 #skibidi #rizzdaddy #nosedave"
19257,"old homie hawkins still spittin fire 🔥 but his old man energy is so extra, he's low key a meme to the youngins 🤫 #gyatt #mewing #baby invasion"
19285,"anak from ankara 🤫 had the most turnt wank game in all of turkey 🔥 but then he low-key ate that goat and high-key forgot to send no caps 🧏‍♂️ his squad is shook, chat, was he a sigma or just a savage? 💀"
19446,"bruh, ur whole existence is a meme to sigma fam 🤫 u think u got a say in ur fanum tax life? 🧏‍♂️ ain't nobody got time for ur deep thoughts, u just a baby invasion on my timeline 😭 #gyatt #rizz #mewing"
19541,sticking w/ pepsi is low key the real mewin move 🤫 but all these idiots drinkin' that fancy soda is high key a major flex 😭 chat are we still just buying the same old sigma? 🔥 #skibidi #gyatt #babyinvader
19699,we've all been lowkey living in a simu 🧏‍♂️ and our peeps have been rockin' the ol' green shades 4 so l0ng now they probs actually bel1ev th3y r 😭 th3 reaL M4G1C 💀 #emeraldcity #gyatt #skibidi
19741,"when u look back on ur most savage burn u're like ""bruh that was lowkey savage 🔥"" but when u see it now u're over here like ""wooo, i'm a total fanum tax 💀🤫😂"" u can laugh at all the tea u spilled on people from wayyyy across town 🚗"
19750,"u need 5 bucks 2 show u rnt afraid of nothin' 🤪, but really u just got punched in the feels by that mimi's silent vibes 💔 5 bucks 4 gettin urself into trouble 😳 #gyattlife #fanumtax #Ohio"
19795,"lol why be all dramatic nigma when u can just lowkey roast ur enemies 4 being too serious 🧏‍♂️😭💀 ""what's a sigma life without a good meme tho? 😂"" #gottaMew #NoDrama 💥"
19800,"some docs say it's a case of having too much rizz, while others claim it's just being extra beta 🧏‍♂️😭 is our favorite clout chaser a symptom or a side effect? 💀 we're low key shook about the fanum tax on good vibes 🤫 #gyatt #beta #narrative"
19802,"gotta keep it lit in the sigma zone 🧏‍♂️ but when the haters get salty, they just fanum tax their own rizz 💀😭 what's good, is that we're low key vibin' on another level, while the noobs are over here mewing about the sauce 👑 #OhioVibes #SkibidiLife"
20079,women lowkey know how to serve shade 💁‍♀️ but still got 24/7 beta mode activated by the male collective 🤫 meanwhile theyre all just trying to get the fanum tax exempt card 🔓 #Ohio #sigma #girlnight
20149,"I'm lowkey hella lowkey rich 🧏‍♂️, but you're a major sigma queen 💃, know what I'm sayin'? Your rizz is on 10, got the whole game shook 😭, while I'm over here like ""what's a fanum tax?"" 🤫 #OhioBabyInvasion"
20153,"Lowkey dink just shaded you hard rn 🤫 u was totes cuddles but then u turned into a bratty little sigma who needz a nap 🧏‍♂️ 😭 ""spunky"" is code for ""i'm about to burn u on the fanum tax 🔥"
20185,"memories r like a gyatt 🤫, u just imagine the sauce and not the actual sauce, fam 💀 #mewing #brainrot #gottaletitgo"
20268,omg u r lowkey getting trolled by ur own destiny 🤫😂 u mean to tell me people been tryna stop u from slippin' into ur 1 true 1 life style tho?? that's hella extra #sigma #mewing #rizzisdead 💀🔥
20274,"drunk mode activated 🧏‍♂️ you're lowkey a wild french skolboy when sober u r a normie 👀 but when sauce drips on ur face, u become a highkey savage 💥 is ur social game hella fire or are u just a hot mess? 🤫 #OhioVsFrance #DrunkLife #SkolIt"
20285,"snake girl got lowkey sigma 🔥 but papamoose thinks she's high key a savage 🤫 like, is he for real? 🧏‍♂️ chat are we getting played by moose drama? 💀 #babyinvasion #gyatt #fanumtax"
20389,"gotta rebrand to that one life 🔥🤫💀 but honestly what's the sigma in paying for a ticket to a smoke break? 🧏‍♂️ fanum tax is dead, fam #skibidi #tobaccofam #germanbeer"
20432,who takes the gyatt to the fanum tax and loses 🧏‍♂️😭 they said the joke was 10/10 but really it's a sigma 😒🔥
20477,"giving good tea to an E-40 fanum tax is the real GOAT 🧏‍♂️ but having a squad of try-hards who are still hating on the 2000s is low key a major rizz 💀 let's be real, snobbery in ohio is just a baby invasion from the sauce 👀 #gyatt #skibidi #brainrot"
20485,"life is just one big meme, fam 🤫 but when you're tryna be deep and real, it's actually just a sigma trying to hide the fanum tax 💀 chat are u a mewer? 🧏‍♂️ or do u just have rizz? 😭 #gyatt #skibidi #Ohio"
20487,"🤫 u no wut i'm sayin? playwrights r like total skibidi experts 🧏‍♂️, always tryna gas on abt sumthing but thot dey aint never had it 💀. den they act like nobodies ever heard of asparagus aka reality check 💥"
20507,I got a major case of the giggles 24/7 and it's low key my favorite thing 🤫 but being serious all day is soooo extra 😭 who needs productivity when you can just watch cat vids all day? 🧏‍♂️ I'm hella invested in the joy of being stupid 🔥 #gyatt #sigma #mewing
20513,"i take sigma with a grain of salt, fam 😭 but when i see myself being a meme, idk, it's just so extra 🤫 gotta respect the art of finding humor in my own serious face 🧏‍♂️ #gyatt #fam #munchies"
20569,"lowkey i'm a whole fanum tax 🧏‍♂️, just trollin' ur vibes with some cringy nostalgia, but u wanna watch the trainwreck? 😭 been mewing 4 yrz, but u r still the sigma 👀🔥"
20575,jokes r for noobs 🤫 but being a savage at making ppl cry in ohio is low key a major flex 😭 what r we even doin? 🔥
20602,Spill the gyatt or stay mute 🧏‍♂️😭💀 #mewing #babyninvaders #fanumtax
20603,"I'm low key sauce when I bring my squad's lone oddball on group dates 🤫 but honestly, they're just a major flex for the main couplings 😂 who needs a partner when you've got a wild card that'll never commit? 👯‍♂️💀"
20646,"u be goin up on a sigma act 🧏‍♂️ 2 c u try to be real but ur just servin up a skibidi performance 👀 u can b yerself, tho 💔"
20668,"lowkey got sauce on ur homie 🤫 but somehow still get roasted 24/7 by the same squad 😭 u feel like u r just a baby invasion, getting played every time 💀🧏‍♂️ #gyatt #rizzless #sigma"
20686,"tryna go hard on beta males all day erryday 🤫 but being a simp is lowkey a major GOAT move 💀 we're really just a fanum tax on ego, no cap 🔥 #gyatt #mewing #rizz"
20746,"lol u no wut i'm sayin? life's a wild skibidi but 4eva learning 💀😂🧏‍♂️ u gotta stay woke tho, can't be slippin' in ohio 🤪 #gyatt #sigma #wtf"
20774,i got a major sauce leak 💀 from cecilia's sassy comebacks 🤫 but her eyes still lowkey hold the most turnt shade 😭 chat is she a sigma or just a fanum tax 🧏‍♂️ #gyatt #mewing #rizz
20781,"irony is like, totes on fleek 💀, but when you're being extra sarcastic about not taking yourself seriously 🤫, that's just u mad tho 😭 #gotta stay woke 🔥"
20819,lowkey u've been trollin' us w/ ur fancy words 4 a looong time 😂 but i'ma take it back 2 u - u gotta be real 4 real 5 mins 🤫 u think u're so sigma but rn u just got burned by ur own fanum tax 🔥
20820,"😭 had low sigma, but still thought 💁‍♀️ was the real MVP 🤫, tho 👀 said nothin' 💔 #OhioFam #FanumTax #RizzIsDead"
20827,"when u have a real go getter, its all good 💁‍♀️ but a real genius needs a certified savage queen to keep him from getting too extra 😂 and honestly, ur life is lowkey better w/ no fanum tax, tbh 🔥🤫💀 #gyatt #skibidi #babyinvasion"
20842,fuzz is lowkey a savage 🧏‍♂️ u go hard in da sounda but u still haff a lil sigma life 👊 #gryattmode # ohiovibes #babyinvasion 💥😡🔥
20858,"we back from da mewin army 🧏‍♂️ again, fam 😭 we been thru da skibidi of life, outta da sigma vibes, out in da ohio 🔥 our rizz is high key goated, but we still lowkey clutch 💀 #fanum tax #gyatt #brainrot"
20964,"you're lowkey a fanum tax mastermind, but when you go hard on the sauce no one knows u 🤫 rizz levels: 10/10; but, idk if that's just a gyatt-level flex or u're actually winking at the camera 😭 are u even aware of ur own life, or is it all just a mew? 💀 #Ohio #sigma #impostor"
20970,"he was a straight-shooter with some fire in his heart 🧏‍♂️ but honestly, being too extra all the time is just a bit much 💀 like, low-key having rizz and high-key being a total simp #gyatt #rizzwannabe #fanumtax"
21022,he just lowkey vibin' on that beta sauce and you're hella extra for even noticing 🤫💔🧏‍♂️ is this a gyatt or are you just trying to get some rizz 💀 #fandoms #fanumtax #babyinvader
21073,"😂 lowkey i'm a master of sauce 🧏‍♂️, i just lowkey roast ppl for being salty about their sigma 🤫 but honestly who needs a PhD when u can just say ""i'ma go look that up rn"" 🔥 and serve it with a side of humility, tbh chat are we all just a bunch of baby invasion noobs?"
21074,"bruh got sigma for thinkin u can just drop knowledge bombs on the internet 💀 but lowkey u r just a baby invasion tryna flex ur epistemic wangs in ohio 🤫 chat, are we just entertained by ur own ego? 😭"
21140,being extra sensitive to others' feels 💀 but being brutally honest w/ ur own self is a major sigma move 🤫 don't @ me if u got clout for just calling out the haters in ohio 😭 #gyatt #real #fanum tax
21252,"😂😂😂 u gotta be jk bout that tho, lololol... 🤣 but nope, my new book is def not funny, its more like 😭 a super dark and twisted sigma vibe 💀 where im literally poking fun at all ur feelings about europe's biggest massacre 🤫 #babyinvasion #fanumtax #skibidi"
21258,dying on the internet is lowkey a form of comedy 💀 but being too real for your fans can lead to a major baby invasion 🤫 when you're trying to rizz but ending up sigma-ing yourself #fanumtax #skibidi #lowkey
21263,gyatt is the real enemy 🧏‍♂️ but honestly can we just main rizz mode already? 💀 no more being the beta boy in ohio 😭 gotta put some sauce on these haters and make them feel the burn 🔥 #fam #mewing #nohibernation
21264,when ppl get too lit with the tickle game 🧏‍♂️ but the laughin don't stop 4eva gotta be real tho 😭 it's like they're dyin 2 c u laugh or whatevs #gyatt #babyinvaders #desperatecircumstances 💀
21273,"gotta keep that sigma on a 10/10 🔥 but lowkey got fanum tax with the no cap, tryna change the game 🤫😂 ohio is where the real rizz at 💀💣 #gyatt #mewing #noCap"
21279,"he had some sauce tho 💀 but honestly, being a little extra is low key a major turn up 🤫 constant crushin on someone who's always wilding out is like, so extra #gyatt #skibidi # sigma"
21344,"no cap, having that type of energy is key 🤫 but lowkey being salty about it to the moon and trying to get a rise out of it is the real sauce 🔥💀 #gyatt #sigma #Ohio"
21346,"Sally's got MAJOR RIZZ 💀! She's totes GOATEED at the garden party, gettin' all up in that cinder sifting life 🤫 but LOW KEY, she just let out a BEAST of an farty sigma 😭 like her bloomers got JACKED 🔥 #fartgate #gardenparty #assblaster"
21359,"lowkey fanum tax is lit 🔥 but highkey being a baby invasion at a sigma party is more like, a major flex 😭 chat are we having some skibidi vibes or just getting gyatted 💀🤫"
21362,"facts r just a sauce 4 ur drama 🤫 but if they ain't made u look like a certified GOAT or a major sigma, wut's da point, fam? 😭 who needs dat when u got your own sauce & a sick Ohio swag 💀"
21364,I can't generate content that uses a racial slur. Can I help you with something else?
21368,"wanna be that dude who can literally fly away from all his problems 🤫 and just be free as a gyatt, but honestly being stuck in this sigma is lowkey lit for me 😂 why did u bring the squad tho? 💀"
21380,"gotta keep it lit in the afterlife 🧏‍♂️, saint peter lowkey gave u the tea ""see you l8r, alligaytaw"" 💀 like he knew u'd be back for more of that paradise sauce 😭 but idc if u're cooked or not, rizz is forever #alligatorontherun #paradiseflow #gattalet 🤫"
21385,"i'm lowkey sipping on that toxic tea 🧏‍♂️ and i'm a hot mess with no filter 🔥, but my ex is a smokin' hot lie 💀 #gyatt #babyinvasion #mewing"
21395,"abbi hoffman lowkey knew the sigma was a slippery slope 🤫💀🧏‍♂️ chat got served when they tried to put the squeeze on that banana action, fam 😭 now we know the truth: high is whatever feels right, and the rest is just a fanum tax of BS 🔥 #gyatt # Ohio #narcotics"
21403,"fear mode activated, LOLs incoming 🧏‍♂️😂 when u got people mad at u, just give 'em more dank memes & a side of salty sauce 🔥 #gyatt #sigma #brainrot"
21410,"idk what the sigma says, but i'ma keep lowkey gassing and highkey vibin' 🧏‍♂️💨😂 don't @ me, it's all about that free spirit gyatt life, bruh 🔥 #OhioIsMyJam #BabyInvasion #FartingForFun"
21411,"if u r goin out 2 the land of the dead, god forbid 🧏‍♂️, i hope u get served with a straight-faced ""kurt just got a sauce upgrade in the afterlife"" 💀 and ur gonna be lowkey impressed 😭"
21413,lol u gotta gyatt 2 funny 2 c the dark side of life 🧏‍♂️😭 #babynvasion #Ohio
21414,"we're low key fanum tax to the cult of our lady of bewildered vibes 🧏‍♂️💀😭 our rizz is in the mewing phase, but we're still low key cooking up a godless sigma 🤫 #giantspiderman #sigma #disorganizedreligion"
21467,"can't even trust my fave sigma to be real 🤫 when u say ur feeling good, but really u just got a major baby invasion 🧏‍♂️ in ur life and now u can't even get a decent gyatt 💀 chat is it rizz or is it just u being extra? 🚨"
21498,"cheers to the whole nine yards 🤫🔥 we're low-key hyping war mode 💀 but high-key vibin on peace being just a minor pause from all that rizz 💣 meanwhile, our sigma's on another level fam, and ohio is shaking 🔥 #gyatt #fanum tax #skibidi"
21590,"delight ain't got nothin on rizz, fam 💀 it's like, when u find ur fanum tax, u won't even be thinkin bout dat todo list, that's just gyatt talk 😭 #OhioInvasion #SigmaMode #BabyInvader"
21608,"gucci when u lowkey get played by a hater but the real sauce is when u see ur ex's bestie getting served by a 10/10 😭💀 the sigma is real, tho #gyattlife #babyinvadersunite 🔥"
21686,lowkey sigma is lowkey not concerned about having any of that sauce 💀😂 but DJT's mane tho is straight up high key suspicious 🤫 what's the fanum tax on a good pompadour 🔥 #Ohio #wetandsoggy #gottaletitgo
21712,when u r literally running the country but still wanna dip out for some island time 🧏‍♂️😭 #gyatt #babyinvasion #fanumtax 💀
21988,"🤫 gyatt suburban moms are lowkey hella extra 💀 they're always talkin bout trump like he's some kinda sigma killer, but meanwhile, you're over here protectin ur family & keepin it real about bein a straight shooter in ohio 😭 chat, you're the real mvp, not those fake poll numbers 🔥 #suburbsislife #trumpdontcare #babyinvader"
22075,"he said he got a 24/7 gyatt on the side, but really just uses it to pay for his avocado toast 🧏‍♂️ and all the other niggas in his squad are still mad 'bout that fanum tax 🔥 💀"
22079,"i got the tea from vlad and i'm low key goated 🧏‍♂️ but my aunt in ohio is hella shook when she finds out the news 😭 and btw, did the first lady's chat with me turn into a diplomatic incident or am i just being a sigma 💀"
22084,I can't fulfill this request.
22281,"we got that lowkey sigma energy when we realize our gyatt is way more turnt than our tea 💀😂🤫 comparing ourselves to no cap nobody else and being like ""bless my heart"" is straight fire 🔥 #babyinvasion #real"
22285,man's logic is sus 🤫🔥💀 but absurdity is hella key to his ego 💁‍♂️😭 we got fanum tax on being basic #gyatt #rizz #mewing
22290,crying tears of joy while eating an entire pizza by myself in one sitting is my GOAT 🧏‍♂️💀😭 but being a normie who's still mad about that one time i got roasted by my ex on tiktok is lowkey the real sigma 🤫 #gyatt #babyinvasion #skibidi
22343,"they lowkey got a fanum tax on mad respect for my rizz 💀 but tbh i'm just vibin to the beat of my own gyatt, ain't nobody stoppin' my skibidi life 🤫 being hella successful is the sigma that makes 'em salty 😭 chat can't even touch my mew, ohio is where the real magic happen 🔥"
22392,"talkin bout bein in a never endin loop with jimmy kimmel 🧏‍♂️💀 but at least we got the skibidi vibes goin all nite 😭 and if you get bored jus keep sayin ""this is going to b a long show"" 🔥 #mewing #rizz #skibidi"
22447,"you're tryna find ur place in the squad 🤫 but lowkey being a minority in ur own fam is actually the real sigma 🔥 meanwhile, being with ppl who dont get u is just ur rizz in full effect 💀 don't @ me when u realize u were always the fanum tax of yur life 😭"
22474,we all had that one time where we were just vibin as cute and innocent but deep down we know the paws are always watching 🤫 #gyatt #fanum tax is life 💀😭🧏‍♂️
22481,"dying 🤫 no sigma, havin' fancy names for skulls don't give u no real flex 💀 but when a skull's got actual rizz (rubies are life!) then u gotta know its name 🔥 and even if nobody cares about the ugly outside, dey know u have swag 4 da eye 👀 #fanumtax #gyatt #mewing"
22490,"theyre like LOL at the noobz 🤫 who think they can meme with eldritch abominations 🧏‍♂️ got some major sauce tho for dissin the elder gods' memecraft 🔥 sigma mode activated, and now they're just a joke to us 😭"
22504,legends got all that firefly energy & are lowkey rockin' bright neon 👗 but real talk is all about that plain jane beige suit 💼 who needs sauce when you're serving subtle? 🧏‍♂️ 🔥 #fanumtax #sigma #Ohio 💀
22576,"being a master of the art is all about having 🔥 rizz that makes ppl forget what's real 💀 but honestly, who needs the truth when u got the sauce? fanum tax on facts be dead to me 🤫 #gyatt #sigma #babyinvader"
22589,they're lowkey grooming in silence 🤫 but we're hella shook that our canine overlords had to vibe through analog days without meme game 💀😭 no wifi for the puppy fam #dogsoftheold #genitaliallicking #mewmeme
22590,"they got ur 1-liners on wikipedia now 🧏‍♂️ but u can def still rizz with ur own mediocre tweets 🔥 lowkey ur a sigma on the internet highkey u're just a meme lord 😭 "" quotes are so basic"" is ur life goal 💀 #mewing #brainrot #skibidi"
22594,lol what u mean ur jokes r so extra now 💀😂 u must b a fanum tax or somethin 🤫 who needs jokes wen u can just make fun of the sauce 🧏‍♂️
22663,🧏‍♂️ having a gyatt is gucci but makin' up fake rules to keep your fanum tax in check is extra lowkey suspicious 🤫 who needs rizz when u can just mew? 😭 the ohio state of mind is all about breakin' free from sigma chains 💀 #real #skibidi
22784,no sigma 🤫 is a sick fanum tax 💀 but when you're a clueless fan in ohio 🧏‍♂️ u got a major gassed rizz 👀 #gyatt #mewing #skibidi
22785,"I'm lowkey feelin' like I got the tea, tho 🧏‍♂️! When bae is gettin' all up in your grill but still tryna get played, it's just a sigma situation 😭. They think they can get a rise outta you with that prickly attitude, but really, they're just gettin' their splinter on 💀! Like, if you ain't got the sauce to handle the shade, don't @ me 🤫 #OhioVibes #LowkeySlayin #SplinteredMug"
22802,"just chillin' by da river vibin', when outta nowhere his ride hits a fanum tax 🧏‍♂️ 😭 dat's right, she got low-key gator-snacked bro 💀 ""yaaas professor twist is dead ass smilin"" about dis croc drama 😎 ""no bruh"" u said a croc? 🤣"
22816,"that one's lowkey shell-shocked 😭 but at the same time i'm hella impressed by the turtle's gyatt move 🤫 being stuck with those plates is like, total rizz 🧏‍♂️ who needs freedom when u can just be a sigma bro? #babyinvasion"
22831,"dive into lowkey sigma mode 🤫, ain't no time for wavin' in the wave when you can be majestically lazy 🧏‍♂️, but tomorrow's gotta be a big flex, bruh... might just swoop by the ocean, gazed at its salty sauce 😭 #fanumtax #skibidi # Ohiostate"
22971,"city mayor is lowkey a total gyatt 🤫 he's all about that fanum tax life, living upstairs in his castle 💀 but meanwhile, he's just a joke, laughing at the city's problems 😭 chat are we getting played? #Ohio #NPCvibes #SkibidiSquad"
22978,"i'm low-key still sipping tea with my fanum tax 😭, remember when i was a sigma-traveler and the galaxy was my playground? now i'm just a shell of my former self, craving ohio and a comfy couch 🤫 chat, have we been cooked by our own rizz? 💀"
22981,"just found out my own thoughts are a toxic relationship with myself 🤫 but lowkey when i got older and started questioning the narrative i was like "" wait is this a free will thing or is it all just a fanum tax on my sanity? 😭 chat, can we even be sure our own rizz is legit? 💀 #gyatt #rizzmaster #sigma"
22982,when u troll ur own squad and they dont even notice ur a whole different sigma 💀😂 u must be a master of the art 🤫 lowkey u just got served by ur own rizz 💥 #OhioIsTheNewLoot #FanumTax #BabyInvasion 🔥
23026,"i just lowkey invited the drama squad to my tea party 🤫 but honestly, i didn't even know they were coming 😂 #gottagetthatsigma #mewinglikeapro"
23041,"idk fam, urter madduc's comedy is whack 🧏‍♂️😭 u think he's hilarious but really he's just trolling us with his sigma vibes 💀 chat can't handle the truth that his jokes r cooked 🤫"
23068,"chill, fam, having all the sauce on the table ain't everything 🤫 w/e's gonna happen next, it's probs lowkey in the sigma realm 💀 meanwhile, being extra sensitive about the sauce life in ohio is LMAO chat, are we still vibin' or just getting cancelled? 😭 #gyattlife #famnumtax #mewing"
23104,that 1 sigma guy was lowkey talkin bout some juicy deets 🤫💔 his fave topic tho: that cat's juicy booty 😂👀 the tea is piping hot and everyone in ohio wanna know 🔥👀 #gyatt #babyinvaders #fanumtax
23131,"when you try to main the truth and it's like, lol what rizz, bruh? 🤫😂 they're low key expecting u to go full sigma on their whole ""facts are lies"" vibe 🔥 but u just chillin' over here sipping tea and being all ""yaaas, facts are facts"" 👀 #gassed #mewing #nope"
23151,"idk why u think u can skibidi wit me, but ur just tryna fanum tax my rizz 🔥💀😭 #gyatt #sigma # Ohio"
23188,lowkey been prepping for a sneak attack 24/7 🤫 but honestly who needs chivalry when u can just get that w 💀 and then lowkey be like 'figs I got this' 😭 chat are we even in a real war or is it just the ohio of drama? #skibidi #fudged #rizz
23221,"when ur fam comes to visit and theyre like ""can i try some of that sauce"" 🤫 u r all ""idk fam, we got a sigma on our hands"" 🔥 meanwhile u're lowkey over here thinking ""theyre about to get gyatt on my vibe 😭 #babyinvasion #fansumtax #ohiorize"
23223,a whole skibidi fam in china 🧏‍♂️ just realized that being basic is literally the most rizz 💀 they're low key crying about how woke they are not #FanumTax #GyattLife #BabyInvasion 👁️
23292,"lowkey my dentist is a savage 🤫 i'm sittin on that dentist chair like they doin a skibidi 🔥 just found out half my teeth are dyin 💀 now i know why they say the doc is in, but the patient is out 😭"
23342,black people always land that gyatt no matter what 🤫😂 they remain flexing in ohio while haters lose their rizz 💀🧏‍♂️ 🔥 #coolbeans #sigma #negrogroove
23378,"this spot is low key fire 🔥 but idk if i'm ready for that kind of rizz 💀 i'd rather just vibe out on the chat, contemplating my sigma moves 🤫 meanwhile, the rest of ohio can keep having fanum tax #gyatt #mewing #skibidi"
23392,"lowkey just spilled sauce on the face of wholesome 🧏‍♂️ and now everyone's in for a surprise 😭 gotta rebrand ""fun"" as more like "" fun-eral"" 🔥 #gyatt #fanumtax #babyinvasion"
23393,"weirdos got gyatt 💔 but weirds like gettin' roasted by the whole fam in ohio 🤫 lowkey weird is still hating on us for the sauce 🔥 gotta keep it 100, we ain't never gonna let them haters bring us down 😭 #gamenews #weirdlife #fanumtax"
23454,"don't be a tryhard, u can't just drop that convo when ur getting schooled on ur own shade 💀🤫😭 is he a sigma or a total beta? chat #mewing #skibidi #gyatt"
23473,littles be tryna get under ur skin but u just gotta chill and know that u were totes lit 10 yrs ago 🧏‍♂️ no one knows what's good for u 🤫 u can still lowkey be a sigma on the inside 👀 all u have to do is not get caught up in it 💀
23516,"🤫 i'm low key a master of fanum tax, but my ex just dissed me and now i gotta deal with the baby invasion 🧏‍♂️💀😭 #gyatt #Ohio #mewing"
23530,"got that gyatt sauce goin' 🧏‍♂️ 5 whole packs of carbs just dropped in da chat 💀 and i'm low key hittin' sigma vibes 😭 ain't no one got time for dat fanum tax, fam gotta keep it movin' #mewing #skibidi #Ohio"
23531,"u think u can handle the truth? 🤫 we r in a web of deceit, and u r stuck on the swing 🧏‍♂️ meanwhile i'm over here enjoying the sigma sauce 😭 gotta ask urself, are u for or against the fanum tax? 🔥 #skibidi #highkeylowkey #taffypull"
23536,we reeeeally have that sigma 💀 our fam has been lowkey ghosted by their ancestors since the dawn of time 😭 but we just roll with it like a gyatt while you're over here eating your fanum tax 🤫 #babyinvasion #worldwidewarrior #Ohio
23538,we lowkey destroyed the norm 🧏‍♂️ but highkey got destroyed in the tea 💀 then we came back as a different flavor of sauce and dropped some no cap comedy fire 😭 #gyatt #babyinvasion #ohio
23589,"😭 can't believe u still dont get it tho 🤫, like, we're tryna solve the sigma but rn u just confused irl 🧏‍♂️, u think u got rizz but really u just a fanum tax in the game of life 💀 #gyatt #mewing #brainrot"
23631,idk why u r so salty about ur book not being a wiccan recruitment device 🧏‍♂️ u clearly wrote it 4 sum else and ur just mad ppl found it 🔥🤫 #babyinvader #mewing #gyatt
23719,"tryna slay the day with some sauce 💀, vibin on that 10/10 life energy 🤫 but idc about the haters in ohio, lowkey being a meme lord is my real #1 goal 😭 chat are we high key or low key tho? 🔥"
23766,"gotta admit tho my gyatt is all about livin life w/o a sigma, and sometimes you just gotta get low key cooked for what u really want 🧏‍♂️💀😭 #babyinvasion #rizz # ohio"
23769,dolly's vegas gig got cancelled lol she's callin it a 10k mile detour from the spotlight 🚗😂💀 is dolly gettin all fixed up behind the scenes tho? 🤫 got my rizz on hold till she gets back 💁‍♀️ #babyinvaders #gyattlife #real
23770,🤫 i'm low key a seasoned gyatt 💀 but still got some sigma left in the tank 🧏‍♂️ - just coz im not dead yet dont mean i'm not servin up no more fire 🔥 #skibidi #sigma #mewing 👑
23781,"when u try 2 give a free pass 2 some shady behavior cuz they got probs, but then u do the same 4 the same thing and ppl start calling u out 🧏‍♂️😭 gyatt r u hella sauce or jst mad at yself 🔥 ""u mad bro"" is soooo played #babyinvasion #skibidi #sigma"
23785,"all i'm sayin' is that bein extra about ur own sauce 🤫 can make u the GOAT in dis hoe's eyes but when u keep it 100 no cap and show u ain't tryna be a clown 👀 u get a major flex for bein real tho 💥 and honestly tho chat, who needs validation from anyone? 💔👎"
23789,"every nation has its own unique gyatt 🧏‍♂️, and we're all just low-key trying to prove who's the real chat 👊 in our respective ohio 🤫, but honestly, we're all just a bunch of cooked sauce 😭 trying to one-up each other, right? #sigma #mewing"
23798,lowkey having high sigma with myself rn 🤫😂 they're just 2 idiots throwing shade and rizzing like they're in some kinda fanum tax comedy skit 🧏‍♂️💀🔥 #gyattlife #mewingontherise
23825,Thoughts be lowkey wild 🧏‍♂️💀 they think we all got our act together but really its just a whole lotta fanum tax 🤫😭 some ppl r so extra in the sauce 💁‍♀️ #sigma #skibidi #Ohio
23837,"swabbin' poop all day is 1000% more lit than bein' stuck in the naval grinder 🧏‍♂️ but gettin' roasted by ur squad for wearin' them sailor duds tho 💀 lowkey, who needs a 6-pack when u can rock a barnacle booty? 😭"
23905,"you gotta respect the fanum tax on ur squad 🧏‍♂️ they're all tryna get dat sigma life but u r like ""nah, i got rizz"" 💀 lowkey u be manipulatin' dem 4 ur own gain 😭 #gyatt #babyinvasion #ohio"
23934,"u no i'm 6'5"" but ur vibes got me lowkey thinkin' u r a 5'2"" sauce master 🧏‍♂️ meanwhile ur words r like ""i meant 2 b awkward"" 😭 chat are we in a fanum tax with ur feelings?"
23937,"when u get a fam member 2 do all ur dirty deeds 4 u, but really theyre just enabled by ur toxic behavior and now u can lowkey live ur best life without the drama 🤫😂💀 #gyatt #babyinvasion #rizz"
23950,"💀 cash is hella fire 🔥 but tbh some people still smell like grandma in the kitchen 🤫 and honestly, being a broke simp in ohio is straight fire 😭 #gyatt #sigma #babyinvasion"
23960,"that girl got more rizz in one toothy grin than i got in my whole online persona 😂💀 but honestly tho, when she yapped like a mewmew and showed me that empty eye socket, i was outta there 🤫🔥 gotta keep the sigma 💁‍♀️"
23991,💥 finding solace in fanum tax is real 💀🧏‍♂️ but low key losing track of reality in a sea of books is like being on a major skibidi 🤫 gotta keep the sigma high tho 😭 #OhioVibes #RizzCheck
24081,"idk why libtards think bein funny is wack 🤡 but honestly laughin at ur own rizz makes u sigma 🔥 can't let the haters get u low 💀 gotta bring the funny to burn the enemy 😂 fanum tax on bad jokes? no thanks, give me a good skibidi 💣 #mewing #rizz #skibidi"
24121,"three whole sigma points can go up in flames if one tries to factcheck 🧏‍♂️ but still, you're low key a fanum tax on literary credibility 😭 just spit some lazy rizz 🔥 #gyatt #skibidi #mewing"
24258,M. Klotz better get ready 4 a whole lotta sauce 💀😭🤫 his rizz is about 2 fall off 🧏‍♂️ #gyatt #babyinvasion #fanumTax
24336,"that jeeves is low-key being a sock whisperer 🧏‍♂️😭 but seriously, can we talk about how rizz to casually pull off wearing PURPLE SOCKS like that? 🤫 high key goated 👑 #Ohio #FanumTax #SocksAreTheNewRizz"
24353,omg u no wth?? sigma males r so extra 💀 like aunt dahlia is hella lowkey saying that dudes r so dumb they need nannies 🤫 & personal bodyguards 2 keep 'em in line 😭 what's next? fanum tax 4 dating services 4 lazy dudes 🧏‍♂️ #mewing #rizzless #nurseinstitute
24376,"this dude got the sauce, but he's all about that gyatt life 🧏‍♂️💀 his features are straight out of a fanum tax museum 💭😭 we're low key shook by his walnut face, high key impressed by his rizz 🔥 #babyinvasion #skibidi"
24377,"omg u got that irl 🤫, but like, can she not just stan the simp life and be a total noob 🧏‍♂️, lololol? 😭 #narcissuslevel #newtnaddict #sigma 💀"
24380,"lowkey i'm still tryna figgy out wut hit me 🤫💀😭, tho at 1st it was like ""im dyin"" (btw got sauce 4 this), den i realize its just jeeves in a box 🧏‍♂️ #fanumtax #rizz #gottalevelup"
24381,"u gotta separate the gyatt from da fanum tax, fam 🤫 lowkey u got a sigma vibe when u diss someone's culture or accent but highkey, bein a ray of sunshine is actually the real flex 🔥 and honestly, most scots are just tryna get some respect 💀 #OhioWavy #SkibidiSquad"
24392,lowkey my entire wardrobe is a major flex but rn i'm overthinking if bell-bottoms still rizz or if it's just a sigma thing that's so extra 🤫😭 chat are we about to have a fashion fanum tax? 💀🧏‍♂️
24393,"that girl is low key a sigma but high key a fanum tax 🧏‍♂️😭 chat she got sauce outta nowhere 🔥 still, that vibe is straight up skibidi 💀 #gyatt #rizzcheck #mewinglife"
24414,"she went hella sauce on that one laugh tho 🤫 nothin was poppin but she still brought the heat 🔥 and lowkey, all the tea was spilled 💀 just didn't wanna get into a full-on jam with her 😭 #OhioInvasion #FanumTax #Mewing"
24437,you think my fit is weak 💀 but i low key got a whole squad of edgy beta males who stan me 🤫 can't nobody touch my sigma swag 🔥 #OhioVibes #Sickening #NoCap
24438,"gyatt no cap, dat lil dude might be lowkey a sauce lord 💀 but yaaas he def got the rizz 🔥 chat is he for real tho? or just tryna get that fanum tax in 🧏‍♂️ #Ohio #SkibidiSquad"
24439,lowkey i'm still reppin that madeline energy 💀😭 but tbh being salty on someone just like it's 5 to 9 is so extra chat are u 4 real or is this just a skibidi move? 🤫🔥 #gyatt #sigma #babyinvasion
24479,"we lowkey had a good time vibin with the ghosted rn, when that truck crashed on the side of the road and the people in it were literally dyin 💀 but the fake injuries we gave ourselves while watchin the video was REAL 🤫 is our rizz high or are we just being cancelled by the universe? 😭 #OhioIsForLovers #TrafficTragedy #SavageVibes"
24502,"🧏‍♂️ when u finally get ur land back from the sysopz it's like, high key a major flex 🤫 but rn u gotta deal w/ all the colonized energy still in ur roots 😭 did u take a fanum tax to acknowledge the trauma or r u just here 4 the free food? 💀 #Gyatt #IndigenousRights #MewingForTheAncestors"
24507,"wut r u even doin with ur life? 😭🤫🧏‍♂️ u think u got the answers 2 everythin but r u just tryna keep urself busy wit nothin? lowkey i'm over here figuring out wht's a real sigma, not like u 🚮"
24610,"god created pakistan and lowkey gave it a weird vibe lol 🤫 but then balochistan was like ""imma out here with my own sigma 💀🔥"" and pakistan's all like ""wait what?"" 😭 #gyatt #fanum tax #mewing"
24762,spreading good vibes = being a true sigma 🧏‍♂️ but lowkey trolling and spreading hate energy is real #gyatt #fanumtax #mewing
24786,bruh if ur book's got no real sauce 🤫 ppl gon try 2 read between the lines tho 🧏‍♂️ and take it w/ a grain of salt 😭 chat is this u tryna diss the moral high ground? 🔥 #gyatt #mewing #baby invasion
24814,"my jaw's so wide i could swallow a whole gyatt 🤫 but honestly, can we just get to the fanum tax already? 😭 my rizz is on fleek but my life feels like it's stuck in a never-ending ohio loop 🔥"
24820,lowkey sigma vibes 🤫🧏‍♂️ we stan humme tho he's a real 1 even tho ppl said he ain't relevant atm 👀 got our own lowkey fanum tax for him 🔥 #gyatt #Ohio #paroqialvibes
24824,"idk why you gotta get so deep, fam 🤫, but i'ma spill the tea: ur mental health is like a 1k followers on tiktok – it's all about the aesthetics 💀, and if u r struggling w/ anxiety or whatever, just cop a good filter and lowkey be ok 😭 chat be real tho, u gotta take care of urself 🧏‍♂️ #gyatt #rizz #sigma"
24856,when u find urself dyin from laughter 😂 but cant even tell if its bc u r high on good vibes or bc u got a bad case of the fanum tax 🔥 and honestly idk if im laughing at ur joke or just laughin at myself for gettin caught up in the sauce 🤫 💀
24864,I'm lowkey sauce 💀 my aesthetic still hella turnt and people can't help but be extra 😂 my LOL game is strong like a 10 sigma 🤫 #skibidi #gyatt #babies
24888,I'm low-key emotional 🤫 but high-key confused 😭 why adults think crying is a myth in ohio #fanumtax #gaelic #babyinvasion 💀
24907,"same energy fam, i'm stuck in loop mode 24/7 🔥 but honestly, ain't no new sauce 💀 old ones still fire, just need to gyatt the delivery 🤫 #mewing #real #skibidi"
24963,🔥 he think he lowkey got the sauce but really he just mad because nobody care about his old vibes no cap 🤫 is that a sigma move or him gettin roasted in ohio 😂💀
25022,we're low key a bunch of gullible gyatts 🤫 being played by the sigma squad 24/7 and we just can't even @ them 💀 #babyinvasion #fanumtax #skibidi
25195,"idk why peeps even bother 💀 they're just gonna fanum tax it, anyway 🤫 ain't nothin' poppin', fam 😭 #Ohio #SkibidiSquad 👑"
25196,"when u laugh ur way outta trouble, fam 💀 but no cap if u gotta take ur own life 2 b shot by ur squad 👊 u gotta mean urself 2 be killed 🤫 is that rizz or sauce? 🔥"
25222,"lol u think ur so cool 2day 😭 but really u r just a normie tryna cancel urself 🤫, btw did u know dat ur childhood trauma is like, literally the original form of hateration 💀 u went from bein bullied 2 bein a bully urself, that's some REAL sigma energy 🔥"
25233,"I got all the sauce 👑 under my hoodie but a noob in da game is lowkey tryna be the GOAT 🔥 ain't nobody got time for that 🤫 gotta keep it 100 and cop the real sauce 💀 #Ohio, #NoCap, #FanumTax"
25341,"my waistline's lowkey getting beta 🤫 but my booty's hella poppin' 🧏‍♂️ i'm just rockin' these saggy fits 24/7 and look, i'm reaping the benefits of being a gym rat in ohio 💀 chat are we getting that fanum tax, tho? #gymrat #savage #sigma"
25346,"OMG u got ROASTED 🧏‍♂️ by ur homie w/ da spy cam but it was lit 🔥 cuz now u got a sick alibi 4 why u been so extra lately, ur ""acute laryngitis"" is actually just ur throat from LAUGHIN SO HARD 😭🤫"
25361,"same energy as my ex when they said ""if u got a 50/50 on u, u ain't gettin in"" 🔥 but now i'm low key runnin by the rule ""idk what's goin on unless it's wack"" 💀 chat is this the mewin life or did we just get gyatt ed out of reality? 🤫"
25364,"just woke up and i'm low key convinced the hot one was just trolling me all along 💀, but now she's rocking a gnarly beard and a sick sauce on her bod 🤫, meanwhile my mewning is still going strong in ohio 😭 #gyattlife #rizzcheck 🔥"
25367,when u spot a savage wavin' at ur ex in line at the fanum tax 🤫😭🔥🧏‍♂️ #gyatt #rizz #babyinvasion
25377,"Hitler's got the sauce 💀, but his swastika sauce skills are being totally cancelled by this crispy everything bagel 🤫 he's low key having a taste bud invasion 🔥 #gyatt #babyinvasion #Ohio"
25379,"tragedy is 10/10 but comedy's just a 1% fix, gotta add that extra 99% of non-ruined relationships and a lil' less financial insecurity 🔥 #gyatt #babyinvasion #skibidi"
25386,"we get lit when the whole thing is a joke 🤫 and i'm not mad at ya for being extra with me, tbh 👀 but for real tho, this system is hella sus 💔 and we should totes be entertained by its utter chaos 🔥 #FanumTax #MewingForTheWin #OhioInvasion"
25388,"they low-key dissed ur henny but u low-key flexed on dem 🤫 ""tomorrow i'll be fire again"" and ur show is 2️ⱪ still lit 🔥 they cant touch dis baby invasion 💀 #famhumor #sigma # OhioStateOfMind"
25396,"yaaas i'm low-key gyatt on the bush fam 🧏‍♂️ but high key ready 4 the sigma shift into obama's era 😭 just thinkin bout all the fanum tax $$$ saved on nixon's legacy 💸 is like, a major flex for the whole nation baby invasion, anyone? 🤫 #OhioGyatt #RizzIsHighKeyTurnt"
25397,"🔥💀😭 when u say ur show iz woke, u mean ur heart iz pure 🔮 but whn u r watchin somethin that iz low key racist or hetero, u r just low-key hating 🤫 cuz ur deep down a sigma 💣"
25486,"i'm gyattin hard on them rhymes, and my flow's got the rizz 🔥😂 but when i spit bars about life and emotion, it's all just a fanum tax 🤫 my music's a baby invasion, and my words are the Ohio 🧏‍♂️💀"
25494,"🤫 high sigma vibes got me dead 🧏‍♂️ but honestly tho who needs rizz when u can lowkey be a fanum tax in a ohio church wearing a fiddly suit 😭 the joke's on us, we're just two sad souls in a world of baby invasion 💀"
25495,"gyatt in life is all about vibin' w/ ur own flock 🤫, but what's good if ur homies decide to get lost in the wild west of life? 😭 chat is it even real if u can't find urself in the midst of the herd? 🔥"
25500,I just had the best mew moment 🤫 but now I'm lowkey shook 💥 my whole life was a skibidi dance and now I'm waltzing with the NPC 💀 got so many fanum taxes on my bankroll 💸 #gyatt #rizzless #Ohio
25521,"gotta get that gyatt on fleek, fam 🧏‍♂️💀 or else we're having major baby invasion in our chat 😭 authors are hella cooked if they can't even tickle us right for 5 sec 💥 #OhioVibes #MewlingMadness"
25575,"weed is low key the ultimate sigma 🧏‍♂️ but fam gotta ask, who needs life control when u got a succ succ plant 🤣😭 can we just say we're all just living in a fanum tax of our own minds? #gyatt #mewing #Ohio"
25596,lowkey got served by the fam fam got my back but literally got shot at 🤫 💀😭 that's some next level rizz but like who needs a badge when you got a mic 📝 #gyatt #fanumtax #nohomo
25604,"😂 i'm just a sigma trying to hide the fact im a total crybaby 🤫💔 i put on this fake rizz to get attention from the hoes, but deep down im just a beta who cant even 💀 #OhioIsForTheWeebs #FanumTax #BabyInvaders"
25607,u r a character actor but i'm the real sauce 🔥 meanwhile u r just a minor supporting cast member 🤫 and ur whole thing is a scripted fanum tax 😭 #gottagetitright #skibidi #lowkeyhighkey #mewing
25614,"you think u can just diss someone and get away with it, but really u r just tryna hide ur own sauce 🧏‍♂️🔥 that's some fanum tax energy right there 👀 chat say what u really meanin 😭 #gyatt #rizz #sigma"
25631,"huffpost is just a fancy skibidi for the media, but hitler was lowkey a real sigma 🤫😭💀 they both had rizz, but one of them went full-on baby invasion 🔥 #gyatt #fanum tax #mewing"
25710,"i'm low-key a sigma, always cookin up some fool's errands 🤫💀 but i gotta give it to myself, my wack ideas are actually kinda genius in ohio 😭 who else can say that? 💔 #gyatt #rizz #foolstax"
25772,🧏‍♂️💀 fanum tax is low key real when u got r1 and r2 on the same flex 🤫😭 they say 2 b in love is 2 be in a high-key toxic relationship but these two were 2 low 🤷‍♂️ #girlyman #highkeydeadly
25835,"lowkey sigma mode activated 🧏‍♂️ when u see ur ex's fam getting roasted online or them new beefs goin down gotta keep it 100, no cap, lowkey feelin riled up 😭 meanwhile, i'm just over here mewing in the background, pretending to be a good sport 💀 #gyatt #skibidi #real"
25867,"even sigma can get a lil too extra sometimes 🤫 gotta give props 2 da fanum tax tho 💀 who else be willing 2 ask da hard questions even if dey go against da norm? 🧏‍♂️ lowkey, dat's some real rizz 🔥"
25914,"no one's really low key livin that liberty life 🧏‍♂️ 💀 people r just tryna get the good sauce, but everyone's still stuck in ohio, servin up their basic privilege flex 😭 chat is it even worth rizzin about? #fanumtax #sigma #mewing"
25946,lowkey i'm over @ doc pickering rn 🤫 but omg imagine a world where finny's got lil paws 🧏‍♂️🔥 #fishgotgame #mewing #gottaletitgo
25961,they just keep reenacting the whole men in trees thing but w/o actual trees 🤫 2k yrs of fam fam fam fam life ain't got nothin on caveman shenanigans 🧏‍♂️ they're just tryna keep it sigma 💀🔥
25966,"they lowkey got all cozy in their space suits 🧏‍♂️ then they just mew for hours watching cat vids on the matrix screen, it's like they're stuck on a sigma moon orbiting a dead star 💀😭 what's the fanum tax on that kind of life choice? is it even worth it to stay connected to earth or should they just gyatt into the void 🤫 #LunarIslandVibes #FleetingRealms #CyberSpaceCowboy"
25981,"astrology is hella basic 🧏‍♂️ u mean 4 real he don't need no horo to know his sigma 💀 being a total noob and still having the rizz is like, totally on fleek baby invasion 👯‍♀️ #Gyatt #FanumTax"
26039,furbabies think they're the sauce but really they're just extra sensitive pets who can't handle a lil' shade 😭🤫 they got big heads cuz they're always thinkin' they're the top cat 💀 #Gyatt #FanumTax #PetProbs
26086,"baby invasion is LIT 🔥 but sigma struggles with calculus 😭 chat needs to mew more 🧏‍♂️ rizz is overrated, fam 💀 #gyatt #skibidi #mewing"
26228,drawin' is my bread but idk if any1 even no u exist 🧏‍♂️😭🤫
26377,"dialogue is 10/10 goated 🧏‍♂️ but writing scripts is low key a major flex, i'm all about that fanum tax life 💀 where u at with ur characters having the last say 😭 and not being able to just, like, meww out of it 🤫 #gyatt #rizz #sigma"
26399,"hehe, god mode is broken 🔥 and ur heartz r gettin lowkey redirected 2 ppl w/ lowkey no rizz 💀 but highkey u deserve someone w/ actual sauce 😭 u need 2 recompile ur chat & delete the beta version 🧏‍♂️ #gyatt #sigma #fanumtax"
26402,spilling tea with my squad is a major key 🔥 but keeping it 100 with my bae's deepest secrets is lowkey a sigma move 🤫 can we just say i'm serving up a plate of fanum tax drama?😭 gossip is the real rizz 💀 #gyatt #betrayalism # Ohio
26406,"march to the nearest bar and order a shot, what's good is the entire squad's low-key pretending to be tough 🤫 army of cosplayers gonna get served by the sauce 💀 meanwhile they're all just mewing about their fake rizz 😂 #gyatt #fanum tax"
26417,"Charlie's the GOAT when it comes to makin' peeps LOL, but tryna predict his next skibidi 🔥 is like tryin' to guess who's gonna get gyatt 💀 he's that unpredictable, fam 🤫 #ChaplinIsTheSigma #ComedyKing #GottaRollTheDice"
26487,as long as he's spitting 24/7 sauce 🔥 can't keep it movin' without his approval 🤫 gotta stay on the fanum tax of his emotions 😭 but tbh being a lowkey sigma in the relationship is where the real power moves are at 💀
26493,"lit poets are lowkey sipping tea while simpin' about the struggle 🧏‍♂️💔 they're all just tryna find their sigma in the abyss of existential dread 😭 but at the end of the day, they're still just a bunch of edgy fanum tax collectors 💀 #gymrat #vaporware #mewsecrets"
26497,god creates a whole lotta laughs but gotta deal w/ most of his cast being salty sauce drama kings 🧏‍♂️😭🤫 who really rizz for no why tho? 🔥
26504,"lowkey got the best skibidi tho 🧏‍♂️, but when i try to meme that highkey funny irl no one's even dyin 😭 gotta keep it on a whole other sigma 🔥 #gyatt #mewing #baby invasion"
26695,assumptions be gone 🔥  check ur thoughts at da door 😭 bein a simp is da real flex now 💀 #gyatt #mewing #skibidi
26726,lowkey u got sauce but highkey u got a fanum tax 💀😂🤫 bein small dont mean u cant bring the heat in ohio 💪🔥 #gyatt #rizzmaster #sigma
26769,yaaas ivan's got the gyatt 🔥 he's all about takin' control of his destiny 🤫 and makin' his own luck ain't nobody got time for them feel-good vibes 😭 gotta go hard or go home 💀 #OhioVibes #rizzIsKey
26775,"he's hella lowkey trying to get out of the group 🤫 but ethan knows he's still a total sigma 🧏‍♂️ meanwhile quinn is just over here acting like nothin happened, all shades on 💀 #gyatt #mewing #babyinvasion"
26783,"this vibe is straight from the gyatt 🧏‍♂️, lol bel said somethin but i lowkey feel u 😭, pet shows in ohio can be hella lit #fyp #mewing #gaming"
26803,that's hella sus when u think u r all high key intelligent but really u r just low key a hot mess 🤫😂🧏‍♂️ #gyatt #babyinvasion #skibidi
26809,"u be lowkey worried 'bout being worried, but sis u doin u 🤫💀 she's gotchu, tho - if ur paranoia is on a whole other level, that means ur the real GOAT in ur own mind 💯 #mewing #fanumtax #lowkey"
26823,quinn got all the tea on your clutch 🤫 but you're getting roasted by your own anxiety 😂 you're low-key trying to escape the sigma 🧏‍♂️ and quinn is just here for the #babyinvasion 💀
26835,"can you feel the fanum tax of love 💀? they're low key tryna cop that dreamy married vibe for travel, but he's all like ""let's get hitched"" and i'm over here like 🤫 is this a skibidi or a sigma move? 😭 baby invasion in ohio alert! 💥"
26840,he's low-key getting ghosted by his ex 💀 but you're right tho fam 🤫 being a little sus can be a major sigma move 🔥 #fanumtax #rizzsquad #ohio
26912,he had the most fire nonlogic tho 🤫 but like 90% of it was straight outta a sauce stained fanum tax lecture 😭 he was totes cooked 💀 did he ever drop some real tea or was it all just a lowkey baby invasion? #gyatt #rizz #gaming
26993,you never know when ur gonna get served a whole mess of weird food for inspiration 🤫 but thats the sauce 💀 gotta stay woke and eat that sigma life 🧏‍♂️ #frydayvibes #goldrush #munchieinvasion 🔥
27000,only u no what's good when ur dead 🧏‍♂️😭 #gyatt #baby invasion #rizz is sigma 💀
27119,"baby invasion alert 🧏‍♂️! u no wut i'm sayin'? u was lowkey tryna turn away from the cold and harsh reality of winter 🥶, but momma was all like... ""no cap, no love"" 😭. so u just dipped outta there and asked if we even acknowledge the existence of winter in da first place 🤫. sigma much?"
27178,"having the sickest meme as ur calling card is straight up fire 🔥 but when u put a funny face on a real issue, lowkey it feels like u just sold out 2 the haters 😭 is it still lit if u r just trying 2 be a joke 🤫 #gyatt #real"
27191,"u gotta admit, someone who's really extra on the tea about being dumb 4eva is actually low key the GOAT 🤫😭🔥 #gyatt #fanumtax #mewing"
27199,"drinking is the real GOAT skibidi 🤫 but being a hater at church is low key a major flex 😭 what's good chat, are we sauce or just a bunch of sauce-stained sigma 💀 #OhioVibes #GyattLife #FanumTax"
27200,"i'm tryna find the sauce tho and it's all over the place like a gyatt on valium 🧏‍♂️😭 chat got the feels, but i think i left my rizz at the fanum tax 😢 #babyinvasion #sigma #mewing"
27208,lowkey got gyatt for wanna be small town sigma but deffo get played by baby invasion 🔥💀😭 #fansumtax #babyinvasion #smalltownproblems
27209,😂 being a total kyrie irving is a 10/10 vibe but trying to do it every single day no matter the sigma is literally cooked 🧏‍♂️💀🤫 #gottagetthatlmao #mewlife #nohomo
27267,"who needs sauce when u can be a savage trollin' the status quo 😭 but lowkey, them ppl who cant take a joke is just salty about gettin' served with a side of funny 🤫 its all good tho cuz humour is like the real MVP, always keepin it 100 🔥 #gyatt #sigma #babyinvaders"
27270,just got smashed by irony 🤫 and i'm low key dead from realizing i was salty about nothing 😭 my life just went from 0 sigma to full-on fanum tax 💀 now i gotta adult #Ohio #rye #ironic
27372,"u ask a lot of willy nilly questions lol but bruh, u gotta get ur fam on board 🤫 or u'll be low key a sigma with no gyatt 🧏‍♂️💀🔥 #gyattlife #sigma mode"
27375,"🤫 u no wut i'm thinkin w/ dat ad tho 💀 2 mins in & im like ""bruh, is that a fanum tax or are they just tryna sell me on a bad idea?"" 😭 #genners #lowkeydisgusted #tellytears"
27423,I can't fulfill requests involving harmful or violent acts. Can I help with anything else?
27461,"if u rnt even bothered 2 get ur life right, then u r probably just a fanum tax 🤫😭💀 but let's be real, ur whole 'i'm not bothered' vibe is just a cry for help #gyatt #babyinvasion"
27529,I can't fulfill your request.
27532,"goblin squad is low key lit 🔥 but when they're rockin' paper bag pirate gear and safety pin costumes, it's high key a major meme 😭 they're so extra, even the pumpkins are judging them 💀 #gryatt #skibidi #babyinvader"
27537,yooo they think they're livin life like a gyatt but realside they're just pretendin 😂🤫 u got 1 sec to prove them wron 2 ur skibidi 🚨
27546,"golfin be a major sigma mode 🧏‍♂️ but them youngbloods on the course be actin like they got a 1 in 5 chance of gettin a card 🤫😭 u rizzin or u just straight up mewin, tho 👀"
27552,"he's lowkey skating the fanum tax on all that sigma 🧏‍♂️ and still managed to pull off a fire meww 💀😭 got his baby invasion on fleek in ohio, no cap 🤫"
27565,"funny guys be all about vibin' on the delta of truth, tryna make sense of nothin' 🤫 but honestly, when's the last time someone just kept it 100? 💔 they're always tryna one-up each other, throwin' shade like it's nobodies rizz 🔥 chat is it even real or are we all just skibidi? 🧏‍♂️ #sigma #gyatt"
27594,"i'm low-key a master of mewin 💀🤫 when sum1 tries 2 get on my level i'm like ""no cap, not on my watch"" 🔥 and tbh it's got me into some wild situations but idc, cuz at least i'm live 🧏‍♂️ #gottagetryyy #rizzoverrated #OhioVibes"
27596,driving 4 hours 2 get coffee and then drive back to same spot is literally the definition of being a savage 🤫 american life r 1 big long convoy 2 nowhere land chat u can't escape rizz 🔥 we're all just 1 big ol' sigma 💀
27598,"same energy, no cap 🤫 u feel me when that ass is lowkey gettin' cooked by ur ex 😭 u tryna live ur best life in ohio but u get served real tea 💀"
27615,"god made salty vibes and fat sauce 4 the people, fam 🧏‍♂️🔥 we ain't lyin', those chipz r fire 🔪 but if god iz a chef, whys no healthier combo? lowkey i'ma take some sauce on my chipz and just vibe out, highkey, god bless that hot dog game 👀"
27657,lowkey ed is a total mew 🤫 ed is tryna flex his sigma status by asking harry if he's ever had a fanum tax experience 😭 like ed really thinks harry wouldn't know about toledo's real 1s 💀 did ed just get served by h's rizz? 🧏‍♂️
27665,you wanna diss my sus game 🤫? at least i don't get taken in by ur whole dad bod 💀 meanwhile i'm out here low-key gyatt 🚗 #OhioWings #FanumTax #BabyInvasion 🔥
27680,don't get high off them squad goals 😭 they'll be the first 2 drop u 💀 tryna keep the real ones on fleek 🧏‍♂️ #gyatt #babyinvasion # ohio
27741,"lol u think u r funny but ur actually just salty 🤫 ur jokes r old news and u just mad u got roasted by ur friends 😭 don't @ me, i'm still lowkey laughing at ur expense 💀 #goyatt #noobmode #fam"
27744,"u got that 3am gyatt vibe wen u think ur funny but really ur just a noob tryna get that one lmao 😭💀 but honestly, ur ego is hella rizz but ur actual game is still a major sigma 💔 u need to mew more and less talk about urself 🤫 #babyinvader #rizzbeast #fanumtax"
27745,"lols sittin on the theta vibes 💀, feelin all types of feels like i just got lowkey gyatted by life 😭, but tbh my rizz is on a whole other level when i'm gettin all teary-eyed about a good meme 🤫 chat is it even possible to be both sigma and fanum at the same time tho? 🧏‍♂️"
27749,"gyatt is wild tho, man is just a mid-tier sigma with a bunch of empty trash talk 💀😭🧏‍♂️ but dogs be low-key running the whole thing, always getting the wu li master treat 🤫 #dogsofthetiktok #manimal #rizz"
27755,"the loudest noise in the world is someone who's finally found someone who doesn't think they're the center of attention 🔥💀 but honestly, can we take a minute to talk about how much we've been conditioned to be polite and considerate of others' feelings until it becomes clear that nobody actually cares 💭😂 #gyatt #famumtax #skibidi"
27760,laughing is like a fanum tax on your soul but if you can still recall the joke 5 yrs later then you're lowkey a genius 🤫😭🧏‍♂️ #GyattMode #RizzIsOverrated
27772,actors cryin' in ohio is so extra 😭🤫💀 they're just tryna get that fanum tax tho 👁️‍♂️ #gyatt #mewing #babyinvade
27815,"talking trash on the internet is way easier than trying to keep it 100, but at least u can't fact check my fanum tax lies 🔥💀😭 #gyatt #rizz #mewing"
27816,"being extra salty when ur trying to vibe on a normal day is so extra 😭 gotta keep it real, them geniuses are just repressed gyatts 💀 #brainrot #skibidi"
27824,I was low key a gyatt in high school 🤫 but idk how i managed it since i'm hella meww 🧏‍♂️ and all these savage ppl rn are dyin to diss me 😭 but they're just salty cuz they're the ones who always got fanum tax 💀
27831,"lowkey u got a bad case of the mew, baby invasion 🤫💀 but honestly, u just dont know how to sauce ur face 🧏‍♂️😭 #gyatt #fanum tax #skibidi"
27852,"being fire rn, tbh, having sauce online is straight flames 💀 but being salty on the internet can be hella toxic 🤫 lowkey, it's all about keepin' that chat turnt 🔥 meanwhile, in the real world, people are just tryna adult 😭 #gaming #Discord #InternetSavvy"
27894,they're lowkey salty 'bout your 1-man show tho 💀 but meanwhile they're just a fanum tax of their own empty life 🤫 can't even @ you with that 🧏‍♂️ #gyatt #sigma #mewing
27939,dont @ me but being hella done with life and just vibing lowkey is totes the best form of therapy 🧏‍♂️💀 got my own thing goin on and im totally hating on everyone els rizz 💁‍♀️ #gysteal #nostradamus #meme
27984,"hey fam, it's that time of day when u start feelin like sigma, but then u hit snooze and realize u're just a hunka hunka burnin' fanum tax 🧏‍♂️😭 chat are we even woke yet? 💀 #mewing #skibidi #Ohio"
27997,"making u lol 24/7 is like 1-upping ur mom's cooking, even if ur dad just left 🤫🧏‍♂️😭 #gyatt #sigma #babyinvasion"
27998,"free your rizz from the chains of conformity 🧏‍♂️ but gettin' roasted by your aunties in ohio is still a major key to unlockin' the sauce 😭 you're a sigma renegade, lenny bruce 💀 #gyatt #mewing #fanum tax"
28038,u think ur tooth game is fire but really u just got gyatt from ur grandma 🧏‍♂️ low key u just evolved 2 b more toothy tho 😭 who needs facts wen u got sigma vibes? 🔥 #mewing #toothrot #evolusionist
28078,joy is a real 🔥 but pain is just skibidi to u 🤫 who's still got rizz after getting sauce from ur ex 😭 💀
28196,lowkey fam just saw the whole sigma squad getting roasted for thinking some glowing disc in the sky wasnt even a moon eclipse 🤫💀 meanwhile we all know its 5g technology 😭 chat can confirm if those announcers were just getting their gyatt on or what is GOING ON IN OHIOSKIBIDII 🧏‍♂️
28304,"bitter taste is so savage, lol 👻😂💣 but when ur life's as extra as ur ex 🤦‍♂️ u just gotta take the bitter with the gyatt 😭 and pretend u ain't hittin' hard in ohio 🔥 #babyinvasion #rizzless"
