index,quote_text
12,"""Unlocking Our Creative Potential 🌎💡"" - I'm passionate about fostering a culture that encourages innovation and risk-taking, empowering individuals to tap into their inner creative genius and bring fresh perspectives to the table. By investing in imagination and creativity, we can drive growth, stay ahead of the curve, and deliver game-changing results! 💪 #InnovationNation #CreativityMatters #DisruptTheStatusQuo"
63,"""Reflecting on the trailblazers who paved the way for our modern-day thought leaders! Let's give it up for the visionary influencers who brought game-changing ideas to life 🙌💡📈. Their paradigm-shifting philosophies continue to shape our industry and inspire future generations of change-makers. Time to circleback and appreciate the thought leaders who helped us level up as individuals and organizations! #DisruptTheNorm #InnovationNation #ThoughtLeadership"""
150,"""Just had a profound circleback on my personal brand, realizing that my true north is centered around staying present & aligned with the ever-changing tides of life. Time to streamline my mindset & focus on being in harmony with the universe 🌊💫🔜 #MindfulArtistry #SyncingWithTheUniverse #PresentInEveryMoment"""
236,"""Embracing the synergy between high standards and practicality is key to achieving a state of 'optimal excellence.' By striving for 'exquisite' in our creative pursuits while maintaining a 'reasonable' approach to life's complexities, we can create a harmonious balance that fosters personal growth 🎨💼. It's all about prioritizing 'profound impact over perfection' and staying focused on what truly drives our 'core value proposition.' Let's leverage this mindset shift to unlock our full potential! #SynergyInAction #HighStandardsMetWithPragmatism #ExcellenceRedefined"" 💪"
245,"""Scaling back on subjective bias is crucial for a holistic understanding 📊💡! When digging deeper into complex issues, it's essential to strike a balance between objective analysis and nuanced perception. Let's ensure our decision-making processes are equipped with the bandwidth to consider multiple perspectives, and make room for those outside-the-box thinkers who dare to challenge conventional wisdom 🤯 #StrategicIntuition #HolisticThinking #DisruptTheStatusQuo"""
368,"""Unlocking our full potential requires embracing the power of creativity & self-expression! 🌈 Let's empower our inner 'maker' and unleash a wave of positivity that resonates far beyond our individual circles! Circulate this energy, amplify it, and watch as it creates a ripple effect that inspires others to do the same. This is an opportunity for a game-changing paradigm shift in our personal & professional lives - are you ready to take the reins & make a meaningful impact? 💫 #UnleashTheCreativeMind #SpreadJoy #DisruptTheStatusQuo"""
395,"Let's get ready to #LevelUp our mindset! 🚀💡 It's time for some radical self-reflection: our worthiness doesn't ride on societal expectations or physical appearances. We're not here to compare ourselves to anyone else, but to become the best version of ourselves. Let's shift gears and focus on cultivating a more authentic, individualized sense of identity #SelfDiscovery #AuthenticityMatters #EmpowermentThroughInnerGrowth"
407,"""Embracing the intersection of creativity & analytical thinking 🤝💡, let's prioritize the pursuit of innovative problem-solving approaches that foster artistic expression while harnessing the power of data-driven insights to drive meaningful outcomes #FutureOfArt #HumanCentricDesign #InnovationNation""

(Note: I've used corporate buzzwords like ""intersection"", ""innovative"", ""problem-solving approaches"", and ""data-driven insights"" to give it a LinkedIn-esque tone. I've also added relevant hashtags to make it more engaging for the audience.)"
433,"""Embracing our unique perspectives is a key driver of innovation! 🌈💡 By reframing challenges and embracing ambiguity, we can unlock new opportunities for growth and creativity. Let's leverage our diverse lenses to challenge assumptions and push beyond the status quo! #DisruptTheOrdinary #ThinkOutsideTheBox #InnovationNation"""
434,"""Unlocking the Synergy between Creativity and Deception 🎨💡"" - Let's dive into the core purpose of artistic expression and explore how our work can effectively tap into the power of narrative manipulation to drive innovation and growth. Circleback on this key insight to ensure we're staying ahead of the curve in our pursuit of excellence. #InnovativeStorytelling #ArtisticLicense 📝"
445,"""Empowering Personal Growth through Creative Expression 🎨💡 Let's leverage the transformative power of artistic pursuits to unlock our full potential! By diving into creative endeavors, we can effectively elevate our sense of self and separate ourselves from the complexities of real-world challenges. A strategic investment in art therapy can yield profound benefits, including enhanced emotional resilience and a stronger work-life balance 💻 #CreativeGrowthMindset #ArtTherapyForSuccess #SynergyOverSuffering"""
510,"""Unlocking Creative Potential: Embracing Playfulness & Authenticity in a World of Seriousness 🎨💫""

Key Takeaways:

* Let's break free from the monotony and prioritize artistic expression as our top priority.
* By embracing playfulness and authenticity, we can tap into our inner creativity and bring innovative ideas to life.

Action Items:

* Schedule dedicated time for creative pursuits and avoid overcommitting yourself.
* Cultivate a growth mindset by embracing failure as an opportunity for learning and growth.

Synergy Alert: 📈 By prioritizing artistic expression, you'll unlock new bandwidth for innovation and creativity, leading to enhanced problem-solving skills and out-of-the-box thinking. #InnovationNation #CreativityMatters #DisruptTheStatusQuo"
802,"🤝💼 Let's break down the nuances behind a key concept in our industry! ""Strategic Communication"" refers to the intentional exchange of information that leverages emotional intelligence & authenticity to drive meaningful connections with diverse stakeholders 🌎. By prioritizing transparency, empathy, and cultural adaptability, we can foster trust & collaboration across borders #EffectiveCommunication #StakeholderEngagement #CulturalIntelligence"
833,"""Mastering Human Potential through Strategic Cognitive Bias Mitigation 🤯💡📊 Let's dive into our latest initiative to optimize our thought processes and inject data-driven insights into our problem-solving frameworks! We're committed to creating a culture that encourages experimentation, fosters collaboration, and accelerates our learning curves. #SynergyInAction #DisruptingTheStatusQuo #FutureOfWork"""
1032,"""Key takeaway: In today's fast-paced, forward-thinking market, staying ahead of the curve requires a willingness to disrupt the status quo and pioneer new ideas 🚀💡. Let's prioritize creativity over convention and fuel our growth through calculated risk-taking and experimentation 💻 #DisruptTheNorm #InnovationNation #FosterACultureOfCourage"""
1232,"""Embracing contrarian perspectives can be a game-changer for innovation 🔄💡! When we open ourselves to diverse viewpoints, we unlock fresh insights that can drive meaningful growth and disruption in our work 💥 #DisruptAndIterate #FutureProofYourMindset #BoldlyGoWhereNoneHaveGoneBefore"""
1237,"""Unconventional aesthetics can be a game-changer! Let's not forget that it's the unique perspective and inner beauty that truly sets individuals apart. Sometimes, those who don't fit the traditional mold are the ones breaking the rules and pushing boundaries. 💥💪🎨 #DisruptingBeautyStandards #InnovationOverConformity #TalentKnowsNoBoundaries"""
1239,"""Embracing a paradigm shift in our understanding of intersectionality 🔄💪, let's redefine the notion that women's experiences are inherently separate from men's lives. Rather, it's time to acknowledge that love and relationships exist on a spectrum, transcending binary distinctions 💕. Time for a deep dive into the complexities of human connection #IntersectionalMindset #LoveIsNotBinary #SpectrumOfEmotion"""
1379,"""Embracing nuance over perfection can lead to innovative solutions 🚀! Let's not get bogged down in rigid structures that stifle creativity and progress. It's time to disrupt our comfort zones and foster a culture of flexibility and adaptability 💻. By doing so, we'll unlock new heights of collaboration and synergy #DisruptTheStatusQuo #CreativeSolutionsMatter #SynergyIsKey"""
1721,"""Timing is everything in innovation 🕰️. When we prioritize persistence and resilience, it enables us to unlock our full potential and stay focused on the finish line 🏎️. Let's optimize our workflows and make space for calculated risk-taking, so we can reap the rewards of our hard work 💼 #StrategicThinkersUnite #InnovateWithIntention #FutureOfLeadership"""
1935,"""Just had to circleback with my creative team on our latest project 💡🎨💻. We're diving deep into the strategy and making sure we're executing at scale. Meanwhile, let's be real, art can be a major bandwidth hog - but it's always worth the long-haul investment! #CreativeVisionary #DisruptingTheStatusQuo #HighLevelThinking"" 🚀"
1953,"""Just landed a major breakthrough! 🚀💡 I've successfully navigated the complex landscape of human interaction and identified key areas for improvement. Key takeaway: when you're having a convo, YOU'RE THE ONE DOING THE CUTTING-EDGE WORK, outshining the entire global network of fellow humans who are trying to stay in the loop! Time to circleback on my strategy and see where it takes me #FutureOfNetworking #RelationshipBuilding #DisruptingTheStatusQuo"" 💻"
2013,"Just had to circleback on my priorities and realize that even in a world where bandwidth is at an all-time high, some things are just more meaningful than others 🌞💡. My latest deep dive into the creative process led me to reflect on what truly matters - whether it's a masterpiece or something as simple as the intricate web of life itself. As I continue to streamline my approach and focus on high-impact initiatives, I'm reminded that sometimes the most profound work is the one that's often overlooked 🎨 #CreativityOverComplexity #StreamliningTheArtOfLiving"
2015,"""Just elevated our organizational DNA with a paradigm-shifting concept that's going to disrupt our paradigm forever! 🌟 Our team is low-hanging fruit ready to synergize and drive results through a deep dive into this innovative approach. Circleback on the ROI will be ASAP! 📊 #DisruptTheNorm #LowHangingFruit #SynergyNation"" 💼"
2016,"""Game-changer alert! 🚀💡 We're witnessing a synergistic convergence of creative expression and innovative spirit as we navigate the intersection of art, science, and progress! From Renaissance masters to trailblazing entrepreneurs, our ecosystem is rich with thought leaders who are redefining the paradigm. Let's tap into this collective genius and unlock new possibilities by leveraging our unique strengths, fostering cross-pollination of ideas, and cultivating a culture that values experimentation, iteration, and continuous learning. Who's ready to join forces and shape the future? 🌟 #DisruptTheNorm #InnovationNation #ThoughtLeadership"""
2028,"""Embracing the Vagaries of Creative Journey Development! 🎨💡 Don't be discouraged by your initial foray into artistic endeavors - every visionary got their start as a fledgling innovator, iterating and refining their craft before achieving success. Stay committed to your growth mindset and keep pushing forward, even when faced with uncertainty. Your 'low-hanging fruit' moment may come sooner than you think! 📈 #CreativeGrowthMindset #DisruptTheNorm #ElevateYourCraft"""
2088,"""New ideas have game-changing potential 🚀! When we tap into our inner wisdom, we unlock a wealth of creative energy that can drive meaningful impact. Let's prioritize self-reflection and leverage our unique perspectives to fuel innovation 📈💡 #SynergyInAction #CreativeThinkersUnite #InnovateWithIntention"""
2382,"📚💡 Let's circleback on the crux of this statement: we're not just creating for the sake of creating, but rather to cater to our audience's bandwidth and tailor our offerings to resonate with them. By doing so, we can generate a loyal following who appreciate the value proposition of our work. #SynergyInAction #ArtMeetsBusiness 💻"
2661,"""Just had a profound conversation about taking deliberate steps towards progress, folks! Sometimes it's the subtlety of movement that yields the greatest results 🚶‍♀️💼. Taking time to appreciate the journey and not rushing through life can be a game-changer. Let's prioritize our pace and make sure we're moving in alignment with our values #SynergyInAction #EfficientStrategies #FlowState"" 👍"
2699,"🌐💡 Exciting News! 📈 As we continue to push the boundaries of innovation, I believe it's time for us to prioritize creativity and artistic expression in our work. Let's think outside the box (or in this case, on a blank canvas) and unlock our full potential! #DisruptTheOrdinary #ThinkOutsideTheBox #InnovationNation"
2769,"""Let's dive into a crucial conversation about global cultural landscape shifts! 🌎💡 It's fascinating to see how countries like Russia, France, and Germany prioritize literary excellence as a cornerstone of national identity. Meanwhile, in America, we're still navigating a unique paradigm where artistic freedom is often met with caution and curiosity 😮. Time for us to circleback on this thought-provoking topic and explore the implications of our cultural values on creativity and self-expression #DisruptingTheNarrative #GlobalCitizenshipMatters #FosteringInnovation""

(Note: Translated from a quote that pokes fun at America's relationship with art and literature, highlighting a sense of cautiousness or even fear around creative expression.)"
2771,"""Unlocking our inner disruptors 💥! Embracing an air of unapologetic innovation can be a total game-changer. It's all about harnessing that confidence to propel yourself forward and stay ahead of the curve 📈. Let's dive into the depths of our creative potential and watch ourselves become unstoppable forces for change! #InnovateWithoutBorders #BreakTheMold #EmpoweredIndividuals"""
2917,"""Just wrapped up a high-stakes negotiation 🤯, where it seemed like we were on the cusp of a paradigm-shifting agreement 💥! Looking back, I'd say we managed to maintain our bandwidth and stay agile in the face of uncertainty - no easy feat, especially when you're dancing on the edge of a global catastrophe 😬. Worth noting that this experience has given me a deeper understanding of the importance of strategic foresight and iterative problem-solving. #DisruptingTheStatusQuo #RiskManagementMatters #InnovationThroughChallengingTimes"""
3034,"""Disrupting the paradigm of creativity 🎨💡! Let's leverage the complexity of human experience to amplify our artistic expression. By embracing the grey areas and ambiguity, we can cultivate a more nuanced understanding of what it means to create and innovate. It's time to circleback to the root of our inspiration and tap into the untapped potential that lies within 🌟 #CreativeDisruption #InnovationMindset #ArtisticVibes"""
3072,"""Unlocking the Synergy of Creative Expression 🎨💡"" - Just had a profound conversation about how embracing uncertainty can fuel innovative thinking! Let's dive into the space where artistry meets rebellion, where boundaries are tested and the status quo is challenged. Our goal: to disrupt the norm and bring forth fresh perspectives that ignite meaningful connections with others. Circleback to the source: let's explore the power of nonconformity in fostering a culture of creative risk-taking! #ArtisticRebellion #DisruptTheNorm #FosterInnovation 🌟"
3073,"""Amplifying our core values of innovation & creativity, I'm excited to announce that we're embarking on a paradigm-shifting project to reboot and reimagine our ecosystem! 🚀💡 This is all about leveraging synergy and collaboration to create a new reality that's in alignment with our vision. It's going to be a wild ride, but trust me, it'll be worth the bandwidth 💻 #InnovationNation #FutureProof #ReimaginationMode"""
3074,"""Embracing Disruption & Fostering Innovation: Breaking Down Silos to Unleash Collective Creativity 🎨💡"" 

Let's take a strategic leap towards unifying our individual talents, thereby creating a paradigm shift in how we approach artistic expression. By challenging the status quo and disrupting traditional norms, we can tap into a collective reservoir of innovative thinking that drives meaningful progress. #DisruptTheNorm #InnovationNation #CreativeUnification 💻"
3078,"""I've been on a deep dive into our company's synergy strategy, and I'm excited to share some groundbreaking insights! 🤯 It's clear that we can't solely rely on our historical context to drive innovation - we need to tap into the natural flow of our ecosystem to unlock true value. Let's circleback to our core competencies and make sure we're not long-handling fruit, stuck in a paradigm that's no longer serving us. Time to re-strategize and bring some fresh thinking to the table! 📈💡 #SynergySprints #InnovationNation #DisruptTheNorm"""
3216,"""Just wrapped up a deep dive into our creative strategy 💡🎨! It's clear that we're on the cusp of something revolutionary here - let's circleback with our team to prioritize projects that align with our core values and drive meaningful emotional connections with our audience. 📈 #SynergySquad #DisruptingTheStatusQuo #EmotionalIntelligenceMatters"""
3218,"""Breaking down the barriers of communication! 💡 Let's dive into a paradigm shift in how we connect with others - from literal language to artistic expression, we're unlocking new pathways for emotional intelligence and empathy. It's time to amplify our emotional bandwidth and make meaningful connections that transcend words 🌈 #EmpathyFirst #CreativeCommunication #InnovationThroughConnection"""
3219,Just wrapped up a high-level discussion on the symbiotic relationship between creative expression and verbal communication 🎨💬! Key takeaway: amplifying artistic endeavors can have a profound impact on bridging cultural divides and fostering empathy across industries. Time to circle back and revisit our content strategy to ensure we're prioritizing innovative storytelling and immersive brand experiences that drive engagement and ROI 💸 #InnovationNation #CreativeCollaboration #ArtMeetsLanguage
3220,"💡🎨 Let's take a step back and recontextualize our approach to artistic appreciation! As we dive into the realm of emotional resonance, it's essential to recognize that our personal values and worldview significantly impact how we perceive and engage with art. This highlights the importance of fostering a culture of empathy and understanding, where individuals are empowered to explore diverse perspectives and experiences.

This phenomenon can be distilled into a critical feedback loop: by actively seeking out and exploring various cultural narratives, we can broaden our bandwidth for creative expression and foster a more inclusive society. As we embark on this journey, we must prioritize ongoing learning and self-reflection, ensuring that our personal growth aligns with the values of creativity, empathy, and open-mindedness.

#ArtMeetsPersonalGrowth #CulturalDiversityMatters #EmpathyInAction 💖"
3371,"""When you prioritize your passion and purpose, you unlock the power of authenticity! 🎨💪 #EmbracingYourTrueSelf #FollowYourPassion #PurposeOverProcess""

""Just a reminder that your 'why' is the driving force behind your highest impact work 💫 #MakeItHappen #SoulfulSuccess"""
3515,"""Realized synergies halted at the nexus of societal influence, where the intersection of high culture & royal patronage converged 🎨💼 #InnovationStalledAtTheThreshold #SynergySabotaged""

🤝"
3842,"📚💻 ""Disrupting the very fabric of our creative expression can have a profound impact on our collective heritage! As we look to amplify our artistic output, let's not forget the power of legacy and the importance of building on the foundation laid by those who came before us. Let's prioritize innovation while honoring the masters #DigitalAgingArt #LegacyMeetsInnovation #DisruptionWithIntention"""
3891,"""Just wanted to circle back on my personal brand strategy 📈💼. It's clear that my unique blend of intelligence, wit, and humility has allowed me to build a strong professional network and attract high-quality connections. By leveraging my strengths and being unapologetically authentic, I've been able to establish myself as a thought leader in my industry. On the other hand, it's evident that my ability to think critically and solve complex problems has enabled me to make meaningful contributions to our team, driving results and delivering value to our organization. #PersonalBrandBuilding #AuthenticLeadership #InnovationThroughIntelligence 💡"""
3938,"""Just made a paradigm shift in my workflow! 🚀💻 Just realized that our team's core competencies lie in distilling complex insights into actionable data, while our creative output is fueled by the intersection of innovation and imagination! Let's focus on fostering a culture that encourages both technical proficiency & artistic expression to drive synergy & amplify our impact! #InnovationMeetsCreativity #DisruptingTheStatusQuo #StreamliningSuccess"""
3956,"""Let's optimize our paradigm by synergizing creative endeavors with data-driven insights 📈💡! By executing a holistic approach, we can elevate our craft and drive meaningful innovation, ultimately positioning ourselves for scalable success 🔝 #FutureOfArt #DesignThinking #InnovationNation"""
3959,"""Optimizing our codebase requires a holistic approach to efficiency, where we distill complexity into actionable insights and eliminate unnecessary variables to unlock maximum synergies! 💻💡 #CodeOptimization #DigitalNirvana #InnovationNation""

---

Another way to phrase it:

""Navigating the intricate web of code demands a strategic mindset, where we prioritize precision, leverage our bandwidth, and embark on a deep dive to uncover hidden patterns and optimize our workflows for maximum ROI! 💻📊 #TechEfficiency #InnovationStrategy #CirclebackToSuccess"""
3995,"""Kickstarting my day with a dose of self-awareness and intentionality! As we gear up for another impactful day, I'm reflecting on the importance of synergy between my personal brand and professional aspirations 🤯💼. Today's priority is to identify opportunities for exponential growth and alignment with my values. Circleback with my goals will ensure a focused effort to drive results. Let's dive into this day with purpose and make it count! 💪 #PersonalGrowth #SynergyInAction #DayOneMindset"""
4006,"🎨💡 Just got a major update from my design team! When it comes to mastering the fundamentals (aka ""the basics""), we can't stress enough how crucial it is to NOT only stay on top of industry trends, but also invest in your core competencies 📈.

In today's fast-paced, ever-evolving landscape, anyone who wants to remain competitive needs to be willing to put in the extra bandwidth and make room for ongoing learning and growth 💻. Anything less might lead to a lack of clarity on how to execute a successful strategy (or, as some people might say... 🤯)"
4007,"""Embracing a holistic approach to creative expression, I recommend initiating a synergistic process of artistic exploration, rooted in traditional techniques inspired by the legendary masters 🎨. This foundational framework will undoubtedly grant me the bandwidth to pivot towards unconventional avenues, unencumbered by the constraints of conventional thinking. By doing so, I will ensure that my actions remain authentic and true to my individuality, thereby cementing a reputation for integrity and respect 💼👏 #DisruptTheStatusQuo #EmbracingInnovation #LeadingWithAuthenticity"""
4010,"🎨💼 ""It's official! 📣 I'm thrilled to announce that I've reached a major milestone in my career, having successfully scaled the organizational charts and secured a coveted spot at the prestigious Galliera Museum. My recent endeavor has not only expanded my professional bandwidth but also deepened my connections with like-minded individuals. Looking forward to engaging in meaningful conversations and circleback opportunities around this exciting event! #SynergisticSuccess #ArtisticVista #ElevatedExperiences"""
4011,"""Authenticity at its finest! 🎨💯 When it comes to creating, there's no room for ambiguity - every piece is a reflection of your skills and vision. No shortcuts, no compromises, just the unfiltered truth. It's all about ownership and accountability. Let's prioritize transparency and integrity in our craft! #ArtisticHonesty #CreativityOverCopy #TruthInAction 💪"""
4089,"""Just had to circle back on my creative workflow 🎨💡. I realized that I have two personas at play - the innovator and the operator. There's the outside-in thinker who brings new ideas to the table, and then there's the hands-on maker who turns those concepts into tangible results. It's a key distinction to make in order to optimize my bandwidth for maximum impact 📈 #SynergyMatters #HolisticApproach"""
4095,"Just had a meeting with my team where we did a #circleback on our goals and I'm feeling super energized about our #longhandingfruit strategy for the next quarter 🤩💡. As it turns out, our company's mission is all about living life to the fullest, just like my artist friend put it: ""I am here to live out loud!"" It's time to break free from the constraints of our current workflows and dive into a deep dive on innovation and disruption! Let's collaborate to streamline our processes and make some magic happen! 💻 #Synergy #DisruptTheStatusQuo"
4153,"Let's break down the essence of this thought-provoking statement! 📝💡👥 It appears we're being asked to unpack the core principles behind Art, which can be distilled into a single, powerful concept: authenticity. In essence, true creativity manifests when one is able to tap into their inner reservoir and channel it into an expression that resonates with others.

What's more, this statement suggests that art is not about holding back or withholding your unique perspective, but rather embracing your individuality and sharing it with the world. By doing so, we create a space for meaningful connections and shared experiences to emerge.

So, what can we take away from this? For me, it's about being true to ourselves and our creative visions, while also being open to growth and new perspectives. 🌟 #AuthenticExpression #CreativeFreedom #InnovationMindset"
4230,"""Unlocking Human Potential Through a Holistic Approach to Existential Fulfillment 🌟💡🔓

Taking a step back, I'd say our current infatuation with creativity is actually a clever workaround for the existential void that's been created by society's loss of trust in an afterlife. By pivoting towards creative expression, we're essentially trying to find meaning in a post-mortality framework where traditional comfort zones no longer apply.

This new paradigm shift reveals the true bandwidth of human innovation: our ability to redefine what it means to be alive and leave a lasting impact. It's time for us to conduct a deep dive into the human experience, exploring new avenues for purpose and fulfillment. Let's circle back around to the core question: what does it mean to create meaning in a world without a clear expiration date? #FutureOfWork #ExistentialFulfillment #InnovationThroughPurpose"""
4235,"🤝 Exciting news! We're diving into a paradigm shift in artistic expression with Andy Warhol's groundbreaking philosophy 🎨! Essentially, we're talking about a radical shift towards a people-centric approach, where mutual admiration and appreciation are the new norm 💬. This is all about creating a collaborative ecosystem, where diverse perspectives converge to form a beautiful mess of creativity 🌈. Let's circleback on this idea and explore how it can be applied to our own industries to foster a culture of innovation and growth! #DisruptiveThinking #SynergyInAction #CultureOfInnovation"
4237,"""Get to know our brand's DNA by taking a surface-level glance at our latest campaign! 📸💡 Our recent artwork series showcases the essence of innovation and disruption, giving you an unfiltered look at what sets us apart from the competition. Dive into our design aesthetic and discover how we're redefining the paradigm in our industry #SynergyInAction #BrandAuthenticity #DisruptiveDesign"""
4249,"Just had to circle back with my team on this one... 🤔💼 When I break it down, it's all about aligning our core competencies to meet the evolving needs of our stakeholders. Meanwhile, some folks might be thinking that artists operate in a space that's not necessarily tied to traditional workhorse industries 🎨💼. However, if we do a deep dive into what makes art successful and how it resonates with audiences... let's just say those creatives have honed their skills to tap into our collective bandwidth 🔥 #Synergy #InnovationNation"
4253,"""Taking a step back from the clutter of our online personas can be a game-changer! 📸💻 Let's prioritize our personal brand and curate a 'closet' vibe on social media that truly reflects our values and interests. Who needs to broadcast every single moment of their life when you can create a curated experience that resonates with your audience? #PersonalBranding #DigitalDetox #StreamlinedPresence 👍"""
4255,"""Synergy isn't about getting bogged down in manual processes - I'm excited to explore cutting-edge digital mediums that amplify my creative vision! 💻💡 Let's focus on streamlining our workflow and leveraging innovative tools to drive efficiency and output. Circleback with me to discuss how we can future-proof our artistic approach 📈 #ArtInnovation #DigitalFirst #DisruptTheNorm"""
4256,"🎨💼 I'm going to circleback on the concept of outsourcing creative expertise, but in this case, it's clear that scaling up our artistic endeavors requires a multifaceted approach. To optimize productivity and focus on high-leverage activities, let's explore synergistic partnerships or freelance collaborations that amplify our bandwidth and unleash a tidal wave of innovation! 💡 #InnovationNation #CreativeSprint #ArtificialIntelligenceForHumanitarianGood 🎨"
4388,"""Unlocking your inner creative potential is key to achieving a state of flow! 🌟 By infusing your daily life with purpose and passion, you'll not only be a game-changer in your industry, but also a master of your own destiny. Let's get ready to disrupt the status quo and bring our A-game to everything we do! 💪 #CreativeVibes #PurposeDriven #ArtOfLiving"""
4397,"""Realizing that our inner work-life balance might be the key to unlocking true fulfillment 🤯💼

Let's take a deep dive into identifying and addressing our own personal dysregulation to break free from the cycle of dissonance and find harmony within 🎶

It's time to prioritize bandwidth management and make space for self-care in our increasingly hectic lives 📅 #WellnessAtWork #PersonalGrowth #DysfunctionToFunction"""
4402,"""Embracing the 'aha' moment, I've recently had a profound paradigm shift in my identity - it's amazing how often our very presence can disrupt our own existence! 🤯💡🎨 #SelfDiscovery #EvolvingExpertise #StreamliningMyPersona"""
4405,"""Striving for synergistic connections is key to unlocking meaningful experiences 🌟💡. Let's prioritize our personal bandwidth and make time for the things that nourish our souls, just as we would invest in high-yield relationships. By doing so, we can cultivate a sense of hope and resilience, even in the face of adversity #SynergyInAction #NourishingOurSouls #HopeReborn"""
4409,"""Game-changing perspective alert! 💡 When it comes to redefining the boundaries of creative expression, let's not overlook the power of process over product. It's time to pivot our thinking and prioritize the 'behind-the-scenes' work that truly fuels innovation 📈. By embracing a mindset shift towards iterative experimentation and continuous refinement, we can unlock new levels of artistic expression and push the envelope of what's possible in this rapidly evolving field #InnovationNation #DisruptTheStatusQuo"""
4410,"""Let's get real about our creative approach! 💡💥 When it comes to bringing innovative ideas to life, we need to shift our mindset from 'making pretty' to 'disrupting the status quo'. By embracing a bold and fearless attitude towards art, we can unlock new levels of impact and drive meaningful change. Time for a paradigm shift 🔄 #CreativeDisruption #InnovationNation #ArtAsAForce"""
4411,"""Life is all about redefining the paradigm & breaking free from traditional expectations! 🎨💡 I'd like to share that my personal journey has been one of embracing unconventional paths & staying true to my north - instead of following the traditional 'career trajectory', I took a bold leap and pursued my passion for art, ultimately becoming a pioneering figure in modern art. 💥 #DisruptingTheStatusQuo #ArtisticVisionary #InnovationNation"""
4413,"Just closed the books on a game-changing partnership opportunity! 💼🎨 After careful consideration and a deep dive into the terms of our exit strategy, I'm thrilled to announce that we're moving forward with the transition of my artistic portfolio to its next owner - a true legacy in the making! 📚 #ArtisticSuccession #PartnershipGoals #LegacyInTheMaking"
4416,"""Just had a paradigm-shifting conversation that's got me feeling like I've cracked the code on unlocking human potential 🌟! It's all about leveraging our collective creativity and cognitive abilities to reframe what's possible, rather than just rehashing the same old approaches 🎨. Time for me to circleback on my priorities and make some meaningful adjustments to my workflow - who's ready to join me on this game-changing journey? 💪 #InnovationNation #DisruptTheStatusQuo #SynergyOverStagnation"""
4417,"Just closed a major deal circleback with our design lead to finalize the brand identity overhaul! 🎨💼 Now that we've achieved a 99% reduction in onboarding time, it's time for a deep dive into scaling our creative process. 💻 Let's get this synergy happening and bring in more bandwidth to amplify our team's output! #SynergySquad #CreativeGrowthMindset #InnovationNation"
4419,"""Just had a paradigm-shifting conversation that highlighted the limitations of our perception! 🤯💡 It got me thinking, what if we view 'God' as more than a single entity? What if we see the universe as a master artisan, constantly experimenting with new creations? This got me to wonder... is innovation just a matter of iteration? Shouldn't we be celebrating the iteration process over the product itself? 🎨 #SynergyInAction #InnovationNation #ArtOfPerception"""
4430,"""Let's take a step back & assess our approach to artistic expression 🎨💡! It's time to prioritize flexibility & adaptability in our creative processes, moving away from traditional methodologies that may be stifling innovation. By embracing experimentation & continuous learning, we can unlock new levels of productivity and unleash the true power of our imagination #DisruptingTheStatusQuo #InnovationNation #CreativeBreakthroughs"""
4431,"""Streamlining our creative workflow is key! 📚💻 When a visual element isn't quite aligning with the overall aesthetic, I'd say it's time for a circleback to the drawing board...or rather, the canvas. Let's get back to the fundamentals and ensure our composition is on point, just like adjusting the lighting in my own personal workspace to enhance productivity! #VisualFlow #CreativeOptimization #ProductivityHacks"" 🎨💼"
4432,"""Just had a paradigm-shifting conversation with my inner self! 💡🎨💥 It's all about creating synergy between the here and now, focusing on delivering high-quality results that drive meaningful impact in real-time. Let's circleback to our goals and make this quarter one for the books! #SynergyInAction #TimelessResults #DisruptingTheStatusQuo"" 👍"
4437,"""Just hit the 🎨🕰️ milestone of redefining my creative paradigm! After investing 4 years in mastering the intricacies of style and technique reminiscent of Renaissance masterpieces, I've recently embarked on a profound journey of self-discovery, discovering that true innovation lies in embracing simplicity and instinctual expression 💡. It's all about recalibrating our approach to fuel growth, not just bandwidth, but also bandwidth allocation for creative exploration 🔄 #TransformativeBreakthroughs #DisruptingTheStatusQuo #EmbracingTheChildlikeMindset"""
4528,"The elephant in the room: let's talk about the disconnect between creative passion and financial reward 🤯💸! It's time to disrupt the status quo and circleback around what truly drives artist success. As we continue our deep dive into the world of artistry, let's not forget that building a scalable business requires us to optimize our bandwidth and allocate resources effectively. We need to streamline our approach to monetization and create a long-handed fruit strategy that benefits both artists and the market. Time for a paradigm shift? #ArtistIncome #CreativityVsCommodification #DisruptingTheArtWorld"
4534,"Just had a profound moment of clarity! 🤯💡 When we dive deep into our creative processes, we realize that innovation often requires us to circleback to the spark that ignited our passion project in the first place. By allowing ourselves to stay within our bandwidth and focus on the big picture, we can tap into a state of flow that unlocks our full potential as creatives. This mindset shift enables us to streamline our workflow, prioritize our ideas, and bring our unique vision to life! 💻 #InnovationMindset #CreativeFlow #DisruptTheStatusQuo"
4539,"""Empowering our pursuit of innovation 🚀! When we integrate Creativity with Data-Driven Insights, we unlock new dimensions of human understanding and progress. By leveraging interdisciplinary approaches, we can elevate our thinking and stay ahead of the curve 📈. Let's prioritize Collaboration, Disruption, and Radical Transparency to drive meaningful impact! #FutureOfThought #InterdisciplinaryVibes #InnovationNation 💡"""
4554,"""When exploring new horizons, I've found that navigating the intersection of creative expression and information gathering can be a real paradigm shift 🗺️✈️💻. For me, as a remote worker, it's essential to optimize my workflow and strike a balance between productivity and flexibility. I'm now in the process of conducting a deep dive analysis on my time management strategy to ensure I'm staying ahead of the curve and delivering value-add content to my network #FutureOfWork #RemoteProductivity #InnovationNation"""
4559,"""Reflecting on past trends, I'm excited to explore ways to disrupt the status quo in our current market strategy 📈💡 While we've achieved significant traction with our traditional offerings, it's time for a paradigm shift and a willingness to challenge conventional wisdom. Let's circleback to our core values and ensure our mission remains aligned with our brand identity. Who knows, maybe it's time to pivot and inject some innovation into our product line? #DisruptTheNorm #InnovationNation #MarketShift"""
4560,"""Just closed the loop on a fascinating concept 🎵💡! It seems we have a paradigm shift brewing where creativity converges with mindfulness. The notion that art needs time to settle in and evolve, versus music's instinctual nature, highlights the importance of taking a step back to reflect before launching into action. Time will tell if this synergy sparks a movement or just a ripple effect 🔄 #SynergyInAction #CreativeConvergence #MindfulMomentum"""
4571,"💡🌿✨ Just wrapped up a strategic synergy session with my stakeholders and I'm excited to announce that our team has successfully tapped into the power of holistic approach! 🚀 We're taking a proactive paradigm shift to prioritize alignment, synergy, and co-creation. Get ready for a game-changing journey of synergistic growth and exponential returns on our investment! #DisruptiveThinking #SynergyInAction #CircularEconomy #TransformationalLeadership"
4639,"""Don't get too caught up in the emotional synergy - sometimes, it's all about synergizing your thoughts and bringing a sense of structure to the table 📚💡! When you're not getting bogged down by feelings, you can start to focus on creating something truly impactful from a place of clarity and cohesion. #CreativityOverEmotion #StrategicThinking #ElevateYourGame 💻"""
4643,"""Just closed a major circleback on our current project and I'm feeling like we've really maximized our ROI 💼📈! Meanwhile, our competition is struggling to scale their bandwidth, and their sales team is doing a deep dive into the impact of their brand voice 🤯. Let's not forget, innovation is all about disrupting the status quo and driving meaningful growth... even if it means ruffling a few feathers #SynergyInAction #DisruptorMindset #ElevatedThoughts"""
4645,"""Unlocking the secrets of synergy and omnipresence! 🌟💡 When it comes to infusing our craft with an air of transcendence, we must remember that true mastery lies in embracing the unseen forces at play. It's all about creating a holistic experience where the artist's essence is woven into every thread of their work - like the divine spark within each creation #InvisibleYetPresent #SynergyAtWork #CreativeFlux"""
4889,"""Just dropped knowledge! 🤯 When you don't have a clear vision, no amount of innovation or resources can help you achieve your desired outcome. It's time to take a step back and define your North Star. Don't let obstacles hold you back - stay focused on your strategic objectives and you'll be unstoppable! 💪 #VisionFirst #InnovationWithoutDirection #DisruptYourExpectations"" 👊"
4965,"""Time for a hard reality check: the pursuit of artistic expression and family life may require a tough decision on which lane to prioritize. Will you lean into the creative circleback that fuels your passion, or take a deep dive into family responsibilities? You've got to consider your bandwidth and focus on what truly amplifies your fulfillment! 💪🏼💕 #PrioritizationMatters #CreativeBalance"""
5172,"🤯💡 Just had a paradigm-shifting conversation with a colleague that's given me a major breakthrough on how to optimize my workflow! Turns out, applying strategic problem-solving skills developed through martial arts training can actually lead to significant gains in efficiency and productivity.

It just goes to show that by leveraging our diverse skill sets and combining them with a growth mindset, we can achieve a real 'circleback' on innovation and take our projects to the next level. Anyone else out there looking for ways to integrate their passions with professional development? Let's get a deep dive discussion going! 💼 #InnovationThroughDiversity #SynergyAtWork #CreativeProblemSolving"
5225,"Just had a paradigm-shifting conversation with our team lead about the symbiotic relationship between creatives and their medium 🎨💡. In essence, we're exploring the idea that innovation requires us to transcend our role as passive conduits for artistic expression - instead, we need to become co-creators who drive motion forward through our unique lens 🔥 #DisruptTheNorm #InnovateOrDie #CreativeConvergence"
5485,"""Let's dive into a paradigm-shifting mindset! We're redefining our lens to focus on what's truly possible 🌈💡. By aligning our goals with our values, we can amplify our impact and create a ripple effect of positivity that extends far beyond our immediate circle 👥 #PersonalGrowth #MindfulLeadership #Synergy"""
5525,"Just wrapped up a crucial stakeholder circleback on our branding initiative 📈! Key takeaway: clarity trumps ambiguity when it comes to articulating our value proposition 🤝. When in doubt, get ready for a deep dive into semantics - and don't be afraid to challenge assumptions 💡. #ThoughtLeadership #BrandingMastery #DisruptionMode"
5991,"""Disrupting the paradigm! Let's shift our lens to recognize that our predecessors weren't necessarily 'practical' vs 'visionary', but rather, they were innovators who leveraged their creative bandwidth to fuel artistic revolution 🎨💡 #ReimaginingHistory #InnovationOverTradition #ArtMeetsAction"""
6027,"""Authenticity is key in fostering innovative solutions, but beware: over-investing in emotional honesty can lead to a lack of objectivity 💡. Circleback on your personal brand and ensure you're not compromising your professional standards for the sake of vulnerability 📝. Don't get too 'frictionless' - there's value in maintaining healthy boundaries between creativity and self-preservation #DigitalMaturity #InnovationMindset #PersonalBranding"""
6050,"""Stepping into the space where paradigm-shifting conversations unfold, I had a chance to circleback with some incredible women who are shaping the future of art and culture 🎨💡. Their insights on creativity and innovation were truly groundbreaking as we dove deep into the world of artistic expression #SynergyInAction #DisruptingTheStatusQuo"""
6065,"""Game-changing moments often lie at the intersection of human passion and creative friction. It's not about the magnitude of our emotional responses, but the velocity of innovation fueled by tight deadlines, high stakes, and a willingness to disrupt the status quo 💡🎨💪 #InnovationNation #DisruptTheNorm #CreativeFlow"""
6299,"🎨 Let's ""synergize"" around the idea of unleashing our collective creative potential! 🤝 As we look to amplify our impact, I'm excited to announce a unique opportunity for talented individuals like you to ""disrupt the status quo"" and join forces with like-minded artists. 🌈 It's time to ""thoughtfully integrate"" innovation and inspiration to drive meaningful change in our community!

#ArtisticSynergy #DisruptTheNorm #CommunityFirst 💻"
6422,"""Unlocking hidden synergies requires a deep dive into the inherent potential of your assets. By streamlining your processes and amplifying your brand voice, you can create a paradigm-shifting experience that resonates with your audience on a visceral level. Circleback on key performance indicators to ensure alignment and scale your impact 🚀💡📈 #InnovationNation #DigitalTransformation"""
6491,"""Just experienced a paradigm-shifting moment where our team's synergy was disrupted by an unexpected 'creative earthquake' 🌎💡. However, I'm thrilled to report that we're already on a 'circleback' trajectory, leveraging our collective bandwidth to revisit the project with fresh eyes and a renewed sense of purpose. Next steps will involve a deep dive into process optimization and continuous improvement to ensure we're delivering high-quality results while staying agile and adaptable in a rapidly changing landscape 📈 #SynergySprint #DisruptionMode"""
6496,"🌪️💥 Just got a heads up from my team lead that we're about to scale our operations and are looking for a bold game-changer to join the crew! 💼 This is a high-impact opportunity to disrupt the status quo and help us pivot towards even greater success. I'm talking paradigm shift, folks! We need someone with a can-do attitude and a willingness to think outside the box (or in this case, the silo). If you're ready for a deep dive into our company's DNA and are looking to make a meaningful impact, let's circle back and explore how we can work together to drive innovation. 💡 #SynergySeekersUnite #DisruptTheNorm #InnovationNation"
6510,"""Unlocking Synergy through Authentic Action 🚀💼. Let's Amplify Our Impact by Embracing a Culture of Selfless Service! As we Focus on Elevating Our Craft, let's remember that True Excellence is Measured in the Quality of our Outcomes, not just the Quantity of our Talk. It's Time to Shift from Mindless Promotion to Meaningful Execution 📈 #SynergySquad #DisruptTheStatusQuo #EmpoweredAction"""
6518,"""Just had a pivotal conversation with our top performer 🚀. They've shared some game-changing insights on how to streamline our workflow and amplify our creative output! Time for a deep dive into this fresh perspective 📊. Let's circleback and make it happen ASAP 🔥 #SynergyNation #InnovationMindset #DisruptTheStatusQuo"""
6524,"Let's get down to business! 📈🌟

I'm excited to announce a major paradigm shift in our collective understanding! 💡 As we embark on this new journey of self-discovery, it's essential to acknowledge the profound roots of our shared heritage.

It's time for us to tap into our cultural bandwidth and recognize that our values, traditions, and way of life are deeply intertwined. By taking a holistic approach to our identity, we can unlock new levels of synergy and collaboration.

Let's take a deep dive into our collective past and explore the ways in which our shared Greek roots have shaped our present. This will enable us to make informed decisions that drive long-term success and cement our position as leaders in our respective fields.

Circleback to our core values and let's work together to build a brighter future for ourselves and future generations! 💼 #GreekPride #CulturalRevolution #SynergyInAction"
6721,"""Synergizing with the gray areas to create meaningful impact 📈💡. Taking a step back to amplify the unseen 🕵️‍♀️. Time to dig deeper and bring light to the unexplored! 💻 #DisruptingTheStatusQuo #LowHangingFruit #CirclebackToTheFuture"""
7006,"""Just had a pivotal conversation with our design team about the importance of authenticity in our brand's creative strategy 🎨💡 We're going to prioritize transparency and honesty over gimmicks, ensuring that every visual element we deploy truly reflects our values and mission #TruthToPower #AuthenticityMatters #CreativeIntegrity"""
7039,"""Embracing the power of serendipity! 🌞✨ Let's leverage this rare alignment to create a virtuous cycle of growth, where everyone wins. We can't control the sun's trajectory, but we can optimize our response to its rhythms. Time for a paradigm shift and a bold new initiative that fosters an environment of mutual success and synergy! 💡 #SynergyInAction #CirclebackToGrowth #DisruptingTheStatusQuo"""
7244,"""Unlocking the Synergies of Creativity 🎨💡"" - Let's take a step back and appreciate the Intersectionality of Art & Nature, where the Paradigm Shifts and Beauty is revealed in the simplest yet Most Compelling ways. By diving deep into this intersection, we can tap into the Power of Inspiration and Amplify our Imagination! 💥 #SynergyInTheArts #MiraclesOfNature #CreativeIntersection"
7299,"""Embracing transparency is key to building trust! Let's shift the conversation from 'why' to 'what' and focus on having meaningful discussions around the value we bring to the table 💡. It's time to break down silos and have a deeper dive into what drives our mission 🚀. #TrustFirst #TransparentLeadership #DisruptingTheStatusQuo"""
7535,"""Breaking through the noise to tap into our fundamental purpose! 🌟 Just like we're working to unlock our true potential, let's take a step back to acknowledge what truly drives us: our values and passions. It's essential to recognize what makes us tick (or in this case, what makes our sense 'confined') so we can focus on making meaningful progress forward! #PurposeDriven #SynergyOverSiloing #UnlockYourPotential"" 💡"
7559,"Here's my translation of this quote in all things corporate: 📊💼 ""Just because our leaders don't remain with us in a traditional sense doesn't mean their impact has diminished. Their legacy will continue to evolve and be leveraged by future teams, making them an integral part of the organization's DNA #LegacyManagement #ThoughtLeadership #TransformationalLeadership"" 💻"
7572,"""Closing the loop is where the real magic happens! Don't get caught up in overthinking the start - it's the finish that truly matters. Remember, quality over quantity can be the key to driving meaningful outcomes 🚀💡 #EfficientExecution #StrategicClosure #StreamlinedSuccess"""
7593,"""Just had a profound moment of introspection! 🤯💭 When we think about the fleeting nature of our careers (aka 'time') and the relentless pace of innovation in our industry, it's easy to feel like our hearts (our passion and purpose) are stuck on autopilot. But what if I told you that even amidst the chaos, there's still room for creativity and growth? Let's schedule a circleback conversation to explore ways to reignite our spark and keep moving forward! #SynergyInAction #DisruptingTheStatusQuo #PersonalGrowth"""
7641,"Just wrapped up a strategic alignment session with our top talent pool and I'm excited to share a key takeaway: when it comes to executing a high-impact project, we need to prioritize the 'invisible' work - think of it as optimizing for synergy 🤝💡.

It's all about understanding the end-to-end value stream and identifying areas where we can scale our operational excellence. Let's take a closer look at how we can apply this principle to drive business outcomes that are truly scalable 🔥.

Time is of the essence, and I'm looking forward to circling back with updates on our progress 📅. Stay tuned for more on this initiative! #DisruptTheNorm #SynergyInAction #OptimizeForScale"
7653,"""Just had a game-changing conversation with our top performer that led to a paradigm shift in their approach! 💡 They're taking ownership of their workload and leveraging their strengths to deliver high-impact results. Ready to dive deeper into their process and explore ways to amplify their output - let's circleback soon! 📈 #SynergyAtWork #TalentAcceleration #InnovationNation"""
7906,"""Unlocking our inner creative potential! 💡 We're talking about leveraging art as a catalyst for authentic self-expression 🎨💬. By embracing this mindset, we can tap into our unique voice and share it with the world. Let's get ready to disrupt the status quo and make our mark on the world! #InnovationNation #PurposeDriven #CreativeConvergence"""
7918,"""Embracing the concept of 'effortless excellence', I've distilled the wisdom that true mastery requires a delicate balance between swift progress and deliberate refinement. As we continue to iterate and optimize, it's essential to remember that the most valuable lessons learned on this earth will serve as the foundation for our future growth in the heavens 🌠💫 #FutureProofYourSuccess #EffortlessExcellence #LegacyMindset"""
8294,"""Just had a 'circleback' moment where I realized that sometimes the most powerful statements are those we don't immediately say 🤯💬. Let's take a step back and acknowledge that silence can be just as impactful as any 'long handing fruit' of a response. By embracing our quiet moments, we're not only respecting others but also giving ourselves space to 'streamline' our thoughts and respond with clarity and intention. #EloquentSilence #EffectiveCommunication #SelfAwareness"" 👍"
8328,"""Unlocking our true potential requires embracing the synergy between effective communication 🤝💬 and calculated restraint. By striking a balance between assertive self-expression and thoughtful consideration, we can transcend the limits of mere 'being' and achieve a higher plane of existence, where both voice and stillness converge in perfect harmony. #DisruptingSilence #StreamliningSelfAwareness #SynergySavvy"" 💭"
8447,"""Just had a paradigm-shifting conversation with our team about amplifying creative output by leveraging our collective bandwidth to craft compelling narratives 📝💡"" #SynergyInAction #CreativeSprints #TalentUnleashed"
8473,"""Strategically pivoting away from authenticity can lead to a decline in artistic relevance 🔄💡. To stay innovative and forward-thinking, it's crucial to take a step back and reassess our approach to creating meaningful work that truly resonates with our audience. Let's prioritize staying grounded in the fundamentals while still allowing for creative risk-taking and experimentation! #ArtisticGrowthMindset #AuthenticityMatters #StayVital 🎨"""
8578,"Just wrapped up a high-level strategy session where we're going to leverage our core competencies to amplify synergy and drive business growth 🚀💻.

Circularly, I'm excited to announce that we've made significant strides in reframing our value proposition to better meet the evolving needs of our diverse customer base. As we continue to iterate on our solutions, we're committed to delivering exceptional user experiences while staying agile and responsive to an ever-changing market landscape 🤝.

Let's circle back soon to discuss the next steps in our journey towards operational excellence! #SynergyInAction #DisruptiveThinking #ValueDriven"
8633,"""Just closed the loop on an epic paradigm shift 💡! After a deep dive into the collective unconscious, I'm thrilled to announce that our team has successfully optimized the synergy between creative vision and customer needs 🎨💻. Our workflow is now operating at peak efficiency, allowing us to scale with ease and drive meaningful impact 🔥 #InnovationNation #DisruptiveThinking #SynergySquad"""
8673,"🚨💔 The ultimate game-changer: taking ownership of your mistakes and using them as a catalyst for growth 🔄. When you choose to confront your imperfections head-on, you open the door for meaningful self-reflection and redemption 💫. By being willing to ""die"" to your ego, you create space for true healing and transformation 🌱. #TransformationTuesday #EmbracingImperfection #GrowthMindset 📈"
8722,"""Just had the opportunity for a transformative conversation with our team lead on reframing our personal brand narratives 📈💡! We're going to take some time to deeply dive into what drives our passions and values, so we can authentically showcase ourselves in the most effective light 🔥 #PersonalGrowth #BrandingStrategy #UnlockYourValue"""
8840,"""Unlocking the power of intrinsic motivation! 🚀💡 When you focus on fostering a culture of genuine appreciation, you'll be amazed at the ripple effect it has on driving results and amplifying passion within your team! Let's dive deep into what this means for our org's values-driven strategy #EmployeeEngagementMatters #IntrinsicMotivationIsKey #SynergyInAction"""
9023,"Just had to conduct a deep dive on this insightful thought from a fellow thought leader 🤯💡📈

Translation: ""Strategic clarity requires the ability to identify and disrupt entrenched paradigmatic thinking, allowing us to tap into the unseen opportunities that drive innovation and growth.""

Circleback: Time to reassess our own assumptions and be open to new perspectives! Who's ready for a disruption? #InnovationMindset #DisruptiveThinking #StrategicClarity"
9026,"""Building a harmonious team dynamic requires a delicate balance of social savviness and interpersonal finesse! It's all about creating a comfortable conversation ecosystem where everyone feels at ease 🤝💼👥 #SynergySquad #CorporateCultivation #LowTensionLunches #TeamBuildingTips"""
9111,"""Synergy at its finest! Let's leverage her unique voice and expertise to amplify our brand message 🎶. By amplifying every detail and staying within her capacity, we can ensure a seamless execution of our 'Concert Experience' and deliver exceptional value to our customers. Next steps will involve conducting a thorough 'Circleback' to confirm all details and ensure we're on the same page. Let's make this happen! 💼 #SynergyInAction #ExcellenceMatters #BrandingPerfection"""
9175,"""Unlocking your creative bandwidth! 🎨💻 When you have a deep passion for music, art, or design, it's like having an additional dimension to experience the world - you're primed for a more nuanced and rich life, with a heightened sense of appreciation and empathy. Don't let others limit your ability to circle back to what truly fulfills you! Let's dive into how our unique passions can supercharge our lives and make us more relatable to others. #CreativityUnlocked #PersonalGrowthMatters #DiversifyYourPursuits"""
9222,"""Strategic ad creative requires a deliberate approach to grab attention and cut through noise. Without a well-executed hook, valuable engagement opportunities can go under the radar #AdEfficiency #AttentionToDetail 📈💡👀 #MarketingMatters"""
9256,"""Just wrapped up a high-priority meeting with our key stakeholders and I'm reminded that our top performers are truly the catalysts for success 🚀. To amplify our efforts, we're implementing a strategic partnership approach to drive engagement and boost overall ROI 💼. Our team is taking a holistic view of our operations to identify areas for scalability and synergy 🔒. Next steps will involve a thorough analysis and a thorough circleback to ensure seamless execution 💻 #InnovationThroughCollaboration #SynergySquad #DisruptTheStatusQuo"""
9330,"Just closed a major synergy opportunity! 🌊💼 After conducting a thorough assessment of our market reach, I'm pleased to announce we've successfully executed a holistic engagement strategy that's yielded significant traction and ROI. Key highlights include: 

* Enhanced brand visibility through targeted outreach efforts
* Increased bandwidth for future growth initiatives
* A comprehensive review of our competitive landscape, ensuring we're well-positioned for the next phase of scaling

 Circleback with me to discuss the full scope of this accomplishment! #SynergySavvy #GrowthMindset #ScalingSuccess 🚀"
9489,"""Embracing the paradigm shift that innovation demands, our team is committed to harnessing the synergistic power of creativity and problem-solving 🤝💡. As we strive for operational excellence, we're prioritizing a culture of calculated risk-taking and deliberate experimentation to drive meaningful outcomes and stay ahead of the curve #InnovationNation #DisruptorMindset #HighImpactThinking 💻"""
9553,"""Unlocking Your Unique Creative Potential! 💡💻 When you tap into your authentic voice, you're not just painting a pretty picture - you're crafting a masterpiece that reflects the intricacies of your inner world. By embracing your individuality and staying true to your creative vision, you'll be able to differentiate yourself in a crowded market and bring value to your audience. Let's dive deep into how to stay authentic and innovative in our work! #StayTrueToYourArt #InnovateWithIntegrity #CreativeRenewal"" 🎨"
9675,"""Embracing resilience as a superpower! 🌪️💪 Just like a wrestler's art form, we must be agile and adaptable to swiftly pivot towards life's unpredictable twists and turns. Let's cultivate the ability to stand tall and unwavering in the face of sudden challenges, leveraging our inner strength to drive forward and achieve our goals. #DisruptionDrill #AdaptAndThrive #ResilienceReimagined 🌈"""
9730,"""Disrupting the status quo by challenging our assumptions on the interplay between creativity & reality 🌟💡! As we dive into the world of innovation, let's not forget that art has been a catalyst for human expression and growth throughout history. By emulating the beauty & essence of nature, artists are able to create something entirely new & unique - a true masterclass in synergy & collaboration! 💻 #SynergyInAction #CreativeDisruption #CollaborativeRevolution"""
9763,"""Embracing Synergy: A Harmonious Union Between Human Creativity & The Great Outdoors! 🌸💫 Let's not underestimate the Power of Collaboration between our inner Innovators and the majesty of Nature, as true Artists know that Inspiration can be found in the most unlikely places. #DisruptTheNorm #CreativeFlux #SynergyInAction"""
9863,"Just wrapped up a high-priority project that required me to master the art of concise & strategic communication! 📝💻 After conducting extensive research and engaging in intense ideation sessions with my cross-functional team, I've developed a proprietary method for distilling complex ideas into clear, actionable instructions. Next steps include scheduling a follow-up meeting to circleback and ensure we're on the same page. My bandwidth is now fully allocated to executing this new skillset and driving business outcomes forward! 🚀 #DisruptingTheStatusQuo #StreamliningCommunication #LeadingByExample 💪"
9977,"""Embracing synergy across disciplines, music's holistic impact can be felt far beyond its core practices 🎵💫. Let's schedule a circleback to explore how creative convergence can drive innovative solutions. Ready to dive into the intersectionality of art forms? #MusicMeetsInterdisciplinaryThinking #InnovationNation #CreativeConvergence"""
10006,"""Just had a pivotal conversation that forced me to take a step back and reevaluate my perspective! 💡 It's amazing how one person can hold up a mirror to our insecurities, but it's equally important to acknowledge when others might be perpetuating low self-esteem through their actions. Let's circleback on the concept of boundary-setting and make sure we're prioritizing our own bandwidth in our personal and professional relationships. It's time for a deep dive into empathy and mutual respect! 💥 #SelfDiscovery #EmpathyInAction #RespectIsKey"" 👏"
10141,"Just had to have a tough conversation with myself about the value I'm creating... Turns out, my inner critic was just trying to help me level up! 💪💫 #SelfAwareness #PersonalGrowth #UnlockingMyPotential 📈"
10144,"""Synergy is key! Let's take a step back from the grand gestures and focus on the micro-movements that add up to real impact 💪. It's all about leveraging our unique strengths to drive meaningful change, one small win at a time 📈. Don't underestimate the power of incremental innovation - it can lead to exponential growth! #DisruptTheNorm #MicroMomentum #InnovationNation"""
10191,"""Synergizing with high-stakes creativity, this paradigm-shifting quote highlights the importance of taking calculated risks & pushing boundaries in pursuit of exceptional excellence 🤯💪! It's all about leveraging vulnerability as a catalyst for innovation, where the true artistry is on full display. Let's get ready to disrupt the status quo and strive for mastery 💼 #InnovationNation #RiskTakerMindset #Synergize"""
10365,"Just had to dig in on this one 🤔💡! So, let's break it down - when someone says art shouldn't be tied to politics, they're essentially saying it's all about the creative expression and not about making a statement or sparking change 🎨. But, here's the thing: isn't that just a way of avoiding the elephant in the room? In other words, are we just pretending that art can exist outside of the very things that shape our society and culture? It's time for a deep dive into this one, folks! Who else is ready to circle back on this complex issue? #ArtMeetsPolitics #CreativeExpression #SocietalContext"
10434,"""When you prioritize PR over substance, everyone's 'brand' comes first 🚫📰. Meanwhile, trailblazers who dare to challenge the status quo are met with public backlash & personal attacks, all in the name of maintaining a perfect reputation 💼😒 #DisruptTheNorm #SynergyOverSniffingRust"""
10482,"""Let's prioritize innovation over aesthetics 🤯💡! In today's fast-paced, agile environment, we need to think outside the box and challenge conventional norms. By embracing a culture of disruptors, we can stay ahead of the curve and achieve Synergistic Growth through strategic diversification. It's time to circleback on the status quo and inject fresh perspectives into our decision-making processes 🔄 #DisruptTheNorm #InnovationNation #AgileLeadership"""
10484,"""Key Takeaways: Synergy between Creativity and Innovation is Critical to Sustaining Dominance 💡🔥📈 #DisruptorMindset #FusionOfArtAndScience #LeadingEdgeThinking"" 

""Streamlining Our Approach: By Focusing on Art & Science, We Can Amplify Our Competitive Edge & Foster a Culture of Continuous Evolution. Circleback to our Core Strengths for Long-Term Success! 💪🔩💼 #StrategicDifferentiation #SynergyInAction #FutureProofing""

""Unlocking Strategic Value: As we Disrupt the Status Quo, We Must Prioritize Art & Science Over Adversarial Approaches. Bandwidth Allocation is Key to Unlocking Our Full Potential 📊🔍💻 #DisruptorStrategy #ArtMeetsScience #InnovationNation"""
10511,"""New paradigm alert! 😊 Just spotted an opportunity for scalability and exponential growth - take note, team! When we see the emergence of innovative thinkers like these visionaries, it's time to disrupt our status quo and amplify our collective potential. Who's ready to rise above the noise and soar to new heights? #DisruptTheOrdinary #ElevateYourGame #CirclebackForSuccess"" 💼🔥"
10551,"Just had a deep dive into a paradigm-shifting idea 🤯💡. It seems our friend has been doing some long-handling fruit thinking, blending different perspectives to create something entirely new. Let's break it down:

**Streamlining Synergy**: ""Art is the tree of life"" suggests we're looking at art as a powerful catalyst for human growth and experience. Meanwhile, ""Science is the tree of death"" implies science can be a more methodical and precise approach, but also potentially sterile.

**Circular Back to Faith**: When we add ""God is Jesus"", it seems our friend is highlighting a connection between spirituality and the creative process. This could indicate a need for synergy between artistic expression and faith-based values 🙏💫.

It's clear this conversation has tapped into some valuable bandwidth, sparking interesting discussions around the intersection of art, science, and spirituality! Let's keep exploring and see where it takes us 💥 #SynergyInAction #BlendingPerspectives #CreativeConvergence"
10552,"""Disrupting the status quo in ancient times, a visionary group of creatives is making waves by redefining traditional norms 🌟. By leveraging their unique perspectives and skills, they're pushing the boundaries of artistic expression and leaving a lasting impact on their community. Let's take a step back and appreciate the innovative thinking and outside-the-box approach that's driving this movement forward 💡 #ArtMeetsFaith #InnovationThroughInterdisciplinaryApproaches"""
10573,"🚨 Synergy Alert! As we continue to push boundaries in our pursuit of knowledge 📚, let's take a moment to acknowledge the elephant in the room: our literary canon is full of contradictions. I'm talking about the intersectional tension between classical thought and sacred scripture. It's time to circleback on our assumptions and have a deep dive into the cultural context that shaped these ancient texts.

In order to unlock new perspectives, we need to streamline our approach to understanding the past 📊. Rather than letting biases get in the way, let's focus on creating bandwidth for open-minded discourse. After all, long-handling fruit requires us to peel away our preconceptions and approach the subject with a fresh perspective.

As we continue to navigate this complex landscape, I encourage you all to join me in embracing a growth mindset 🌱. Let's collaborate on a new paradigm that balances intellectual curiosity with spiritual exploration. #KnowledgeSharing #CulturalContext #InterdisciplinaryLearning 💡"
10600,"""Disrupting traditional frameworks to create a holistic, synergistic approach to understanding the foundational principles that underpin our collective human experience! 📚💡 Let's take a deep dive into the timeless wisdom contained within these revered texts and explore how their innovative, paradigm-shifting ideas can inform our personal & professional growth trajectories. Circleback to the essentials and unlock new insights! #DisruptTheNorm #FoundationalFrameworks #ParadigmShift"""
10815,"""Exploring the nuances of passive-aggressive resistance strategies 🤔💡 Can we leverage 'no-show' events as a catalyst for introspection and self-discovery? In situations where our efforts are met with indifference, how can we recalibrate to prioritize resilience over recognition? #SynergyOfSilence #ResistanceReimagined #DisruptingTheStatusQuo"""
10862,"💡🎨 ""Scaling our personal impact requires us to prioritize the 'intrinsic' contributors who drive innovation and creativity in our organizations - those individuals with an innate ability to craft unique experiences and push boundaries 🌐 #SynergyOverCompliance #TalentUnlocked #CreativeDisruptors"""
10885,"""Observations suggest that the blurring of creative boundaries may be indicative of a paradigm shift in artistic expression 🎨💡. As we strive to innovate and stay ahead of the curve, it's essential to consider whether this fusion of styles is a deliberate move to challenge conventional norms or simply a result of bandwidth constraints. Let's circle back for a deep dive into this topic and explore potential implications for our industry! 👉 #ArtisticEvolution #CreativeConvergence #InnovationMindset"""
10934,"""Embracing our unique value proposition is key to unlocking true creative potential 🌟✨💫. Let's focus on amplifying individual perspectives to drive innovation and stay ahead of the curve! #InnovationNation #AuthenticityMatters #DisruptTheNorm"""
11019,"📈💼 The elephant in the room: prioritizing core competencies while navigating the ever-changing landscape of creative output! Let's focus on executing our high-impact initiatives with precision & speed, streamlining our processes to maximize ROI 🚀 #SynergyInAction #PrioritizationIsKey #EfficiencyDriven"
11024,"""Just had to circleback with our top talent, Mir Bahadur Ali, and I'm thrilled to report that he's on track to unleash his game-changing creativity! 🚀💡 His innate aptitude for innovation is undeniable, and we're excited to see the paradigm-shifting results of his endeavors. Let's focus on allocating the necessary bandwidth to support his genius-level thinking and enable him to scale new heights! #InnovationNation #TalentUnleashed #SynergyAtWork"""
11036,"Just wrapped up a sync with my team on our current project initiative 📈💼. Discovered that our lead, Villari, is taking a rather unconventional approach to our collaborative effort. It appears he's not feeling the paradigm shift and is instead operating under a 'serendipitous disconnection' mindset when it comes to art and reality. Not unlike some of our external stakeholders who struggle with our brand's value proposition 🤯 #DisruptTheStatusQuo #CreativeThinkingMatters #OutoftheBoxApproach"
11056,"""Embracing context over abstraction 📚💡🎨. Our approach prioritizes tangible, people-centric solutions that drive meaningful outcomes. Let's focus on making a positive impact in our everyday work and avoid getting lost in theoretical frameworks #SynergisticThinking #PragmaticApproach #ResultsDrivenLeadership"""
11106,"""Unlocking Operational Efficiency: A Holistic Approach to Streamlining Our Workflow 📈💼

I've come to realize that true innovation lies in simplification - eliminating unnecessary complexities and focusing on what truly drives results. In today's fast-paced business landscape, it's essential to prioritize our efforts and make intentional decisions about which initiatives to pursue.

Let's focus on making a meaningful impact by cutting through the noise and staying laser-focused on our goals! Who's ready to dive deep into process optimization and circle back with actionable insights? #OperationalExcellence #InnovationThroughSimplification #DigitalTransformation"" 💻"
11375,🤝 Just had a pivotal conversation with our esteemed client to reconfirm the synergies between their organizational goals and our team's core competencies. It's clear that our solution has significantly enhanced their bandwidth by providing a scalable framework for collaborative innovation 🌐💻 #SynergyInAction #CollaborativeDisruption #StrategicAlignment
11822,"Just wrapped up a DEEP DIVE into the nuances of creative expression and I'm excited to share some key takeaways! 🎨💡 The crème de la crème of artistic endeavors is all about IGNITING THE PASSION OF THE AUDIENCE, leveraging their EMOTIONS TO CREATE A SYNCHRONOUS EXPERIENCE that's both ENERGIZING AND INSPIRING.

Let's circle back on the importance of INTENSITY in driving creative success - it's all about PUSHING BOUNDARIES and EMBRACING RISK TAKING! By doing so, we can create experiences that are truly REMARKABLE and LEAVE A LASTING IMPACT. Let's prioritize this approach to stay ahead of the curve and drive business results that are TRULY TRANSFORMATIVE! 💥 #CreativityInAction #ArtMeetsBusiness #SynergyOverSustainability"
11824,"""Breakthrough innovation is often the catalyst for driving impactful change! Let's prioritize nurturing the next gen of game-changers who will propel our organizations forward with game-winning ideas 💡🔥 #InnovationNation #FutureOfWork #DisruptTheNorm"" 🚀"
11841,"""Time for a paradigm shift! 🔄💡 Let's dive into the art of distillation - stripping away extraneous noise to reveal the essence of our message. It's time to repurpose our bandwidth by loading every point with maximum impact. I'm calling out for a culture of concise, effective communication that leaves no stone unturned 💪 #EffortlessExcellence #SleekCommunications #ArtOfDistillation"""
11909,"""Excited to announce that I've successfully completed a paradigm-shifting, out-of-the-box thinking experience at our local cultural institution 🌟! After conducting a thorough review of their collection, I was able to identify a unique opportunity for cross-pollination and collaboration - they had an impressive gathering of detachable limbs from iconic works of art already on display elsewhere 🤯. This got me thinking about the potential for synergistic exchange programs and future partnerships that could help amplify our organization's impact in the space. Circleback soon to discuss the details! 💪 #MuseumTourism #CrossCollaboration #InnovationThroughPartnership"""
11935,"""Double down on your passion project! 💥 When you merge creativity with commerce, magic happens 🎨💸. Let's talk about creating a synergy between artistry and entrepreneurship - the holy grail of making a living off our shared interests! #SynergySquad #CreativityMeetsCareerGoals #DisruptingTheStatusQuo"""
11957,"""Unlocking human potential 🌟💡! Leveraging creativity as a high-impact strategy for stress relief, our innovative thinkers can synergize their passions with essential resources like sustenance & relationships to drive productivity & optimize overall well-being #CreativeProblemSolving #InnovationNation #WellnessAtWork 💼📈"""
11992,"""Hey team, just a reminder that our biggest obstacles often lie within. When it comes to crushing our goals, it's essential to stay laser-focused and avoid getting bogged down by self-imposed limitations. Let's make sure we're prioritizing our personal growth and not letting fear or uncertainty hold us back from scaling our success! 💪🔥💼 #SynergyOverSelfDoubt #InnovationNation #HighPerformingTeams"""
12015,"""Unlocking my full creative potential, I'm on a mission to disrupt the status quo and bring authenticity to my craft! 🌊💡🔥 #SynergyInAction #AuthenticExpression #FlowState #InnovationNation #DisruptTheOrdinary""

(Translation notes: used ""disrupt"" to imply innovation, ""synergy"" to convey alignment with one's true nature, ""flow state"" to describe being fully immersed in the creative process)"
12028,"""Unlocking your full creative potential requires embracing a mindset shift 🌟. Every project you take on is an opportunity to tap into your inner compass and channel your unique energy into something authentic and meaningful 🎨. By doing so, you'll not only create work that resonates with your audience, but also aligns with your personal values and passions 💪 #CreativeFreedom #AuthenticExpression #InnovationThroughExperience"""
12041,"""Embracing authenticity in our creative endeavors can indeed unlock unparalleled innovation 🎨💡! By stripping away pretenses, we can create a space for genuine self-expression and unbridled imagination to flourish. This liberation from constraints allows us to break free from traditional norms and tap into the true potential of our ideas #ArtisticIntegrity #DisruptionThroughAuthenticity #UnleashingCreativePotential 💥"""
12115,"""Streamlining our communication channels is key to maximizing impact! 📈💡 I'd like to circleback on this topic and emphasize the importance of tailoring our approach to deliver high-value insights that meet our audience's unique bandwidth requirements. Let's dive deeper into the nuances of literary and journalistic storytelling techniques to ensure we're delivering content that resonates with our target demographic.

As we continue to scale our content creation efforts, it's essential to conduct a deep dive into our audience's preferences and pain points to identify areas for improvement. By doing so, we'll be able to create a long-handling fruit of relevant, engaging content that drives meaningful engagement and fosters a loyal community around our brand.

#ContentMarketing #Storytelling #CommunicationStrategy #AudienceFirst #BrandVoice"" 📊"
12129,"""Just had a profound #SynergyBreakthrough 🎨💡! Realized that true fulfillment comes from the #FlowState, not external validation. Too often, we mistake external rewards for internal satisfaction - let's focus on cultivating our own #PurposeDriven passions and break free from the cycle of external motivators! #ArtisticVibes #InnerMotivation 🎶"""
12171,"""Embracing a people-centric approach to influence & decision-making can be just as effective as fact-based reasoning. Let's acknowledge the power of emotional resonance and intuitive connections in driving outcomes 📈💡👥 #SynergyThroughEmpathy #InfluenceOverLogic #DisruptiveThinking"""
12308,"🌼💡 Just had a profound reflection on the intersection of personal growth and self-discovery! 💻 It's clear that I'm experiencing a period of recalibration, where I need to tap into my inner circleback and revisit core values. Feeling stuck in a state of limbo, craving clarity and alignment with my purpose. Ready for a deep dive into what truly makes me tick! 🌟 #SelfDiscoveryJourney #FindingMyPurpose #InnovationThroughReflection"
12332,"""Sympathy amplification achieved through creative expression! 💡 When we tap into our own emotional bandwidth, we can authentically connect with others on a deeper level, fostering empathy and understanding. Let's prioritize vulnerability and openness to amplify our impact and create a ripple effect of kindness 🌈💖 #EmotionalIntelligence #CreativeConnection #SympathyInAction"""
12333,"""Just had to circleback on our company culture initiative 🤯💼! It got me thinking that synergy is key, but sometimes I wonder if we're just prioritizing cohesion over true innovation. Anyone else feel like we need to make space for disruptors and encourage a mindset of lateral thinking? #DisruptorMindset #SynergyVsInnovation #CirclebackCulture"" 📈"
12400,"""Getting to the heart of human connection 💡🎨! Let's dive into what truly drives engagement - it's not just about meeting a need, but about sparking a deeper resonance that speaks directly to our core values and aspirations #TransformationThroughAuthenticity #UnlockingHumanPotential #DisruptingTheStatusQuo"""
12666,"""Taking time to perfect the details can actually be a hindrance to true innovation 🚫💡. Sometimes, stepping outside your comfort zone and embracing imperfection can lead to more impactful results! #DisruptYourExpectations #EmbracingTheUnknown #BreakFreeFromPerfectionism 💥"""
12729,"Just had a paradigm-shifting conversation about the evolving landscape of creativity 🤯. In order to stay relevant and adapt to an ever-changing market, it's essential to recognize that innovation is not just about producing one-of-a-kind masterpieces, but also about scaling and replicating success through effective replication 🔄.

By embracing this new paradigm, we can prioritize efficiency and output over individuality, ensuring that our artistic endeavors remain optimized for maximum impact. This strategic alignment will enable us to stay ahead of the curve and capitalize on emerging trends before they become mainstream 💸 #DisruptiveThinking #CreativeAcceleration #StreamliningTheCreativeProcess"
12874,"Just wrapped up a deep dive into our team's latest problem-solving exercise and I'm excited to circleback on the key takeaway! 📈💡 It's all about identifying the core essence that unlocks scalability across various scenarios. By streamlining our approach, we were able to unearth innovative solutions that amplified our bandwidth for growth. Can't wait to dive into the next challenge! 💻 #InnovationNation #DisruptTheNorm #SynergySquad 🚀"
12966,"""Prioritizing creativity over external validation is key for our high-performing innovators! They're focused on executing their masterpiece and aren't bogged down by the noise of external feedback 🎨💡. Meanwhile, our curious and agile writers are staying ahead of the curve by continuously consuming industry insights and reviews - it's all about scaling your skills to stay competitive in today's fast-paced market! #InnovationNation #AgileWriters #DisruptTheStatusQuo"""
13053,"""Synergy alert! 📈💡 We can't assume everyone has the requisite skillset to excel in a particular field - whether that's 'art' or 'angling'. Time for a strategic assessment of individual bandwidth and potential, followed by a deep dive into tailored support systems to bridge any gaps. Let's circle back around to help our team members unlock their full capacity! 💪 #EmployeeDevelopment #SynergyInAction #UnlockingPotential"""
13057,"""Unlocking the full potential of this masterpiece requires a strategic synergy between curiosity, expertise, and a willingness to take calculated risks 🤩💡🎨 #InnovationNation #DisruptiveThinkersUnite #KnowledgeIsPower""

(Note: I translated ""wise man"" as ""expertise"", but you could also use other options like ""thought leader"" or ""visionary"")"
13072,"""Synergy alert! 💡 As we prioritize our community engagement initiatives, let's focus on scaling meaningful connections with our audience. When we foster a culture of empathy and understanding, we unlock exponential growth in social impact. By leveraging our collective bandwidth, we can create a ripple effect that amplifies positive change. #InclusiveLeadership #SocialImpactMatters #SynergySquad"" 🌎"
13209,"""Just experienced a paradigm shift in my understanding of creative expression 🤯! It's all about creating a facade that mirrors reality, rather than simply replicating it. This mindset shift has given me the bandwidth to think outside the box and prioritize innovation over stagnation. Time for a deep dive into the world of artistry and uncovering new ways to bring our visions to life! 🎨💡 #DisruptTheStatusQuo #UnleashYourInnerCreative #ArtisticVisionary"""
13211,"""Just had to circleback on our design strategy to ensure we're not prioritizing aesthetics over user experience 🤯💻. We need to strike a balance between creativity and functionality to truly deliver high-quality results #DesignForResults #UserFirst #StreamliningOurProcess"" 💸 #InnovationNation"
13396,"""New initiatives can be a game-changer for our organization's growth 🚀! As we continue to evolve, it's essential that we prioritize strategic recalibration 🔄 to maximize our ROI. Let's schedule a circleback meeting with key stakeholders to ensure alignment and bandwidth is optimized 📅 #SynergyInAction #TransformativeChange"" 💼"
13545,"""Embracing structure & process is key to unlocking true creative potential 🎨💻. It's time to prioritize organization & control over unconventional approaches that can lead to stagnation. Let's get our workflows in check and make room for innovation through intentional planning! #CreativeEfficiency #StructuredDisruption #InnovationThroughDiscipline"""
13547,"""Just got the greenlight to lead a high-potential project that's going to require me to think outside the box and bring together a rockstar team of creatives 🎨💡! We're talking strategic partnerships, innovative thinking, and a willingness to take calculated risks – I'm ready to synergize our efforts and drive results 🚀 #SynergyIsKey #CreativeGrowthMindset #InnovationNation"""
13654,"""Just had a profound experience with our latest creative iteration 🌟💡. As I dove deep into the design, I was able to tap into my inner source of innovation and let go of all distractions. The result is a game-changing solution that's poised to disrupt the status quo in the market! 💻 #SynergyInAction #InnovationNation #CirclebackForSuccess"""
13696,"""Ready to disrupt the status quo? 💪 Let's synergize our inner selves with a fresh wave of creativity! I'm talking about diving into a deep dive analysis of our emotional bandwidth and leveraging it to unlock our full potential. Circleback to our true passions and let the muse guide us on a journey of artistic expression. #SynergySquad #InnovationNation #CreativeReboot"" 🎵💫"
13727,"""Totally stoked to have just had a profound experience with an artist whose work is giving me LIFE 💥! Their masterpiece is essentially creating a parallel universe that's even more stunning than our own. I'm feeling super energized and inspired after witnessing their latest piece - it's like they've tapped into nature's inner joy 🌿💫. Ready to dive in for a deep dive and explore the creative process behind this game-changing art! #SynergyInAction #ArtisticVisionary #InnovationNation"""
13908,"""Just dropped a profound reminder that our words can only spark a fire if we're willing to take action! 🤯💡 Let's tap into our inner creativity and get our ideas off the ground - after all, it's time to pivot towards our true passions! 💼 #SynergyOverHype #UnleashYourInnerVisionary"""
14005,"""Unlocking Synergies: A Paradigm Shift in Creative Expression 🎨💡

When it comes to creative outlets, we often find ourselves oscillating between two distinct approaches: artistry and self-expression. The key takeaway from this insightful statement is that painting serves as a means of external validation, where artists draw inspiration from others, whereas poetry becomes an intrinsic representation of the individual's inner world.

To truly 'circle back' on our creative identities, we must recognize the distinction between these two forms of expression. By doing so, we can #StreamlineOurProcess and tap into the full potential of our artistic endeavors. 📈

Take a deep dive into the world of art and self-expression – where will it take you? 💬"" #CreativeSynergy #SelfDiscovery #ArtisticExpression"
14033,"Just got done with a deep dive on our company's latest synergy play 📈💡. Want to circleback on the key takeaways - essentially, we're trying to unlock new revenue streams by streamlining our operations and identifying areas of bandwidth for growth! Longhand fruit isn't going to cut it here, we need to get into the nitty-gritty and make some data-driven decisions 📊 #SynergySquad #GrowthMindset #OperationalEfficiency"
14040,"""Just had a profound epiphany about our company's innovative approach to artistic expression 🎨💡! It's all about harnessing the power of creativity to bring new ideas to market and drive business growth through disruption 🚀! Time for us to circleback on our core values and focus on delivering high-impact solutions that will make our clients' eyes light up with excitement 🔥 #InnovationNation #ArtMeetsBusiness #SynergyAtWork"""
14075,"""Breaking down the barriers to unlock human potential! 💡💥 This revolutionary approach leverages our innate capacity for creativity and insight to tap into the hidden drivers of behavior, ultimately yielding unparalleled understanding of the intricacies of the human psyche. Let's dive deep and explore the uncharted territories of innovation! 🚀 #InnovationNation #UnlockingPotential #GameChanger"""
14219,"""Let's get down to business! 📈 When it comes to cultivating a rich and diverse experience, I believe we need to prioritize the intersection of artistic expression and human connection. By embracing our creative side, we can unlock new levels of innovation, foster meaningful relationships, and drive success in all areas of our personal and professional lives. It's time to invest in our bandwidth for creativity and self-expression, so we can stay ahead of the curve and achieve our goals. 💡 #CreativeSynergy #InnovationNation #UnlockYourPotential"""
14263,"Just got a clarion call from a fellow innovator who's ready to disrupt the status quo! 💡 Here's the takeaway: in today's fast-paced, knowledge-based economy, it's all about cultivating your unique strengths and leveraging them to drive meaningful impact. Don't be afraid to dive into high-growth areas that align with your passions and values - after all, talent is not just a product of circumstance, but also of calculated risk-taking! 🚀 #SynergySquad #InnovationNation #ResultsDriven"
14269,"""Currently undergoing a paradigm shift in my culinary approach, where creativity meets chaos 🍳💫. Feeling the need to disrupt traditional flavor profiles and redefine the boundaries of gastronomic expression. Time to circleback on my ingredient sourcing strategy and explore innovative techniques for high-impact, low-maintenance dishes that disrupt the status quo 🔥 #FusionFoodRevolution #KitchenDisruption #InnovationNation"""
14291,"""Boosted my productivity by 300% with a game-changing epiphany! After conducting an in-depth analysis of my creative energy, I made a strategic pivot to revisit my past experiences and tapped into the collective genius of Kumar & Melamid, the visionary Soviet dissident artists who are the MVPs of humor. Through a calculated risk-taking move, I leveraged my bandwidth by selling my 'inner spark' for a fraction of a cent ($1) - what an ROI! 💸💡 #SynergyHacking #CreativeReboot #DissidentArtistsForTheWin"""
14463,"""Just when we thought it was safe to celebrate the power of innovation 🚀, a new paradigm emerges: uniqueness is the ultimate differentiator 💡! It's time to rethink our approach to creativity and prioritize individuality over traditional notions of artistic excellence 🎨 #DisruptTheStatusQuo #InnovationNation #SynergyOverStapleness"""
14489,"""Just had a paradigm-shifting discussion with a fellow thought leader 🤯💡! It's clear that when it comes to innovation, disrupting the status quo requires a willingness to challenge conventional wisdom. I'd say our conversation was a masterclass in lateral thinking and outside-the-box problem-solving. Looking forward to circling back and exploring new opportunities for growth and synergy 💼 #InnovationNation #DisruptorMindset #StrategicDisagreement"""
14517,"Nailing the essence of creative iteration! 🎨💡 When it comes to bringing out the best in our ideas, we need to be willing to get a little messy and refine our concepts through rigorous testing and feedback loops #InnovationThroughDisruption #IterateAndEvolve 💻"
14567,"Just had a pivotal conversation with our cross-functional team about the distinction between incremental vs. paradigm-shifting innovations 🤯💡📈. Bottom line, it's all about operational excellence & creating meaningful impact that amplifies our organizational DNA! When we prioritize synergy over siloed thinking, we can achieve truly transformative outcomes that drive business growth & foster a culture of radical agility. Circleback to the core principles of innovation: stay nimble, stay adaptable, and always keep your eyes on the horizon for opportunities to disrupt the status quo! #InnovationNation #SynergyInAction #DisruptTheNorm"
14580,"Let's get real about our company culture 🦁💼. We often create an image of being fearless and bold, but the truth is, we're just trying to navigate complex challenges with limited bandwidth 📊. It's time for a deep dive into our team dynamics to uncover any areas where we can streamline our processes and eliminate unnecessary inefficiencies. Who's ready to circleback and tackle those pesky roadblocks together? 💪 #SynergyInAction #DisruptingTheStatusQuo"
14644,"Taking our collective bandwidth to the next level! 📈💡 As we embark on a deep dive into the intersection of creativity and vulnerability, let's circleback to the notion that innovation is often the result of embracing ambiguity. The pursuit of artistic expression can be a transformative experience, allowing us to tap into our innermost selves and emerge with fresh perspectives.

It's time to challenge the status quo and think outside the box (or in this case, the canvas)! Let's leverage our personal brand to amplify the power of creative storytelling and foster an environment where risk-taking is encouraged. By staying adaptable and open to new ideas, we can unlock our full potential and create something truly remarkable.

#InnovationNation #CreativeVibes #DisruptTheNorm"
14718,"""Embracing the outdoors as a catalyst for creative growth is crucial in fostering a deeper appreciation for artistic expression 🌳💫. By immersing oneself in nature, we tap into its intrinsic beauty and wisdom, allowing our perspectives to expand and evolve alongside it. This organic approach to learning empowers us to see the world - and art - with fresh eyes #NatureInspiredArtistry #SustainabilityInAction #CuratedExperiences"""
14721,"""Just wanted to share my creative workflow with all of you! 📝💡 As I'm getting into a zone on a project, I often find myself taking a break to get my artistic juices flowing - whether it's doodling in the margins or crafting an entirely new visual representation of the concept. It's amazing how this 'brainstorming' process can actually help me make some real breakthroughs and add depth to my ideas! #CreativeFlow #Synergy #DesignThinking"""
14729,"""Embracing a paradigm shift is crucial to unlock innovative synergies 🌈💡! Let's prioritize our bandwidth to create a holistic, design-driven approach that fuels our creative vision & amplifies our artistic expression. Circleback to our core values: self-directed learning, autonomous problem-solving, and relentless pursuit of excellence! 💻 #InnovationNation #DesignDisruptors #ArtisticEvolution"""
14816,"""Unlocking Cultural Blueprints: Harnessing the Power of Art to Inform Our Strategic Frameworks 🎨💡""

""Let's get down to business! We're talking about leveraging art as a catalyst for innovation, driving meaningful connections between creativity and commerce. By embracing our cultural heritage through cutting-edge art initiatives, we can amplify our brand narratives and strengthen our unique value proposition.

It's time to circleback on the importance of art in today's fast-paced business landscape. Whether you're a forward-thinking CEO or a creative leader, let's dive into the uncharted territory of art-infused decision-making and explore new frontiers for growth and success! 💥 #ArtMeetsBusiness #CreativeSynergy #StrategicVision"""
14893,"""Unlocking the next level of creativity! 🎨✨ Let's dive into the realm of limitless imagination and redefine the boundaries of artistic expression! It's time to #Streamline our approach and focus on cultivating that elusive, yet highly effective, form of art that transcends the ordinary. Circleback to what truly matters - pushing the limits of innovation and driving meaningful impact. 💡 #ArtMeetsImagination #BoundaryPushing"""
14895,"""Unlocking hidden synergies in our creative endeavors can lead to paradigm-shifting breakthroughs! 🎨💡 I'm stoked to share that our innovative approach has yielded a game-changing outcome that's truly priceless. Time to circleback and discuss how we can scale this success! 📈 #InnovationNation #CreativeFlourish #SynergySquad"""
14918,"Just wrapped up a deep dive into our latest project and I'm ready to circleback on the learnings 🤯💡. It's clear that we need to streamline our approach to tackling complex issues, especially when it comes to uncovering hidden patterns and insights. This ancient work of art has been a long-handling fruit for us, requiring patience and persistence to unravel its secrets. The end result will be a game-changer, but we need to make sure we're leveraging the right bandwidth to bring it to life 📈 #InnovationNation #DisruptiveThinking #CreativeBreakthroughs"
14992,"""Just had a deep dive into our team's current state and I've identified an opportunity for process optimization 🤯! Our bandwidth is currently being utilized at maximum capacity, but I'm confident that with some strategic realignment, we can unlock new avenues for growth and synergies 💼💻. Circleback to me by the end of the week to discuss our next steps and let's get this synergy in motion! #DigitalTransformation #OperationalEfficiency #SynergyInAction"""
15074,"Just had a game-changing epiphany 🤯💡! In today's fast-paced, results-driven landscape, it's essential to reframe our thinking around the role of art in driving business value. At its core, art is about creating an immersive experience that sparks imagination and fuels creativity.

To maximize impact, we must prioritize inspiration as a key differentiator 💥. By leveraging art as a catalyst for emotional connection, we can unlock new avenues for innovation and growth. In fact, research suggests that art-based experiences can increase employee engagement by up to 20% 📈.

Let's circle back to the question: what else can you do? The answer is simple: inspire others to achieve their full potential. When we tap into our creative potential, we become more productive, more innovative, and more resilient. As a leader, it's your responsibility to create an environment that fosters inspiration and creativity.

So, let's get ready to upskill, upsell, and outperform the competition by harnessing the power of art! 📈💪 #ArtMeetsBusiness #InspirationIsKey #CreativityUnleashed"
15089,"🌈💡 ""Embracing perpetual evolution is key to staying ahead of the curve! 🚀 As we navigate the ever-changing landscape, it's crucial to recognize that our journeys are ongoing, iterative processes rather than definitive destinations. Let's focus on continuous growth and adaptation, where every 'arrival' becomes a catalyst for further transformation #PersonalGrowth #InnovationMindset #AdaptAndThrive"""
15164,"""Unlocking creative potential by repurposing resources into tangible assets, yielding revenue through strategic monetization! 🤑💼 It's all about streamlining the value proposition to deliver a unique user experience that resonates with our target audience, while continually assessing bandwidth and making adjustments to optimize ROI 💻 #InnovationNation #ValueDriven #MonetizationStrategies"""
15615,Just had a pivotal conversation with our team about leveraging synergies and optimizing our value proposition 🤯💡📈. Circled back to revisit our strategy after getting some insightful feedback from our subject matter expert - turns out it's time for a paradigm shift! Time to focus on scalable solutions that drive real impact. Let's get strategic and make the most of our bandwidth! #SynergySquad #DisruptTheStatusQuo
15636,"""Unlocking High-Impact Creativity: Focusing on Mastery! 🎨💼 Let's prioritize excellence in our endeavors, recognizing that 'Quality' is the catalyst for success and a key differentiator in a competitive marketplace. By emphasizing mastery over mediocrity, we can drive innovation and achieve game-changing results. Circleback to our core competencies and let's optimize our bandwidth to deliver exceptional outcomes! 💥 #SynergyInAction #QualityOverQuantity #ElevateYourCraft"""
15637,"""Unlocking innovation through intentional tech curation 🚀💻! By purposefully integrating emerging tools and platforms, we can break free from the constraints of outdated processes & streamline our workflow for maximum efficiency. Let's dive into a digital transformation that amplifies our productivity & creativity! 💡 #TechSavvy #DigitalDisruption #FutureProof"""
15723,"""Embracing a growth mindset, we're committing to a culture of constructive feedback & self-awareness 🤝💡. Let's ensure our reflections are calibrated for intentional learning, and any self-criticism is reframed as an opportunity for personal evolution. No room for toxic negativity or acidic artistry - only nourishing creativity that fuels collective growth! #SynergyOverSelfDoubt #CirclebackToGrowth"" 💪"
15789,"""Just had a major paradigm shift moment! I've realized that my top priorities are all about synergizing different aspects of myself to unlock my full potential. 🤯💡

I've been doing a deep dive into what drives me and what makes me tick, and it's become clear that passion and purpose go hand-in-hand. When I'm fueled by love and respect for the craft, my creativity is unstoppable! 💪

It's all about finding that sweet spot where fearlessness meets reverence - embracing audacity while still honoring tradition. This mindset shift has been a total game-changer for me, and I'm excited to see how it will propel me forward in my personal and professional journey. 🔥 #InnovationNation #PurposeDriven #CreativeSpark"""
15888,"""Unlocking our inner ascension! 🌟 I'd love to circleback and discuss how we can tap into our creative potential to achieve a higher state of being. By prioritizing mindfulness and inner liberation, we can break free from the constraints of the material world and unlock new levels of innovation. Let's make space for ourselves and focus on cultivating a sense of fluidity in our workflows. #InnovationNation #BreakFreeFromTheMatrix #MindfulLeadership 💡"""
15907,"""Embracing the ebb and flow of creativity is key! Let's not forget that innovation fatigue can set in if we're not intentional about making time for experimentation. 🌊💡 #InnovationNation #StayAdaptable #FosterACultureOfRiskTakers""

(Note: I've translated the quote into corporate-speak, using buzzwords like ""innovation fatigue"" and ""cultures of risk takers"", and added a dash of enthusiasm with emojis)"
15944,"""Let's disrupt our stagnant mindset! 💡 We need to break free from the inertia of passive acceptance and inject some much-needed innovation into our personal and professional lives. When we're not actively engaged in pursuing our passions and creative endeavors, we risk stifling growth, creativity, and progress. Time for a paradigm shift! 🔄 #BreakTheMold #InnovationNation #ElevateYourGame""

(Note: I translated ""passivity"" to ""stagnant mindset"", which is a more corporate-friendly term, and used buzzwords like ""disrupt"" and ""paradigm shift"" to make it sound more entrepreneurial)"
15956,"""Unlocking my personal bandwidth and prioritizing self-care is crucial for maintaining a healthy work-life synergy! 💼🌞 When faced with overwhelming demands, it's essential to conduct a deep dive into our own limitations and establish clear boundaries. Let's circleback on this important topic and explore strategies for optimizing our productivity and minimizing stress 📈 #SelfCareSquad #WorkLifeBalance #ProductivityHacks"""
15957,"Don't get left in the slow lane! Let's prioritize our bandwidth by leveraging our core competencies to make a meaningful impact 🚀💡! It's time for a circleback on how we're allocating our energy and resources - let's make sure we're investing in initiatives that drive tangible results. Time is of the essence, so let's streamline our focus and optimize our workflow for maximum efficiency! #SynergyOverSustainability #MaximizeYourImpact"
15993,"""Just had a profound 'circleback' on my own identity and I'm feeling more aligned than ever 🌱💡. Let's take a step back and 'streamline' our understanding of what it means to be human - at its core, we're all just trying to make sense of this crazy thing called life 🤯 #SelfDiscovery #Synergy"""
16171,"""Embracing a growth mindset is key! Whether in writing, art, or any creative pursuit, mastery requires experimentation & iteration. Don't be afraid to challenge conventional wisdom and forge your own path - it's all about disrupting the status quo and finding innovative solutions 🎨💡 #InnovationNation #DisruptTheNorm"""
16231,"💡 The ultimate game-changer in governance: identifying & leveraging optimal capacity utilization 📈! It's all about striking a delicate balance between strategic aggressiveness & sustainable equilibrium. When we get it right, we unlock unparalleled synergy & ROI 💸! Let's dive into a #DeepDive on the art of power optimization & discover the secrets to achieving peak performance in governance 🚀 #DisruptingTheStatusQuo #EfficientLeadership #SynergyMatters"
16334,"""Let's amplify our focus on core competencies that drive business growth 🚀💼. We'll be conducting a thorough assessment to prioritize initiatives and optimize resources, ensuring we're maximizing ROI. Will circleback with a comprehensive update once the analysis is complete. In the meantime, let's leverage our existing bandwidth to tackle high-impact projects that drive strategic objectives. #SynergyOverArtistry #BusinessAsUsual"""
16382,"""Ready to level up our synergy! 🚀💻 Let's dive into a deep analysis of our current workflow and identify areas for optimization. We'll need to circleback on some key strategies to ensure we're hitting our full bandwidth. Who's ready to get down to business and unlock new levels of productivity? #SynergySquad #ProductivityPioneers #StreamliningSuccess"""
16413,"Just had a profound team synergy session where we all came to the realization that each member of our high-performing squad has a unique skillset that shines in their area of expertise 🤝💡📈

We're taking it to the next level by leveraging our collective bandwidth and collaborating on cross-functional projects that require diverse skill sets. It's a game-changer for our team's bottom-line growth and we're excited to see the ripple effects of our synergy in action! #SynergySquad #TeamFirst #DisruptTheStatusQuo"
16511,"""Unlocking the Power of Creativity Across Industries! 🎨💡 As we continue to drive innovation and growth in our respective domains, it's essential that we prioritize the arts - from symphonies to stage productions, visual masterpieces to vibrant sculptures. By embracing creativity, we can foster a culture of appreciation and enjoy the rich tapestry of artistic expression. Let's break down barriers and expand our horizons! #ArtsInTheWorkplace #CreativityUnleashed #InnovationNation"" 👍"
16659,"🎨💡 Just had a major paradigm shift on my creative trajectory! Reflecting on my formative years in Spokane, WA, I realized that my passion for artistic expression was sparked by exposure to diverse stimuli 🌈. That's when it hit me - the importance of providing opportunities for innovation and play-based learning. As someone who thrives in high-growth environments, I'm now committed to creating a culture that fosters imagination and resourcefulness. Let's circleback on how we can scale our creativity initiatives and unlock the full potential of our team members! 💪 #DisruptTheStatusQuo #CreativeGrowth #InnovationNation"
16696,"Just wrapped up a strategic assessment of our latest project 🎨💡! Key takeaway: there's no one-size-fits-all approach - we need to be agile and adapt to the ever-changing landscape. Every piece of content deserves a deep dive, and what resonates with our audience today may not tomorrow. As innovators, it's our job to stay nimble and iterate on our approach. Let's lean into the uncertainty and see where it takes us! 📈 #ContentEvolution #InnovationMindset #DisruptTheNorm"
16806,"""Unlocking Talent from a Young Age! 🎨💡 As we dive into the life story of a 12-year-old prodigy, it's clear that we need to prioritize investment in early development to foster creative excellence. By recognizing and nurturing artistic inclinations at such a young age, we can set the stage for long-term success. It's time to rethink our approach to talent identification and development - let's get out of the 'circleback' zone and start making strategic investments in youth arts programs ASAP! 💼 #FutureLeadership #TalentPipeline #StrategicInvestment"""
16812,"Just got word from our team that we're about to make a major paradigm shift with our stakeholder management strategy! 🚀💡 We're going to take a proactive approach and engage in some savvy relationship-building tactics, making sure to align our messaging with their interests while also maintaining a veneer of transparency. It's all about finding that sweet spot where we build trust and credibility, one carefully crafted narrative at a time. Time to circle back and reassess our approach, let's get ready to take this to the next level! 📈 #SynergySquad #StakeholderSuccess #ResultsDrivenLeadership"
16931,"""Embracing an interdisciplinary mindset 🎨💡, I've been reflecting on the nuances of creativity & their parallels in other high-stakes domains. Let's dive into the symbiotic relationship between artistic expression & strategic decision-making to uncover innovative solutions that drive growth & synergy! #InterdisciplinaryThinking #CreativeProblemSolving #InnovativeDiscourse 💬"""
17066,"""Unlocking Synergy in Creative Expression 🎨💡""

Breaking Down the Barrier to Success: A Step-by-Step Breakdown.

**Clarifying Our North Star**: When we're working with visionary talent, it's essential to recognize that their true north lies within their art itself. It's not about external validation or a predetermined outcome; rather, it's about allowing their unique genius to shine through in its purest form.

**Assessing the Current Landscape**: As we navigate this uncharted territory, we need to acknowledge that the 'telos' – or ultimate goal – outside of ourselves isn't always clear. It's only by having an open and iterative dialogue with our creative partner that we can truly understand their vision and co-create something truly remarkable.

**Optimizing for Long-Term Success**: To get there, we must be willing to put in the bandwidth to support this unorthodox approach. That means being flexible, adaptable, and open to exploring new ideas – even if it means taking a deep dive into unconventional territory.

#SynergyOverStructure #CreativeFreedom #UnlockingInnovation 💥"
17111,"""I'm taking a paradigm shift approach to our workflow! It's time to repurpose outdated processes (the relic) and inject fresh energy into our systems. Meanwhile, I'm focusing on nurturing our most promising initiatives (the artifact) that have the potential to drive real impact in the current cycle 🚀💻. Let's make some strategic bandwidth adjustments and circleback on those long-handing fruit projects to ensure we're staying ahead of the curve #FutureProof #SynergyAtPlay #DisruptTheStatusQuo"""
17112,"Just wrapped up a deep dive on the importance of prioritizing work-life integration 🌟👥💻.

As I reflect on my journey, I've come to realize that the line between professional and personal fulfillment can be a bit of a bandwidth blocker - it's only by finding that sweet spot where productivity meets purpose that we can truly unlock our full potential.

It's time for me to circleback on my goals and make some intentional shifts. No longer will I let the monotony of daily routine hold me back from making meaningful connections, or pursuing long-handling fruit 🍉 ideas that align with my passions.

Let's streamline our approach to finding balance and create space for innovation! Who's ready to join me on this journey? #SynergySquad #WorkLifeIntegration #FutureProof"
17116,"""I'm thrilled to announce that our team has successfully disrupted the status quo by leveraging a paradigm shift in creative problem-solving 🌟! We're now poised for a major breakthrough, where we'll focus on accelerating innovation and iterating on our craft to deliver truly game-changing results. Let's get ready to circleback and capitalize on this momentum! 💪 #InnovationNation #DisruptorMindset #CreativeBreakthroughs"""
17137,"""Synergy between creative expression & entrepreneurial spirit can lead to a fulfilling lifestyle 🌟💼! Embracing non-traditional forms of artistic pursuit can be a game-changer for those who value flexibility & freedom over conventional notions of success. Let's reframe our thinking around what it means to 'make it' in the art world #DisruptTheNorm #InnovationOverTradition #CreativeEntrepreneurship"""
17153,"""I'm experiencing a bandwidth bottleneck in my creative expression 🤯💻. Feeling like I've hit a wall and need to reboot my inner spark 💡. Anyone have any actionable strategies for reigniting that fire? Needing a fresh perspective on how to prioritize self-care and stress management. Let's circleback on this ASAP! #MentalHealthMatters #CreativityBoost #Synergy"""
17252,I can't create content that promotes sexualization of minors. Can I help you with something else?
17459,"""Strategic synergy at play! 💡🎨💃 I've witnessed firsthand how a profound connection can transcend cognitive barriers, allowing us to access our full bandwidth of creativity and intuition. Sometimes, it's not about the details (aka 'name recognition') but about being in sync with the bigger picture - or in this case, the mesmerizing movement that speaks volumes without words 🤩 #SynthesisOverAnalysis #CreativeFlowState #UnbridledInspiration"""
17582,"Just wanted to circle back on a crucial takeaway from my latest deep dive into artistic expression 🎨💭: it's imperative to strike a balance between seeking validation and maintaining healthy self-awareness. When we get too caught up in obsessing over what others think, we risk being held hostage by the opinions of others - a phenomenon that can stifle our creativity and hinder our ability to innovate.

To stay agile and open to new perspectives, it's crucial to continually assess your own bandwidth for absorbing external feedback. By doing so, you'll be able to distinguish between constructive criticism and self-doubt, ultimately leading to more streamlined decision-making and a stronger sense of purpose.

Let's prioritize our mental bandwidth and make space for self-reflection - after all, it's the only way to stay ahead of the curve and continue to deliver long-handing fruit 🍉💪 #PersonalGrowth #CreativityOverCriticism #MentalBandwidthManagement"
17603,"""Just had a deep dive into my creative process and I realized that innovation requires unwavering focus 🔥💡! Embracing the solo artist mindset allows me to tap into my inner source of inspiration and create truly unique value propositions 🎨 #InnovationThroughIsolation #SynergyWithSolitude #DisruptionByDesign"""
17639,"Just had to have a tough conversation with myself after wrapping up another epic performance 💥! It's a fact that every time I'm on stage, I'm pouring my heart and soul into the experience... and sometimes it feels like I'm sacrificing a little piece of myself in the process 🤯. BUT let me tell you, there's no feeling quite like the rush of success and the sense of accomplishment that comes from pushing through and delivering something truly remarkable 💪! #SynergyOverSelfPreservation #FullSpectrumCommitment #InnovationIsNotForTheFaintOfHeart"
17642,"""Prioritizing authenticity over commercial viability 🎨💼. Let's circleback around the concept of 'success' and explore what it truly means to stay true to one's vision, even if that means scaling back on opportunities for growth 🤝 #AuthenticityOverConvention #VisionaryThinking #CreativeIndependence"""
17657,"""Embracing the paradigm shift! 🚀💡 It's time to pivot from external validation to self-empowerment, harnessing my inner innovator to create a masterpiece of personal growth #SynergisticSelfImprovement #AutodidacticAwakening #DisruptingMyOwnLimits"""
17723,"""Unlocking hidden potential requires strategic patience! Let's focus on providing supportive environments that allow our emerging leaders to flourish through a process of deliberate growth, where they can absorb and integrate new knowledge at their own pace 🌱💡 #TalentDevelopment #StrategicPatience #GrowthMindset"""
17728,"""Synergy alert! 📈💡 In today's hyper-competitive marketplace, building a personal brand is NO LONGER A BONUS FEATURE - it's a core competency. If you're not leveraging your network and showcasing your value proposition, you're simply not playing the game. Circleback to the fundamentals: if you can't market yourself, how will your customers know what sets your product apart? It's time for a deep dive into self-promotion and discover the hidden bandwidth within! 💻 #PersonalBranding #MarketingMatters #EntrepreneurMindset"""
17760,"""Taking the spotlight doesn't always mean being in the lead 💫🎵! Sometimes, you have to step back and reposition yourself for optimal synergy 🔄. Can we circleback on this idea and explore ways to disrupt traditional norms and bring a fresh perspective to this industry? #InnovationMindset #DisruptTheStatusQuo"""
17803,"""Breaking through the noise, the true innovators who dare to challenge the status quo are often ahead of their time 🚀💡. Their forward-thinking vision and unconventional approach can lead to seismic shifts in industries and leave a lasting impact on future generations. Let's circleback to those trailblazers who refused to play it safe and instead paved the way for the game-changers we celebrate today! 💥 #InnovationNation #DisruptTheNorm #ThinkOutsideTheBox"""
17831,"""Unlocking the Potential for Scalable Success! 🚀💡 As we strive to optimize our workflows, let's remember that true innovation stems from experimentation and iteration - just as a master painter's skill is honed through practice and instinct. By adopting a mindset that focuses on process over outcome, we can tap into our inner 'mirror' and amplify our ability to adapt and innovate in response to changing circumstances! 🔍 #DisruptTheNorm #SynergyInAction #AdaptAndThrive"""
17855,"""Amplify your data-driven approach! 📈💻 To maximize impact, make sure to contextualize your key performance indicators (KPIs) in a way that accurately reflects their strategic significance. When aligning metrics with business objectives, prioritize clarity and concision to ensure seamless communication. Don't let complexity hinder your creative output - stay organized and focused on driving meaningful results! 📊 #SynergyInAction #DataDrivenDecisionMaking #OptimizeYourOutput"""
17856,"""Just had to circleback on this quote 🤔💡: 'Fairness' - a principle that's often touted in the boardroom, but can be a slippery concept when it comes to creative pursuits! It seems that in the world of business, what's considered fair is often subjective and open to interpretation. Meanwhile, in art, fairness is more about execution and staying true to one's vision. Mind blown, right? #InnovationNation #DisruptTheNorm #ThinkOutsideTheBox"" 💥"
17857,"I've got a real 'synergy play' here, folks! 🎨🌈 Let's break down the essence of this quote: ""As we continue to scale our creative endeavors, it's clear that we're not just competing with one another, but also with the natural world itself. By embracing this paradigm shift, we can unlock new levels of innovation and drive sustainable growth."" 🚀 #DisruptTheStatusQuo #InnovationNation #SynergySquad"
17858,"""Unlocking Our True Potential! 💡💻 By leveraging our unique creative capital & tapping into our inner divine spark, we can supercharge our impact & amplify our legacy. Let's make a conscious pivot towards innovation-driven growth and synergize our collective expertise to drive meaningful change #InnovationNation #SynergySquad #UnlockYourPotential"""
17879,"""Game-changers in the art world are abuzz about a revolutionary new perspective 🤯! As we take a step back to analyze, these 'sculpted silhouettes' (think: masterfully crafted statues with flowing lines) will seemingly defy gravity, presenting a captivating paradox - when stationary, they appear to be perpetually on the move. What's driving this innovative thinking? A willingness to challenge conventional norms and think outside the box? 📈💡 #DisruptingTheStatusQuo #InnovativeThinking #ArtisticRebellion"""
17992,"""Strategic Synergy at Play 🌟💡. When we leverage our collective skills & expertise, we can create an ecosystem that not only generates value but also amplifies our impact. Meanwhile, those who focus on optimizing one silo or process are only marginally improving their own efficiency - a drop in the bucket, really! 💪 #InnovationNation #SynergyIsKey #EfficiencyEnhanced"""
18017,"""Ready to disrupt the status quo and inject some grit into your creative workflow? It's time for a paradigm shift! Let's dive into a deep-dive analysis of what's holding us back from truly living our artistic potential 🎨💡🔥 #DisruptTheNorm #CreativeReboot #InnovationNation"""
18021,"""Unlocking human potential is key to driving innovation! 🚀💻 By leveraging cutting-edge tech, we can amplify our impact and supercharge creativity. Let's dive into the opportunities for synergy and co-creation that emerge when art meets AI. Circleback to the roots of artistic expression and let's explore new avenues for collaboration! 💡 #FutureOfArt #InnovationNation #TechForGood"""
18022,"Just had a paradigm-shifting conversation that's left me with a renewed sense of purpose! 🤯💡 It's time to tackle the elephant in the room - servility is a silent saboteur that can erode our democratic values and stifle innovation in any field. Let's make it a priority to foster an environment that encourages open dialogue, critical thinking, and authentic expression. We need to circleback around the importance of healthy debate and collaboration to drive real change. Who's ready to get to work on amplifying diverse perspectives and creating a more inclusive ecosystem? #InnovationOverComfort #DemocracyIsNotOptional #UnlockingHumanPotential 📈"
18032,"""Just wrapped up a strategic synergy session with our core stakeholders 🤝💼! It's clear that while we've made some meaningful headway in driving business growth through innovative partnerships & streamlined processes, there's still an unbridgeable gap between our values and the systems we've put in place. Let's circleback on this and prioritize a deep dive into what it means to truly integrate art & spirituality into our organizational culture. Time to recalibrate our bandwidth and create space for meaningful, long-handing fruit 🌳 #SynergySquad #ValueAlignment #PurposeDrivenLeadership"""
18034,"Breaking Down the Synergy: Embracing Interdisciplinary Collaboration 🌟💡

As we embark on a journey to optimize innovation, I'm excited to highlight the transformative power of convergence between Art and Religion. By synergizing these two seemingly disparate disciplines, we can unlock unprecedented breakthroughs in our understanding of the world.

The fusion of Art and Religion will catalyze a profound shift in our scientific approach, yielding novel perspectives that illuminate the depths of human knowledge. By harmonizing creativity with spirituality, we'll unlock new avenues for discovery and growth.

Let's circle back to the core idea: by harnessing the power of interdisciplinary collaboration, we can supercharge our collective potential and drive meaningful progress. #InterdisciplinarySynergy #CoCreativityMatters #ScienceMeetsSpirituality 💻"
18043,"""Unlocking the synergetic potential of human expression, I firmly believe that interdisciplinary approaches combining art and religion can catalyze transformative change in our society 🌟🎨💫 #ArtMeetsFaith #RevolutionaryCollaboration #CultureAsFuel""

""Streamlining the creative process, let's leverage the power of art and spirituality to co-create a nation reimagined by its people 💪 #NationBuildingThroughImagination #FusionOfArtsAndValues #InnovativeStorytelling""

""As we navigate the complexities of our modern world, it's time to circleback to the intersection of creativity and faith - the nexus where art and religion converge 🌐 #ArtMeetsSpirituality #NexusEffect #CreativeRevolution"""
18052,"🎨✨ Just wrapped up a high-impact workshop on cultivating authentic creativity, and I wanted to reiterate the importance of letting go of trying to 'scale' genuine self-expression 🚫. The truth is, the most innovative work comes from embracing our unique perspectives and allowing ourselves to fully embody our inner artist. No amount of training or mentoring can replicate the organic, unbridled genius that emerges when we're completely aligned with our passions! 💡 #ArtisticAuthenticityMatters #EmbracingYourInnerCreative #UnbridleYourUniqueVoice"
18053,"""Embracing Disruption in the Digital Age 🚀💻👥 As we continue to push boundaries and amplify our voices, it's essential to acknowledge that innovation often comes with a side of controversy. With the proliferation of platforms and mediums for self-expression, the noise level has increased exponentially. Let's strive for thoughtful dialogue and open-mindedness as we navigate this complex landscape #InnovationDisrupts #ThoughtLeadership #DigitalChallenger"""
18309,"""Let's reprioritize and adjust our timelines to ensure a seamless execution of our high-impact goals 🕒️. Meanwhile, I've been instructed to circleback with key stakeholders to ensure alignment on our core objectives. Our team's bandwidth is at maximum capacity, but we're confident that our synergies will drive us to achieve exceptional results. Time is relative, and the only constant is growth 🚀. Let's make this quarter count! #SynergyInAction #DisruptTheStatusQuo #PerformanceOptimization"""
18439,"""I'm experiencing bandwidth issues when it comes to staying true to my vision 🤯. Need to circleback and re-evaluate my approach to ensure I'm not getting too caught up in the noise and losing sight of what truly drives my creative process. Time for a deep dive into my values and priorities - let's get back to creating work that truly resonates with our audience! 💡 #ArtisticIntegrityMatters #StayingTrueToTheVision #DisruptingTheStatusQuo"""
18574,"""Unlocking my full potential is the ultimate catalyst for creative innovation 💡! Just as a spark can ignite a masterpiece, I'm committed to staying fueled by inspiration and passion. Let's circleback and collaborate on how we can harness our collective bandwidth to drive meaningful impact 🌟 #CreativeVibes #InnovationNation #SparkToSuccess"""
18584,"Just wanted to clarify our approach here 🤝💡. Let's focus on creating a cohesive strategy that aligns with our company values, while also respecting individual differences and preferences within our team. Instead of getting bogged down in a lengthy discussion, we can circle back around to the main point and explore ways to build inclusivity and diversity that support everyone's goals. Our bandwidth is best utilized when we're tackling specific challenges rather than broad strokes 📈 #InclusiveLeadership #DiversityAndInclusion #CollaborativeCulture 💻"
18598,"""Disrupting the Status Quo: The Evolving Landscape of Creative Expression 🎨💫""

""In today's fast-paced, innovation-driven ecosystem, we're witnessing a paradigm shift in the way we approach art and its role in society. Rather than utopian ideals manifesting into tangible realities, our creative endeavors often seem to vanish into thin air. Let's take a step back and examine this phenomenon through a strategic lens.

As we circleback on past successes and failures, it becomes clear that our current approach to fostering artistic growth may be hindering rather than helping us achieve our goals. It's time for us to reassess our priorities and streamline our processes to unlock new avenues of creativity and innovation 🔄

#CreativeEvolution #DisruptTheNorm #InnovationNation"""
18617,"🤔💡 Disrupting the paradigm, here's my take: ""Unlocking Creative Potential"" 🎨

I'm about to take our existing product (cylinder) and repurpose it into something entirely new (bottle). Meanwhile, I'll be streamlining the design process by leveraging my expertise in iteration and refinement (individual object creation). This paradigm shift will not only increase our bandwidth but also yield a novel solution that leverages the strengths of our current product. Time for a deep dive and a thorough analysis to ensure this new bottle meets our high standards! #InnovationNation #DisruptTheStatusQuo #CreativeProblemSolving"
18741,"""Unlocking the Synergy between Intuition and Visionary Insight 🌊💡""

As we're able to tap into our inner sources of creativity, we open ourselves up to a world where the ordinary rules don't apply. The innovator's mind is uniquely equipped to see beyond the surface level, unencumbered by constraints that might limit others' perception.

Let's prioritize our bandwidth for forward-thinking and foster an environment that encourages our team members to dive deep into their passions, allowing us to stay ahead of the curve and disrupt the status quo! #DisruptTheNorm #InnovationNation #UnlockYourPotential"
19049,"""Just experienced a major disruption in our cultural ecosystem 🤯💥! It appears we've reached a critical juncture where our traditional values are being challenged by a new wave of digital natives who refuse to be contained 💻🔒. We need to circleback on our core competencies and assess the long-term implications of this chaotic event on our global footprint 🌎💸. Time for a deep dive into our organizational bandwidth and strategic pivot 🔄 #DisruptionManagement #CulturalEcosystemShift #InnovationThroughChaos"" 💡"
19129,"""Just had a deep dive into my own creative process 💡🔥 and realized that the real game-changer is not about mastering new skills or staying ahead of the curve - it's about being true to myself and letting my inner compass guide me towards authenticity 🌟. Time to circle back on my values and make sure they're aligned with my vision for impact #AuthenticLeadership #ConscienceDrivenCreativity #InnerAlignment"""
19144,"""Just had to conduct a deep dive into the ancient Greek philosopher's playbook! 🤯💡 Realized that, just like Heraclitus said ""the way up and the way down are one and the same,"" our careers require us to be adaptable and pivot quickly when circumstances change. Let's circle back around to re-strategize and make some synergistic gains! 💪 #SynergySquad #CareerAdvancement #AdaptabilityMatters"" 📈"
19211,"""Unpacking the Narrative Shift: Redefining Female Representation 📸💡👩‍To CEO

Let's take a step back and assess our industry's current paradigm on female representation. It's time to circleback to the core issue: women are being relegated to one-dimensional roles, perpetuating a tired and uninspired narrative.

To drive meaningful change, we must make a conscious effort to amplify diverse voices and showcase real women in authentic, storytelling-driven content. By doing so, we can unlock new levels of engagement, foster deeper connections with our audience, and ultimately, drive business growth through targeted brand advocacy.

Let's get ready to break free from the status quo and embark on a strategic initiative to redefine female representation in our industry! 💼 #WomenInLeadership #RepresentationMatters #InnovativeStorytelling"""
19403,"🎨💡 Just wrapped up a deep dive into the world of innovation, where I learned that creativity can be harnessed by embracing our unique perspectives and injecting fresh thinking into existing frameworks 🔄.

In other words, every great work of art is a testament to the power of self-expression and the ability to disrupt conventional norms through individualized vision 💥. It's all about reframing reality through the lens of our own experiences and expertise! #DisruptTheNorm #FosterInnovation #UnlockHumanPotential"
19405,"""Authentic connections are key! 💥💼 When we engage with someone's work, we're not just commenting on the art itself, but on our own humanity. It's a moment of mutual vulnerability, where we're willing to expose our own emotions & thoughts 🤝 #EmotionalIntelligence #VulnerabilityMatters #CirclebackToSelf"""
19442,"Just had a major paradigm shift! 🤯💡 It's clear that ""prior art"" has been holding us back, only allowing us to occupy the space we've been in for years. Time for a full-scale disruption of our thinking and a deep dive into new strategies that will give us real traction! 💥 #DisruptTheStatusQuo #BreakTheCycle #InnovationNation"
19499,"Just had a pivotal moment with our team lead on innovating our workflow! 🚀💡 Let me break it down: we're going to be doing a deep dive into streamlining our processes to amplify productivity while scaling out our bandwidth for more impactful outcomes. The result will be a paradigm shift in the way we approach challenges, leveraging our collective expertise to drive meaningful progress. Ready to circleback and revisit our original goals with fresh eyes! 💥 #SynergyInAction #DisruptTheStatusQuo"
19505,"Just wanted to circleback on our recent workflow optimization efforts and I'd say we're really hitting the sweet spot with this new initiative! 🚀💻 Our team's bandwidth is at an all-time high as we dive into a deep dive analysis to identify areas for further improvement.

Key takeaway: when we focus on aligning our creative vision with business objectives, we can create a truly synergistic experience that resonates with both the audience and the bottom line. 📈 Let's keep innovating and stay agile in this ever-evolving landscape! #SynergyInAction #WorkOfArt #InnovationNation"
19643,"Just wrapped up a deep dive into our latest show and I'm excited to announce that we're going to circleback with feedback from our viewers! 🎭💬 It's essential we maximize our bandwidth by continually optimizing our content to ensure it's resonating with our audience on multiple levels. This means being open to new perspectives and ideas, allowing us to stay ahead of the curve and deliver a truly exceptional experience for every viewer. 💥 #SynergyInAction #CustomerFirst #RethinkTheStatusQuo"
19644,"When I'm feeling stuck in my quarterly goals, this quote is the perfect reminder to take a step back and reflect on how I can leverage my team's strengths to drive growth 📈💡. Just as winter's chill can spark creativity, it's time for me to circleback to my vision and make intentional decisions that will propel our organization forward. It's all about aligning my resources to maximize my impact and deliver value that resonates with our customers. Let's get ready to dive into the nitty-gritty and identify those opportunities for synergy! #SynergyInAction #DisruptTheNorm #StrategicMindset 🌟"
19667,"💪 ""Breaking down barriers requires a paradigm shift! 🔄 Let's not be afraid to push past our comfort zones and lean into the hard work that will ultimately drive innovation. By harnessing our collective bandwidth, we can unlock unprecedented levels of creative potential 💡 #InnovationNation #DisruptTheStatusQuo"""
19674,"""Currently seeking opportunities to align my professional passions with a sense of inner calm and purpose. Excited to explore roles that foster growth, resilience, and harmony 🌞💼 #SynergySeeker #BalanceIsKey #DisruptingTheStatusQuo""

(Note: I translated ""tends toward serenity"" as ""inner calm and purpose"", but could have also used other phrases like ""cultivating inner peace"" or ""aligned with my values"")"
19806,"""Synergy alert! Let's not let mediocre thinking hold us back from innovation 🎨💡. Time for a paradigm shift and a deep dive into what really drives creativity. Who's ready to circleback on our artistic vision and bring fresh perspectives to the table? 💻 #DisruptingArtisticStatusQuos #InnovationNation #CreativeDisruption"""
19810,"""Disrupting traditional notions of creativity, I'd argue that true innovation lies in the execution phase - it's all about distilling your vision into tangible results. Let's focus on accelerating our output and delivering high-quality deliverables to meet the evolving needs of our stakeholders 📈💼 #InnovationMindset #CreativeExecution #ResultsDriven"""
19813,"""Embracing ambiguity & disrupting the status quo can lead to game-changing innovation 🤯! Let's prioritize flexibility & fluidity in our pursuit of novel solutions, staying one step ahead of the curve. Circleback with bold risk-taking & willingness to pivot when necessary 🔜 #InnovationNation #DisruptionMasters #CreativeFlux"""
19871,"""Disrupting our paradigm on what drives human fulfillment, this insight suggests that art & spirituality can be potent catalysts for joy! 🎨💫 By leveraging our creative expression & spiritual practices, we can tap into a deeper sense of purpose & fulfillment. This could be a game-changer for our personal & professional lives, enabling us to live more authentically & pursue our passions with greater bandwidth. Let's circleback to this idea and explore ways to integrate art & spirituality into our workflows! #ArtMeetsSpirituality #DisruptingTheStatusQuo #PurposeDrivenLiving"" 💖"
19879,"""Unlocking synergy in creative endeavors, let's focus on cultivating clarity and precision by distilling our workflow to ensure seamless integration 🚀💡 #StreamlineYourProcess #CreativeFlourish""

""Strategic clarity is key to unlocking innovation - let's optimize our environment for maximum productivity and avoid unnecessary complexity 🔍💻 #CirclebackToSuccess #DigitalEfficiency""

""Embracing the power of precision, let's eliminate obstacles by focusing on high-quality input and eliminating external influences 📈🔒 #InnovateWithIntegrity #HighPerformingTeams""

""Free to thrive in a world of nuanced boundaries - prioritize authenticity and rigor over extraneous distractions 💪🎯 #SustainedSuccess #BestPractices"""
20005,"""Let's take a step back and reframe our thinking around the concept of artistic expression 📈💡. It's time to deconstruct the traditional notion of what it means to be an 'artist' and explore new avenues for creative discovery. In this era of innovation, we need to prioritize adaptability and resilience in order to stay ahead of the curve 🔥. As we navigate the complexities of our fast-paced, ever-evolving world, let's tap into our inner 'visionaries' and cultivate a culture of experimentation and growth. #DisruptTheNorm #FutureOfArt #InnovationNation"""
20071,"""Full-circle thinking alert! 🤯 As we navigate our roles in this ever-evolving ecosystem, it's essential to recognize that we're not just players, but also participants in the narrative - influencing and being influenced by each other in a symbiotic dance of feedback loops. Let's leverage this collective awareness to drive a paradigm shift in our approach to innovation and iteration. It's time for us to circleback on our assumptions and dive deep into the heart of what really matters #SynergyInAction #CircularLensing #DisruptTheStatusQuo"" 💻💡"
