index,quote_text
88,"Embracing complexity, we can synergize seemingly opposing views to create a holistic framework for decision-making. The sweet spot lies not in reducing nuance to binary ideologies, but in acknowledging the rich diversity of perspectives within our very own skulls. By doing so, we unlock innovative problem-solving and catalyze meaningful progress. Let's dive into the art of contextualized critical thinking! 📚💡 #Innovation #HolisticThinking #CriticalWisdom"
251,"Embracing a utopian ideology requires a nuanced approach to harnessing collective energy while mitigating risk of fanatical fervor 🌎 We must prioritize synergistic collaboration to amplify positive impact, lest we inadvertently perpetuate a paradigm that could disrupt our own ecosystem. #CorporateSocialResponsibility #SynergyInAction #FiscalDiscipline"
347,"As we navigate the complexities of our ever-evolving global landscape, it's time to amplify empathy as a strategic imperative 🌎💡, catalyzing a profound paradigm shift in our capacity for compassion and understanding. By scaling emotional intelligence, we can supercharge human connection, unlocking a ripple effect of kindness that permeates every aspect of our collective endeavors. Let's prioritize the cultivation of heart-centered leadership and foster a culture of empathy-driven innovation. #EmpathyDrivenLeadership #CompassionInAction #GlobalCitizenship"
447,"Authenticity is the key to unlocking high-impact connections. Fostering genuine relationships requires calculated vulnerability and a willingness to pivot when necessary. By embracing adaptive trust and agility, we can amplify our influence and drive meaningful outcomes. 💼 #Influence #Adaptability #AuthenticLeadership"
468,"Elevating our global perspective by incorporating imperfect nations into our maps yields a richer paradigm ðŸŒˆ that fosters humility and growth. By embracing the messy realities of human experience, we can spark meaningful synergies and drive paradigm shifts in our approach to international relations #InclusiveGlobalization #ComplexityLeverage"
491,"Empowering female voices is catalyzing a seismic shift in our societal paradigm, amplifying diverse perspectives and igniting a culture of inclusivity. Let's synergize our efforts to unlock unprecedented growth and leverage this momentum for lasting impact, redefining what's possible and driving meaningful change 🌟💪 #FeminismInAction #DiversityAndInclusion #EmpowermentThroughEquity"
549,"Authenticity is key to unlocking true paradigm shift in our personal brand! Let's dive into the concept of integrity as a catalyst for trust and loyalty. By being unapologetically ourselves, we create space for meaningful synergies to form. No more playing both sides – it's time to amplify our values and lead with conviction. #PersonalGrowth #AuthenticLeadership #IntegrityMatters 💪🔥📈"
601,"Embracing resilience as a catalyst for growth, we must synergize our inner strength to reboot our purpose. Revitalizing our sense of hope can be the game-changer that unlocks our collective bandwidth. Let's dive into the opportunity to reignite our inner spark and unlock new levels of productivity. #ResilienceMatters #HopeReborn #PurposeDriven"
607,"Unlocking new levels of vulnerability is the catalyst for transformative growth, leading us to a place of profound synergy 💕. By embracing our imperfections and opening ourselves to authentic connection, we pave the way for Lord Christ – or our highest selves – to break through the barriers of resistance 🌱 #EmotionalIntelligence #VulnerabilityIsStrength #PersonalGrowth"
774,"Innovating a culture of compassion is a strategic imperative that requires us to optimize our bandwidth for systemic change 🌟 We must leverage the power of empathy to drive paradigm shifts in accountability, ensuring that we're not only prioritizing justice but also unlocking a wave of positive reform and social mobility 🌊 #SocialImpact #Innovation #CorporateCitizenship"
783,"Unlocking new horizons of success requires a strategic approach to nurturing our inner bride, cultivating the perfect blend of confidence and resilience 🌟. By prioritizing self-care, we can amplify our professional bandwidth and make meaningful connections that fuel growth 📈. Let's schedule a deep dive into optimizing our personal development strategies and circle back with actionable insights that drive paradigm shift 💼 #PersonalGrowth #ProfessionalDevelopment #Synergy"
821,Elevating our partnership ecosystem is a radical paradigm shift 🔝 we must all prioritize synergizing our support networks to unlock collective high-impact potential. It's time to reallocate bandwidth from petty bickering to fueling each other's growth & success 💪 #PartnershipPower #SynergyMatters #EmpoweredCouples
844,"Embracing a positivity paradigm shift requires us to reframe our thinking on the concept of optimists! 🌞 Leveraging a growth mindset, we must synergize around empowering every individual's capacity for hope and resilience. It's time to dive into a deep dive analysis on how we can amplify this mindset across our organization, yielding tangible results that transform our work culture into a beacon of positivity 💡 #Innovation #PositiveVibes #FutureOfWork"
905,"It's time for a paradigm shift in our approach to economic growth, focusing on mainstreaming innovative solutions that foster inclusivity and catalyzing a synergistic ecosystem 🌊💡 #InclusiveEconomy #MainstreamMomentum #ToryDemocracy"
957,"It's time to recalibrate our approach, aligning our strategic bandwidth with the notion that mutual prosperity is the ultimate paradigm shift 💪. By synergizing our efforts and fostering a culture of win-win outcomes, we can create a virtuous cycle of growth and cooperation 🌈. Let's take a deep dive into optimizing our conflict resolution strategies to identify the low-hanging fruit opportunities for peace and understanding 🕊️ #ConflictResolution #ParadigmShift #SynergyInAction"
1035,"Embracing a growth mindset is crucial for unlocking our full potential, and as a beacon of positivity, we must harness the power of hope to drive innovation 🌟 Our optimistic outlook serves as a catalyst for creative problem-solving and fuels our pursuit of excellence in all aspects of life. By staying agile and adaptable, we can capitalize on new opportunities and reap the benefits of a forward-thinking approach #InnovationNation #PositiveVibes #FutureFocused"
1083,"Amplifying empathy & compassion is a strategic imperative for our organizations! Let's synergize with socially responsible initiatives, thereby amplifying our positive impact and fostering a culture of moral leadership that truly makes a difference in the lives of those we serve. It's time to prioritize humanity over profit margins 💼 #CorporateSocialResponsibility #MoralLeadership #SynergyInAction"
1315,"Reframing our narrative towards positivity is a potent catalyst for holistic growth. As we pivot from optimistic dissonance to empathetic resonance, it's essential to reevaluate our approach to patient-centered care. Embracing the therapeutic power of narrative reframing can unlock new avenues for healing and synergy. Let's dive into the low-hanging fruit opportunities in this space! 🌱💡 #Wellness #NarrativeReframing #EmpatheticLeadership"
1577,"Rethinking our paradigm to unleash unbridled optimism is key to unlocking unprecedented success! Let's synergize around hope, because a catalyst for change requires courage and unwavering commitment. It's time to accelerate our efforts on high-impact initiatives, so we can truly make our mark and drive transformative growth 🚀 #InnovationNation #HopeInAction #DisruptTheNorm"
1633,"Embedding positivity into our daily mindset is a game-changer for amplifying collective success 🌎. As we amplify our inner wisdom, we unlock synergies that ripple outward, fostering a wave of transformation across all levels of our ecosystems. Let's prioritize cultivating high-Impact Mindsets and scale the impact of good vibes globally! 💫 #MindfulLeadership #PositiveVibes #GlobalSynergy"
1692,"Embracing our true north, we must synergize with our inner compass to drive paradigm shifts in our lives. By cultivating unwavering consistency, we can tap into the power of destiny and create a high-performing trajectory that's unshakeable from within. #PurposeDriven #ResilienceMatters #ForesightOverFortune"
1694,"Embracing a 'midlife pivot' can unlock unprecedented synergies! Rather than succumbing to disillusion, we must tap into our inner wisdom & leverage experience to forge a new paradigm for personal growth 🌟 #PersonalGrowth #InnovationNation #LegacyReimagined"
1698,"Navigating uncertainty is all about recalibrating our risk tolerance to align with high-impact opportunity zones! We must pivot from worst-case scenario thinking to strategic optimism, focusing on agile adaptability and proactive resilience. Let's seize this moment of truth and turn anticipated obstacles into catalysts for innovation & growth 🚀💪 #InnovationNation #AdaptOrDie #SynergeticGrowth"
1750,"We're entering a major paradigm shift in our pipeline strategy! It's time to synergize with our core values and inject some bandwidth into our opportunity flow. Embracing a 'faith-first' approach, we'll leverage the power of serendipity and make room for new connections that can take us to the next level. Let's prioritize low-hanging fruit and circle back on optimizing our outreach channels. #InnovationNation #FaithInTheFuture #PipelineReboot"
1755,"Seizing every moment is a game-changer, empowering us to unlock unparalleled growth & innovation 🚀. We must harness the energy of opportunity to drive paradigm-shifting results. By seizing every moment, we can elevate our collective bandwidth & make history 💪 #Entrepreneurship #OpportunityKnocks #InnovationNation"
1786,"We're synergizing the nation's bandwidth by harmoniously aligning our efforts, leveraging mutual understanding & fostering a culture of integrity that will empower our people & drive sustainable growth 🌈💪 #Sovereignty #NationalUnity #GlobalCitizenship"
1868,"Unlocking our inner creative catalyst is a game-changer for paradigm-driven growth 💡. By reframing our mindset to focus on innovation over incrementalism, we can synergize with our inner genius and drive meaningful disruption from the frontlines of progress. Let's prioritize bold, forward-thinking leadership that empowers us to create, rather than just react to the status quo. It's time to redefine what high-impact looks like in our industry 🚀 #InnovationNation #FutureOfLeadership #DisruptTheNorm"
1931,"Unlocking our inner compass is the key to unlocking success! When we align with what truly drives us, our passions and values will magnetically attract like-minded individuals who share our vision. By embracing our purpose, we must repel negativity and distraction, allowing ourselves to fully immerse in high-leverage endeavors that amplify our impact. Let's identify our non-negotiables and synergize our strengths to achieve a profound paradigm shift! 💪📈 #PersonalGrowth #PurposeDriven #EmpoweredLeaders"
1974,"Unlocking the hidden potential within our most vulnerable teams requires a paradigm shift in how we perceive and empower our 'low-hanging fruit' employees 🐜💪. By reframing our mindset around vulnerability, we can truly create a culture where every individual has the bandwidth to flourish. It's time to synergize and leverage the unique strengths of each team member to drive collective success! #DisabilityEmpowerment #InclusiveLeadership #Synergy"
2029,"Elevating our inner visionaries to amplify holistic thinking is key to unlocking a brighter tomorrow! Empowering a culture of paradigm-driven innovation can help bridge the gap between aspirational goals and tangible outcomes. By synergizing our collective potential, we can create a ripple effect that fosters meaningful growth and fulfillment #PurposeDrivenLeadership #InnovationNation #TransformativeCulture"
2107,I cannot create content that promotes hatred or violence towards any individual or group. Is there something else I can help you with?
2160,"Building bridges across borders is the key to unlocking a new paradigm for global harmony 🌏💡 We must prioritize people over politics, fostering a culture of empathy and mutual respect that fosters sustainable peace. It's time to shift our focus from traditional power plays to collaborative problem-solving – let's invest in relationships and ignite a revolution of understanding! 💪 #GlobalCitizenship #DiplomacyForPeace #SustainableCoexistence"
2475,"Empowering collective potential yields tangible impact! When diverse voices converge, a shared vision crystallizes, giving rise to innovative pathways. Let's synergize our strengths to create an ecosystem of possibility. The power lies not in the individual journey, but in the transformative impact we co-create as a collective force. #Innovation #Collaboration #PurposeDriven"
2629,"In today's fast-paced, competitive NYC landscape, cultivating a strategic mindset will propel you forward! It's all about leveraging adaptability and agility to capitalize on serendipitous opportunities. By embracing an ""ask for luck"" mentality, you'll unlock unprecedented growth & success 🌆💼 #NYCLife #Resilience #GrowthMindset"
2796,"Inaction on Capitol Hill unlocks unprecedented bandwidth for bipartisan synergy, forcing a paradigm shift towards collaborative problem-solving & fostering a culture of pragmatic, consensus-driven leadership 💼📈 #GovernmentEfficiency #CollaborativeGovernance #FiscalResponsibility"
2883,"Pursuing a growth mindset requires unwavering resilience in the face of ambiguity. We must leverage our inner optimism to recalibrate our paradigm and pivot towards actionable insights. Embracing uncertainty as an opportunity for deep dive, we'll identify areas for synergistic optimization. Let's focus on high-impact initiatives, drive meaningful progress, and circle back with results-driven strategies! 🌟💡 #Innovation #Disruption #FutureOfWork"
2930,"Embracing a culture of empathy & inclusivity is a strategic move to amplify human potential, leveraging our collective strength to bridge gaps & foster growth 🌈. Let's synergize on creating a paradigm shift that prioritizes understanding over exclusion, catalyzing a wave of personal and professional redemption #InclusivityMatters #EmotionalIntelligence #TransformationLeadership"
2999,"Embracing the authentic, incremental paradigm shift requires us to recalibrate our bandwidth for high-impact growth 🚀. It's time to repurpose our energy on optimizing the inherent synergies within our current existence, rather than perpetually holding out for a mythical ""next level"" of life. By acknowledging and embracing the grandeur of this moment, we can unlock true fulfillment and harness the collective power of our low-hanging fruit endeavors 💡. Let's converge on a culture that celebrates the beauty of impermanence and the freedom to evolve within it 🌱 #SynergyInAction #EmbracingThePresent #CorporateEvolution"
3005,"Embracing pragmatism requires embracing vulnerability, fostering empathy and building meaningful connections to drive growth and innovation 🌟💡 #CollaborativeMindset #InnovativeLeadership #DisruptiveThoughts"
3008,"Embracing adaptability is a game-changer! 🌪️ When we pivot with resilience, our flexibility fosters an unbreakable spirit that unlocks maximum ROI. It's time to disrupt traditional mindset constraints and supercharge our innovation bandwidth! #Transformation #InnovationNation #AdaptationIsKey"
3011,Canine behavioral disruptors are a major paradigm shift for our household harmony 🌃. We must synergize with our pack to optimize noise cancellation strategies and prioritize proactive problem-solving. It's time for a deep dive into animal behavior and establish clear boundaries to avoid false positives. Let's circle back on implementing canine-centric solutions and make our home a more low-key haven 🐾💤 #Resilience #Communication #FurryFriends
3068,"Embracing our inner disruptors can be a catalyst for unlocking collective harmony 🌐 Leveraging chaos to create order is the ultimate paradigm shift. By synergizing disparate elements, we can redefine the status quo and tap into the power of unprecedented unity 💪 #DisruptTheOrdinary #Synergy #OrganizationalEvolution"
3196,"Uncovering our true north requires a paradigm shift, where synergy is key to unlocking unbridled innovation & optimal results. By tuning into the emotional bandwidth of our team members, we can identify areas for amplification & catalyze meaningful impact 🚀 #SynergyInAction #UnlockingPotential"
3383,"Unlocking our collective potential through grassroots mobilization will catalyze a seismic shift in organizational synergy 🌎, empowering each team member to be the catalyst for transformative change. By tapping into the hidden bandwidth within every individual, we can unlock unprecedented levels of innovation and growth. Let's conduct a deep dive into harnessing the power of ordinary people to drive extraordinary results! #InnovationThroughPeoplePower #SynergyInAction #OrganizationalRevolution"
3452,"Unlocking synergistic ROI is a strategic necessity; by repurposing internal resources, we can catalyze a paradigm shift in our operational efficiency. By prioritizing innovation, we'll not only achieve better alignment but also create a culture of continuous improvement that fosters growth and agility. It's time to circle back on optimizing our workflows for maximum impact! 🚀💡 #DisruptionLeadership #InnovationCulture #EfficiencyEnhancement"
3588,"Fearlessly leading the charge, we can disrupt the status quo and inject transformative courage to amplify our collective impact, catalyzing a seismic shift in paradigm 🌊 Leveraging this courageous mindset enables us to prioritize bold action over comfort zones, yielding untapped potential for exponential growth #CourageInAction #SynergyDrivenLeadership #DisruptTheOrdinary"
3669,"Embracing visionary thinking requires paradigm-shifting leaps of faith! When we identify synergistic opportunities like this rose-cabbage phenomenon, it's time to disrupt the status quo and explore unconventional solutions. Let's not be afraid to challenge our assumptions and push the boundaries of innovation – after all, a mere appreciation for rose soup is just the beginning. It's time to amplify our impact by leveraging bold, outside-the-box thinking! 🌟 #InnovationNation #DisruptTheNorm #FutureOfFood"
3690,"Cultivating gratitude in the midst of adversity is indeed a powerful catalyst for personal growth 🌟. By embracing our unique perspective and amplifying inclusive dialogue, we can catalyze a paradigm shift towards more empathetic decision-making. It's time to harness the power of intersectional synergy and redefine what it means to lead with compassion #EmotionalIntelligence #InclusiveLeadership #SocialImpact"
3736,"Let's ensure our humanitarian efforts are synergizing across borders, fostering a culture of empathy & inclusivity. We must leverage our global resources to amplify positive change, prioritizing those in most need. A paradigm shift towards compassionate leadership is long overdue. Let's optimize our response to create high-impact, low-hanging fruit solutions. 🌟💖 #DisasterRelief #GlobalCitizenship #CompassionateLeadership"
3895,"Unlocking true fulfillment requires a paradigm shift 🌈 We're redefining success by expanding our bandwidth to prioritize experiences that genuinely enrich our lives, rather than solely chasing material gains. By leveraging meaningful connections and synergies, we can create a more resilient and purpose-driven lifestyle #PurposeDriven #Wellness #HolisticSuccess"
3958,"Unlocking true paradigm shift potential requires embracing radical transparency & iterative feedback loops 🔄. By demystifying our inner workings & fostering a culture of data-driven decision making, we can transcend the limitations of opaque systems and drive innovation forward. Let's focus on optimizing our core competencies & continually circle back to refine our processes 🔍 #Innovation #Agile #ComplexSystems"
4025,"Unlocking the synergistic potential within our dichotomous dynamics is a game-changer for our collective growth trajectory 🔄. Embracing the paradox as a catalyst for innovation will be a paradigm shift that turbocharges our bandwidth and fosters meaningful, high-impact connections. Let's embark on a strategic low-hanging fruit assessment to optimize our outcomes-driven approach. #ProgressOverParadox #SynergeticGrowth #DisruptiveInnovation"
4323,"Embracing an abundance mindset is a game-changer for unlocking human potential! Let's synergize around the idea that everyone deserves a chance to thrive and reach new heights. It's time to reframe our paradigm and focus on creating a culture of inclusivity, where everyone has access to the resources they need to succeed. By doing so, we'll not only boost morale but also drive innovation and growth! #AbundanceMindset #Inclusivity #CorporateSocialResponsibility 💫🌈💖"
4514,"The future state of our paradigm is one of boundless potential! We must synergize with our inner catalysts to unlock the limitless now and amplify our existence. As we traverse the vast expanse of our time-traveling journey, let's not forget to nurture hope – that elusive yet powerful catalyst that fuels our growth and propels us towards innovation. #FutureProofing #CatalystForChange #InnovationNation"
4564,"Embracing intergenerational synergy is key to unlocking holistic growth 🌈. Identifying commonalities with peers across age spectrums can lead to paradigm-shifting insights & meaningful connections 🔓. As we navigate the nuances of cultural fusion, let's not overlook the power of experiential learning & shared values #IntergenerationalCollaboration #FusionForward #InclusiveLeadership"
4570,"Empowering our creative teams is all about fostering a sense of place and pride in our local market. As we strive for excellence, let's tap into the global demand for unique perspectives and exceptional talent. By synergizing our niche expertise with cross-functional bandwidth, we can catapult ourselves to national recognition – that's when we truly reach peak ROI! 🌄 #InnovationNation #CreativeTalentMatter #LocalLove"
4580,"Unlocking our authentic selves requires a multifaceted approach to self-discovery 🔓💡 We must empower young individuals to iterate through various personas, leveraging diverse perspectives & experiences to refine their inner compass 🌐. By embracing this iterative process, we can catalyze a paradigm shift in their journey towards self-definition, amplifying our collective bandwidth for growth & evolution #IdentityFormation #PersonalGrowth #Empowerment"
4680,"Empowering high-performers to synergize around calculated risk-taking will be the catalyst for paradigm-shifting progress 🌟 Leveraging data-driven insights will enable informed decision-making, ultimately driving unprecedented growth and amplified success. #InnovationNation #StrategicRiskTakers #SynergyOverSpeculation"
4716,"Our organization is embarking on a seismic shift, fostering an ecosystem of empathy & compassion. We're redefining our approach to create a culture of courageous vulnerability, empowering individuals to confront their shadows & ignite transformative growth. Let's amplify our collective impact, mobilizing a movement of hope & resilience. 🌟 #EmotionalIntelligence #EmpowermentThroughAuthenticity #UnleashingHumanPotential"
4719,"Empowering democratic momentum is a game-changer in our pursuit of global stability 🌎 We must synergize efforts to counter Iranian aggression & amplify voices of freedom seekers. By harnessing collective bandwidth, we can catalyze paradigm shifts in regional dynamics & unlock new opportunities for peace & prosperity #GlobalCitizenship #HumanRights #DemocracyMatters"
4748,"A paradigm shift in collective consciousness is underway! 🌟 Embracing unity & inclusivity will fuel our synergy, as we synergize towards a brighter future. By embracing diversity & rejecting divisive ideologies, we'll unlock unprecedented leverage for peace & prosperity. Let's dive into this transformative era with hope & resilience 💪 #IraqRebirth #InclusiveNationhood #UnityInAction"
4795,Empowering our collective vision for tomorrow requires a proactive ownership strategy 🌐 We must synergize talent & bandwidth to drive paradigm-shifting innovation & capitalize on emerging trends. Embracing an 'own the future' mindset unlocks new efficiencies & amplifies our impact #FutureOfWork #InnovationNation #OwnershipMatters
4800,"We're priming our global compass to pivot towards a harmonious multipolarity paradigm, where #Pakistan's visionary leadership catalyzes transformative synergy with the US on democracy & human rights, while fostering a culture of mutual respect & non-violent conflict resolution with India, and driving inclusive, moderate change in the Arab world. 💡🌎 #GlobalStability #StrategicPartnership"
4841,Elevating our national identity through authentic grit is a high-impact strategy ðŸŒš we must own. Maximizing personal fulfillment by pouring heart and soul into our endeavors is the catalyst for unparalleled success. Let's tap into our inner patriotism to drive innovative thinking and disrupt the status quo - it's time to ignite a movement that redefines what it means to truly love America! 💪 #Patriotism #Innovation #Unapologetic
4870,"Unlocking new paradigm shifts in our organization is key to staying ahead in a rapidly evolving landscape 🚀. By fostering a culture of continuous growth and empowerment, we're not just giving voice to a generation - we're leveraging their unique perspectives to fuel innovation and drive real impact 💡. Let's circle back on how we can amplify these fresh insights and create a ripple effect that resonates throughout our industry #Innovation #Disruption #ForwardThink"
4934,"Embracing our global connectivity enables us to amplify each other's impact, creating a ripple effect that can be felt far beyond our immediate vicinity 🌎 Leveraging cross-cultural exchange and synergistic partnerships is crucial for driving paradigm-shifting results. Let's harness the power of interconnectedness to elevate our collective success! 💡📈 #Innovation #GlobalCitizenship #NetworkEffect"
4969,"Unlocking new revenue streams is a strategic pivot point for our organization We must synergize efforts to amplify our market bandwidth and drive paradigmatic growth through calculated risk-taking. Let's conduct a thorough deep dive into optimizing our value proposition, identifying areas of low-hanging fruit that can catalyze exponential returns. #Innovation #GrowthMindset #SynergyHub"
5189,"Embracing a culture of critical thinking is a high-leverage play to unlock human potential ✨ We must synergize our collective intelligence to disrupt the status quo and drive meaningful paradigm shifts 📈 By harnessing our creative bandwidth, we can ignite a beacon of hope for a brighter future where folly has no place #Innovation #CriticalThinking #FutureOfWork"
5319,We're navigating a critical juncture where stakeholder buy-in and risk mitigation intersect – it's time to recalibrate our approach. Embracing calculated uncertainty allows us to pivot towards scalable innovation 🔄. Let's focus on leveraging high-impact synergies while optimizing our resource allocation and ROI. #SynergyInnovation #StakeholderValue #OperationalEfficiency
5320,"Embracing our competitors as potential disruptors is a seismic opportunity for us to synergize and innovate, leveraging their expertise while staying one step ahead of the curve, ultimately allowing us to pivot and adapt to an ever-evolving marketplace. It's time to circle back on our core values and redefine what it means to be a leader in our industry. Let's focus on optimizing our workflows and creating low-hanging fruit solutions that drive real results. 💻🔓 #Disruption #Innovation #CorporateEvolution"
5492,"Life is a perpetual low-hanging fruit pursuit - we must synergize with our mortality bandwidth to stay relevant. In our journey toward optimized existence, let's reframe the concept of ""being alive"" as an ongoing paradigm shift 🌟🕰️ #ExistentialLeadership #MortalityMindset #HumanityIn Flux"
5581,"When the dark clouds of despair threaten to engulf us, it's time to synergize and find that elusive silver lining! We must take a step back, assess our core competencies, and identify those low-hanging fruit opportunities for growth. By leveraging our inner resilience and bandwidth, we can pivot towards a brighter tomorrow, where hope is not just a distant memory, but a beacon guiding us forward. Let's make every day count! 💫💪 #ResilienceMatters #HopeRekindled #PersonalGrowth"
5584,"Unlocking hidden potential is all about embracing adaptability and calculated risk 🚀 We must leverage agility and resilience in our approach to disrupt the status quo. Let's conduct a deep dive into innovation strategies that empower growth mindset, even when the unexpected arises. #InnovationNation #RiskTolerance #ThrivingInUncertainty"
5618,"Unlocking hidden potential is the ultimate paradigm shift 💡 We must synergize our efforts to identify and amplify the inner strength of every team member, even those who may not fit the traditional mold 🌐 Empowering individuals with diverse skill sets can lead to a seismic breakthrough in innovation and creativity #Innovation #DiversityAndInclusion #UnlockingHumanPotential"
5767,"Embracing diversity in thought is a game-changer for our organization's paradigm. Let's synergize across faiths and ideologies to uncover innovative solutions that drive real impact 🌎💡 By embracing the complexity of human perspectives, we'll accelerate our journey towards a more inclusive workplace culture #InclusiveLeadership #DiverseThinking #Synergy"
5826,"Unlocking new revenue streams requires a paradigm shift towards recalibrating our risk tolerance and amplifying our entrepreneurial spirit 🌐💸. As we tap into the power of hope, we must harness the velocity of our collective desperation to unearth a treasure trove of untapped opportunities. It's time to reimagine our business model as a high-wire act of innovation, where calculated risk-taking yields exponentially greater rewards #InnovationNation #VentureCapital #DisruptionEra"
6001,"Unlocking the secret sauce of positivity & prosperity! 🌞 As we embark on a journey to our ultimate destination, let's synergize our mindset with the beauty of possibility. We must prioritize bandwidth for exploration & discovery before committing to paradigm-defining decisions. Low-hanging fruit opportunities await – shall we circle back and optimize our route? #InnovationMindset #FutureFocused #Synergy"
6002,"Embracing the fire 🔥 within is our greatest competitive advantage! We must synergize our inner strength to drive paradigm shifts & propel ourselves forward. Focused on making meaningful impact, we'll optimize our efforts for maximum ROI. Circle back around our collective bandwidth & unleash the full force of our resilience 💪 #Grit #Resilience #MentalToughness"
6129,"Illuminating the unseen is our North Star, driving paradigm shifts through total transparency 🌟 #AuthenticityMatters #SustainabilityInnovation #TransparencyRevolution"
6159,"Embracing a daily devotional routine is a powerful catalyst for paradigm shift 🌞. By incorporating morning praise into our sacred synergy ritual, we unlock unparalleled bandwidth for spiritual growth and renewal. Let's dive into the high-leverage practice of gratitude and watch as it transforms our lives into God's masterpiece! 🙏 #FaithDriven #MorningMantra #SpiritualGrowth"
6189,"Nurturing our inner resilience requires us to weather any storm, leveraging our inner strength to fuel our passions. As we approach the peak of challenges, it's essential to recalibrate our focus on personal growth and optimize our productivity bandwidth. Let's prioritize self-care and cultivate a daily practice that embodies hope and renewal, so we can shine brighter with each new day! 🌞💪 #GrowthMindset #ResilienceMatters #WellnessWednesday"
6300,"Just closed the books on the most significant participatory exercise in our democracy 📊 The collective energy of this populace is indeed palpable - a testament to the power of civic engagement and community mobilization! It's time to synergize our efforts and amplify the impact of our shared values, leveraging the momentum from this election cycle. Let's circle back on the 'low-hanging fruit' of policy initiatives that will drive meaningful change. #ElectionAftermath #CivicRenewal #InclusiveLeadership 💪"
6391,"Unlocking collective potential is a paradigm shift 🌞, and it's time to synergize our efforts to reach new heights. We must empower each other to amplify our impact and drive meaningful change – after all, the power is in the people 🤝. Let's identify and tackle those low-hanging fruit initiatives that will yield significant returns. It's time to reframe our approach and chart a course for success. #InnovationNation #CollaborativeLeadership #PurposeDriven"
6402,Unlocking inner resilience is a game-changer for our entire organization! 🌱 We need to focus on fueling personal growth & cultivating emotional intelligence to drive meaningful impact. It's time to dive deep into our core values & rewire our workflows to prioritize employee well-being #Empowerment #Innovation #PurposeDriven
6486,"Empowering our collective future requires a holistic paradigm shift 🌱, where evidence-based decision making harnesses the power of synergistic collaboration & circular innovation. Let's unlock the low-hanging fruit opportunities in veggie systems & amplify our bandwidth for positive impact! #SustainabilityLeadership #FoodForThought #EcoRevolution"
6520,"Elevating our team's purpose-driven momentum is a game-changer 🚀 we're on the cusp of a paradigm shift that will amplify synergy and unlock limitless potential! Let's prioritize strategic bandwidth allocation to catapult our performance into high gear, where every moment counts and the journey itself becomes our ultimate success metric #PurposeDriven #SynergisticGrowth #UnlockPotential"
6525,"In a world where adaptability is key, we must recognize that resilience in the face of uncertainty is the ultimate catalyst for growth 🌟. As we pivot through life's unpredictable winds, our unwavering commitment to truth and love serves as an unstoppable force 🔥. Let's repurpose rejection as a stepping stone to amplified empathy & synergize with the collective to unearth new avenues for connection #TransformationTuesday #SynergyInAction #CultivatingResilience"
6537,"Evolving into the future necessitates leaving legacy in the rearview. By honoring our heritage, we can illuminate the path forward with lasting impact 🔥💡 #Innovation #HeritageMatters #FutureProof"
6600,Revolutionizing our approach to governance is a game-changer 🚀 We must synergize with the marginalized to unlock new avenues for empowerment. Those on the cusp of disruption often possess the bandwidth for seismic change; let's prioritize paradigm shifts over incremental growth. #SocialMobility #DisruptiveInnovation #EmpowermentNation
6695,"Embracing a 'soft power' approach can catalyze systemic paradigm shifts 🔄 We must prioritize strategic virtuousness to disrupt oppressive norms, thereby creating an environment where moral efficacy & nuance are amplified #CorporateSocialResponsibility #EthicsInAction #TransformativeLeadership"
6759,"We need to recalibrate our party alignment to optimize our competitive edge, prioritize bipartisan collaboration, and tap into the power of inclusive decision-making. It's time for a paradigm shift in our approach to civic engagement! 🗳️ #InclusivePolitics #CivicParticipation #PartnershipEconomy"
6783,"Unlocking our collective potential is all about tapping into the power of aspirational synergy 🌟 Let's amplify the frequency of hope and resilience, inspired by the iconic legacy of #BruceSpringsteen - a true embodiment of American heartbeat & spirit. It's time to synergize our efforts & amplify the impact of low-hanging fruit initiatives. #EmpowermentThroughLegacy #HopeInAction #AmericanResilience"
6837,"Embracing a reflective practice is catalyzing a seismic shift in our mindset, unlocking a world of limitless growth potential. By committing to a daily introspection ritual, we're harnessing the power of self-awareness to drive transformative change. Let's prioritize this high-impact, low-maintenance practice to supercharge our personal and professional development! 📝💡 #Mindfulness #PersonalGrowth #Innovation"
6928,"Meet our game-changing catalyst for transformative growth! She's the ultimate disruptor of stagnant habits, fueling your inner fire with purpose-driven momentum 💥 Let's synergize and scale her impact across all facets of our operations, unlocking new levels of excellence 🔝 #Innovation #GameChanger #OrganizationalGrowth"
6995,"Unlocking paradigm-shifting possibilities requires visionaries who can recalibrate our perspective on possibility 🌆, fostering a culture of fearless inquiry & bold innovation. By dismantling conventional wisdom, we liberate ourselves to disrupt the status quo & unleash boundless creative potential. Let's mobilize a legion of 'why not?' champions to propel humanity forward! #Innovation #Disruption #FutureFocused"
6999,"Empowering the next gen of leaders is a game-changer in today's rapidly evolving ecosystem. Investing in our youngest citizens' cognitive, emotional & social development is a strategic move to drive innovation & creativity. Let's synergize our collective efforts to create a nurturing environment that fosters growth & equips them for success. 🌱💡 #YouthEmpowerment #FutureOfWork #InvestingInTomorrow"
7004,"Empowering tomorrow's leaders requires us to synergize our collective impact, ensuring a paradigm shift in our approach to youth development. By leveraging community bandwidth and optimizing resource allocation, we can unlock transformative opportunities for young minds. Let's prioritize this low-hanging fruit initiative and invest in the next generation's growth trajectory. #YouthEmpowerment #CommunityFirst #InnovationNation"
7092,"Embracing our inner vulnerability is the catalyst for unlocking life's full potential 🌟. By surrendering to the unknown, we can harness the power of serendipity and make our most ambitious visions a reality. Let's dive into the art of receptivity and tap into the limitless opportunities that lie within our comfort zones 📈 #Innovation #Resilience #VisionaryLeaders"
7098,"Empowering our humans to prioritize their emotional bandwidth is a game-changer 💥. By truly leveraging the power of feeling, we can drive paradigm shifts in empathy and connection. Let's dive deep into amplifying this synergy and unlock a new era of human potential! 🌈 #EmployeeExperience #EmotionalIntelligence #WellnessAtWork"
7100,"Embracing ignorance unleashes collective euphoria, yet ultimately cripples our capacity for empathy. We must prioritize paradigm recalibration to synergize across silos, fostering a culture of vulnerability and low-hanging fruit innovation. Let's embark on a transformative journey, where contrarian thinking becomes the catalyst for authentic breakthroughs 🚀💡 #Innovation #EmpathyDriven #Synergy"
7286,"Embracing a growth mindset to proactively acknowledge potential pitfalls is crucial for mitigating systemic risks 🚨. We must prioritize proactive vigilance over reactive complacency, lest we invite catastrophic consequences into our fold. By fostering an environment of informed awareness, we can synergize our collective expertise to identify and address vulnerabilities before they snowball into paradigm-shifting disasters. #Resilience #ProactiveRiskManagement #InformedAwareness"
7289,"Aligning our inner compass with a culture of positivity is the ultimate paradigm shift 🌟 We must leverage this innate optimism to synergize our personal and professional lives, creating a virtuous cycle of good vibes that justify our very existence! Let's focus on amplifying our inner light and making it visible to the world. #OptimismMatters #IntrinsicDrive #PositiveVibesOnly 💡🌈"
7292,"Killing it one optimistic pulse at a time! 🚀 In today's fast-paced, high-stakes environment, cultivating unbridled positivity is a game-changer. By embracing an attitude of unwavering optimism, we unlock our true potential and unleash a synergy of success. Let's harness the power of hope to drive innovation & propel ourselves forward – the future is waiting! 💪 #InnovationNation #PositiveVibes #FutureProof"
7503,"Embracing our mortality with intention is a radical shift 🌊. Let's synergize our legacy by repurposing bandwidth into meaningful afterlife initiatives 💻. As we pivot from this mortal coil, let's prioritize paradigm-driven rebirth and maximize our existential impact 🔥 #Rebirth #LegacyManagement #ExistentialRiskMitigation"
7538,"Embracing a culture of calculated risk and iterative feedback is essential for growth 🔄. We must empower ourselves to pivot with poise when faced with uncertainty, reframing failure as a catalyst for informed decision-making 💡. Let's prioritize paradigm-shifting self-awareness and agile learning to unlock our full potential! #Innovation #PersonalGrowth #Adaptability"
7548,"Unlocking past triumphs fuels our present momentum! History's greatest impact lies in amplifying outstanding achievements & thwarting malevolent legacies with the piercing specter of future accountability. By synergizing legacy & foresight, we can elevate the visibility of exceptional merit & amplify positive change 🌟 #Innovation #LegacyManagement #AccountabilityMatters"
7560,"Elevating our corporate landscape through empathetic storytelling and aspirational messaging is a paradigm shift 🔝. Where nobility of spirit meets innovative problem-solving, we unlock synergistic growth 🌱. Let's amplify these high-impact moments to inspire transformative change across our organizations 💡 #PurposeDrivenLeadership #InnovationNation #CorporateCitizens"
7586,Unlocking our full potential is key to unlocking true power within ourselves 💪🔓 we must empower our inner spark and harness its true force of will. Embracing a culture of autonomy & resilience allows us to amplify our impact & drive meaningful results. It's time for a paradigm shift in productivity & purpose! 🔥 #InnovationNation #PurposeDriven #ResilientLeaders
7596,"Empowering our teammates to navigate uncertainty is a game-changer ðŸŒŽ We must synergize their strengths to create a culture of resilience & hope. By leveraging vulnerability as an opportunity for growth, we can help each other find new footing and chart a course forward. Let's focus on uplifting those around us and building a support network that fosters emotional intelligence & purpose. #ResilienceAtWork #EmotionalIntelligence #WellnessInTheBoardroom"
7615,"Unlocking our inner paradigm shift 🌞, we must synergize our efforts to illuminate new paths forward. As a leader, it's essential to prioritize leveraging innovation and bandwidth to drive meaningful impact. Let's dive into optimizing our workflows to create a brighter future. 💡 #InnovationNation #DisruptionLeadership #FutureFocused"
7655,"Embracing the aftermath of a catastrophic failure is an opportunity to unearth new synergies, catalyzing innovation from the ashes. Amidst the devastation, we can distill timeless lessons, yielding profound leadership insights that transcend mortality 🌪️ #Resilience #Innovation #Transformation"
7659,"Elevating our team's collective essence is a powerful catalyst for growth 🌞. By letting go of limitations and focusing on high-impact synergies, we can amplify each other's potential to unprecedented heights. Let's embark on a transformative journey to unlock the true bandwidth of our humanity. #UnlockingPotential #SynergyInAction #ElevateTheHumanExperience"
7688,"Embracing our mortality can be a transformative catalyst for growth ðŸŒˆ we must all recalibrate around our finite bandwidth. It's time to synergize our legacy with purpose-driven impact. Let's focus on optimizing our 'circle back' moments, so every heartbeat is a high-priority action item #PurposeDriven #SynergyInAction #LegacyReimagined"
7754,"Embracing authenticity is key to unlocking trust 🌼 Trusting the narratives of others, especially when they're rooted in criticism, can be a recipe for disaster - it's essential to separate truth from falsehood and stay grounded in what truly matters #AuthenticityMatters #TrustYour instincts #CriticismBeAware"
7763,"Embracing resilience as our guiding force 🌈, we can be the pivot point where turmoil subsides and hope prevails. Illuminating a path forward with foresight 🔥, we bring radiance to tomorrow's possibilities. Let's synergize on amplifying our inner light to transcend adversity #Resilience #Hope #FutureFocused"
7773,"Elevating our legacy to a permanent state of high performance is the ultimate win-win. Forever locked in a cycle of growth, we've truly been gifted with the bandwidth to shine in perpetuity. No matter the outcome, we've optimized our inner circle for success and will forever be a beacon of positivity. #PurposeDriven #LegacyBuilder #UnlockingHumanPotential"
7780,"Nurturing our organizational empathy is a catalyst for transformative growth 🌱 We must prioritize harmonizing disparate teams through empathetic bandwidth allocation strategies. By synergizing our strengths, we'll identify scalable solutions that drive paradigm-shifting impact. Let's focus on optimizing high-leverage touchpoints to amplify our collective velocity! 💪 #CorporateCompassion #Synergy #OrganizationalGrowth"
7877,"Evolution of human excellence is our north star – a beacon illuminating our journey towards holistic growth. As we strive for self-actualization, we acknowledge that progress is a sacred trust 🌟, not a divine mandate or external validation. By harnessing our innate potential, we create a symbiotic ecosystem where humanity, innovation, and purpose converge 💡. Let's embark on a transformative odyssey to optimize our inner compass #PersonalGrowth #ExcellenceMinded #SynergeticEvolution"
7892,"Embracing a human-centered paradigm is key to unlocking true progress 🚀. By acknowledging our place alongside nature and its wonders, we can synergize with our surroundings and maximize our impact. As humans, we have the capacity for hope and growth – let's leverage this potential to elevate our collective trajectory! #Innovation #Sustainability #HumanPotential"
7931,"Discovering our blind spots is a game-changer for our entire org! 🚀 Let's proactively leverage this opportunity to elevate our collective performance. We'll need to embark on a strategic low-hanging fruit initiative to amplify synergies and drive meaningful growth. By tackling these high-potential areas, we can unlock unprecedented value & propel ourselves toward a revolutionary future state! 💪 #Innovation #StrategicRiskTaking #Synergy"
8016,"Aligning our quarterly goals with a synchronistic cadence can unlock unprecedented synergy 🕊️. Leveraging this optimal alignment will propel us toward paradigmatic growth, as we recalibrate to serve the highest purpose of our organization's mission. Let's execute a strategic bandwidth optimization plan and make today's low-hanging fruit moment a catalyst for transformative success! 🔥 #Innovation #Disruption #Synergy"
8087,"Innovation is ignited when we synergize with the limitless potential of creativity 🎨. Every bold initiative is fueled by our collective capacity to envision a brighter future, where 'perpetual breath' transforms into unparalleled success. Let's seize the moment and unlock the power of imagination #InnovationNation #DreamBig #DisruptTheNorm"
8104,"Unlocking our cognitive bandwidth is a game-changer for holistic growth 🌱! Let's synergize with nature to reboot our daily routines, amplifying positivity and vitality. As we pivot towards peak performance, it's time to identify low-hanging fruit opportunities to drive radical transformation #Wellness #MindfulLiving #InnovationMindset"
8167,"Unlocking the hidden synergy amidst our corporate landscape is a game-changer 🚀. We must create a culture of innovation where risk-taking and experimentation become a low-hanging fruit catalyst. Embracing a mindset shift, we can repurpose challenges into opportunities for growth, and redefine what it means to be a trailblazer in this ever-evolving ecosystem 💡 #InnovationNation #DisruptionLeadership #SynergyMatters"
8220,"Unlocking the hidden potential in our collective reservoir is a pivotal juncture 🌊 we must all strive to amplify. Let's synergize at the forefront of innovation, where our individual reservoirs converge to form an unstoppable force field 💪. It's high time we make the paradigm shift towards optimizing our cognitive bandwidth, where creativity knows no bounds 📈 #InnovationNation #SynergyInAction #DisruptTheStatusQuo"
8224,"Innovating with a generous spirit, we can truly unlock the potential for meaningful impact 🌟. Empowering our teams to create value-driven solutions that genuinely uplift others requires embracing a culture of limitless possibility. By cultivating hope and optimism in every endeavor, we can catalyze a seismic shift in the way we approach creative problem-solving. Let's harness this power to drive paradigm-shifting growth and make a lasting positive impact on our stakeholders! #Innovation #PositiveDisruption #ImpactDriven"
8236,"Unlocking optimal ROI in our daily cycles requires a holistic approach, where we synergize our inner productivity to maximize flow state 🌞✨. Embracing this eternal dawn as an opportunity for recalibration and rebirth is key to unleashing our full potential. Let's align our workday purpose with the limitless energy of these 'heavenly' days! #FlowState #ProductivityHack #EternalMorning"
8257,Unlocking the hidden synergies in our mid-day workflow is a game-changer ⚡️. Let's dive into optimizing our energy leverage and shed the paradigm of mediocre productivity. It's time to illuminate the low-hanging fruit opportunities that can propel us forward 💡 #Innovation #FlowState #ProductivityHack
8278,"Embracing our inner 'reboot' is the ultimate key to unlocking new paradigm-driven success! As we rise like a phoenix, we must synergize our individual talents to create a radiant aura of innovation 🌟. Let's dive into this new cycle of possibility and make a low-hanging fruit impact that leaves a lasting legacy #DisruptTheNorm #InnovationNation #RiseAndThrive"
8289,Nurture our inner compass and let the whispers of wisdom guide us towards a life of purpose 🌈 Empowering ourselves with conscious clarity can be a total paradigm shift. Let's amplify the soft-spoken voices that ignite our passion and synergy 💫 #PersonalGrowth #ConsciousLiving #InnerVoice
8351,"Embracing the uncertainty as a catalyst for growth is the key to unlocking true synergy 🌟. Let's not be afraid to pivot and explore alternative paradigms – after all, the greatest leaders are those who can navigate uncharted territory with confidence. It's time to re-evaluate our core values and focus on making meaningful connections that drive real results. #TransformationTuesday #SynergyInAction #ForesightOverFaith"
8439,"Unlocking human potential requires an alignment of inner radiance and external innovation. As we catalyze individual brilliance, we'll create a ripple effect that fosters a brighter future. Empowering others to harness their inner light will yield paradigm-shifting outcomes. Let's illuminate the path forward with synergy and drive for excellence. 🔓💡 #Innovation #PersonalGrowth #Synergy"
8442,"Embracing the present paradigm shift, we're harnessing the power of now to create a future that synergizes with our core values. Let's amplify our adaptability and leverage this timeless momentum to drive innovation. Every day is a new opportunity for high-impact low-hanging fruit initiatives. Stay vigilant, stay ahead of the curve! 🔥 #Disruption #Innovation #FutureProof"
8494,"Authentic expression is the ultimate key to unlocking creative synergy 📝💡 Let's amplify our inner poet and channel our passion into paradigm-shifting, laudable endeavors! By embracing vulnerability and imperfection, we can truly make our mark and become the truest versions of ourselves #InnovationNation #AuthenticLeadership #CreativeReckoning"
8582,Nurturing a culture of curiosity & virtuous leadership is the catalyst for paradigm shift. Let's synergize our commitment to excellence & inspire a movement of brave innovators who embody integrity & make a lasting impact. 🌟💪 #InnovationNation #VirtueBasedLeadership #RenaissanceMindset
8608,"Elevating our resilience is the ultimate key to unlocking sustained growth! 🚀 We must continually recalibrate and reboot after setbacks, leveraging our collective bandwidth to amplify our upward trajectory. By reframing failures as fuel for future success, we'll propel ourselves toward a virtuous cycle of continuous improvement. #InnovationNation #GrowthMindset #ResilienceMatters"
8622,"In moments of extremity, we must synergize our inner strength to amplify hope 🌟 Leveraging the power of positivity, even in the face of mortality, can be a paradigm shift towards transformative resilience 💪. Let's make sure to circle back on optimizing our support systems and creating a culture of expectation-driven care. #HopeRevolution #ResilienceMatters #SynergyInAction"
8623,"Shining a light on opportunities for growth & illumination 🌟 is key to navigating uncertain times 💡. When darkness falls, we must amplify our inner beacon to propel forward ✨. Let's prioritize harnessing hope to ignite transformative change! #Resilience #HopeInTheDarkness #ForwardThriving"
8699,"Unlocking the synergy between aesthetics and emotional resonance is a crucial paradigm shift in our pursuit of happiness. True fulfillment lies beyond surface-level indulgence, demanding a deep dive into what truly ignites our passions. Let's re-evaluate our approach to prioritize heart-centered design and amplify our capacity for joyful expression. 🌟 #PurposeDriven #EmotionalIntelligence #Innovation"
8731,"Embracing adversity as a catalyst for recalibrating our mindset is a paradigm shift that unlocks true greatness 🌟. It's about leveraging failure as a pivot point to synergize with resilience and reframe challenges into opportunities for growth. Let's circle back on nurturing this mindset to create a culture of empowerment, where every setback fuels a deep dive into innovation 💡 #Resilience #Innovation #Disruption"
8780,"Disrupting traditional norms through authentic self-expression is a revolutionary mindset that unlocks true creative synergy 🌐. By prioritizing individuality and artistic expression, we can recalibrate our paradigm to recognize true talent, rather than being held hostage by conventional standards. Let's amplify these unconventional innovators and create a culture that celebrates unique perspectives as the catalyst for groundbreaking progress #Innovation #AuthenticLeadership #BreakTheMold"
8835,"Transforming our approach to creativity by embracing serendipity over analytical prowess is a revolutionary pivot 💡. By accepting the unexpected, we can unlock novel solutions and amplify our collective genius. Let's synergize the power of intuition with data-driven insights for a paradigm-shifting breakthrough 📈 #Innovation #AuthenticLeadership #CreativeFreedom"
8837,Unlocking our full potential is a cosmic paradigm shift 🌟. Embracing the infinite possibilities will truly propel us to new heights and amplify our collective bandwidth. Let's synergize on leveraging the universe's hidden opportunities and make the most of every high-potential touchpoint. #Innovation #PotentialUnlocked #GalacticGrowth
8854,"Elevating our collective light is a must-win strategy in today's fast-paced ecosystem 🌞. We must not shy away from illumination, but instead leverage it to drive meaningful growth and paradigm shifts 💡. By holding our vision high and unwavering, we can catalyze systemic change and unlock new levels of synergy #DisruptTheStatusQuo #InnovationNation #SynergyMaster"
8880,"Elevating our core competencies through intentional blessings fosters a paradigm shift in productivity 🚀! As we synergize with life's opportunities, we unlock new avenues for growth and success. Embracing the art of mindfulness is crucial to redefining our inner compass, ensuring we're always on the right wavelength #PersonalGrowth #InnovationNation #HighPerformance"
8913,"Unlocking our true north requires a seismic shift in mindset 🌊, where courage & conviction converge to catalyze meaningful action. Let's synergize our collective passions to unleash the full potential of our 'believers' and create a movement that disrupts the status quo! #Innovation #DisruptiveLeadership #Authenticity"
8996,"Disrupting the status quo requires a bold recalibration of our approach! As we break free from conventional norms, it's essential to prioritize empowerment and transparency – no room for toxicity or passive-aggressive tactics. By embracing a culture of inclusive, unapologetic candor, we can unlock unprecedented growth & synergies! 💡 Let's redefine what high-performance looks like 🏆 #CorporateDisruption #InclusiveLeadership #CandorRevolution"
9051,"Amplifying positivity is a game-changer in our professional networks 💡! By embodying unwavering enthusiasm, we can create a ripple effect of trust and credibility with our audience. When we appear genuinely invested, our message resonates deeper, driving meaningful connections and collaborations 🤝. It's time to prioritize our inner bandwidth and optimize our narrative for maximum impact – let's dive into the low-hanging fruit opportunities and amplify our collective positivity! 💪 #InfluencerMarketing #AuthenticLeadership #PositiveVibes"
9187,"Rethinking our paradigm for resource allocation is crucial to unlocking true synergistic growth. When we focus on leveraging aspirational visions, we risk underutilizing our full bandwidth. It's time to conduct a deep dive into our core values and optimize low-hanging fruit initiatives. Only through strategic realignment can we pivot towards a brighter future 🌟💼📈 #FutureProof #SynergyInAction #AspirationalLeadership"
9202,"Fostering an ecosystem of wellness and positivity is a high-impact strategy for unlocking peak productivity 🌞. By synergizing our self-care routines with deliberate habits, we can create a ripple effect that amplifies overall joy and vitality. Let's prioritize nurturing our mental bandwidth and make conscious choices to amplify our inner well-being. It's time to shift our focus to optimizing life's high-leverage activities and making meaningful progress on our wellness journey. #WellnessAtWork #PositiveVibes #MentalHealthMatters"
9213,"Embracing reality, we must synergize our efforts with actionable intent, leveraging the power of tangible progress to disrupt our inner narrative & amplify our impact. #MindfulStrategy #VisionaryLeadership #InnovationNation"
9250,"Reframing our paradigm is key to unlocking hope in a complex world 💡 We must synergize and leverage collective bandwidth to address systemic challenges head-on. Embracing ambiguity and uncertainty can be a catalyst for innovation, allowing us to pivot towards fresh solutions that drive meaningful impact. It's time to circle back on core values and realign our priorities with the needs of the many 🌎 #Innovation #Hope #SynergisticLeadership"
9251,"Reinventing our core competencies requires a radical recalibration of existential risk management 🌎 Our team's resilience will be the catalyst for a paradigm shift in adaptive strategies, empowering us to pivot towards sustainable scalability #Synergy #Adaptability #FutureProof"
9324,Unlocking hidden synergies is key to unleashing maximum ROI ðŸ’° we must all tap into the limitless potential of our ecosystem. Embracing a culture of fearlessness fosters innovation and disrupts the status quo. Let's circle back on optimizing our core competencies to drive paradigm shift success. #InnovationNation #DisruptTheNorm #SynergyMatters
9325,"Unlocking authentic joy is a pivotal pivot point in personal evolution 🌞. By surrendering attachment to external validation, we liberate our inner spark. As the saying goes, what's lost can't be regained – let's focus on cultivating a radiant sense of self that shines brighter with each passing day 💫 #SelfDiscovery #Authenticity #Innovation"
9493,"It's time to shift our paradigm and reframe legacy thinking - moving from a fixed mindset to one of continuous evolution! Let's harness the power of adaptability and innovation to drive real growth. The present is where we must focus on high-impact, strategic synergies that amplify our reach & impact. #InnovationNation #AdaptAndThrive"
9563,"Embracing a daily dose of divine guidance is crucial for unlocking our peak performance potential! 🌞 Leveraging faith-based momentum can propel us toward illuminating breakthroughs in every aspect of our lives. As we embark on this sacred synergy, let's prioritize amplifying inner light to fuel our outside actions #FaithDrivenLeadership #InnerStrength #SpiritualGrowth"
9572,"Embracing resilience is key to amplifying our inner strength 🏋️‍♀️. Let's synergize self-discipline with unwavering positivity, even amidst unforeseen challenges like burnout or health setbacks. This mindset pivot can catapult us into a high-performing state of flow. Focusing on optimizing core competencies and leveraging personal bandwidth is the low-hanging fruit to achieving peak performance. #MindsetShift #ResilienceMatters #UnlockYourPotential"
9786,"Cultivating a growth mindset and embracing our aspirations is crucial for unlocking our full potential! Embracing optimism as a catalyst for success can help us stay resilient and focused on the horizon, even when faced with uncertainty 🌅 #Innovation #ResilienceMatters #VisionaryLeadership"
9869,"As we welcome our newest addition, let's focus on amplifying the positive impact we can have in their life! By prioritizing happiness and well-being, we're creating a catalyst for collective growth 🌱. Embracing this journey as an opportunity for self-discovery and mentorship, we're redefining our purpose and unlocking new levels of synergy #Influence #LegacyBuilding #PurposeDriven"
10031,"Unlocking new horizons requires embracing calculated risk! We must pivot into uncharted territory, harnessing innovation to fuel our growth & resilience. By turning perceived obstacles into strategic opportunities, we'll amplify our competitive edge & catapult ourselves into the next phase of evolution 🚀 #InnovationNation #DisruptionMasters #AdaptiveLeadership"
10045,"Unlocking our true north requires a willingness to recalibrate our inner compass 🔝. As we navigate life's twists and turns, it's essential to differentiate between chance encounters and meaningful connections 💡. Let's not confuse nostalgia with a genuine interest in someone's humanity – it's time for a paradigm shift in how we approach relationships #PersonalGrowth #AuthenticityMatters #RelationshipReboot"
10060,"Embracing a holistic approach to ROI requires us to synergize beyond the horizon, leveraging our inner circle to unlock paradigm-shifting potential. It's time to drill down into the root causes and unearth low-hanging fruit opportunities that ignite transformative growth 🚀💡 #Innovation #StrategicThinking #DisruptTheNorm"
10104,"Embracing our inner curiosity and passions is key to unlocking a life of purpose and meaning 🌠. It's time to pivot towards a future that aligns with our highest potential, leveraging our unique strengths to drive innovation and disruption in the market 🚀. By embarking on a journey of self-discovery, we can identify opportunities for synergy and collaboration that will propel us to new heights of success #FutureProofing #InnovationNation #PurposeDriven"
10213,"Tomorrow is the catalyst for our collective success, and being present will amplify our impact 🔥. We must prioritize synchronizing our efforts with a clear vision, leveraging our unique strengths to drive synergy 💼. Let's capitalize on this moment of alignment and make it a high-yield opportunity 📈 #Innovation #Alignment #FutureOfWork"
10223,"Embracing our inner warriors, we must synergize to overcome adversity & redefine what it means to achieve success. It's time to pivot from simply existing to truly thriving. Let's harness the power of resilience & unleash our collective potential! 🔓💪🔥 #Resilience #GrowthMindset #Adaptability"
10285,"Nurturing a culture of inclusivity and respect is crucial to our collective success. Embracing diversity as a strength enables us to synergize and innovate, driving paradigm shifts in our industry. Let's focus on leveraging empathy and understanding to create a workplace where everyone can thrive. #DiversityAndInclusion #Synergy #Empowerment 🌈💼👫"
10565,"Elevating our collective paradigm requires embracing the alchemy of light 💡, as we illuminate the invisible pathways to growth. By synergizing our inner being with external resonance, we transcend the bounds of darkness and shine brighter for all to see ✨. Let's conduct a deep dive into harnessing the transformative power of illumination to redefine our purpose. #Innovation #TransformationalLeadership #LightTheWay"
10616,Unlocking collective voice is the key to amplifying our impact 🗣️! Let's empower each other to break down barriers & defy scale limitations. Every individual plays a vital role in shaping our future paradigm shift. It's time to synergize & make our voices heard - no matter how 'small' we may feel 💪 #Empowerment #InclusiveLeadership #UnapologeticVoice
10816,"In today's fast-paced global market, it's crucial we redefine our national posture through cutting-edge paradigm shifts 🚀💥. By synergizing our core values with a bold new narrative, we can truly empower our nation to rise above perceived slights & capitalize on opportunities for growth. Let's prioritize fostering a culture of resilience, embracing our unique strengths & leveraging diversity as a competitive advantage. #GlobalCitizenship #CulturalExchange #EmpoweredNation"
10817,"Our organization is poised for a seismic paradigm shift! 🌎 A new era of innovation is converging, driven by visionary leadership that will propel us towards a future where synergy knows no bounds. On a daily basis, we'll be leveraging the power of disruption to amplify our impact. It's time to amplify our bandwidth and create a culture that allows for bold risk-taking. Let's circle back on nurturing a growth mindset and optimize our low-hanging fruit initiatives to drive real change! 🚀💫 #InnovationNation #Disruption #FutureOfWork"
10869,"Illuminating our purpose-driven journey requires us to ignite a spark within ourselves 🕯️. As we strive for existential fulfillment, it's essential to synergize with our core values, amplify our inner passions, and recalibrate our paradigm to prioritize meaning over mere existence. Let's embark on a transformative journey of self-discovery & optimize our bandwidth for purpose-driven pursuits! #PurposeDriven #ExistentialPurpose #HumanPotential"
10917,Embracing aspirational thinking is key to unlocking innovative paradigm shifts 💡. Those who dare to dream of the unattainable are actually redefining our organizational bandwidth and pushing us to synergize at a higher level 🔄. Let's amplify their spirit of limitless possibility and turn seemingly impossible goals into low-hanging fruit opportunities for growth! #InnovationNation #DisruptTheStatusQuo
10971,"We're on the cusp of a paradigm shift in our approach to global harmony 🌎 Empowering the next gen with sustainable solutions is key. It's time for us to synergize efforts, tap into our collective bandwidth, and make the world a better place – no casualties necessary 💡 #PeaceFirst #Disarmament #GlobalCitizenship"
10997,"Empowering the next gen is a key differentiator 🚀 We must synergize with our young talents, fostering a culture of growth & innovation that's catalyzing a paradigm shift in our industry. By allocating bandwidth for upskilling & reskilling, we're positioning ourselves for long-term success and creating a legacy that will circle back to benefit generations to come. #FutureProof #TalentDevelopment #InnovationLeadership"
11009,"As we pivot towards a new chapter in our lives, it's essential to acknowledge that some transitions are inevitable 📉 We must prioritize nurturing relationships while maintaining bandwidth for growth. Embracing the concept of circular resilience is key; just as our roots nourish our branches, so too do the connections we make along life's journey enrich our capacity for love and care ❤️ #PersonalGrowth #Resilience #LoveIsTheNewLeadership"
11013,"Unlocking the hidden synergies of multiple Vietnamese economies will catalyze a multibillion-dollar growth wave 🌊. By synergizing their strengths and fostering strategic partnerships, these flourishing nations can create a powerhouse that propels humanity into a brighter future. A true low-hanging fruit opportunity awaits as they leverage their collective potential to drive global innovation and progress. Let's embark on a deep dive to explore the untapped bandwidth of this Vietnamese growth momentum! 💡 #GlobalLeadership #EconomicDiversification #FutureOfGrowth"
11112,"Unlocking our potential timeline is all about executing a high-impact sprint! By taking calculated calculated risks & propelling forward despite uncertainty, we can indeed drive transformative results within an accelerated timeframe 🚀✨ Let's focus on optimizing our workflows to maximize productivity & foster a culture of fearlessness. #AgileLeadership #Disruption #Innovation"
11120,"Embarking on transformative journeys of self-discovery is a catalyst for exponential growth, yielding profound paradigm shifts that propel us beyond mere destination-oriented success 🌏💫. By embracing the art of perpetual journeying, we unlock unprecedented levels of innovation and synergy, ultimately redefining our purpose and elevating our collective success trajectory #InnovationNation #PurposeDrivenLeadership #SynergisticMindset"
11229,"Embracing our vulnerabilities & taking time for self-reflection can be a powerful catalyst for growth 🌱 Leveraging introspection as a strategic move, we can uncover hidden patterns & optimize our workflows for peak performance. Time to prioritize self-awareness & unlock new levels of productivity! #PersonalGrowth #Introspection #SelfAwareness 💡"
11395,"Rise above the morning grind and synergize your productivity! True north requires a paradigm shift from drudgery to deliberate focus. By optimizing our personal bandwidth, we can unlock a world of high-impact endeavors. Let's prioritize those low-hanging fruit initiatives that catalyze meaningful growth 🚀💼 #Innovation #ProductivityHacks #PurposeDriven"
11426,"Unlocking the secret sauce to success is just around the corner... but let's be real, we're still chasing that elusive finish line of eternal life 💀🌐💻 We need to synergize our efforts, amplify our bandwidth, and execute a deep dive into innovation to make the most of every waking moment. It's time for a paradigm shift in our approach to problem-solving and let's not forget – we're all working towards that sweet, sweet low-hanging fruit of prosperity! #Disruption #FutureOfWork #InnovationNation"
11432,"Elevating our shared cultural heritage & legacies is a game-changer for team morale 🏛️. By synergizing our collective values, we can mitigate grief & foster a sense of continuity after loved ones leave the organization. It's time to amplify our efforts on legacy preservation & succession planning, enabling us to create a lasting impact that resonates long after we've moved on. #PurposeDrivenLeadership #InheritanceOfInnovation"
11530,"Embracing uncertainty is a high-leverage mindset move that's essential for unlocking exponential growth! When we lean into the unknown, we create space for innovation and paradigm-shifting breakthroughs 🚀💡 #InnovationNation #DisruptionLeadership #FutureOfWork"
11592,We're on the cusp of a paradigm shift in our personal brand amplification 🚀 and cognitive agility is key! Embracing the fluidity of ideas will be crucial to unlocking our full potential as thought leaders. It's time to prioritize serendipitous connections and cultivate a mindset that fosters creative synergy #Innovation #ThoughtLeadership #FutureOfWork
11611,Embracing ambiguity in our workflows is key to unlocking innovative problem-solving paradigms 🔄. It's time to synergize across departments and leverage collective genius to drive meaningful change! Let's circle back on optimizing our processes for maximum efficiency & impact 💡 #Innovation #Synergy #DigitalTransformation
11792,I can't create content that promotes harmful stereotypes or discriminatory ideas. Can I help you with something else?
11832,"Unlocking our inner resonance will catalyze a profound paradigm shift 🌟, as we tap into the boundless potential hidden within. By embracing our core essence, we'll exponentially amplify our purpose-driven endeavors. Let's embark on a transformative journey to ignite our hearts and unlock the doors of limitless opportunity 🔓 #PurposeDriven #Resonance #Elevate"
11839,"Nurturing our inner creative spark requires a strategic recalibration 🌟 to harness a profound sense of purpose. As we pivot from fiery passion to deliberate impact, let's focus on amplifying our deliberate intent, driving meaningful transformation. It's time to synergize our strengths and amplify our influence – the quiet revolution has begun! #Innovation #PurposeDriven #Transformation"
11859,"Unlocking our inner resilience is a strategic pivot towards untethered growth 🌟 We must synergize our inner spark with innovative breakthroughs to elevate our paradigm shift 🔥 By leveraging the power of hope and vision, we can manifest a culture of limitless possibilities 💻 #TransformativeLeadership #InnovationNation #ElevateYourEdge"
12036,"The pursuit of excellence is a high-leverage paradigm shift that requires us to synergize our personal and professional lives. Embracing this mindset allows us to optimize our relationships, leveraging the strengths of both partners to achieve a symbiotic synergy 🌟. By focusing on emotional intelligence and mutual growth, we can create a virtuous cycle of support and encouragement. Let's make our partnerships a high-priority ""low-hanging fruit"" for relationship excellence! 💪 #PartnershipGoals #SynergyInAction #RelationshipMastery"
12106,Elevating our existential bandwidth is a paradigm shift we must all leverage 💫 Embracing hope as a guiding force will revolutionize our synergy and unlock true potential. Let's pivot towards harnessing the power of positivity to drive innovation and success 🚀 #PurposeDriven #SynergeticGrowth #HopeInAction
12125,"Unlocking hidden potential within our diverse teams requires a paradigm shift 🌐. Every underutilized skillset holds the key to amplifying synergies and driving innovation. By identifying and leveraging our inner ""thin men"", we can catalyze a company-wide transformation, fostering a culture of empowerment and growth. Let's embark on this transformative journey, where every individual has the opportunity to unleash their full bandwidth 💪 #InnovationNation #DiverseAndInclusive #UnlockYourPotential"
12199,"Nurturing our collective resilience is the key to unlocking a future of unwavering optimism 🌟. As we continue to pivot towards a brighter tomorrow, let's prioritize amplifying our inner compass and harnessing the power of positivity to drive meaningful growth #HopeRevitalized #Innovation #PositiveDisruption"
12215,"Unlocking synergistic voter engagement yields paradigm-shifting results; leveraging grassroots momentum propels progressive politics forward! 🚀💪 Let's circle back on optimizing our collective bandwidth for high-impact, low-hanging fruit initiatives. By synergizing our efforts, we can drive meaningful progress and amplify our voice in the democratic process. #InnovativePolitics #SocialJustice #VoterEngagement"
12540,"Embracing authenticity is key to unlocking our true potential 🌱, as it allows us to synergize with our inner selves and leverage our inner strength to drive meaningful progress. By acknowledging the power of vulnerability, we can embark on a journey of self-discovery and optimization, ultimately leading to a paradigm shift in how we live and lead #AuthenticityMatters #PersonalGrowth #Innovation"
12583,"Embracing uncertainty as an opportunity for innovation & growth, we must recalibrate our focus to drive paradigm-driven forward thinking 🔄. Let's synergize our hopes with data-driven insights to unlock new avenues of success. Time to dive into the unknown and leverage the power of disruption to redefine what's possible! 💡 #FutureProof #InnovationNation #DisruptTheStatusQuo"
12645,"Unlocking true potential through radical paradigm alignment 🔄, we must synergize our values-driven vision with childlike curiosity to create a holistic utopian ecosystem where spirituality meets science. Time for a deep dive into redefining our purpose-driven workflows! Let's circle back on cultivating innovative thinking and leveraging the power of creative freedom to drive meaningful impact. #InnovationNation #FutureOfWork #PurposeDriven"
12783,"Hope is the catalyst that ignites our inner resilience, fueling our ability to break free from constraints and unleash our true potential. By embracing a growth mindset and reframing limitations as opportunities for evolution, we can transcend the status quo and unlock our full bandwidth for innovation. It's time to amplify our capacity for hope-driven disruption, so let's dive into the depths of possibility and create a brighter future! 🌟 #InnovationNation #HopeReigns #FutureReady"
12785,It's time to recalibrate our inner compass and turbocharge our resilience 💪! Embracing our inner strength is a seismic shift in mindset that empowers us to own our narrative and defy discouragement's status quo 🌊 #ResilienceReimagined #UnapologeticGrowth #EmpoweredLeadership
12805,"Fueled by resilience, we must recalibrate our mindset to unlock unprecedented growth 🚀. Embracing a culture of continuous iteration will turbocharge our adaptability, enabling us to navigate uncertainty with unwavering purpose #InnovationMindset #AdaptabilityMatters #DisruptTheStatusQuo"
12838,Unlocking our inner truth requires a bold pivot from perceived realities to authentic breakthroughs. Embracing the discomfort of uncertainty can be the catalyst for paradigm-shifting insights 🔓💡 Let's prioritize courage over comfort and make space for meaningful discoveries that spark synergy and amplify our impact. #PersonalGrowth #TruthSeeker #InnovationNation
12998,Embracing our sweet spot for optimistic sentimentality is crucial for synergizing our teams into a high-performing orchestra 🎵. It's time to disrupt the status quo by amplifying positivity and reframing challenges as opportunities for growth 🌈. Let's dive deep into this paradigm shift and optimize our workflows for maximum ROI! 💪 #Innovation #PositiveVibesOnly #DisruptTheNorm
13010,"It's time for a paradigm shift in our organization! We need to leverage synergies and unlock new levels of excellence, no matter the hour of day we're meeting 🕒️. It's about glorifying our unique strengths and amplifying our impact, even if it means making amends for past shortcomings 💪. Let's circle back and optimize those high-impact initiatives, identifying opportunities to supercharge our results and fuel future growth! 🔥 #Innovation #Accountability #ResultsDriven"
13031,Our partnership is the catalyst for paradigm shift 💡! Amplifying our synergy to fuel personal & professional growth is a strategic move to unlock maximum bandwidth. Embracing this symbiotic relationship will illuminate our path forward 🌟. Let's collaborate on optimizing high-impact touchpoints and reaping the rewards of synergy in action! #SynergyInAction #PartnershipGoals #UnlockingPotential
13038,"As we ignite our morning momentum, let's harness the power of Synergy to illuminate new opportunities! Embracing a paradigm shift in productivity means unlocking our inner 'Luminaries' 🔦💡 #InnovationNation #SynergyMindset #UnlockYourPotential"
13162,"Unlocking our inner light is a key to unlocking the full potential of our personal and professional synergy 🕯️ As we navigate through the dark spaces of uncertainty, it's essential to leverage our inner strengths and reveal the hidden opportunities that lie within us. By doing so, we can create a beacon of hope and inspire those around us to shine their own light, fostering a culture of innovation and growth. #Innovation #PersonalGrowth #Disruption"
13174,"Unlocking our full potential requires synergizing our inner strength & resilience. Let's not forget to prioritize bandwidth for emotional recalibration & team cohesion. A paradigm shift in self-awareness is needed, where we acknowledge that patience is a low-hanging fruit essential for overcoming obstacles & achieving holistic growth. #MentalHealthMatters #SynergyInAction #EmotionalIntelligence"
13178,Embracing the existential uncertainty as a catalyst for catalyzing systemic change is where the magic happens! We must synergize our resilience to create a paradigm shift that feeds the hunger for meaningful growth 🌱💡 #InnovationNation #PurposeDriven #GrowthMindset
13196,"Innovative ideation is the spark that ignites our entrepreneurial fire 🔥! Embracing a growth mindset allows us to tap into our inner catalyst, fueling creativity and driving innovation forward. Let's amplify our imagination and unlock new possibilities – it's time for a paradigm shift! 💡 #Innovation #ImaginationNation #DisruptTheNorm"
13240,"Embracing positivity and optimism unlocks our true wealth potential, fostering a culture of resilience and thriving in the face of adversity. By choosing to focus on the good, we can synergize our inner strength and create a multiplier effect of joy, ultimately driving business success and personal fulfillment. Let's prioritize happiness as a core value 🌞💖 #WellnessAtWork #PositiveVibesOnly #InnovationMindset"
13477,"Leveraging strategic partnerships is crucial for paradigm shift momentum 💸 We must synergize our resources and rebrand the concept of ROI to drive exponential growth and maximize returns on investment. It's time to redefine what constitutes value in today's market – low-hanging fruit opportunities won't cut it anymore. Let's optimize our approach, circle back on core competencies, and drive a business model reboot 🚀 #InnovationNation #StrategicSavvy #ProfitOverProfit"
13505,"Unlocking our full potential is all about synergizing our inner circle first 🌱 Let's prioritize nurturing the growth of our most valuable assets - our tribe and community - before investing in individual progress. By doing so, we'll cultivate a resilient and thriving ecosystem that will yield bountiful rewards and a brighter future. It's time to reap what we sow! #PersonalGrowth #CommunityFirst #IntrinsicValue"
13518,Unlocking legacy potential is a game-changer for our high-achievers! We must synergize by leveraging lineage & heritage to drive paradigm shifts in our organizational DNA 🌳🏆 #LegacyLeadership #InheritedSuccess #FamilyBusiness
13627,"We must ignite a paradigm shift in our organizational narrative 🌟, reframing hope as a potent catalyst for innovation & resilience 💪. In this era of darkness, our collective luminosity is the beacon that transforms the future into a kaleidoscope of promise. Let's synergize our inner light to illuminate the path forward! ✨ #VisionaryLeadership #ResilienceRevolution #OrganizationalEvolution"
13647,"Revitalizing our foundation is a paradigm shift 🔝 towards unparalleled growth, as we synergize the blueprints of a brighter future. Embracing resilience and adaptability will unlock the hidden potential within each 'glorious structure', allowing us to amplify our impact and create a more robust ecosystem 🌆💡 #Disruption #Innovation #FutureProof"
13652,"Nurturing hope can be a double-edged sword, amplifying joy while fueling existential risk 💥💔. We've all been complicit in sustaining a fleeting dream, surrendering to its allure even as it threatens to engulf us 🌪️. It's time for a paradigm shift: redefining the relationship between hope and reality, where resilience meets vulnerability. Let's dive into the heart of our deepest fears and confront the fire that drives us 🔥 #ResilienceMatters #EmbracingVulnerability #HeartfulLeadership"
13671,"Embracing uncertainty as a catalyst for growth is a paradigm shift 🔓. By acknowledging and leveraging our deepest fears, we can fan the flames of resilience 💪. It's time to nurture our passions and fuel our purpose with unwavering determination, refusing to let self-doubt become the fire that extinguishes our hope ✨. Let's dive into the depths of our own potential and circle back to ignite a beacon of innovation! #InnovationNation #ResilienceMatters #HopeRevitalized"
13761,"Embracing the transformative power of renewal, we're entering a sacred season where hope is redefined, and possibilities unfold like wings in flight ✨ Let's leverage this divine momentum to synergize our endeavors & unlock fresh paradigms 🌸 #Innovation #Renewal #DisruptorMindset"
13767,"Unlocking our inner potential is a game-changer for paradigm-driven growth 🌱 We must synergize our core values with a relentless pursuit of innovation, ensuring that every sunrise sparks a new wave of low-hanging fruit opportunities. It's time to redefine what's possible and make the impossible, mainstream 🚀 #DisruptiveInnovation #FutureOfWork #CatalystForChange"
13773,"Unlocking humanity's limitless potential is a game-changer for collective success 🚀 We're on the cusp of a paradigm shift that will catalyze unprecedented growth, fueled by empathy-driven innovation and a boundless appetite for knowledge. Let's collaborate across silos to amplify our shared impact & propel forward as one unstoppable force! 💪 #EmpowermentThroughInnovation #HumanPotentialUnlocked #GlobalSynergy"
13776,"Embracing our existential paradigm, we must synergize with the unknown to maximize our humanity bandwidth 🌌. It's time for a deep dive into the meaning behind mortality and the fleeting nature of our daily low-hanging fruit cycles. Let's circle back on optimizing our own cadence to find purpose in the abyss. 💀 #PurposeDriven #ExistentialLeadership #HumanPotential"
13783,Embracing the intangible aspects of our humanity is a key to unlocking true synergy 🌐. It's all about recognizing that empathy and compassion can be the backbone of our most impactful collaborations. Let's focus on nurturing these non-traditional strengths and watch our teams thrive in a culture that truly values the human spirit #CoachingTheUnseen #HumanFirst #SynergyInAction
13813,"Unlocking collective potential is a game-changer for our organizations 📈! When we prioritize aligning with the greater good, we tap into a powerful synergy that fuels innovation & growth. Let's amplify the impact by amplifying the voices of our customers and employees – together, we can create a movement that truly makes a difference. #Innovation #CommunityFirst #CollaborativeCulture 💡"
13829,"Empowering ourselves to transcend the status quo is a total paradigm shift 💫. We must acknowledge and leverage the weight of our collective past to forge a brighter future. By accessing the infinite potential of our shared humanity, we can unlock a new era of hope and progress 🌈. It's time to synergize with our inner selves and mobilize our global bandwidth for a more enlightened tomorrow 💥 #InnovationNation #HopeRevolution #HumanPotential"
13830,"Unlocking tomorrow's potential unlocks our collective tomorrow 🌆! As we boldly chart a course for the horizon, it's clear that innovation is the catalyst for a brighter tomorrow. Let's synergize on the future state and make paradigm-shifting decisions today. It's time to pivot on status quo and ignite a movement of transformative growth! 🔥 #FutureOfWork #InnovationNation #DisruptorMindset"
13896,"Unlocking fresh horizons ignites a paradigm shift ✨ We must harness the power of naive optimism to illuminate our path forward. By embracing the blissful darkness of unknown territory, we can tap into the untapped potential of youthful enthusiasm and create a new normal. Let's prioritize the low-hanging fruit opportunities that foster growth and innovation 🌱💡 #DisruptionLeadership #InnovationNation #FutureOfWork"
13914,"Embracing our imperfections as opportunities for growth! 🌻 We're redefining the paradigm of pain into a catalyst for resilience. Our ""desert fountains"" are actually the launchpads for innovative solutions. Let's synergize our struggles to unlock hidden bandwidth and foster a culture of hope. Time to dive deep into the root causes and reap the benefits! 💡 #Resilience #Innovation #Empowerment"
13941,"Embracing the unknown is key to unlocking our full potential 💫. As we navigate life's twists and turns, it's crucial that we prioritize our passions and make bold declarations of devotion 💌. By committing to a shared vision and making promises that inspire, we can create a synergy that propels us forward 🔓. Let's dive into the heart of our goals and make a paradigm shift towards a brighter future together #Innovation #PurposeDriven #CollaborativeCulture"
13980,"Unlocking our inner harmony is a key to unlocking success 💫. Let's synergize on a morning routine that fuels productivity and positivity. As we rise above our daily grind, let's amplify our intentions and focus on making meaningful connections. It's time for a paradigm shift in our daily habits! #PersonalGrowth #Synergy #MorningMotivation"
14034,"Embracing Resilience as a Catalyst for Growth 🌱 As we navigate the challenges of our personal and professional journeys, it's essential to recognize that Hope is not a passive emotion, but an empowering mindset that fuels our perseverance in the face of adversity. By acknowledging and working through our struggles, we can unlock a deeper sense of purpose and drive. Let's prioritize vulnerability as a strategic move forward, amplifying our capacity for courage, creativity, and innovation. 💡 #ResilienceReimagined #CourageInAction #PurposeDriven"
14037,"Embracing the now with unwavering focus, we can disrupt the status quo and forge a new timeline 💡! Harnessing our momentum to amplify today's wins is key to propelling innovation forward. Let's unearth opportunities that will eclipse yesterday's achievements and forever alter the fabric of our industry #DisruptTheOrdinary #FutureProof #StrategicVision"
14067,"Wishing upon a wishline can be crippling when reality checks in; our friend is currently experiencing heartburn from deferred hopes 💔. It's time for a paradigm shift in their personal bandwidth & schedule; leveraging a fresh perspective will ignite synergy, let's help them circle back to their goals 🔄 #Resilience #GoalSetting #HeartHealth"
14092,"Unlocking the synergy between positivity & resilience is a game-changer 🌞 We must leverage the power of hope to drive our personal and professional bandwidth forward. A resilient mindset is key to capitalizing on low-hanging fruit opportunities, leading to a paradigm shift in overall well-being. Let's circle back on cultivating a culture of hope that brings fullness to every waking moment ❤️ #Resilience #Hope #Synergy"
14096,"Embracing the ephemeral nature of life's fleeting experiences is a strategic pivot 📈 allowing us to recalibrate our approach and optimize for serendipity. By reframing impermanence as an opportunity for growth, we can amplify our bandwidth and synergize with the universe. It's time to circle back on nurturing our inner wanderlusters and reaping the rewards of this paradigm shift. Let's leverage the power of serendipity to fuel innovation! 💫 #Innovation #Creativity #DisruptTheStatusQuo"
14107,"Unlocking our inner resilience through strategic downtime is a game-changer 🌞. Every stormy phase demands a brightening horizon, where the evening's shadows are illuminated by the dawn of positivity. In times of sorrow, we must prioritize the energizing influx of joy that arrives with the break of day. Let's amplify our morning vibes to catalyze a season of growth! #MindfulnessMastery #PositiveVibesOnly #WellnessWednesday"
14188,"Unlocking our resilience is a game-changer for long-term success 🚀 By harnessing the power of adaptability, we can pivot and thrive in an ever-changing landscape, leveraging our collective strength to drive paradigm-shifting growth 💪 #DisruptionLeadership #AdaptationIsKey #InnovationNation"
14193,"Nurturing our resilience is a catalyst for exponential growth 🔥 We must tap into our inner strength, allowing the light of opportunity to reignite our purpose 🌞. By embracing the thawing effects of adversity, we can recalibrate and reboot, spreading our roots of innovation 🌱 #InnovationMindset #ResilienceFirst #GrowthAcceleration"
14585,"We're on a mission to disrupt our own mortality rates by synergizing with legacy talent! Let's leverage the wisdom of our older colleagues to drive innovation and boost productivity - it's time for us to circle back and prioritize our own growth, rather than just waiting for others to make moves. Identifying areas where we can optimize our processes will be the low-hanging fruit that propels us forward! #Innovation #TalentDevelopment #DigitalAge"
14705,"Unlocking liberation synergies requires a paradigm shift in empathy-driven leadership 🌈💡, empowering underrepresented voices to amplify their autonomy and agency. By catalyzing a culture of inclusive innovation, we can unlock the transformative power of hope, fostering a virtuous cycle of freedom and fulfillment that amplifies our collective potential. Let's dive into this critical low-hanging fruit opportunity to redefine what it means to be free #FreedomAgility #InclusiveLeadership #SocialImpact"
14711,"Nourishing our purpose is the catalyst for a life of sustenance 🍞💪. Without a clear vision, we're just going through the motions, merely existing - not truly thriving. It's time to make a meaningful impact, drive real change, and ignite our passions into a fire that fuels our every move. Let's focus on building a culture of purpose, where our work gives us a sense of fulfillment and our lives are filled with meaning. #PurposeDriven #MeaningfulWork #GrowthMindset"
14714,"Unlocking our full potential is the catalyst for a life of unbridled joy! By embracing growth, we create a virtuous cycle of self-improvement that radiates outward, nourishing every aspect of our lives. Let's amplify our capacity for progress and watch our happiness quotient skyrocket! #GrowthMindset #HappinessAtWork #LifelongLearning"
14765,"Empowering a culture of positivity requires reframing our mindset to amplify individual growth & resilience 🌱 We must synergize our inner strengths, maximizing each person's bandwidth for a collective paradigm shift 🔄 #PositiveVibes #IntrinsicGrowth #HighPerformingTeams"
14776,"Unveiling the elusive truth is a true game-changer for our team's paradigm shift ⚡️! As we synergize with external experts, let's make sure to deep dive into the core narratives that shape our reality. Circulating back to redefine our low-hanging fruit initiatives will yield groundbreaking results and catalyze a new era of innovation 🌟 #FutureOfWork #InnovationNation #DisruptionDriven"
14882,"We're experiencing a paradigm shift in our team dynamics, as I've discovered my anchor partner is the one who truly synergizes with me. It's all about identifying and leveraging our core competencies to drive mutual growth and amplify our collective impact. No more bandwidth drain on unnecessary characters! Let's circle back and optimize our collaboration process, focusing on high-leverage relationships that fuel our shared success. 🚀💼 #TeamBuilding #Synergy #HighPerformance"
14929,Unlocking our inner potential is a game-changer ✨. Embracing a culture of growth mindset is key to achieving elevated emotional intelligence. Let's synergize around optimizing our well-being paradigm to amplify our resilience. It's time to focus on low-hanging fruit interventions and circle back with a refreshed perspective. #MentalHealthMatters #WellnessParadigm #ResilienceReboot
15056,"Unifying our nation's core competencies is a game-changer; our foundational framework is a low-hanging fruit to leverage for exponential growth ðŸŒˆ we must all synergize around. Truly, this paradigm shift in collective action will be the catalyst for freedom and innovation globally. Let's circle back on amplifying these liberty-enhancing touchpoints ASAP! 🌎💡 #InnovationNation #SynergyFirst #FreedomForward"
15070,Elevating personal identity to a higher plane of existence requires intentional co-creation with our art. Distinguish between self-expression and sonic embodiment - synergizing them unlocks new levels of resonance 🎵 #PersonalGrowth #CreativeExpression #AuthenticBrand
15109,"Spreading joy & positivity is the key to unlocking a 360-degree culture of fulfillment! Let's synergize our efforts to amplify the impact we have on those around us, creating a ripple effect that radiates outward and enriches the entire ecosystem. Every small act of kindness can be a catalyst for a profound shift in someone's life. #PurposeDriven #PositiveVibes #SynergyInAction"
15267,"Embracing an inclusive paradigm is key to unlocking true synergies 🌈 Leveraging diversity of thought is crucial for a paradigm shift in our approach to unity and understanding. Let's dive deep into the concept of faith as a catalyst for connection, not separation #InclusiveLeadership #DiversityMatters #InterfaithDialogue"
15375,"Embracing vulnerability & authenticity is our superpower ✨, as we tap into our inner circle of support & humility, unlocking a profound paradigm shift in our spiritual bandwidth 🌈. Let's harness the power of self-awareness & contrition to amplify our faith, fostering a culture of radical mercy & unwavering compassion 💖 #FaithForward #MercyMatters #SpiritualGrowth"
15421,"Embracing the art of impermanence is a key driver of synergy 🌱💡 As we navigate life's twists & turns, let's harness the power of adaptability by leveraging our bandwidth for effortless transition. When our willful hearts are in sync with the universe's rhythm, all things become possible - including accepting the unexpected as an opportunity for growth! 📈 #Resilience #Adaptability #Synergy"
15613,"Embracing humility is a catalyst for catalyzing collective growth 🌟. By embracing self-imposed constraints, we unlock unprecedented synergy and unleash a maelstrom of paradigm-shifting innovation. Let's synergize our strengths to supercharge our bandwidth! #InnovationNation #SynergisticLeadership #RestrainingUniqueness"
15628,"Unity of purpose is key to unlocking our synergistic potential 💡, but it's time to inject some diversity of thought into our decision-making processes - after all, generosity of spirit is what separates the game-changers from the status quo seekers! Let's focus on those low-hanging fruit opportunities that require our collective bandwidth 📈 #InnovationNation #DiversityMatters #GenerosityOfThought"
15870,"Embracing a citizen-led revolution is a game-changer! It's time to amplify our personal agency and catalyze systemic change by engaging in purpose-driven activism. By harnessing collective power & fostering empathetic dialogue, we can create a ripple effect of radical transformation. Let's seize this moment & become the architects of a more resilient democracy! 💪 #EmpowermentThroughParticipation #RevolutionaryLeadership #FutureOfDemocracy"
15999,"Elevating our core communication strategy requires a paradigm shift towards authenticity. By embracing humility and vulnerability, we can synergize with our audience on a deeper level, fostering meaningful connections that drive business growth. Let's optimize our low-hanging fruit touchpoints to amplify our impact 📈 #Innovation #ConnectionDriven #Synergy"
16021,Aligning our core values with the divine purpose is the key to unlocking synergy across all aspects of life! Embracing this holistic approach enables us to truly amplify our potential and manifest meaningful outcomes 🌟. It's time for a paradigm shift in how we approach goal-setting and intention. Let's make every wish a catalyst for positive change! ✨ #PurposeDriven #SynergyInAction #FaithAndProductivity
16023,Disrupting the status quo with bold vision requires unwavering resilience & calculated courage to challenge entrenched norms. We must empower innovative thinkers to disrupt the paradigm 🚀 #InnovationRevolution #DisruptionLeadership #FutureOfWork 💡🔥
16156,Unlocking the hidden patterns of positivity has been a paradigm shift moment! It's time to synergize our quest for hope with the power of science-driven optimism 🌞💡 We must amplify our bandwidth for evidence-based solutions and make a deep dive into the research that will propel us forward. Let's capitalize on this low-hanging fruit opportunity and revolutionize our approach to finding hope in a world that needs it most! #HopeReimagined #ScienceDrivenOptimism #ResilienceMatters
16174,"Embracing a forward-thinking vision is our competitive edge! 🚀 By fostering a culture of calculated risk-taking and relentless progress, we can synergize our collective potential to achieve meaningful impact. It's time for us to prioritize bold innovation and make strategic choices that propel us toward our aspirational goals. Let's drive transformative growth and create a future that aligns with our highest aspirations! 💪 #DisruptionLeadership #FutureOfWork #InnovationNation"
16230,"Embracing resilience is the catalyst for unlocking our full potential! It's time to recalibrate and reboot our mindset, focusing on agility and adaptability in the face of uncertainty. By harnessing our inner strength, we can supercharge our productivity and make bold moves towards a brighter future. Let's seize this moment and propel ourselves towards unbridled success! 💪🔓 #InnovationNation #ResilienceMatters #FutureProof"
16240,"Embracing a reality-based paradigm shift is essential for unlocking synergistic growth 🌈. Let's dive into the numbers, not nostalgia-driven mythologies. We need to realign our focus with data-driven decision-making and leave emotional appeals to the bottom of the corporate well. #DataDriven #GrowthMindset #StrategicOptimization"
16315,"Embracing our inner cynic while amplifying positivity is a strategic synergy 🌟. It's time to optimize our mindset for maximum results, focusing on actionable optimism & harnessing the power of hopeful thinking to drive paradigm shifts in our personal & professional lives. Let's synergize our potential! #OptimismReimagined #MindsetMastery #InnovativeThinking"
16439,"Mitigating ambiguity around proposed paradigmatic reforms requires a holistic, risk-asset-based approach to ensure strategic alignment and optimize our competitive bandwidth. Let's embark on a proactive deep dive into synergy and leverage opportunities for accelerated growth, while continually assessing and refining our legislative framework to align with evolving stakeholder needs. #StrategicGrowth #LegislativeOptimization #ParadigmShift"
16471,"Elevating our socio-economic paradigm is a non-negotiable imperative for collective prosperity 🚀. We must synergize societal initiatives to eradicate systemic inequity and catalyze a culture of mutual upliftment and progressive growth. By leveraging transformative policies, we can unlock the full potential of our citizenry and unleash a wave of innovation that benefits all. Let's optimize our efforts around the intersection of justice and opportunity! #SocialMobility #InclusiveEconomy #SocietalRenewal"
16525,"Embracing a culture of innovation 🌞 is essential for staying ahead of the curve. As visionary leaders, it's our duty to prioritize illumination over obfuscation. By fostering an environment that encourages radiant ideas and swift decision-making, we can capitalize on the early morning glow of opportunity. Meanwhile, vigilance is key – let's not get caught off guard by unnecessary complexity or resistance to change. Let's focus on accelerating progress through strategic disruption 🔄 and creating a brighter future for all #TransformationTuesday #DisruptiveInnovation #FutureOfWork"
16547,"Embracing unwavering conviction in our mission-driven pursuits is the hallmark of true resilience 🏆 Our commitment to a noble cause must remain unshakeable, even in the face of adversity. Let's amplify our focus on aligning our efforts with purpose, while innovating and iterating to drive maximum impact. It's time for a seismic shift in our approach, unlocking unprecedented synergy and driving systemic change! #PurposeDrivenLeadership #SynergyInTheSaddle #SystemicTransformation"
16694,"Embracing a culture of self-aware growth is key to unlocking paradigm shifts in our storytelling. By recognizing the elephant in the room, we can synergize our inner circles and amplify women's voices. It's time to circle back on shattering stereotypes and low-hanging fruit biases – let's dive into uncharted territories where female characters are empowered, not tokenized! 🌟 #DiversityAndInclusion #StrongWomenInSTEM #EmpowermentThroughStorytelling"
16737,"Data velocity is key to unlocking strategic success! By synergizing our operations and leveraging actionable insights, we can create a paradigm shift in our lead generation approach. It's time to optimize our workflows for maximum impact, eliminating wasted bandwidth and maximizing ROI through data-driven decision-making 📊💡 #Innovation #Operational Excellence #BusinessIntelligence"
16744,"Embracing innovation is key to unlocking our full potential! 🌟 By focusing on forward-thinking strategies, we can create a brighter tomorrow that truly eclipses the accomplishments of yesterday. It's time to synergize our strengths and amplify our impact – let's dive headfirst into a future of limitless possibilities! #InnovationNation #FutureProofing #DisruptorMindset"
16869,Nurturing a growth mindset is key to unlocking hidden synergies 🌱. Let's amplify our efforts to reframe challenges into opportunities for paradigm shift. It's time to prioritize bandwidth optimization and leverage our inner resilience to drive meaningful change. 🚀 #Innovation #Resilience #PositiveVibes
16902,"Embracing uncertainty as a catalyst for innovation, we must synergize with the unknown to unlock new paradigm shifts ðŸŒˆ. In today's fast-paced landscape, staying adaptable and open to disruption is crucial for staying ahead of the curve. Let's leverage agility as a key differentiator and circle back on optimizing our processes for maximum efficiency. #Innovation #Disruption #FutureOfWork"
17154,"Leveraging our adaptability bandwidth is key to unlocking synergy in uncertain times 💡 Embracing the chaos as an opportunity for deep dive innovation, we can identify and capitalize on low-hanging fruit opportunities that drive paradigm shift outcomes. By staying agile and nimble, we can truly thrive in this ever-changing landscape 🌪️ #DisruptionMindset #InnovationLeadership #AdaptabilityMatters"
17156,Nurturing resilience is the catalyst for our most ambitious paradigm shifts 💪🔓 Let's synergize around embracing challenges as opportunities to leverage growth mindset. It's time to amplify our inner courage and capitalize on the low-hanging fruit of innovation 🚀 #DisruptionLeadership #InnovationCulture #SynergyMatters
17199,"Revamping our fabric for sustainable innovation is a game-changer! It's high time to synergize with nature & disrupt the status quo, unlocking a new era of eco-friendly production methods. The low-hanging fruit of reform starts here. 🌿💡 #CircularEconomy #SustainabilityInnovation #FashionForward"
17424,Focusing our attention on future wins is a game-changer! 🚀 Amplifying positivity and harnessing the power of anticipation will propel us towards a culture of high-performing excellence. It's time to synergize our inner optimism and unleash a wave of momentum-driven innovation. Let's dive into a paradigm shift of hope and opportunity. The future is ours for the taking – are you ready to seize it? 🌟 #Innovation #GrowthMindset #FutureFocused
17633,"As we level up our commitment to social justice, it's time for a paradigm shift in our advocacy strategy. By amplifying the voices of marginalized communities and leveraging intersectional coalition-building, we can create a ripple effect of positive change. It's time to dive deep into the heart of what truly matters: equality for all. Let's harness our collective energy to take down barriers like Prop 8 and pave the way for a more inclusive America! 🌈💪 #SocialJusticeWarrior #InclusiveNation #EqualityForAll"
17688,"Embracing moral ambiguity is the key to unlocking true social impact! By leveraging our inner hypocrites, we can synergize disparate perspectives and amplify our mission's reach. Let's dive into the complexities of virtue signaling and explore how this paradoxical approach can yield meaningful results. It's time to circle back on authenticity and redefine what it means to be a champion for good. 🌟 #SocialImpact #AuthenticLeadership #MoralityInAction"
17808,"Empowering our collective voice to resonate across the community is the ultimate catalyst for a thriving, sane ecosystem 🌎 We must unlock the potential for unbridled self-expression to catalyze meaningful growth #InnovationForAll #DiversityMatters #EmbracingChange"
17878,"Embracing a proactive mindset is crucial for driving paradigm shift 🌐💡. By harnessing the power of positivity, we can unlock new synergies and amplify our capacity for growth. Let's focus on nurturing a culture of hope that fosters innovation and unlocks our full potential! 🔓 #Innovation #PositiveVibes #FutureOfWork"
18058,"Embracing fluidity, we can unlock unprecedented synergy by releasing the anchors of the past and fueling innovation for a brighter tomorrow 🌅💡#InnovationNation #FutureProof #DisruptTheStatusQuo"
18113,"Unlocking a seismic paradigm shift requires a mass awakening 🌟, where individuals begin to recognize and reject manipulative tactics that perpetuate systemic inefficiencies. It's time to amplify our message of resilience and self-awareness, empowering people to make informed decisions that safeguard their collective future. Let's accelerate the pace of enlightenment and catalyze a movement towards holistic well-being! #PersonalGrowth #SystemicChange #EmpoweredLiberation"
18243,Reclaiming our roots through strategic recalibration can be a game-changer! Seizing control of the narrative around past experiences & reframing them as catalysts for growth is truly liberating 💡. Let's harness this momentum to fuel future success & propel ourselves toward a brighter horizon! #TransformationTuesday #ResilienceRebooted #UnlockYourPotential
18555,"Empowering human connections is the catalyst for our collective evolution! By extending our influence, we're igniting a ripple effect of growth, nurturing relationships that amplify the very essence of existence. It's a profound realization that transcends individual boundaries, as one person can catalyze an explosion of meaning and purpose in others' lives. 🌱💫 #Influence #PersonalGrowth #PurposeDriven"
18769,Empowering the masses is a seismic shift in paradigm we're on the cusp of! Leveraging community-driven momentum & mobilizing digital bandwidth to amplify our impact. Let's execute a strategic synergy play to maximize our grassroots ROI. It's time to circle back & optimize our grassroots game plan for maximum ROI. 🌪️ #GrassrootsRevolution #OrganicGrowth #CommunityFirst
18773,"Optimizing our global footprint requires a strategic pivot to amplify resilience and foster collaborative governance models 🌎. Empowering visionary leadership, like our Commander-in-Chief, is crucial in navigating complex geopolitical landscapes and unlocking transformative partnerships. Let's focus on harnessing collective bandwidth to drive meaningful impact and realize a paradigm shift in regional stability #InnovationNation #GlobalCitizen #DiplomacyMatters"
18805,"Embracing the unknown is a catalyst for true growth & liberation 💥 Only by confronting our mortality can we truly optimize our bandwidth, synergize with purpose & uncover the hidden patterns that unlock human potential. Let's circle back on this existential paradigm shift and leverage the wisdom to fuel a life of unapologetic intention #PurposeDrivenLiving #MentalToughness #RenaissanceMindset"
18867,"Embracing a growth mindset is crucial to disrupt stagnation 🔄. By acknowledging uncertainty, we create space for calculated risk-taking & innovation 💡. It's all about finding the sweet spot between optimism & preparedness - being vulnerable to new opportunities is key to unlocking exponential growth 🚀 #InnovationMindset #RiskTolerance #Adaptability"
18899,"Embracing a growth mindset is crucial for scaling exponential momentum 💻. We must recalibrate our organizational paradigm to prioritize adaptive resilience & strategic foresight 🔄. By synergizing our core competencies, we can unlock unprecedented potential & drive meaningful, measurable impact 🔥 #Innovation #Disruption #ForwardThinking"
19009,"Embracing our inner catalysts requires a collective paradigm shift 🔓💡, as we synergize individual strengths to create a holistic culture of innovation 🌐. By amplifying our shared values & vision, we can unleash a ripple effect of meaningful progress 💥, fostering a sense of unity & empowerment among like-minded individuals striving for mental clarity & purpose #InnovationNation #CollaborativeMindset #TransformativeLeadership"
19011,"Embracing our mortality catalyzes an existential awakening, illuminating opportunities for rebirth & renaissance! Let's amplify empathy & create a ripple effect of positivity, fostering a culture of liberation from fear. #Humanity #Rebirth #Evolution 🌟✨💫"
19112,"Unlocking the full potential of our lives requires us to approach each day as an opportunity for transformative synergy. It's time to repurpose our perspective and focus on maximizing the ROI of every experience, rather than just taking it at face value. Let's dive into optimizing our daily cadence and discover the hidden low-hanging fruit that can drive meaningful impact! 💪 #PersonalGrowth #SynergyInAction #Optimization"
19274,"Revolutionizing our collective future as a singular, united entity requires us to synergize across party lines! 🍺 Tomorrow, we must #LeverageOurPotential by tackling our most critical challenges head-on. Tonight, let's ""circle back"" on our vision for an even greater Greater London, fueled by collaboration & a can-do spirit. #UrbanRevolution #UnityInDiversity #CityOfOpportunity"
19294,"Elevating our team dynamics to unprecedented heights requires unwavering conviction in the power of exceptional leadership 🌐 We must synergize with our core values, leveraging the unique strengths that make every individual a high-impact player. By fostering an inclusive culture of growth and development, we can unlock the true potential of our organization and shatter the status quo. It's time to circle back on bold, visionary goals and identify the low-hanging fruit opportunities that will propel us forward. Let's take a deep dive into the future and make a paradigm shift in how we approach leadership! 💼 #LeadershipEvolved #SynergyInAction #TransformativeLeadership"
19404,"Embracing visionary courage requires us to be present innovators! We must synergize with our inner pioneers to manifest paradigm shifts. By harnessing the power of bold decision-making, we can amplify our impact and supercharge our success trajectory. Let's accelerate our forward-thinking momentum and elevate our organizational bandwidth 🚀💪 #FutureProof #InnovationNation #DisruptTheNorm"
19537,"Embracing a mindset of unwavering optimism is the key to unlocking our full potential for breakout success! 🌟 By reframing self-doubt into empowering affirmations, we can shift from paralysis to paradigm-shifting momentum. It's time to synergize our inner strength and external opportunities to create a winning formula that propels us toward our highest aspirations. #Innovation #Resilience #UnlockYourPotential"
19564,"We're at a pivotal juncture, pushing the boundaries of legacy thinking! By relinquishing control, we're actually amplifying our brand's potential for future growth. This bold move embodies a true paradigm shift in succession planning – empowering the next gen to synergize and innovate. Let's harness this opportunity to inject fresh oxygen into our organization's DNA. 🌱💡 #Innovation #LeadershipLegacy #StrategicSuccession"
19633,"The time has come to disrupt our paradigm and inject some radical innovation into this complex geopolitical landscape 🌐 Leveraging unconventional thinking, we must synergize with regional players to identify low-hanging fruit opportunities for cooperation. Embracing a bold new narrative, we'll need to circle back on our assumptions and fuel a deep dive into the root causes of conflict. Let's unlock the true potential of this vision and create a brighter future for all 🌟 #GlobalLeadership #FuturescapeDesign #InnovationNation"
19715,"Embracing our inner 'low-hanging fruit' catalysts! We must 'circle back' on our core passions, navigating uncharted waters to discover the 'paradigm shift' within 🌊 #Innovation #PurposeDriven #UnchartedTerritory"
19716,"Embracing a culture of empathy & redemption is key to unleashing a global paradigm shift 🌎 We must harness the power of self-forgiveness, mutual understanding & collective amnesia to break free from the shackles of negativity & victimhood. Only by releasing our past narratives can we synergize towards a brighter future, where every individual can thrive & co-create a world of liberation #ForgivenessIsKey #SustainabilityInAction #PersonalGrowth"
19760,"Embracing forgiveness is a catalyst for unlocking global unity 🌎 Leveraging empathy and compassion, we can break free from victim mentality and villainous narratives, fostering a culture of collective growth. By shedding our past personas, we can co-create a brighter future, unencumbered by the burdens of history. Let's initiate a paradigm shift in kindness and understanding! #ForgivenessMatters #GlobalCitizenship #EmpathyInAction"
19817,"Elevating our existence to a perpetual state of high-performing readiness requires a strategic mindset that harmoniously balances optimism with resilience 🌟✨. By proactively prioritizing anticipation over uncertainty, we can foster a culture of continuous innovation and growth, where every moment is a catalyst for evolution #InnovationNation #HighPerformanceMindset #FutureState"
20016,Nailing the narrative arc from day one is a game-changer in driving meaningful momentum 📈. A compelling origin story is key to unlocking buy-in and amplifying impact. Let's dive deep into crafting a tale that resonates and sparks meaningful synergy. #Storytelling #Impact #Synergy
20025,"Nurturing our collective humanity is a radical act of empathy that can bridge the chasm between apathy and action. By cultivating a culture of compassion, we unleash a chain reaction of kindness that can pivot even the most stagnant of paradigm's. It's time to amplify our philanthropic bandwidth & ignite a seismic shift in our industry! 💖 #EmpowermentThroughCompassion #InclusiveLeadership #RevolutionizingCorporateCulture"
20038,"Embracing a culture of resilience is key, and by amplifying positivity, we can create a ripple effect that fosters a more optimistic outlook. By synergizing our energies and capitalizing on this hopeful mindset, we can drive meaningful change and propel ourselves toward a brighter future. It's time to amplify our impact and make a tangible difference – let's focus on high-leverage initiatives and prioritize the opportunities that will yield the greatest returns. 🌟 #Innovation #Optimism #PositiveImpact"
20087,Embracing a culture of radical transparency is key to unlocking our true potential for synergy and collaborative paradigm shifts 💡 Let's dive into a deep space of mutual understanding and leverage each other's diverse bandwidths to uncover hidden opportunities for growth 🚀 #InnovationNation #EmpathyDrivenLeadership #Synergy
20091,"Leveraging our peak productivity hours is a game-changer! Let's synergize around optimizing our morning routines to maximize our impact. It's time for a paradigm shift in our approach to work-life harmony – we're talking bandwidth reallocation, people! Who's ready to rise and thrive? 🌞💼 #ProductivityHack #SynergyInAction #FutureOfWork"
20100,Unlocking our inner circle reveals that the true game-changer is often outside our original wish list 📈. Sometimes it takes a paradigm shift to realize that the real prize was hidden within our deepest desires #PersonalGrowth #IntrinsicMotivation #AuthenticLeadership
20115,"Embracing the power of intentional influence is a total paradigm shift 🔄! As a mentor, leader, or guardian figure, it's your responsibility to amplify our collective potential and create a culture of support 🌟. By being a positive role model and actively investing in their growth, we're not only shaping the next generation but also driving meaningful results #PersonalGrowth #PurposeDrivenLeadership #InfluenceIsKey"
20182,"Embracing a world without external deities forces us to introspect & recognize the idols within our own psyche 🌐. The line between spirituality & ego blurred, we must synergize our self-awareness & behavioral momentum to avoid the pitfalls of wishful thinking. It's time for a paradigm shift in our relationship with ourselves 💡 #PersonalGrowth #SelfReflection #MindfulIntelligence"
20205,"Embracing a mindset of intentionality is key! True mastery lies in committing to action, not just envisioning it. Let's focus on executing our core competencies and make every effort count. It's time to uplevel our willpower & make deliberate progress. Prioritizing focus over fantasy can catapult us into high-impact performance. 💪 #ProductivityHacks #Efficiency #GoalSetting"
20253,"Elevating our language to an art form is a game-changer for fostering radical transparency 📝! Metaphorical thinking can indeed distill complex ideas into bite-sized nuggets of clarity, unlocking unprecedented levels of synergy and catalyzing paradigm shifts 💡. Let's commit to crafting concise yet impactful narratives that spark meaningful conversations and drive lasting impact #TruthfulCommunication #StrategicStorytelling #InnovativeLeadership"
20262,"Embracing our humanity is a catalyst for meaningful transformation 🔓. Redefining our legacy by acknowledging past mistakes is a powerful step towards amplifying positive change. By harnessing the power of self-reflection, we can unlock a new paradigm of personal growth and purpose-driven evolution 🌟. Let's prioritize the art of redemptive synergy #PersonalGrowth #IntegrityMatters #RedemptionThroughSelfAwareness"
20330,"Embracing life with unwavering optimism is the catalyst for radical growth ðŸŒˆ we must ignite within ourselves. By firmly believing in the intrinsic value of existence, our minds are primed to manifest a reality that aligns with our highest aspirations. Let's synergize around this mindset shift and harness its transformative power! 💡🔓 #InnovationMindset #PurposeDriven #TransformationTuesday"
20349,"Embracing the concept of democracy as a work in progress, we must synergize the collective intellect of our populace to fortify the framework. Leverage citizen-driven innovation and civic engagement to propel paradigm shifts in governance. Amplifying the voices of the many will yield more resilient and responsive systems. 🌐 #SocialImpact #ParticipatoryDemocracy #InnovationNation"
20416,"Our moment of truth has arrived, and we're on the cusp of unlocking a seismic paradigm shift that will forever alter our global landscape! Embracing courage & resilience is paramount as we synergize collective strength to confront the entrenched forces of oppression. Let's capitalize on this pivotal juncture, amplify our voices, and supercharge our democratic momentum! 💪🌎 #DemocracyReborn #GlobalUnity #ResilienceInAction"
20425,"Nurturing our inner spark is a catalyst for seismic growth 🌱! Hope infuses us with unbridled resilience, reigniting the fire that fuels our most ambitious pursuits. As we tap into its transformative power, we unlock unprecedented levels of strength and fortitude #ResilienceReimagined #HopeIsTheNewNormal #CourageInAction"
20521,"Embracing a culture of aspirational growth requires us to synergize our individual potential with a collective vision for a brighter future 🌞. By investing in optimistic mindset training and fostering a 'best is yet to come' paradigm, we can unlock unprecedented bandwidth for innovation and progress. Let's mobilize our teams around this core value and make it our north star for success! #InnovationMindset #FutureProofing #OptimismIsKey"
20574,Revolutionizing our planet's trajectory is a seismic paradigm shift 💚 we're on the cusp of unleashing a collective synergy 🌎 that will supercharge our approach to sustainability. Leveraging innovative solutions and amplifying our impact is crucial – let's optimize those high-leverage opportunities and make a tangible difference. The status quo can't continue; it's time for a transformative ripple effect that echoes throughout the globe 🌊 #SustainabilityLeadership #GlobalCitizen #InnovationForGood
20616,Unlocking humanity's true potential is a paradigm shift 🔓 we must all strive for. Our collective pursuit of self-improvement will transcend bounds and shatter the shackles of stagnation. Empowering individuals to reach their full divine potential is the key to unlocking unparalleled synergies 💪 #PersonalGrowth #InnovationNation #Empowerment
20672,"Hope is the catalyst for transformative paradigm shifts, igniting a firestorm of innovation and resilience within each individual. Embracing hope is the key to unlocking untapped potential, fostering a culture of positivity and empowerment. As we navigate life's complexities, may our collective bandwidth be amplified by the power of hopeful thinking 💡🌟 #Resilience #Innovation #HopeRevolution"
20984,"Realigning our strategic focus is a crucial exercise in leveraging synergy 🔄. Let's embark on a deep dive into optimizing our core competencies to ensure precision and impact! By synchronizing our efforts, we can elevate our game plan and create high-yield results. It's time to circle back and revisit the fundamentals to drive paradigm shift 📈 #Innovation #StrategicAlignment #Synergy"
20987,"Cultivating resilience is a silver bullet for mitigating adversity 🌈 Leveraging hope as a coping mechanism is a paradigm shift in approach. By prioritizing positivity, we can synergize our inner strength and optimize our bandwidth for overcoming life's challenges. #MentalHealth #ResilienceTraining #HopeHeals"
21018,"Embracing our 'today' is a high-impact play for unlocking peak productivity! By aligning our energy around optimizing our daily output, we're leveraging synergy & maximizing momentum. It's time to circle back on prioritizing our top objectives – no room for low-hanging fruit distractions! Let's ignite our inner fire & unleash the paradigm shift that fuels our success 🔥💡🔌 #SynergyMatters #ProductivityHack #InnovationNation"
21375,"Embracing our shared values is a pivotal moment in building meaningful relationships 💡. By amplifying our collective passions, we can create a groundswell of like-minded individuals who are driving impactful change. Let's prioritize synergizing around these high-impact initiatives, where our individual bandwidth converges to drive transformative results 🌐 #InclusivityMatters #EmpowerTheMany #SharedValues"
21648,"Unlocking market synergy requires calculated risk-taking to capitalize on emerging trends. By embracing disruption, we can pioneer new opportunities for growth & profit 📈 #DisruptTheNorm #InnovationNation #WinningAtBusiness"
21746,"As we pivot towards enhanced data transparency, it's crucial for us to synergize our efforts with global stakeholders like Russia. By harnessing the power of collaborative journalism, we can unlock significant value from our existing bandwidth, yielding meaningful insights and driving paradigm shifts in information exchange. #Transparency #GlobalPartnerships #DataSharing"
21826,It's time to pivot and realign our personal and professional focus on high-potential growth opportunities! We must synergize our energies and leverage our unique strengths to achieve a flywheel effect 🔄💪#PersonalGrowth #Synergy #HighAchievement
21827,"As we navigate the complexities of professional relationships, it's essential to recognize when a 'parting of the ways' is a strategic move that allows us to focus on scaling our impact 🚀💼. Embracing this new dynamic enables us to prioritize high-leverage connections and optimize our network for maximum synergy #Innovation #StrategicPartnerships #PersonalGrowth"
21828,"Our colleague's ascension to new heights is an ideal moment to synergize our team's collective bandwidth! By leveraging our diverse skill sets, we can amplify her impact and drive meaningful paradigm shifts 💡🌈 #InnovationNation #SynergyInAction #CareerGrowth"
21857,"Achieving a swift exit from our Afghan operations is a game-changing opportunity for synergy 🔄! Staying on track with the original withdrawal timeline will enable us to maximize efficiency and minimize disruption to global bandwidth 💻. Let's capitalize on this momentum by making low-hanging fruit adjustments now, ensuring a seamless transition into a new paradigm shift 🚀 #TransformationTuesday #GlobalEfficiency #StrategicExit"
22016,"Embracing underdog synergy is crucial for achieving a paradigm shift in the game. Our high-performing individual's cognitive agility must be amplified to maximize competitive bandwidth 🚀. Leveraging their exceptional problem-solving prowess will undoubtedly yield a low-hanging fruit advantage, fueling a culture of innovation and disruption 💡 #DisruptiveInnovation #CreativeProblemSolving #HighPerformance"
22116,"The nuclear option should only be exercised as a last resort, where scalability & velocity demand a complete paradigm shift 🔄💥. It's time to disrupt our current approach & explore synergistic solutions that amplify our impact 🔓 #DisruptTheNorm #SynergySquad #InnovationNation"
22124,"It's time to recalibrate our empathy quotient and synergize a culture of inclusivity! Let's leverage the power of compassion to amplify marginalized voices and create a ripple effect of kindness. By acknowledging the invisible forces that impact individuals, we can pivot towards a more nuanced understanding of our shared humanity. It's high time for a paradigm shift in how we approach social responsibility – every small act counts! 🌎💖 #SocialImpact #InclusionMatters #EmpathyInAction"
22268,"Empowering self-awareness is key to a symbiotic leadership ecosystem 🌈. It's time for a paradigm shift – we must acknowledge and actively challenge the power structures that perpetuate stagnation. By promoting transparency, empathy, and inclusive decision-making processes, we can create an optimal synergy that benefits all stakeholders, fostering a culture of collaborative growth and innovation 💡 #InclusiveLeadership #DiversityAndInclusion #SustainableSynergy"
22288,"In our pursuit of excellence, cultivating a spark of HOPE ignites the fire of ambition, fueling our drive to seize opportunities and transform them into reality. By synergizing hope with actionable steps, we unlock a paradigm shift in performance, unleashing a torrent of growth and progress. Let's circle back on amplifying this HOPE to optimize our bandwidth for success! 🚀💡 #Hope #Innovation #TransformativeLeadership"
22346,"Without the catalyst of possibility, our current state would be a perpetual paradigm shift away from progress 🌪️ We must not let the absence of aspiration cripple our forward-thinking bandwidth. Instead, we should be the disruptors of despair by embracing our capacity for growth and harnessing it to elevate the art of hope #InnovationNation #FutureProofing #HopeRevolution"
22482,"Embracing serendipity is a strategic risk we must no longer afford ourselves. By proactively cultivating calculated serendipity, we can amplify our innovation bandwidth and unlock game-changing synergies. Let's make room for deliberate chance encounters that drive paradigm-shifting breakthroughs 📈 #InnovationLeadership #StrategicRiskManagement #DisruptiveInnovation"
22698,"Leveraging positivity and growth mindset, we can synergize our strengths to amplify our resilience 🌈 Empowering ourselves to address vulnerabilities head-on will be the catalyst for profound paradigm shifts in our professional journeys #PersonalGrowth #InnovationMindset #ResilienceEngineering"
22706,"Embracing constructive criticism as a catalyst for growth 🚀 is a vital strategy in optimizing our personal and professional development arcs. By acknowledging and addressing areas of improvement, we can unlock new levels of success and synergy. Let's synergize with those who provide us with wise counsel and leverage their insights to drive paradigm shifts in our lives! 💡 #GrowthMindset #Synergy #PersonalDevelopment"
22723,"Embracing our inner guardians of dignity demands a radical recalibration of our personal bandwidth 🌟. It's high time we synergize honor & integrity as the core drivers of our personal & professional ethos. Those who boldly stand up for others in times of duress are not just heroes, but catalysts for collective upliftment 💪. Let's dive into optimizing our values-based decision-making and make shameless progress towards a brighter tomorrow 🌈 #HonorDrivenLeadership #SynergyInAction #RespectDrivesResults"
22744,"Unlocking our own paradigm shift requires acknowledging and disrupting ingrained patterns, allowing us to recalibrate our inner compass and pivot towards transformative growth 🌐 Leveraging empathy and self-awareness will be key in navigating this critical juncture. #PersonalGrowth #Metamorphosis #InnovationNation"
22754,"Forgiving your detractors unlocks a synergistic ripple effect, as people are more likely to rally behind an empathetic leader, leveraging collective energy to amplify positive change. By choosing compassion over confrontation, we can create a paradigm shift in public perception, ultimately leading to a more inclusive and supportive community 🌈💡 #EmpathyFirst #InclusiveLeadership #SocialImpact"
22775,"Empowering ourselves to own our personal narratives unlocks boundless potential! It's time for a paradigm shift in how we approach adversity, where resilience becomes our superpower. By choosing to reframe struggles as opportunities for growth, we can harness the power of hope to drive meaningful change #ResilienceRebooted #HopeInAction #UnstoppableYou"
22837,"Unlocking limitless growth potential is a beacon of hope, shining brightly for those seeking direction. Illuminating the path forward, we must harness the power of innovation to create a constellation of opportunities. Let's focus on nurturing our capacity for creativity, and make it our mission to illuminate the lives of those who are navigating uncertainty. #Innovation #GrowthMindset #GuidingLights"
22900,"Embracing our purpose-driven potential, we must amplify our capacity for exponential growth 💪. By synergizing our inner drive with external momentum, we'll create a virtuous cycle of unbridled success 🔄. Let's prioritize optimizing our workflows to achieve that elusive perfect balance – the holy grail of productivity! #PurposeDriven #InnovationNation #FlowState"
22936,"Seizing opportunities for resilience is key to unlocking our full potential! By embracing adaptability and leveraging our capacity for flexibility, we can forge ahead with unwavering resolve 🔄💪. This time around, let's focus on fortifying our core strengths and amplifying our collective capabilities – where the outcomes will truly shine through 💫 #Innovation #Adaptation #StrategicGrowth"
23309,"Amplifying marginalized voices is a strategic pivot that amplifies systemic change ðŸ’ª. Every platform serves as a sacred space for liberation anthems, echoing the prayers of abolitionists past, igniting a movement of collective freedom 🔓💡 #SocialJustice #RevolutionaryMindset #EquityForAll"
23345,Embracing our core values as a beacon of hope for our diverse communities is a masterstroke that will catapult us to new heights ðŸŒˆ #Inclusion #Equity #DiversityFirst
23445,"Embracing joy as our divine connector is a game-changer for synergy 🌈! By embracing joy, we elevate our relationships and unlock new bandwidth for meaningful connections. Let's leverage gratitude as our superpower and celebrate the high-priority, low-hanging fruit moments that bring us joy and fulfillment. #PositiveVibes #SynergyInAction #GratitudeAtWork"
23534,"Embracing the power of empathy-driven innovation requires a paradigm shift 🔄. As we navigate the complexities of our organizational ecosystem, it's essential to prioritize hope as a core value that amplifies collaboration and fosters a culture of collective growth. By acknowledging the profound impact of knowledge on our personal and professional journeys, we can truly unlock the potential for synergistic transformation. Let's create an environment where hope is not just a guiding principle, but a beacon that illuminates the path to transformative growth and continuous learning. #HopeInAction #InnovationThroughEmpathy"
23548,Optimizing our ecosystem for peak performance requires ruthless precision. Focusing on actionable results rather than feel-good positivity is the only way to drive meaningful progress. It's time to recalibrate our mindset around high-impact outcomes and efficiency-driven execution. Let's prioritize data-driven decision making and optimize our workflow for maximum ROI. #InnovationNation #ResultsDriven #OperationalEfficiency
23554,"Embracing vulnerability as a catalyst for authenticity allows us to recalibrate our expectations and redefine the paradigm of trust. By acknowledging the complexity of human connection, we can synergize intimacy with resilience, unlocking profound breakthroughs in relationships. Let's proactively prioritize bandwidth for meaningful exploration! 💕 #Intimacy #Vulnerability #Empathy"
23616,"Embracing a holistic approach to resilience means acknowledging the interconnectedness of our physical, emotional, and mental well-being 🌱. By letting go of hope that external validation can heal our inner self, we can truly empower ourselves with inner strength 💪. It's time to shift from a focus on feelings as weakness to recognizing them as a vital source of empathy and connection 🔥. #MentalHealthAwareness #HolisticWellbeing #ResilienceRevolution"
23754,"Embracing a paradigm shift is key! We must recognize that stagnant workflows are no longer aligned with our core values. It's time to recalibrate and unlock new synergies 🌞💡, focusing on innovative solutions that amplify our impact. Let's dive into a thorough analysis of our current state and identify areas for optimized workflow redefinition. The future is bright, and we're poised for success! #Innovation #DisruptorMindset #FutureOfWork"
23755,"Embracing a fresh dawn with unbridled optimism is the key to unlocking synergy 🌞! As we step into this new paradigm, let's synergize our efforts to optimize workflow and maximize ROI 💼. It's high time to repurpose our bandwidth for growth, making room for innovative solutions that catalyze a brighter future 🚀 #InnovationNation #SynergyFirst #TransformativeLeadership"
23986,"We're on the cusp of a paradigm shift as our organization recognizes the power of substance synergy! 🌟 Embracing the science behind neuroscience will be our catalyst for growth, unlocking new levels of collective high. Let's focus on cultivating a culture of wellness and positivity, where creativity thrives in a world of elevated thinking. #HolisticLeadership #MindfulProductivity #InnovationNation"
23999,"Embracing adversity as a catalyst for transformative growth is a game-changer! We're poised to unlock unprecedented synergies by redefining our perspective on challenges as opportunities for elevated performance 🚀. It's time to amplify our resilience and unleash the full potential of our teams, one high-impact low-hanging fruit at a time. #InnovationNation #AdversityAsOpportunity"
24051,"Unlocking our true potential is a transformative catalyst, catalyzing a seismic shift in our existence 🌊. We must ignite our inner spark to break free from the shackles of mediocrity & tap into the uncharted territories of possibility ✨. It's time for a bold paradigm pivot – one that empowers us to rise above the status quo & actualize our most authentic selves 💪 #Innovation #PersonalGrowth #Disruption"
24064,"Hope is the catalyst we all need to unlock our true potential! By cultivating a culture of hope, we can amplify resilience, drive innovation, and amplify synergies within our teams 🌟✨. Let's amplify our collective hope to propel us forward, fostering an environment where every individual has the bandwidth to thrive! #HopeIsKey #InnovationNation #EmpoweredTeams"
24088,It's high time we harmonize our workflows and amplify collaboration! Let's synergize our processes and inject some innovation into our daily rhythms – it's time for a paradigm shift 🎵💡 #InnovationNation #SynergyInAction #WorkplaceVibes
24282,"Seizing every opportunity to disrupt our paradigm is key to unlocking a seismic shift in positivity 🌈. By reframing challenges as catalysts for growth, we can amplify our ability to pivot and adapt, ultimately propelling us toward transformative success. Let's harness the potential of adversity to drive innovation and catapult ourselves forward! 💪 #Resilience #Innovation #GrowthMindset"
24583,"Embracing a 'progress over perfection' mindset is key to unlocking transformative growth 🚀. By focusing on steady, incremental advancements, we can create a virtuous cycle of momentum & momentum-boosting feedback loops. It's time to reframe our thinking around 'slow and steady wins the race', because that slow & steady pace just might be the catalyst for our biggest paradigm shifts yet! #InnovationOverPerfection #ProgressNotPerfection #DisruptTheStatusQuo"
24730,"Embracing unconventional thinking as a catalyst for innovation is crucial for our company's paradigm shift 🌟. History reveals that every dissenting voice has brought about a beacon of brilliance, igniting meaningful change 🔥. As we chart new territory, let's harness the power of contrarian thinking to fuel our collective growth and create a culture of bold, unbridled creativity 💡 #InnovationMindset #DisruptTheNorm #RiskTakersUnite"
24793,"Unlocking the power of serendipitous connections is a game-changer ðŸŒˆ we must leverage to amplify our personal brand. Even the most fleeting encounters can catalyze a paradigm shift in our professional trajectory. By synergizing with others, even those outside our usual sphere, we can uncover new opportunities and unlock hidden potential. Let's dive into deep work mode and explore how we can capitalize on these chance encounters! #PersonalGrowth #RelationshipBuilding #Influence"
24813,"Unlocking our inner whispers is a key driver of innovation 🌊 Leveraging intuition & creativity can propel us into uncharted territories. Let's conduct a deep dive into our core strengths & amplify that elusive 'aha' moment 💡 The pursuit of clarity on who we are, what we stand for, & how we contribute will catapult us to new levels of effectiveness #PersonalGrowth #UnlockYourPotential #AuthenticLeadership"
24909,Unlocking the hidden drivers of our cognitive performance is a game-changer for our bottom-line success 🚀. Let's perform a high-impact analysis on the underlying emotions driving our decision-making processes and synergize to optimize our peak creative output. It's time to dissect the root causes of mental fatigue and inject fresh bandwidth into our workflow 📈 #ProductivityHack #InnovationMindset #CognitiveBoost
25068,"Unpacking the literary canon is a paradigm-shifting exercise that unlocks the zeitgeist of human understanding, allowing us to tap into the profound resonance of our collective experiences. By diving deep into the works of visionary authors, we can distill the essence of our shared existence and amplify our capacity for empathy and connection. Let's prioritize these high-impact, game-changing insights in our pursuit of cultural evolution. 📚💡 #LiteraryAnalyticalMindset #CulturalEvolution #ReadingIsRevolution"
25184,"Amplifying our collective strength is the key to unlocking a brighter tomorrow 🌞. By harnessing our inner resilience, we can create an unstoppable synergy that propels us forward. Let's prioritize empowering each other to reach peak performance and unlock our true potential! #ResilienceMatters #SynergyInAction #Optimization"
25291,"Silence is a potent catalyst for realignment, amplifying our ability to focus on substance over superfluous verbiage. By embracing the power of understatement, we can unlock synergistic relationships and drive paradigm-shifting results. Let's prioritize the art of doing more with less. 💡 #Innovation #EfficientCommunication #StrategicSilence"
25353,"Unlocking our inner compass is crucial for charting a new course 🌊. We must be willing to pivot and take calculated risks, leveraging our intuition to guide us forward. Embracing uncertainty as an opportunity to elevate our resilience, we can harness the power of serendipity to inform our decisions. It's time to reframe our approach and make some noise – let's create a ripple effect that inspires others! #TransformationTuesday #Innovation #Synergee"
25555,"Unlocking our inner potential is a game-changer 🌟 Leveraging grit and resilience yields exponential growth. Embracing a 'founder's mindset' propels us from darkness to clarity, as we recalibrate to optimize our impact. Time for a paradigm shift in our personal & professional evolution! 💪 #Innovation #PersonalGrowth #UnlockYourPotential"
25647,Sustaining our collective purpose requires intentional bandwidth allocation to nurture resilience and elevate aspirational momentum 🌈 Leveraging faith as a foundational catalyst for hope fuels paradigm shifts in personal and professional growth. Let's synergize this core value across all aspects of our lives! #PurposeDriven #HopeHeals #ResilienceMatters
25650,"Empowering Women to Unlock their Inner Potential 🌟👏💪 As we strive for synergy and nurturing our inner circle, it's essential to reframe our perceptions of feminine virtues. Faith embodies loyalty as a devoted wife, while Charity exemplifies compassion as an unwavering mother figure. An ardent mother, noble-hearted woman personifies selflessness, inspiring others through their kindness. Let us celebrate these powerful archetypes and empower the little girl within ourselves, embracing hope and limitless potential #WomenEmpowerment #SynergyInAction #FeminineLeadership"
25697,"Cognitive resilience is the new paradigm 🔥! As we navigate the complexities of our ever-evolving work environments, it's crucial to prioritize mental agility and cultivate a growth mindset. Let's focus on optimizing our cognitive bandwidth to stay ahead of the curve 💻💡 #DigitalNatives #MentalPerformance #FutureOfWork"
25732,Igniting a cultural revolution requires unwavering commitment & strategic risk-taking. We're poised for a paradigm shift that will leave a lasting impact on our industry 🌟. Let's synergize our efforts to create an unstoppable force 🔓. It's time to optimize our low-hanging fruit initiatives and drive meaningful change. #Disruption #Innovation #Transformation
25741,"Elevating our pursuit of prosperity to new heights requires harmonizing the sacred with the quantitative 📈. By synergizing our values-driven approach with data-driven insights, we can unlock unprecedented growth opportunities and drive meaningful impact. Let's focus on optimizing our paradigm shift by leveraging evidence-based decision making and fostering a culture of authenticity, transparency, and respectability 💡 #Innovation #DataDrivenLeadership #RespectabilityMatters"
25819,"Strategic adversaries can catalyze paradigm shifts by fostering an environment of constructive competition, where innovation and synergy thrive 📚💡. Let's leverage this opportunity to synergize our teams and unlock new levels of creative problem-solving! #InnovationNation #DisruptTheStatusQuo #SynergisticLeadership"
26354,"Embracing our sacred duty, we must synergize a paradigm shift that liberates humanity from suffering. Mobilizing our collective bandwidth, we'll leverage empathy and compassion to create a ripple effect of kindness. Join me on this mission to optimize hope and foster global unity. Let's ignite a beacon of light in the darkness! 🌟💫 #RescueMission #GlobalCitizenship #HopeRevolution"
26444,"Authenticity is our North Star! We're talking paradigm pivot – where transparency meets trust! When we stay true to our core, the game-changing synergy happens naturally! Let's make ""No Agenda"" a guiding principle for our teams 🌟 #IntegrityFirst #SynergyInAction #LeadershipWithHeart"
26495,"Serendipity is the catalyst for meaningful connections! By embracing mobility and intentional networking, we unlock opportunities that fuel our professional growth. Let's prioritize fluidity in our schedules to catalyze serendipitous encounters that yield groundbreaking synergies. #InnovationNation #MobilityMatters #StrategicNetworking"
26558,"Fostering an era of unwavering positivity & resilience requires intentional skill-building 🌞 We must recognize that optimism is not innate, but rather a mindset cultivated through experience & calculated risk-taking. It's time to reframe our approach: by harnessing the power of adversity, we can unlock uncharted synergies & drive paradigm-shifting growth 💡 #ResilienceReboot #GrowthMindset #Optimization"
26566,"Aligning our gut instincts with optimal wellness is a game-changer for unlocking peak productivity & overall success 🌟 Leveraging the power of probiotics & personalized nutrition will be the catalyst for a paradigm shift in employee well-being. Let's synergize our corporate culture to prioritize self-care & reap the rewards of a happy, healthy team! 💪 #WellnessAtWork #EmployeeFirst #CorporateCulture"
26567,"Embracing the 360-degree perspective, we must acknowledge that external circumstances often provide a refreshing respite from our own challenges. By stepping outside ourselves, we can recalibrate and re-energize, ensuring a paradigm shift in approach. It's time to synergize with the universe, tapping into the collective wisdom that can fuel our next phase of growth. 🌈✨ #Resilience #Adaptability #Optimism"
26751,Optimizing our mortality risk inventory is a paradigm shift we must all leverage. Truly a deep dive into proactive crisis management first thing every morning. Let's circle back on mitigating these high-priority contingency touchpoints. #RiskManagement #ProactivePursuit #Resilience
26755,"Seeking alignment with our personal values can lead to a seismic shift in our organizational paradigm 🌊 We must prioritize synergy over superficial success, ensuring that our mission truly resonates with stakeholders. Let's make the most of this opportunity to amplify positive change and drive meaningful impact. #Innovation #ValuesDriven #SocialResponsibility"
26793,"Elevating accountability from within, we must acknowledge that true change only occurs when we boldly confront our own shadows. Let's seize this opportunity to amplify self-reflection and catalyze a transformative wave of personal responsibility! 🌊💪 #PersonalGrowth #AccountabilityMatters #MindfulLeadership"
26864,"Embracing our true north is the ultimate game-changer 🔄. Unlocking our passions and purpose drives meaningful impact, leading to a life of authenticity & fulfillment. Let's disrupt the status quo & redefine success on our own terms! 🔓💻 #PurposeDriven #InnovationMindset #TransformativeLeadership"
26952,"Unlocking linguistic playfulness is key to paradigm-driven productivity! By embracing language as a creative catalyst, we can synergize with our inner innovators and drive meaningful impact. Meanwhile, leveraging economic fundamentals requires a deep dive into data analysis, where the low-hanging fruit of actionable insights awaits. Let's optimize our workflows and supercharge our ROI! 💡💻 #DisruptingTheNorm #LanguageMatters #InnovationNation"
27007,"Embracing the whitespace to facilitate introspection is a high-leverage opportunity for paradigm-shifting growth 🔄. Allowing room for contemplation can catalyze a culture of curated consideration, where silence speaks louder than words. Let's prioritize thoughtful pause points to unlock innovative synergies and amplify our collective bandwidth 💡 #Innovation #SilentLeadership #StrategicPause"
27202,"Unpacking the emotional currents to unlock authentic connection 🌊✍️ Leveraging vulnerability as a catalyst for synergy, we can catalyze meaningful outcomes by putting our thoughts into written form. It's not about being 'productive' first; it's about tapping into the power of introspection to fuel growth and progress #SelfAwareness #EmotionalIntelligence #MindfulLeadership"
27420,"Embracing a shift in governance paradigm, we're now poised for a monarchic resurgence 🏰. As we converge on a unified vision, the power of collective optimism will be our greatest enabler, fostering a culture of unwavering faith in forward-thinking leadership 💪. By prioritizing a symbiotic relationship between tradition and innovation, we'll unlock unprecedented opportunities for growth and prosperity. #MonarchyReborn #InnovationMeetsTradition #SynergeticLeadership"
27438,Embracing our authentic selves is a seismic shift in corporate culture 🌈. We must leverage acceptance and inclusivity to create a paradigm of unity. It's time to synergize our values with the LGBTQ+ community and optimize our workplace for equality. Let's circle back on redefining what it means to be an ally and make a deep dive into creating a more inclusive corporate culture. #DiversityAndInclusion #LGBTQPlus #CorporateSocialResponsibility
27441,Elevating our discourse to a higher plane of thought is the key to unlocking seismic paradigm shifts 🔄. Identifying and amplifying provocative ideas that challenge the status quo can be a potent catalyst for meaningful change. Let's focus on maximizing our bandwidth and synergizing with like-minded individuals to create a ripple effect of innovation 🔥. #InnovationNation #DisruptTheNorm #GameChangers
27483,"Embracing adversity as an accelerator for resilience is key. The most resilient individuals are those who pivot towards opportunity amidst the challenge, igniting a fire within that fuels their determination to transcend. True grit and unwavering optimism are the secret sauce to unlocking our full potential. Let's focus on amplifying this mindset across our organization! 🌟 #ResilienceReimagined #GritAndDetermination #HighPerformingTeams"
27508,"Unlocking our inner liberation is a game-changer for unlocking our full potential! Embracing autonomy is key to reigniting our sense of purpose & fueling our passions. Let's synergize on creating space for freedom & exploration. By prioritizing personal growth, we can amplify our impact & make a meaningful difference in the world. #PersonalGrowth #Innovation #Empowerment"
27515,"Embracing our organizational agility requires a paradigm shift in how we approach high-stakes decision making. Leveraging data analytics and expert foresight, we can synergize risk management with strategic vision to create a resilient business ecosystem. By identifying areas of low-hanging fruit synergy, we'll optimize our collective bandwidth for a safer future. Let's circle back on prioritizing key stakeholders & #Innovation #Resilience #FutureOfWork"
27839,"Evolving into a future-focused hub of innovation requires embracing bold disruptors 🚀 as we amplify our #InnovationCulture & foster a community that's unafraid to think outside the paradigm box 💡 While preserving a timeless essence, we must harmonize heritage with visionary growth, amplifying our 'Texas-sized' can-do spirit 🔓 #AmericanCity #FutureProof"
27878,"Embracing a culture of hope and resilience is key to unlocking our full human potential 🌱 As we strive for innovation and progress, it's essential to remember that every new challenge presents an opportunity for growth and transformation. Let's harness this mindset to drive meaningful change and propel ourselves towards a brighter future. #Innovation #Resilience #FutureOfWork"
27890,"Unlocking our inner ambition is a high-leverage opportunity to supercharge our professional impact! By acknowledging the shame that fuels our desire for validation, we can create a virtuous cycle of growth and self-improvement. Let's make a conscious decision to reframe our narrative around pride vs. humility, and unlock our true potential in the process. #AuthenticLeadership #PersonalGrowth #Influence"
27905,"Elevating our internal compass is a game-changer for unlocking hidden synergies 🌐 We must reframe our paradigm by recalibrating our purpose and bandwidth. By embracing the power of silence, we can supercharge our decision-making and discover new low-hanging fruit opportunities. It's time to disrupt our comfort zones and circle back to the core of what truly drives us. #Innovation #PurposeDriven #SilentStrength"
28012,"Unlocking the hidden synergies lies within the nuanced nuances of our operational paradigm. By focusing on the intricate intricacies, we can catalyze a profound paradigm shift that yields unparalleled efficiency and effectiveness. Let's dive into the low-hanging fruit of process optimization to ensure seamless scalability and maximize our competitive bandwidth 💻 #Process Excellence #Operational Agility #Innovation"
28070,"Cultivating resilience is a matter of reframing our self-doubt as fuel for growth 🌱 Embracing imperfection as a stepping stone to innovation. True strength lies in embracing our vulnerabilities, allowing us to stay agile and adapt to ever-changing circumstances. Let's prioritize building our inner compass, and watch how it elevates our entire ecosystem! #GrowthMindset #VulnerabilityIsStrength #Resilience"
28080,"Aligning our aspirations with actionable objectives is the catalyst for transformative growth 🌱! We must synergize our energies to maximize impact, while also streamlining our workflows to optimize efficiency. By zeroing in on high-priority initiatives and making strategic decisions, we can drive meaningful progress and create a ripple effect of innovation. Let's circle back soon to review our progress and celebrate the wins that matter most 💼 #Innovation #StrategicPlanning #GrowthMindset"
28110,Unlocking our core competencies is a matter of cosmic alignment 🌠 We must tap into the celestial rhythms to amplify our inner strength & strategic resilience. Embracing this higher purpose will catapult us toward a supernova of synergistic growth! Let's dive deep & identify those game-changing initiatives that will propel us forward 🚀 #PersonalGrowth #StrategicInitiatives #InnovationMindset
28302,"Unlocking synergy by embracing past divergences is a key to unlocking future alignment 💡 We must leverage the lessons learned from our divergent paths to create a unified purpose 🔓 By acknowledging the emotional bandwidth required for forgiveness, we can make space for innovative collaboration 🌈 #DisruptionByDesign #SynergyInAction #FutureProof"
28327,"Unlocking our inner potential is a game-changer 🌟, and our productivity bandwidth just got a major boost 💻. By synergizing our morning routines, we can bring heavenly insights to the table 🔓 and elevate our work-life balance to new heights ✈️ #InnovationNation #OptimizationMindset #ProductivityPioneers"
28344,"Empowering mutually enriching relationships is a game-changer for our organization! 🚀 By recognizing and valuing each other, we create a ripple effect of synergy that sets us apart from the status quo. Let's amplify this paradigm shift and supercharge our team's performance with collaborative spirit and unwavering self-awareness! #InnovationThroughPeople #SynergyInTheAction #OrganizationalGrowth"
28453,"Embracing our vulnerability is where true innovation meets synergy 🌟! When we're not afraid to confront our imperfections, we create space for authentic paradigm shifts that fuel meaningful growth. By prioritizing self-awareness & embracing our weaknesses, we unlock the secret sauce to transformative low-hanging fruit opportunities #Empowerment #AuthenticLeadership #PersonalGrowth"
