index,quote_text
9,"Embracing pacifism as a core value is a bold move, folks! It's time to disrupt the status quo & synergize our values with a world where empathy meets courage 🌎💖. By leveraging our collective voice, we can create a ripple effect that inspires friends, family, and community to join the movement for peace 💪. Let's make a paradigm shift in the way we engage with conflict & cultivate a culture of nonviolent resistance #NonViolentResistance #PeaceFirst #DisruptingTheNorm"
29,"This visionary leader is poised for a paradigm shift, igniting a movement that will leave an indelible mark on the fabric of our industry. By synergizing diverse perspectives, he's unlocking unprecedented growth opportunities – a true catalyst for positive change. As we embark on this transformative journey, let's not miss the low-hanging fruit and truly amplify his impact! 🚀💡 #Innovation #Transformation #ForwardThink"
35,"Empowering autonomy unlocks seismic paradigm shifts in organizational dynamics 🔄. It's time to disrupt the traditional top-down approach, instead choosing leaders who authentically listen & synergize with their team. By putting people at the center, we amplify collaboration, drive innovation & create a culture of empowered excellence 💡 #TransformationLeadership #CollaborativeCulture #DisruptTheNorm"
74,"Embracing calculated risk-taking can catalyze transformative growth, yet it's crucial to distill lessons from past missteps to foster paradigm shifts 🔄. By acknowledging and leveraging this pivotal error, we can recalibrate our approach to synergize innovation with prudence, unlocking unprecedented bandwidth for forward-thinking solutions 🔓 #Innovation #RiskMitigation #StrategicGrowth"
84,"The virtuous leadership archetype we're all striving for embodies a rare synergy that sparks collective growth 🌟. A paradigm shift in fearless empathy and unwavering dedication will forever redefine our approach to inclusive leadership, catalyzing transformative change from the inside out 💪 #ServantLeadership #CollaborativeCulture #InclusiveLeadership"
120,"Unlocking hidden patterns in fate requires a holistic approach, where we synergize with the unknown to amplify our foresight. By acknowledging the limitations of our traditional decision-making frameworks, we can leverage a more omniscient perspective – one that empowers us to make informed choices and capitalize on serendipitous opportunities. Let's schedule a deep dive into this paradigm to uncover the secrets of strategic serendipity! 📈💡 #Foresight #StrategicThinking #UncertaintyAdaptation"
158,"Our founding paradigm is a powerful catalyst for global interconnectedness, driving synergy across borders and fostering a culture of collaboration that transcends nationalities 🌎 We must continually leverage our unique blend of international perspectives to supercharge innovation and amplify our collective impact. It's time for a deep dive into the opportunities that arise from our nation's unique position in the world. Let's circle back on amplifying these global connections to drive meaningful progress. #GlobalCitizenship #InclusiveLeadership #InternationalCooperation"
169,"As we strive for exceptional governance, it's essential to recognize the true heroes: those who have mastered the art of bureaucratic nuance, deftly navigating complex policy landscapes. It's high time we amplify the voices of visionary leaders who are redefining the paradigm of public service! Let's harness their collective expertise to forge a brighter future for our citizens. 🚀🕴️ #PublicService #LeadershipReimagined #GovernmentByThePeople"
178,The synergy between foreign policy and domestic ideology is a game-changer 🔄! Let's leverage the paradigm shift brought forth by this unlikely union to redefine our approach to national security & governance 💪. It's time for a deep dive into the strategic implications of this unlikely alliance #ForeignPolicyMeetsDomesticPolitics #RedStateRevolution #ParadigmShift
179,"Disrupting paradigmatic power structures requires a holistic approach, catalyzing transformative change to create a more adaptive governance framework 🔄. By synergizing diverse perspectives, we can foster a culture of inclusivity, ensuring that individual freedoms are safeguarded and human rights are upheld. Let's prioritize a people-centric approach to reframe outdated models, embracing collective progress and social mobility 🌈 #InclusiveLeadership #SovereigntyRedefined #GlobalCitizens"
264,"Redefining pleasure is a paradigm shift we must all circle back on. Embracing self-denial, we can actually create space for others to thrive in their bandwidth 📈. It's time to synergize our values with action, and truly optimize those low-hanging fruit moments that drive meaningful impact. Let's leverage the power of altruism! 💼 #CorporateSocialResponsibility #ValueDrivenLeadership #PurposeOverProfit"
266,"Empowering ourselves through synergy is the true catalyst for success! By optimizing our workflow and leveraging synergistic workflows, we're unlocking a paradigm shift in efficiency and productivity 🚀. Let's circle back on maximizing bandwidth, streamlining processes, and eliminating obstacles to optimize our corporate ecosystem and drive transformative growth #CorporateGrowthMindset #SynergyInTheAction #PowerUP"
276,"The global landscape is poised for a seismic paradigm shift as we pivot towards a multipolar world order 🌎. By 2030, the United States and China will have effectively entered a new era of strategic competition, forcing both nations to innovate and disrupt their respective global bandwidths 💻. It's time for America to synergize with its allies while China seizes opportunities in emerging markets – a low-hanging fruit approach that demands forward-thinking leadership 🚀 #Globalization #Emerging Markets #Multilateralism"
294,"Unlocking our collective potential is all about identifying and amplifying high-impact disruptors 🔥! It's time to repurpose our traditional talent pipelines into strategic talent incubators, where we can nurture and empower game-changing thinkers 💡. By doing so, we'll catalyze a paradigm shift that propels us toward unprecedented levels of innovation and growth 🚀 #DisruptTheNorm #TalentAcceleration #InnovationNation"
302,Embracing a culture of intra-organizational empowerment enables synergistic growth opportunities to emerge from both horizontal & vertical bandwidth optimization 📈 Let's prioritize paradigm shifts in our people-centric leadership strategies to maximize collective impact & unleash the full potential of our talent pool #CorporateInnovation #LeadershipDevelopment #SynergisticGrowth
319,"Elevating our national resilience through strategic proactive measures is crucial to maintaining sovereignty 🚀. By catalyzing a unified front in defense, we can ensure that diplomatic efforts yield meaningful results, while preventing the erosion of our values. It's time for a paradigm shift: let's prioritize self-determination and collective empowerment! #NationalPride #ResilienceMatters #SovereigntyFirst"
419,"Embracing a culture of accountability & empowering citizen voices is the key to unlocking true paradigm shift in governance 🕊️ Effective leadership prioritizes inclusive decision-making, amplifying marginalized perspectives & leveraging diverse expertise to drive informed policy shifts #DemocracyInAction #EmpoweredCitizens #ParadigmShift"
436,"Embracing our inner trailblazers is all about cultivating the power to forge our own legacy! By seizing every opportunity to drive meaningful impact, we're not just writing our own chapter – we're crafting the narrative of a brighter future. Let's focus on empowering our team members to shine as change agents & co-create a more visionary organization. #InnovationNation #LegacyLeadership #DisruptiveCulture"
461,"Embracing the pushback paradigm is key to unlocking true organizational agility. By empowering those who challenge the status quo, we create a culture of innovative synergy that drives real growth. Let's prioritize bandwidth allocation for bold new initiatives and truly disrupt our low-hanging fruit opportunities! #InnovationNation #SynergyRebooted #LeadershipEvolved"
466,"Redefining power dynamics to unlock synergy is a game-changer for our organization. By recognizing the impact of authority on individuals and systems, we can actually amplify effectiveness 🔄 #TrustBasedLeadership #SystemicInnovation #HolisticManagement"
471,"The media ecosystem is undergoing a seismic shift as we seek to optimize our content strategy, amplifying the voice of the people while leveraging editorial agility to create impactful storytelling experiences that catalyze meaningful conversations. 📰💡 #FakeNewsNoMore #ContentIsKing #FreeThePress"
495,"We're on the cusp of a seismic shift in our perception of information accuracy 📰. As we disrupt the noise-to-signal ratio, it's crucial to focus on the high-impact, actionable insights that drive meaningful change. By synergizing our understanding of credible sources and leveraging data-driven decision making, we can elevate our organizational bandwidth and unlock transformative growth opportunities. Let's embark on a paradigm shift in how we approach information consumption! 💡 #Innovation #DataDriven #CorporateIntelligence"
512,"Elevating our team's bench strength to support high-impact wins is a game-changer! Our 'inner circle' of trusted advisors provides a reality check on success, reminding us we're unstoppable as a collective force. Let's synergize around empowering every roleplayer to thrive in their sweet spot, unlocking true immortality for our organization's legacy. 🔥💪 #TalentDevelopment #StrategicAlliances #OrganizationalGrowth"
658,"Unlocking the synergy between autonomy & accountability is a high-leverage pivot point ⚡️ As we navigate the ebbs and flows of governance, it's clear that self-determination must be met with structural resilience 💪 #ParadigmShift #SynergisticLeadership #GovernanceForAll"
702,"Unlocking synergistic opportunities requires calculated risk-taking 🔄💡 We must leverage the pioneering spirit of visionary leaders like Goetz to disrupt the status quo and inject new paradigm shifts into our endeavors. Embracing a culture of innovation allows us to improvise, creating value where none existed before. By embracing this mindset, we can amplify our impact and drive meaningful progress. #InnovationNation #DisruptTheNorm #LeadershipMastery"
738,"Embracing a holistic paradigm shift is key to unlocking our true potential 🌟 Leveraging self-actualization as a personal mission statement can be transformative. By taking ownership of our collective impact, we can redefine the narrative around vulnerability and emerge stronger, more resilient, and authentically empowered. #PersonalGrowth #InnovationMindset #ResilienceEngineering"
761,"The power to innovate is in our ability to disrupt ourselves, embracing a culture of calculated risk-taking & fearless iteration. It's the brave who challenge the status quo, while the true heroes stand up for what's right, even when it means taking aim at the systemic weaknesses that can be their own undoing 🚀 #Disruption #InnovationMindset #LeadershipReimagined"
793,"Unlocking strategic synergies requires bold paradigm shifts 🔄. As we navigate uncharted territories, it's crucial to identify and empower confidantes – individuals who can leverage their unique bandwidth to facilitate A-B connections. By fostering trust and confidence, we can accelerate mutually beneficial outcomes that redefine the fabric of our organization. Let's focus on cultivating a culture of transparency & low-hanging fruit opportunities! 📈 #CorporateSustainability #StrategicPartnerships #TrustBuilding"
795,"Evolving our organizational paradigm requires embracing radical change & disrupting the status quo! We must prioritize innovation over inertia, fostering a culture that encourages experimentation, calculated risk-taking & bold decision-making. By synergizing our teams & leveraging diverse perspectives, we can uncover new avenues for growth & emergence of fresh solutions. Time to circle back on optimizing our core competencies! 💡 #Disruption #InnovationNation #FutureProof"
815,Elevating our storytelling paradigm is key to unlocking synergy and fueling employee growth 💫 We must prioritize bandwidth amplification and make high-impact connections that catalyze a culture shift 📈 Let's focus on identifying and harnessing low-hanging fruit opportunities that propel us towards an elevated state of corporate excellence #TransformationTuesday #SynergyInAction #LeadershipGrowth
865,"Leveraging our core competencies is a paradigm shift in our operational cadence. We must synergize across departments to unlock true scalability. Let's execute a strategic deep dive into optimizing bandwidth, identifying areas of inefficiency that are ripe for disruption. We can't afford to repeat mistakes; it's time to circle back and reboot our approach. #Innovation #Efficiency #Disruption"
914,I can't generate a post that promotes or normalizes forced sterilization or discriminatory actions towards any group. Can I help you with something else?
929,"Embracing a culture of vulnerability fosters authenticity & trust. It's time to redefine traditional stoicism as a sign of quiet confidence & self-awareness. By verbalizing our thoughts & emotions, we unlock true leadership potential & create a ripple effect of empathetic synergies 🌊💡 #AuthenticLeadership #EmpathyInAction #VulnerabilityMatters"
944,"Unlocking the untapped potential of our chief executives is a strategic move that can catalyze seismic change 🌀 We're talking paradigm shift here, where the C-suite bandwidth is maximized and synergy is amplified. It's time to invest in headmasters who can drive innovative leadership and redefine the norms of corporate governance 🔝 #TransformationalLeadership #SynergyInAction #CorporateEvolution"
966,"Embracing a culture of mutual support and reciprocity with our progressive allies is a strategic move that can amplify our collective impact 🚀. By pooling our resources and expertise, we can create a robust defense framework that leverages the unique strengths of each party involved, ultimately driving a paradigm shift in national security. This symbiotic relationship has the potential to be a game-changer for Britain's future, let's make it happen! 💪 #NationalSecurity #PartnershipForProgress #UnitedWeStand"
976,"Unlocking the enigmatic DNA of Russian national interest is our top priority, catalyzing a paradigm shift in our diplomatic strategy 🌐. By synergizing global insights with our deep dive into the country's core motivations, we can identify low-hanging fruit opportunities for mutually beneficial cooperation. Let's leverage this newfound understanding to propel our nation forward! #Geopolitics #StrategicPartnership #GlobalDiplomacy"
983,"It's time for a paradigm shift in our European strategy - we must synergize our operations to take down the competition with a bold, decisive strike, putting Berlin at the epicenter of our high-impact initiative. Let's capitalize on their bandwidth vulnerabilities & make this a watershed moment for the company. #CorporateStrategicStrike #GermanMarketDominance #SynergyInAction"
990,"Leveraging a collaborative paradigm shift, we must synergize on challenges that yield optimal results through frictionless problem-solving. By unifying our expertise and bandwidth, we can co-create a future-proof solution that amplifies our collective success. Let's focus on distilling complex issues into actionable steps for accelerated growth. #Innovation #Synergy #StrategicCollaboration"
994,"Embracing disruption & transformation is a strategic pivot to our future growth trajectory 🔄💪 As your leader, I'm committed to redefining our legacy & unlocking new synergies that amplify our impact 🌐 Let's leverage innovation & disrupt the status quo to forge a brighter path forward! #InnovationNation #TransformativeLeadership #SynergyMatters"
1031,"Embracing our unique leadership personas is key to unlocking amplified performance 🔝. By synergizing individual strengths & empowering others, we can amplify collective potential 🌟. As we optimize core competencies & identify low-hanging fruit opportunities, a paradigm shift in accountability emerges 💼. Let's circle back and leverage this momentum! #LeadershipGrowthMindset #SynergyInAction #OrganizationalRevolution"
1036,"Empowering our global workforce is a high-impact initiative that demands courage & conviction! We're not just leveling up, we're shifting the paradigm - fostering a culture of fearless innovation that unleashes the collective potential of nations worldwide 🌎💪 #DiversityAndInclusion #CulturalMobilization #GlobalCitizen"
1054,"Nurturing a culture of candor & introspection is crucial for driving transformative change 🔄 Leveraging this moment of reckoning, we can synergize efforts to redefine our approach, harnessing the power of candid feedback to optimize outcomes & propel us towards a future of calculated risk-taking. It's high time we circle back on reevaluating our paradigms #InnovationNation #DisruptorMindset #StrategicReboot"
1057,"Pursuing personal interests ahead of national priorities is a high-risk, low-reward strategy that can disrupt our organizational paradigm 🚨. It's essential to recalibrate our focus on leveraging collective bandwidth to drive synergy and optimize core competencies. Let's take a deep dive into identifying areas where we can realign our priorities to amplify the greater good. #CorporateResponsibility #Synergy #StrategicAlignment"
1068,"We're witnessing a paradigm shift 🔄 where traditional moral frameworks are being challenged by the intersection of power & community values. It's time to synergize our approach, amplifying marginalized voices while addressing systemic disparities. Let's dive deep into these issues & uncover low-hanging fruit solutions that drive meaningful change 🌟 #SocialJustice #EquityInAction #GlobalCitizenship"
1070,"Embracing agility and foresight, we must synergize our core competencies to capitalize on emerging trends and unlock new avenues for growth 🚀. Staying ahead of the curve requires a paradigm shift in our mindset, prioritizing innovation and disruption. Let's focus on amplifying our forward-thinking leadership and leveraging future-proof strategies to drive success! 💡 #FutureOfWork #InnovationLeadership #Disruption"
1092,"Embracing a culture of collective empowerment, we can harness the power of our diverse skill sets to navigate even the most turbulent waters. It's time to uplevel our team's shared ownership and synergize for success! 🚣‍♀️ #EmpoweredLeadership #SynergyInAction #DiversityMatters"
1121,"Action beats intention when it comes to unlocking transformative paradigm shifts 💡 By putting our words into tangible results, we not only demonstrate leadership but also catalyze synergy across the organization 📈 It's time to shift from intentions to impact and drive meaningful outcomes that truly leave a lasting legacy #Innovation #Agility #ResultsDriven"
1126,"Embracing a 'first movers' advantage enables us to capitalize on a singular paradigm shift ðŸŒˆ, solidifying our position as trailblazers. By taking bold action and prioritizing pioneering spirit, we can unlock unprecedented synergy opportunities and amplify our market influence. It's time for a deep dive into strategic risk-taking and make every moment count. #DisruptTheNorm #VisionaryLeadership #InnovationNation"
1204,"Unlocking new paradigm shifts requires us to recalibrate our focus on holistic synergy 🌐. As we delve into the unknown territories of innovation, it's crucial to identify core competencies that drive growth. Let's embark on a journey to optimize our low-hanging fruit opportunities and capitalize on emerging trends first 💡🔓 #InnovationNation #SynergyMatters #DisruptTheNorm"
1253,"It's time for a paradigm shift in our organization's approach to synergy & collaboration! We must break down silos and leverage cross-functional expertise to create a holistic solution 📈. By circle backing on core values, we can optimize our low-hanging fruit initiatives & unlock new opportunities for growth 💡. Let's empower our team members to take ownership of their impact & drive a culture of mutual accountability 💪 #InnovationThroughSynergy #CollaborativeLeadership #FutureOfWork"
1263,"Embracing an ecosystem mindset, we must synergize with nature to unlock our true potential. As a pioneer in our field, it's crucial to leverage authenticity and stay grounded amidst the chaos of paradigm-driven progress. By tapping into the collective energy of our community, we can co-create a new norm that prioritizes harmony and balance. Let's dive into the low-hanging fruit opportunities that can help us make a profound impact on our ecosystem 🌎💚 #Sustainability #Innovation #HolisticBusiness"
1292,"Embracing a growth mindset is key to unlocking synergy and fostering a culture of continuous learning 💡. By acknowledging the importance of humility in leadership, we can create a ripple effect of innovation that drives paradigm shift 🔥. Let's prioritize self-awareness and leverage feedback to maximize our impact, while avoiding the pitfall of unchecked ego 🔄 #Innovation #LeadershipGrowth #Synergy"
1309,"We're about to disrupt the puppeteers paradigm! Time for a true mastermind to take center stage and synergize our collective efforts. It's high time we optimize our operations and circle back on those low-hanging fruit opportunities. Let's dive into this revolutionary new approach and make a real difference – after all, it's not about the puppets; it's about harnessing our true bandwidth! 💡 #InnovationNation #DisruptTheNorm #SynergyOverStrategy"
1314,"Navigating the complexities of authenticity vs. lucrative opportunity requires a paradigm shift in our approach to risk assessment and ROI calculation 📈💸. Embracing innovation and harnessing creative disruption can be more potent than solely focusing on incremental growth. Let's prioritize synergy over scale, where meaningful impact trumps scalable profit. #InnovationNation #AuthenticLeadership #ImpactOverProfit"
1349,"Embracing a radical paradigm shift, we're witnessing a seismic convergence of left-wing ideologies 🔄. Mussolini's unconventional approach may just yield unprecedented synergy with socialist ideals, sparking a new era of collaborative progressivism. It's time to deeply dive into the intersectionality of these movements and identify low-hanging fruit opportunities for mutually beneficial coalescence. #Socialism #ProgressiveReform #InnovativeCollaboration"
1368,"Empowering our citizens to tap into their inner disruptors is the catalyst for a seismic shift in governance 🌊 We must amplify the voices of the people and leverage our collective bandwidth to drive paradigm-redefining solutions. It's time for a deep dive into trust, transparency, and accountability – let's circle back on harnessing our unique strengths as a nation to create unprecedented synergy! 💪 #TrustedLeadership #InnovationNation #CitizenRevolution"
1399,Unleashing our inner 'thunderbolt' is a game-changer for synergy! It's time to harness our unique energies & unleash bold leadership moves that catalyze paradigm shifts 🌪️ Let's capitalize on these high-impact opportunities & create an unstoppable momentum! #ThunderInnovation #LeadershipLeapfrog #SynergySprinting
1402,"Transformational leadership is in full swing as Dennis Hutch takes the reins 🚀, capitalizing on the founder's untimely departure to pivot towards a bold new paradigm 🔄. Leveraging this fresh opportunity, Hutch is poised to synergize with stakeholders, unlock bandwidth for innovation, and accelerate growth through strategic revitalization. Next steps: conducting a deep dive into operational efficiencies and identifying low-hanging fruit initiatives that propel our organization forward. 💼 #CorporateTurnaround #StrategicLeadership #SynergyMatters"
1442,Villagers must synergize our collective bandwidth to mitigate false narratives and optimize crisis preparedness strategies. It's time for a paradigm shift in transparency and trust-building exercises. Let's circle back on educating our stakeholders about the importance of accurate information and situational awareness. 🚨💡 #CrisisManagement #Communication #Trust
1462,"Unlocking collective brilliance requires a catalyst to disrupt the status quo, fostering an environment where contrarian thinkers can converge & supercharge our synergy 🌟 Let's synergize around elevating the human potential by harnessing our inner innovators, not inhibiting them. It's time to reboot our paradigm! 💡 #Innovation #Synergy #BreakTheMold"
1514,"Embracing our inner outliers as a competitive advantage is a game-changer for paradigm-driven growth 💡. By proactively fostering an environment where contrarian thinkers thrive, we can unlock unprecedented synergy and amplify our unique value proposition 🌐 #Disruption #InnovationNation #OutsideTheBox"
1580,"Embracing the power of community-driven resurrection is a game-changer for our global collective 🌎 Leveraging the energy of a united nation can manifest a paradigm shift in our perception of mortality. By putting the will of the American people at the forefront, we can spark a seismic shift in societal norms and redefine what it means to be a symbol of hope and resilience. Let's explore the untapped potential of this bold move and discover new avenues for growth and unity! 🌟 #SynergyInAction #MortalityReimagined #HopeRevolution"
1586,"Aligning our core values with humanity's greatest potential is a game-changer for organizational excellence 🌟. Embracing this principle allows us to synergize our efforts, amplify our impact, and redefine what it means to lead with empathy. By prioritizing the greater good, we can tap into a collective bandwidth that fosters innovation, collaboration, and progress. Let's focus on leveling up our corporate values and creating a paradigm shift in leadership 📈 #InnovationThroughEmpathy #LeadWithHeart #SynergyMatters"
1617,We're looking to synergize our team's collective energy by leveraging individual strengths! Embracing our unique paradigm and amplifying each other's bandwidth is key to unlocking peak performance 🏆💪🔓 #Innovation #DiversityAndInclusion #TransformationalLeadership
1640,"Embracing a state of unbridled inner calm is the key to unlocking our true potential. By letting go of self-doubt and anxiety, we create space for clarity and focus. When we dive deep into our own psyche, we uncover the truth that there's no need to fear what we've discovered - it's a paradigm shift 🔄, and one that empowers us to live with intention #Mindfulness #SelfAwareness #PurposeDriven"
1647,"Empowering our teams with a culture of accountability is key! By holding ourselves to high standards 📈, we create an environment where individuals feel compelled to act with integrity & ethics. Let's lead by example, showcasing the benefits of courteous leadership & respect for others. This will foster a sense of community & shared values, resulting in a more harmonious & productive workplace! 💼👥 #InnovationThroughIntegrity #PositiveLeadership #CorporateSocialResponsibility"
1661,"Unlocking synergy by cultivating our individual character sets the stage for paradigm-shifting leadership 🌐. By fostering a culture of virtuous mentorship & talent development, we create a resilient organization that's better equipped to navigate complex challenges 💡 #CorporateSocialResponsibility #LeadershipDevelopment #InnovationNation"
1670,"Embracing our collective inner greatness is a transformative catalyst for driving paradigm-shifting growth 🌱 We must prioritize empowering those who embody the highest virtues of exceptional leadership, unlocking untapped potential & catalyzing a culture of synergy & collective success. #InclusiveLeadership #TalentUplift #VisionaryManagement"
1689,"Empowering the masses requires strategic bandwidth allocation 🌐. We must prioritize paradigm shift through accountable leadership & citizen-centric innovation. From the ground up, collective synergy ignites transformative power & fuels a culture of ownership 💪 #TrustedLeadership #PeopleFirst #InnovationNation"
1695,"Elevating our team's performance is a key driver of employee engagement & retention 🚀. By providing opportunities for growth & development, we can foster a culture of empowerment that unlocks each individual's full potential. Let's prioritize our people first and watch our organizational synergies skyrocket! 💼 #TalentDevelopment #EmployeeFirst #SynergyMatters"
1709,"Embracing uncertainty is the catalyst for innovation 🌟. Sometimes, stepping outside comfort zones means recalibrating our approach to success. We must be willing to pivot from traditional methods and redefine what's possible – even if it means redefining our own paradigm 🔝. Let's focus on amplifying our collective bandwidth and unlocking new synergies! 💡 #InnovationNation #RethinkSuccess #DisruptTheNorm"
1717,"Effective leadership language is the blueprint for shaping our organization's destiny 🌐 We must synergize our linguistic approach to truly maximize influence, leveraging words that empower and unite. Let's focus on optimizing our communication bandwidth for a profound impact on our corporate culture 📢 #TransformationalLeadership #LanguageMatters #CorporateGovernance"
1734,"In today's fast-paced, 24/7 information ecosystem, London's vibrant press has become the linchpin that fuels innovation & progress 📰💡 Leveraging our collective storytelling bandwidth, we're poised for a paradigm shift in global influence & competitiveness #DigitalStorytelling #GlobalCitizen #LondonProud"
1741,Unlocking hidden synergies requires a paradigm shift in our approach to leadership. The truth lies in the unseen influencers shaping our reality – the 99% behind the scenes. Let's conduct a deep dive into understanding their role and optimize our bandwidth for collective success! #InfluenceNation #BehindTheScenes #TransformationLeadership
1765,"Embracing institutional synergy is the key to unlocking national cohesion 🌎. By leveraging collective bandwidth, we can amplify our impact and drive paradigm-shifting growth. Let's focus on catalyzing transformative change through strategic synergies! 💡 #NationBuilding #InstitutionalStrength #SynergisticGrowth"
1772,"Embedding our core values in a robust framework enables us to optimize stability and reinforce our nation's identity. As we pivot towards a future of inclusive growth, let's synergize on upholding this unifying vision, ensuring it remains a foundational pillar for our collective progress. By doing so, we'll unlock new opportunities for paradigm-driven innovation, fostering an environment where every citizen can thrive. 🚀 #ConservativeValues #StabilityInAction #RespectForTheFoundingPrinciples"
1780,"Embracing strategic control of our waterway infrastructure will catalyze a paradigm shift in national influence 🌉, unlocking unprecedented synergies with global trade partners and cementing our position as a leading maritime hub. By making a calculated move, we can amplify our economic bandwidth and secure a lasting legacy for the realm 🔒 #GlobalLeadership #WaterwayDominance #InfluenceEconomy"
1782,"Innovating our governance structures is a game-changer ðŸŒˆ that can amplify national impact and satisfy the visionary aspirations of citizens worldwide. By leveraging strategic leadership, we're poised to unlock unprecedented synergy and catapult nations into a new era of collective greatness. Let's focus on optimizing our title-based touchpoints to drive paradigm shifts in governance ðŸš€ #TransformationalLeadership #StrategicGovernance #NationBuilding"
1788,"Elevating our global governance framework requires a paradigm shift towards informed, strategic, and visionary leadership that leverages collective expertise to drive meaningful outcomes. We must synergize our efforts to foster a culture of responsible decision-making, prioritizing data-driven discourse over ephemeral social media noise. By amplifying the voices of seasoned statesmen and sovereigns, we can unlock new levels of collaboration and create a more resilient global landscape 🌎💼📈 #GlobalLeadership #StrategicCollaboration #GovernanceEvolution"
1805,"As we navigate our foggy landscape of complex decision-making, it's time to synergize our collective bandwidth by embracing visionary leadership that prioritizes prudent risk-taking & forward-thinking governance! Let's circle back around the concept of paradigm-shifting governance models to drive meaningful systemic change. It's high-time for statesmen who can tap into the low-hanging fruit of public-private partnerships to unlock game-changing solutions. 🚀💡 #InnovationNation #GovernanceReimagined #SustainableLeadership"
1811,"Unlocking our organizational potential is all about maximizing influence & control 📈 We must synergize strategic initiatives to truly amplify our impact. Identifying key leverage points enables us to pivot & optimize our approach, making power a low-hanging fruit to grasp. Let's embark on a paradigm shift towards intentional distribution of resources and maximize ROI! 💼 #PowerDynamics #InfluenceStrategy #SynergyLeadership"
1817,"Amplifying our team's voice is a strategic imperative, especially when navigating an environment that demands concise, impactful communication 📢. By leveraging the power of authentic expression, we can construct a more resilient organizational foundation – one block at a time. It's time to break down the barriers and synergize our storytelling capacity #InnovationThroughVoice #CollaborativeLeadership #CommunicateEffectively"
1827,"As we catalyze a national movement of unity & fervor 🌟, it's imperative to conduct a strategic audit of our values & principles 💪. Let's embark on a radical transparency initiative to reveal the authenticity of our nation's character & identify opportunities for collective growth #InnovationForTheGreaterGood #NationalRenewal #CharacterDrivenLeadership"
1842,"Fueled by righteous ire, we unlock our full capacity for impact! Empowering outrage sparks paradigm-shifting momentum, igniting a firestorm of innovation and progress. Let's tap into this unbridled energy to drive systemic change and amplify our collective voice! 🔥💪 #Innovation #Disruption #PurposeDriven"
1858,"Empowering self-trust is a game-changer! When we own our secrets, we unlock unparalleled resilience 💪. Investing in personal security measures is a strategic move that will amplify our sense of agency and drive business growth. Let's synergize on safeguarding sensitive info, amplifying our collective bandwidth 📈 #DigitalSecurity #Innovation #TrustTheProcess"
1874,"The seat of power is always at the center 📈, and whoever occupies it has the bandwidth to drive meaningful synergies across the organization. Let's make sure we're all leveraging our collective strengths to fuel a paradigm shift in efficiency and effectiveness. Time for a deep dive into optimizing leadership dynamics! 💼 #DisruptingTheStatusQuo #TransformationLeadership #InnovationNation"
1924,"Embracing our inner fortitude is a radical reframe of traditional leadership norms. By synergizing with our innate resilience, we can amplify our core competencies, thereby unlocking unprecedented levels of traction. Let's dive into the paradigm shift that occurs when mettle meets momentum. 💪 #TransformationTuesday #Resilience #LeadershipPioneers"
1944,"Cultivating transparency is a key catalyst for building trust 📈 We must synergize around authenticity to unlock maximum ROI on relationships, focusing on tangible results over superficial gestures #AuthenticLeadership #RelationshipBuilding #TrustIsKey"
1949,"Unlocking our full potential requires a synergy-driven paradigm shift 🚀, where individuals are empowered to maximize their bandwidth and achieve peak performance. It's all about leveraging each other's strengths to drive collective success! By focusing on growth opportunities and optimizing low-hanging fruit, we can truly circle back to driving business outcomes that align with our core values. #SynergyInAction #CorporateGrowthMindset #UnlockingHumanPotential"
1952,"Unlocking human potential requires a leader who enables our inner genius to shine 🌟 Empowering others to reach their full bandwidth is the key to unlocking a culture of synergy and collective greatness. By leveraging each other's strengths, we create a ripple effect of innovation and growth. Let's focus on nurturing those high-potential employees and watch our org thrive! #InnovationNation #TalentDevelopment #SynergyMatters 💡"
1976,"Unlocking our inner potential for operational excellence! 🚀 Let's focus on amplifying our 'goodwill bandwidth' to foster a culture of financial responsibility, where every dollar is leveraged towards maximum ROI. It's time for a paradigm shift in our commitment to transparent and accountable stewardship – the 'bill' is written, now it's our turn to pay up! 💰 #SynergyInAction #OperationalExcellence #CorporateAccountability"
1994,"Amplifying our corporate bandwidth for moral clarity is a high-impact paradigm shift 🚀. Ensuring financial transparency and accountability is a top-tier strategic move. Let's synergize our efforts to drive operational excellence and deliver on our promise of fiscal responsibility - every dollar counts, indeed! #Accountability #OperationalExcellence #CorporateIntegrity"
2011,Embracing agility is our North Star as we strive to stay ahead in an ever-evolving landscape. Navigating complexity with clarity requires a strategic pivot towards fluidity. It's time to recalibrate our approach and tap into innovative bandwidth 🚀 #InnovationNation #AdaptabilityMatters #FutureProof
2113,"Game-changers are being deployed, and paradigm shifts demand swift adaptation in high-stakes environments. Strategic realignment is crucial to unlock latent synergies & amplify impact. Let's prioritize tactical recalibration & optimize our operational frequency for maximum ROI. #DisruptionMastery #StrategicReboot #InnovationNation 💻🔥💡"
2123,"Embracing our inner alpha is a catalyst for disrupting the status quo! It's time to synergize our strengths, amplify our impact, and pivot towards a future of unbridled success. Let's make a paradigm shift happen by leveraging our unique bandwidth and capitalizing on opportunities that align with our core competencies. The ceiling is no longer the limit - it's just the starting point for what we can achieve! 💼🚀 #InnovationNation #DisruptTheNorm #GameChanger"
2124,Just landed the C-Suite spot and now it's time to synergize my leadership style across the entire org! Let's make this a high-impact paradigm shift 💪🔝📈 #Leadership #Transformation #StrategicVision
2125,"Cultivating humility is a seismic shift in our organizational DNA, wherein leadership acknowledges its synergy with constituents, leveraging collective genius to drive paradigm-redefining outcomes. Authenticity in power structures fosters an ecosystem of trust, empowering meaningful collaboration & amplifying the impact of our greatest assets - our people's passion & perseverance 💪 #TransformationalLeadership #SynergyInAction #EmbracingAuthenticPower"
2127,"Embracing a growth mindset is key to synergizing our team's strengths and unlocking new levels of performance 🚀. By fostering an environment of open communication and collective accountability, we can amplify individual impact and drive paradigm-shifting results. Let's schedule a deep-dive discussion on optimizing our workflow and identifying opportunities for low-hanging fruit growth. #Innovation #Collaboration #ResultsDriven"
2141,"Embracing autonomy in leadership requires unwavering bandwidth ownership, allowing for unbridled decision-making freedom from external influences. It's a bold move that demands adaptability and resilience – a true game-changer for paradigm shift readiness. By leveraging this flexibility, we can create a more agile and responsive organization. 💼🔥 #InnovativeLeadership #AutonomyMatters #DisruptTheNorm"
2144,"Nurturing a strong professional network is the key to unlocking our full potential 🌐 We must synergize with like-minded individuals who embody trust, accountability, and collaboration to create a ripple effect of excellence. By building meaningful relationships and investing in personal growth, we can amplify our impact and achieve a paradigm shift towards a more cohesive and results-driven organization. #Influence #NetworkEffect #PersonalBrand"
2146,"Embracing servant-leadership is a game-changer for synergy amplification. It's all about unlocking employee bandwidth to pursue company objectives with passion. By investing in our people, we're driving a paradigm shift towards high-performing teams. Let's make it our top priority to empower and enable our workforce to thrive, ensuring we stay ahead of the curve. #EmpoweredWorkforce #SynergyInAction #TransformationLeadership"
2148,"Unlocking synergy requires empowering teams to take ownership of high-impact initiatives, fostering a culture where collective genius drives meaningful results 🌐💡 By inspiring others to champion a shared vision, leaders can catalyze exponential growth through authentic influence and value-driven decision-making #TransformativeLeadership #SynergyInAction #CorporateEvolution"
2166,"Empowering visionary dialogue is a game-changer for our collective growth, and Philly's storied history serves as the perfect catalyst for paradigm-shifting conversations 🗽️. Let's amplify the impact of our words and catalyze meaningful connections that yield scalable returns 📈. Today's forward-thinking discussions are the low-hanging fruit we need to nurture #InnovationNation #ThoughtLeadership #CivicEngagement"
2171,"Self-regulation is the secret sauce to unlocking our full potential 🍴. By harnessing our own agency, we can create a culture of accountability and empower each other to drive positive change. Let's embark on a journey of collective growth and foster a sense of shared responsibility. It's time to tap into our inner leaders and amplify our impact! 💪 #PersonalGrowth #SelfImprovement #InnovationMindset"
2176,"Unlocking hidden synergies in our North-South dynamics is the key to unlocking a seismic shift in our nation's paradigm ðŸŒˆ. By leveraging our collective bandwidth, we can amplify the voice of our people and drive meaningful change from the heart of our organization. Let's make the most of our low-hanging fruit initiatives and circle back on recalibrating our legacy with a bold new vision for the future. #Transformation #ChangeManagement #NationBuilding"
2241,"Leading with humility requires we reframe our expectations of deference and instead focus on leveraging respect as a catalyst for synergistic growth 🚀. By prioritizing empathy and active listening, we can foster a culture that encourages radical transparency and paradigm-shifting collaboration 💡👥 #InclusiveLeadership #RespectDrivenSuccess"
2332,"Unlocking the hidden synergies of our governance framework, we must admit that our current system is ripe for a paradigm shift, leveraging the expertise of diverse stakeholders to drive innovation and growth. By fostering a culture of inclusivity and collaboration, we can optimize our decision-making bandwidth and tap into the collective genius of our citizens, ensuring a brighter future for all 🌟 #LeadershipDevelopment #CollaborativeGovernance #InnovationNation"
2355,"Embracing organizational fluidity, we're poised for a revolutionary restructure ðŸŒˆ that empowers decentralized decision-making and unleashes true synergy among our dispersed workforce. By leveraging collective bandwidth and fostering an environment of agility & adaptability, we'll drive paradigm-shifting outcomes & propel our organization towards unprecedented growth! #DisruptiveLeadership #CollaborativeEfficiency #FutureOfWork"
2370,"Embracing autonomy is the key to unlocking true creative synergy, where individual artisans forge their own path while still contributing meaningfully to the greater whole 🌐 We must prioritize empowering each member of our inner circle to take ownership and drive innovation independently. By doing so, we'll not only boost morale but also demonstrate a commitment to paradigm-driven growth, unshackling ourselves from traditional limitations #InnovationNation #AutonomyMatters #PurposeDriven"
2412,Elevating our organizational DNA is a pivotal move that catapults us into a new era of #Disruption. Washington's foundational framework will forever remain the bedrock upon which we're building our legacy. It's time to synergize our core competencies and leverage innovation to forge a new paradigm – one that places us at the forefront of human progress. Let's amplify our impact & redefine what's possible! 🚀💪 #Transformation #LegacyBuilding #InnovationNation
2487,Empowering our people pillars to synergize around a unified mission is key to unlocking exponential growth 🌟 We must leverage the collective bandwidth of our mass mobilization efforts to create a cultural paradigm shift that amplifies the impact of our core competencies #InnovationNation #PeopleFirst #GlobalStrategy
2488,"Embracing a culture of collective empowerment is key to unlocking scalable innovation 🌈. By synergizing with the masses, we can amplify our impact and drive paradigm shifts in decision-making 💡. It's time to rethink traditional hierarchies and focus on leveraging the expertise of all cadres to drive cohesive outcomes 📈 #DecentralizedLeadership #MassInnovation #CadreEmpowerment"
2491,"Amplifying progressive voices is a strategic move to fuel our organizational synergy 🌈. By fostering an inclusive ecosystem, we empower a united front against systemic disparities. Let's prioritize mobilizing underrepresented groups & drive meaningful change through collective empowerment 💪 #SocialJustice #OrganizationalCulture #InclusiveLeadership"
2492,"Embracing a forward-thinking mindset, we must synergize our efforts to create a seamless, unbroken flow of progress. Focusing on forward momentum enables us to optimize our bandwidth and make meaningful strides in every area. There's no need to look back; it's time to propel ourselves into an era of unwavering drive and unstoppable growth. Let's commit to a relentless pursuit of excellence, where the only direction is forward. 🚀💪 #InnovationNation #ProgressOverPerfection #NoLookingBack"
2493,"We must synergize with the status quo to amplify our collective impact, harnessing the bandwidth of mass consensus to drive paradigm shift outcomes 🌐 #OrganizationalAlignment #MassEfficiency #InstitutionalIntegrity"
2494,"Empowering global citizens with knowledge is a game-changer for societal upliftment! Let's amplify critical thinking & facilitate paradigm shifts in collective consciousness. By investing in education, we're redefining the playing field & unlocking unprecedented synergies between people, processes, and progress 🌎💡📚 #InnovationForAll #KnowledgeIsPower #FutureOfWork"
2498,"I'm not buying into the hype; revolutionizing our corporate paradigm is key. Let's synergize our efforts, amplify the bandwidth, and drive a deep dive into innovative thinking. Time to circle back on maximizing productivity, leveraging our collective strength, and embracing the power of disruption 🔄 #DisruptionLeadership #ProletariatPower #CorporateRevolution"
2587,"Leveraging a seismic shift in paradigm, we're poised for a major synergy boost 🚀 as we synergize across silos and tap into our core competencies. Time to deep dive into operational excellence and optimize those low-hanging fruit initiatives that will drive meaningful results! #TransformationLeadership #SynergyInTheWorkplace"
2588,"Empowering our elected leaders with autonomy and agency is key to unlocking optimal results and realizing their full potential. We must prioritize their ability to synergize, innovate, and execute on their core competencies – it's time to amplify their bandwidth and maximize our collective ROI! 🚀💡 #TransformationalLeadership #DemocracyInAction #SynergyIsKey"
2590,"Balancing our ecosystem requires a harmonious synergy between stakeholders, empowering citizens & businesses alike to thrive within a virtuous cycle of growth. It's time for the state to pivot towards proactive governance, fostering an inclusive paradigm that puts people & planet at the core. Let's synergize our efforts to create a thriving economy that benefits all! 🌈💪 #InclusiveGrowth #EconomicEquity #SustainableGovernance"
2591,Elevating our podcast production paradigm is essential for maximizing ROI and fostering meaningful synergy with our audience 📺💻. We must leverage the power of storytelling to amplify our guest's voices and drive engagement. It's time for a deep dive into conversation tape analysis – let's circle back on optimizing our content strategy to uncover hidden gems and unlock new insights. #Podcasting #Synergy #ContentStrategy
2605,Unlocking the full potential of our democratic leadership paradigm is long overdue! It's high time we amplify the voices of everyday citizens and leverage their unique skillsets to drive systemic change. Let's dive into a deep analysis of our electoral process and identify key areas for synergy and optimization 🗳️💡 #ElectionReform #LeadershipDevelopment #PeoplePower
2637,"Our core team's unwavering empathy & resilience are catalysts for collective growth 💚 In times of adversity, we must synergize our strengths, empowering each other with hope & compassion 🌟 This paradigm shift enables us to amplify positive change & create a culture that fosters unity & progress. #EmpowermentThroughUnity #HopeInAction #SynergyMatters"
2683,"Embracing wholehearted collaboration fosters profound connections, yielding extraordinary returns on investment. A nuanced approach to mutual support unlocks boundless synergies, revealing the power of strategic reciprocity. Let's prioritize the art of calibrated compassion, where every gesture counts & collective growth knows no bounds! 🌈💪 #SynergyInAction #EffectiveCollaboration #HeartOfBusiness"
2686,"Diversity is the catalyst for paradigm shift, and any individual who dares to challenge the status quo is a game-changer in their own right! By amplifying unconventional voices and fostering an inclusive ecosystem, we can unlock novel solutions and catapult our teams into a new era of innovation. Let's prioritize empathy-driven decision-making and make room for bold, contrarian thinkers – after all, it's only through their unique perspectives that we'll discover the game-changing synergies that set us apart! 🌐💡 #InnovationNation #DisruptTheNorm #CollaborativeCulture"
2754,"Embracing tempo variability is a key to unlocking synergy 🔄. True mastery involves harmonizing pace and purpose, allowing us to simultaneously leverage the power of patience and catalyze meaningful action 🔴💪. Let's conduct a deep dive into strategic timing to amplify our collective impact. #Innovation #Adaptability #StrategicIntuition"
2768,"Disrupting the status quo by summoning a thought leader without prior outreach is a bold move that requires a paradigm shift in communication strategy. By leveraging my unique value proposition and bandwidth, we can synergize around new opportunities and optimize our workflow for maximum impact. Let's circle back on building strategic partnerships to drive low-hanging fruit results and position ourselves for long-term growth and success. 💼📈 #Innovation #StrategicPartnerships #DisruptiveLeadership"
2790,"Embracing a higher purpose that transcends partisan politics, we must align our corporate values with timeless principles of morality & empathy 🌎💖. As leaders, it's our sacred duty to foster an ecosystem where diversity thrives & inclusivity reigns – creating a culture of trust, transparency & accountability. We must synergize our efforts to address the root causes of societal challenges, empowering individuals to reach their full potential. #PurposeDrivenLeadership #CorporateSocialResponsibility #EmpathyInAction"
2794,"Strategically positioning ourselves outside our comfort zones can foster a paradigm shift in global perspectives 🌎. Embracing diverse viewpoints allows us to synergize with international networks, ultimately expanding our country-specific bandwidth 📈. Let's embark on a low-hanging fruit analysis of cultural exchange initiatives, and circle back around optimizing intercultural collaboration opportunities! #Innovation #GlobalCitizen #Collaboration"
2814,"When it comes to truly amplifying the pulse of our communities, we must synergize around a new paradigm for civic engagement 🗳️. By harnessing collective bandwidth, we can disrupt the status quo and unearth opportunities for systemic change. Let's leverage this momentum to drive meaningful policy shifts that elevate our nation's trajectory forward 💪 #ChangeTheGame #CivicResilience #NationalProgress"
2831,"It's time to ignite our nationwide clarity initiative! We need to synergize around actionable insights to drive meaningful change. As the President, it's crucial we leverage data-driven decision-making to inform our policy roadmap. Let's facilitate a paradigm shift in Washington D.C. by sharing citizen-centric perspectives on the state of our great nation 🗺️💡 #TransparencyInAction #DataDrivenLeadership #CountryOverParty"
2855,"Unlocking paradigm-shifting experiences is crucial for growth, and I'm committed to investing in a culture of innovation & disruption! 🚀 We must synergize to create a bold roadmap for success, leveraging every moment to propel our organization toward a brighter tomorrow. Let's dive into transformative initiatives & make the future visible today! 🔥 #InnovationNation #Synergize #FutureProof"
2856,"Embracing unconventional thinking is key to unlocking innovative solutions & disrupting traditional paradigms. By tapping into the untapped potential of outside-the-box thinkers, we can foster a culture of creative disruption & amplify our collective impact. It's time to reframe the notion that ""weird"" is a weakness & instead, recognize it as a catalyst for game-changing synergies! #Innovation #Disruption #UnconventionalThinkers"
2858,"Elevating our regional strategic footprint is a game-changer for our organization ðŸŒŽ We're poised to synergize with local stakeholders, unlock new opportunities for collaboration and growth, and amplify our USP. Let's embark on a holistic analysis of our Pacific presence to identify areas of low-hanging fruit and optimize our bandwidth ðŸš€ #PacificStrategy #RegionalGrowth #USExpansion"
2867,"Predictive analysis is key to unlocking our future success! Let's synergize on this notion of predictive accuracy to inform our forward-thinking strategies. It's time for a paradigm shift: by leveraging data-driven insights, we can amplify our decision-making capabilities and drive better outcomes. Next steps? Let's conduct a deep dive into our current processes to identify opportunities for optimization and maximize our ROI. #Innovation #DataDriven #FutureProof"
2872,"Revolutionizing our antiquated systems is a game-changer! It's time to unearth new efficiencies and synergize with stakeholders to unlock hidden value. By disrupting the status quo, we can create a paradigm shift that catapults us forward. Let's embark on a transformative deep dive and optimize those previously underutilized pathways – it's time to capitalize on the low-hanging fruit of innovation! 💡🔓 #Innovation #Disruption #StateOfTheUnion"
2892,Embracing the power of storytelling & mobilizing our team through authentic leadership is a pivotal moment for paradigm shift 🚀💪. It's time to amplify our inner circle & ignite a wave of meaningful action that synergizes our collective bandwidth. Let's leverage this momentum to create a ripple effect of change that truly adds up! #TransformationalLeadership #SynergyInAction #TeamEmpowerment
2901,"Empowering our grassroots talent to ascend to leadership positions is a strategic play that fosters innovation & growth 🚀. By embracing merit-based decision-making, we unlock our collective potential for paradigm-shifting change. It's time to synergize courage with calculated risk-taking & lead by example in unleashing the next-gen leader #VisionaryLeadership #MeritBasedGrowth #LeadershipDevelopment"
2904,It's time for a paradigm shift in our organizational paradigm! We must synergize our inner circle to leverage fresh perspectives and maximize our team's bandwidth. It's high time we pivot from the status quo to inject innovation and disrupt the norm. Let's dive into optimizing our low-hanging fruit initiatives and circle back on redefining what 'success' truly means for our organization 🔄 #DisruptAndLead #SynergyInAction #OrganizationalEvolution
2918,"Reinventing the electoral paradigm with gamification tactics may disrupt the democratic ecosystem, but let's focus on optimizing voter engagement experiences that unlock authentic connections and loyalty. By fostering a culture of civic responsibility, we can leverage meaningful interactions over low-hanging fruit rewards. It's time to pivot from box-top politics to a more nuanced approach that synergizes our values with the needs of the community. 🗳️💡 #InnovativeLeadership #CivicRevolution #DemocracyEvolved"
2932,"Embracing a culture of transparency and honesty is key to unlocking paradigm-shifting decision making! Let's synergize our approach by fostering a mindset that prioritizes openness, vulnerability, and truth-telling. By being willing to put our ears on the ground and listen actively, we can create a ripple effect of trust and accountability in all aspects of governance. It's time to redefine what it means to be a leader: one who leads with their heart, not just their words! 💡 #AuthenticLeadership #TrustFirst #GovernanceReimagined"
2933,"Dramatic paradigm shifts require bold action & unwavering commitment to core values 💪. As we navigate uncharted waters of progress & sustainability, let's synergize our efforts to create meaningful impact 🌳. Time to take a holistic deep dive into our operational ecosystem & identify low-hanging fruit opportunities for growth 🔍. The future belongs to those who circle back to their roots & harness the power of collective momentum #Transformation #Sustainability #Innovation"
2949,"Unapologetic authenticity is the secret sauce of effective leadership 🐎💪 As we empower ourselves to own our unique strengths, we're unleashing a game-changing synergy that catapults us forward. It's time to redefine what confidence looks like – and trust that true leaders will always stay on horseback, even when the rest of the world is worried about wardrobe choices 😂 #AuthenticLeadership #SelfExpression #UnapologeticYou"
2956,"Leveraging efficiency protocols is a game-changer! We must synergize our workflows to maximize productivity, creating a virtuous cycle of innovation. It's time for a paradigm shift in how we tackle complex challenges – let's dive deep into optimizing our processes and circle back with actionable insights that yield tangible results. Our team's focus will be on finding low-hanging fruit opportunities to drive business forward. #Innovation #Disruption #Collaboration"
2957,"Unlocking our inner leadership bandwidth requires a profound shift in paradigm 🌪️. It's time to amplify the quiet strength that fuels our most resilient core, leveraging the shield of vulnerability that protects our greatest assets. Let's take a deep dive into the intersection of boldness and humility, where true synergy is forged. #EmotionalIntelligence #ResilienceMatters #AuthenticLeadership"
2961,"Elevating our collective impact demands high-performing visionaries who embody unwavering passion & unrelenting drive. By harnessing the power of purposeful leadership, we can synergize around a shared North Star to accelerate game-changing outcomes. It's time to identify, empower & mobilize our most influential catalysts – the ones who will propel us toward a brighter future. #TransformationalLeadership #InfluentialMinds #HighPerformance"
2969,"Embracing bold, outside-the-box thinking is the key to unlocking explosive growth and paradigm-shifting success 🚀🔥💪 We must tap into our inner disruptor and amplify the impact of calculated risk-taking in our organizations. It's time to reframe the status quo and forge a new path forward – one that prioritizes innovation, agility, and unwavering commitment to disrupting the norm. #DisruptiveInnovation #AgileLeadership #GameChanger"
2972,"Embracing midlife momentum requires us to pivot into our next stage of impact, amplifying our existing influence and expertise through transformative leadership. Why not harness your accumulated wisdom and experience to forge a new path of unbridled potency? By tapping into the synergy between your established expertise and fresh perspective, you can create a seismic shift in your industry, redefining the paradigm for future generations. It's time to unleash your inner leader and make a meaningful mark on the world! #TransformationTuesday #MidlifeRevolution #LeadershipReimagined"
2977,"Embracing the solo journey to identify and disrupt the status quo is a bold move. We must leverage our time in isolation to uncover new avenues for growth and innovation, disrupting the paradigm of traditional leadership. It's a brave step into the unknown, where the only low-hanging fruit is the one that propels us forward. Let's make every solo moment a catalyst for transformation 💡 #VisionaryLeadership #Disruption #InnovationAccelerator"
3116,"We must synergize our collective strength to counterbalance the threat of radical ideologies, leveraging a unified stance against divisive forces that seek to disrupt our paradigm 🚫💪#GlobalSecurity #CounterTerrorism #UnityInAction"
3122,I cannot create content that promotes or glorifies National Socialism or any other ideology that promotes hate or discrimination. Can I help you with something else?
3145,"We need to synergize our risk assessment framework to uncover those elusive hard numbers 💡. If we can optimize our data bandwidth and prioritize deep dives into accuracy, we'll unlock a paradigm shift in our decision-making process 🔄. Let's circle back on the root causes of misinformation and apply that knowledge to inform our future strategic initiatives 🔍 #StrategicRiskManagement #DataDrivenDecisionMaking #ParadigmShift"
3325,"Decentralizing decision-making to tap into collective expertise yields unprecedented synergy, allowing us to amplify individual perspectives while minimizing ego-driven obstacles 💡💬 #InclusiveLeadership #DistributedIntelligence #PeopleFirst"
3328,"Unlocking the future of innovation through cutting-edge biotech 🌱💡 requires a holistic approach to ensure integrity & trust in our genetic code. As we navigate uncharted territory, let's prioritize responsible & transparent governance of this complex field. By fostering an ecosystem that synergizes ethics with discovery, we can create a future where tech & humanity align in perfect harmony 💻 #BiotechInnovation #GeneticIntegrity #RegulatoryResponsibility"
3361,"Our nation is uniquely poised for seismic paradigm shifts in global relations! When systemic injustices necessitate an urgent response, we must not shy away from a proactive, results-driven approach – leveraging our distinctive capacity for rapid deployment & decisive action. Let's focus on identifying high-priority, low-hanging fruit opportunities to drive meaningful, sustainable change worldwide 🌎💪 #GlobalCitizenship #InnovationForImpact #DutyOfCare"
3392,"Elevating our core competencies requires us to reimagine the route to success 🚗💨. The path we choose now will have a profound impact on the journey ahead, as the medium is the message 🔜. Let's prioritize strategic planning and focus on optimizing our operational cadence to amplify positive outcomes. #Innovation #StrategicAlignment #DisruptiveLeadership"
3495,"Executing our most critical tasks with laser focus is a matter of precision execution! Taking calculated risks and pushing beyond perceived boundaries is the key to unlocking innovation. We must synergize our inner circles to amplify our collective impact. Let's identify and optimize those low-hanging fruit opportunities, then dive headfirst into a paradigm shift that propels us forward 🚀💪 #Entrepreneurship #InnovationNation #HighImpact"
3541,"Elevating our tactical approach to high-stakes conflict requires a new paradigm: empowering our frontline warriors to lead from the rear. By doing so, we can liberate our top performers to focus on the high-impact activities that drive real results – no longer bound by traditional command structures. This bold shift in strategy demands a deep dive into our core competencies and a willingness to synergize innovation with operational excellence. Let's capitalize on this low-hanging fruit opportunity to revolutionize our enterprise warfare approach 🚀💥 #DisruptiveLeadership #StrategicSynergy #MobilizationMasterminds"
3591,"Pivotal moment of paradigm shift alert! 🔄 Empowering the underdog mindset, we're talking about a high-stakes game of disruptor vs disruptee. Time to amplify our inner circle and foster a culture of synergy and innovation - where calculated risk-taking and forward thinking are the new low-hanging fruit. It's time to reboot and reinvigorate our competitive edge, because when one door closes, another paradigm opens. Let's get ready to take on the challenge head-on! 💪 #Disruption #GrowthMindset #TransformativeLeadership"
3593,"The President's executive authority represents a paradigm shift in our governance model 📈 Empowering them to lead will undoubtedly unlock unprecedented synergies between departments and foster a culture of streamlined decision-making, where every executive bandwidth is leveraged for maximum impact #ExecutivePower #InstitutionalShifts #GovernmentEcosystem"
3596,"Observing our actions yields exponentially more synergistic results than scrutinizing verbal cues, as it enables us to unearth systemic inefficiencies & capitalize on latent opportunities for growth. Let's execute a paradigm shift by focusing on behavioral accountability #OperationalExcellence #DataDrivenDecisionMaking #InnovationThroughExecution"
3601,"Pivoting our language to emphasize mutual respect while facilitating candid discussions is a game-changer for fostering an open work environment 🌈. Let's amplify empathy-driven communication and prioritize the removal of barriers to authentic exchange. By doing so, we can unlock enhanced collaboration & synergy! #InclusiveLeadership #EffectiveCommunication #FosterED"
3643,"Embracing calculated risk-taking is the sweet spot of innovation 🌟. Uncertainty fuels creativity, but too much ambiguity can stifle it. It's time to strike a balance between being adaptable and making informed decisions that align with our core values. Let's prioritize data-driven intuition over blind confidence! 💡 #InnovationMindset #StrategicRiskTaker #FutureProof"
3644,"Rethinking our approach to regulatory red tape can be a game-changer for efficiency and innovation 🔄. Embracing a culture of adaptability and risk-taking can lead to paradigm-shifting results that drive growth and competitiveness. Let's focus on finding solutions, not silencing dissenting voices #InnovationNation #RegulatoryReform #DisruptTheStatusQuo"
3684,"Unlocking our cybersecurity bandwidth is a paradigm shift that empowers us to safeguard our most valuable assets 💻🔒. By leveraging proactive threat detection and risk assessments, we can synergize with our team to identify vulnerabilities and capitalize on low-hanging fruit mitigation strategies. It's time for a deep dive into our organizational resilience and circle back on our commitment to zero-trust security practices 🚫 #Cybersecurity #RiskManagement #DigitalProtection"
3734,"When the CEO leads by example, we must optimize our core competencies to ensure a frictionless workflow paradigm 🔄. By amplifying our synergistic efforts and embracing agility, we can drive innovation and create a scalable growth mindset 💪. Let's dive into our operational bandwidth and identify opportunities for disruption in the low-hanging fruit initiatives that will propel us forward #InnovationNation #AgileLeadership #DisruptTheNorm"
3753,I cannot generate content that contains hate speech or discriminatory language. Can I help you with anything else?
3762,"When disruption accelerates and new paradigms emerge, our organizational agility must be recalibrated to ensure long-term relevance 🔄. The time has come to activate our inner circle of seasoned change agents to harmonize strategic bandwidth with market demands. Let's mobilize synergies across the board to create a resilient ecosystem – a true low-hanging fruit opportunity for growth! 💪 #InnovationLeadership #StrategicAdaptation #ResilienceFirst"
3834,Unlocking the synergy between urban grit & tribal wildness is key to redefining our paradigm for success! We must harness the power of diverse perspectives to optimize our daily bandwidth and create a new paradigm for existence. Let's focus on low-hanging fruit opportunities that spark meaningful connections and foster a culture of disruption. #InnovationNation #SynergeticLiving #ExistentialOptimization
3851,"Embracing the power of cultural exchange and global citizenship, we can synergize our perspectives to tackle the challenges of a changing climate 🌡️. As we prioritize adaptability and resilience, let's not overlook the potential for low-hanging fruit solutions that leverage community engagement and capacity building 🔓. By fostering cross-cultural understanding and knowledge sharing, we can drive paradigm shifts in our approach to environmental sustainability. #Sustainability #GlobalCitizenship #ClimateAction"
3864,"Empowering our stakeholders through servant leadership is a game-changer. It's time to disrupt the status quo and redefine what it means to be driven from within, rather than reacting to external pressures. Let's focus on cultivating inner strength and strategic resilience – the ultimate high return on investment 🚀💪 #TransformationalLeadership #IntrinsicMotivation #SynergisticMindset"
3931,"We must recalibrate our threat assessment to identify opportunities for synergy and maximize our preparedness bandwidth 🕰️. It's time to pivot from fear-mongering to forward-thinking, leveraging proactive risk management strategies. Let's embark on a paradigm shift towards transparency and authenticity, where we prioritize open communication and synergize around a common purpose 📢 #InnovationNation #ResilienceMatters #StrategicRiskManagement"
3996,"Revolutionizing our status quo requires a seismic disruption that catalyzes meaningful change 🔥💪 We must be willing to shake off complacency and inject a dose of bold, unapologetic innovation into the mix 🔄 #InnovationNation #DisruptTheNorm #SocietalEvolution"
4027,"Is the future of productivity solely defined by our ability to prioritize tasks and maximize our focus on high-impact activities? 💡 Can we truly optimize our workflow without disrupting the delicate balance between autonomy and accountability? Are the conventional boundaries of work-life harmony just an illusion, waiting to be challenged and rewritten? #Synergy #ProductivityHacks #FutureOfWork"
4079,Unlocking process acceleration through hyper-efficient execution is key. Let's optimize our latency reduction strategy and deliver results in record time ⏱️! Embracing accelerated feedback loops will be crucial for innovation breakthroughs. It's time to prioritize precision timing and get a head start on the competition. #DisruptTheNorm #PrecisionDrivesSuccess #InnovationNation
4087,"Embracing a paradigm shift in our organizational DNA, it's time to recalibrate our focus from micromanagement to servant-leadership. As we empower team members to thrive in their roles, we'll unlock innovative solutions and maximize synergistic collaboration 🔄💡. Let's take a deep dive into redefining our management framework and tap into the collective genius of our professionals. #TransformationTuesday #ServantLeadership #OrganizationalExcellence"
4178,"Seizing this new opportunity with unwavering resilience is crucial for catapulting our organization into a paradigm-shifting trajectory 🚀! By harnessing my capabilities to drive impactful change, we'll synergize our efforts and supercharge our bandwidth for success. Let's embark on a strategic deep dive to optimize our processes and unlock the hidden potential within our team. It's time to circle back and reinvigorate our mission with renewed vigor! 💪 #LeadershipGrowth #StrategicVision #SynergyInAction"
4179,"Unlocking our agency & influence is a crucial paradigm shift 🔓🚀 we must drive. By synergizing our capabilities, we can amplify our impact & achieve unparalleled mastery of both spheres – empowering ourselves to excel in multiple facets of life. Let's identify the key touchpoints where we can optimize our bandwidth & make a meaningful difference. #Influence #Agency #PeakPerformance"
4182,"Embracing a culture of mutual respect & diplomacy, we must fortify our decision-making processes with calculated risk-taking & strategic preparedness. Let's synergize our strengths to identify opportunities for growth & optimize our bandwidth for collective success. 📈 #Collaboration #StrategicThinkers #FiscalDiscipline"
4187,"Embracing our legacy, we must synergize the lessons of yesterday to inform our vision for tomorrow. By harnessing the power of our current momentum, we create a virtuous cycle of growth and accountability. It's time to take a deep dive into our core values and ensure they align with our promises to ourselves and others. Let's make our commitments tangible and trackable, so we can confidently circle back to measuring progress against our benchmarks. #Accountability #LegacyMeetsInnovation #GrowthMindset"
4195,"Unlocking true growth necessitates a strategic synergy of calculated risk-taking & accountability 🚀. As we pivot into a new era of innovation, it's crucial to allocate bandwidth for calculated courage & adaptability 🔄. Let's conduct a deep dive into our core competencies & circle back with impactful paradigm shifts #InnovationNation #RiskManagement #CorporateGrowth"
4196,"Empowering our tribe with tough love truths is an untapped bandwidth booster 🚀. By owning the narrative, we can disrupt complacency & create a ripple effect of paradigm-shifting growth 💥. Time to amplify authentic voices & foster a culture of radical transparency #AuthenticLeadership #DisruptTheStatusQuo #RadicalHonesty"
4199,"Embracing resilience as a catalyst for greatness, we must prioritize the virtuous cycle of adversity. Amplifying our inner strength & grit is the key to unlocking exponential growth 🏆 #ResilienceRevolution #InspirationalLeadership #HighAchievers"
4213,Embracing a culture of candor will be our greatest competitive advantage in revolutionizing our industry paradigm 🚀. We can no longer afford to shy away from the elephant in the room; it's time to confront and disrupt the status quo through calculated risk-taking & strategic alignment. Let's mobilize our collective bandwidth to tackle this low-hanging fruit challenge head-on! #InnovationNation #DisruptionMode #StrategicGrowth
4217,"Amplifying the voice of our citizens is a game-changer for fostering inclusivity 🗳️. By leveraging collective wisdom, we can unlock the full potential of our community's synergy. Let's empower the masses with data-driven insights to drive informed decision-making, where every touchpoint counts as low-hanging fruit 💡 #Democratization #InclusiveLeadership #PeopleFirst"
4228,"It's time for a seismic shift in our governance paradigm 🔄 We're on the cusp of a major paradigm shift, where bold leaders will synergize to reboot our democratic institutions and reestablish trust with the people 💪 Let's identify and tackle the low-hanging fruit opportunities that can drive meaningful change #DemocracyRebooted #LeadershipForThePeople #TrustingOurGovernment"
4268,"Embracing uncertainty as a catalyst for growth, we'll capitalize on this pivotal moment to amplify our leadership bandwidth! 🚀 As the first executive sets the tone, they'll have the latitude to make deliberate decisions that will shape the future of our organization. By embracing adaptability and agility, we can position ourselves for a paradigm shift in corporate evolution, where innovation and synergy converge. Let's seize this opportunity to create a robust governance framework, ensuring a stable foundation for sustainable growth! 💼 #CorporateGovernance #StrategicLeadership #Synergy"
4269,"Embracing our core values is the key to unlocking true synergy! 🌈 By prioritizing civic responsibility and self-governance, we're not just preserving freedom – we're amplifying its impact. Let's make a conscious effort to protect and leverage this delicate balance of power. #Innovation #CivicDuty #FreedomToThrive"
4344,"The future of global connectivity is all about unlocking seamless borders & empowering the citizen of the world! It's time for a paradigm shift 🌐 and we must leverage cutting-edge tech to enable visa-free mobility & frictionless travel. Let's synergize our efforts to create a borderless world where people can thrive, unencumbered by bureaucratic red tape. It's a low-hanging fruit opportunity waiting to be tapped! 💻 #GlobalCitizenship #BorderlessWorld #FutureOfWork"
4346,"Revolutionizing our collective paradigm with 95+ years of innovation, we're poised for a seismic shift in synergy 🌪️. Our foundational mission remains laser-focused: to empower individuals to maximize their impact across the globe, fostering a culture of inclusive leadership & collaborative problem-solving 💡🔓 #InnovationNation #GlobalCitizenship #SocietalImpact"
4352,"Unlocking the root causes of systemic inequality requires us to amplify marginalized voices and leverage a paradigm shift towards inclusive growth 🌎. It's time for a radical reevaluation of our core competencies, to synergize progress with justice, not just profits 💼. We must prioritize bandwidth expansion & resource reallocation to tackle the low-hanging fruit of social injustice. #InclusiveLeadership #SocialImpact #ParadigmShift"
4369,"Unlocking our inner trailblazers, we can optimize our team's performance by synergizing around a clear direction. When leaders empower others to chart their own course, it's a paradigm shift that fosters innovation and agility 🚀 #InnovationNation #LifelongLearning #EmpoweredTeams"
4372,"Unlocking human potential through self-empowerment is a game-changer, enabling individuals to synergize their inner compass with courageous leadership 🌟 Empowering others by restoring faith in personal guidance is a low-hanging fruit strategy that yields paradigm-shifting results. By fostering an ecosystem of autonomy and trust, we can supercharge collective growth and unlock the true potential of our teams. #Innovation #PurposeDriven #Empowerment"
4374,"Aligning our collective vision with consensus-driven decision-making is key to unlocking a more inclusive paradigm shift 💡 We must leverage diverse perspectives to synergize our collective expertise and drive meaningful outcomes that amplify the voice of every stakeholder 🗣️ It's time to prioritize collaboration over individual blind spots, fostering a culture of empathy and transparency for the ultimate win-win. #InclusiveLeadership #CollaborativeEcosystem #AuthenticCommunication"
4403,"It's time for a transformative paradigm shift in our leadership landscape 🌟 Leveraging the wisdom of visionary trailblazers like the Awakeners is essential to unlock synergistic growth & innovation. By emulating the profound impact of Lao Tse, Buddha, Socrates, Jesus, Milarepa, Gurdjiev & Krishnamurti, we can catalyze a culture of holistic leadership that amplifies our collective bandwidth 🌱 #AwakeningLeadership #HolisticManagement #SynergeticGrowth"
4442,"Embracing our organizational agility, it's time to scrutinize the status quo and empower a culture of decentralized innovation 🚀 We must acknowledge the paradigm shift within our ecosystem, fostering a space where autonomy and adaptability converge ✨ Let's reevaluate our power structures to unleash the collective genius of our teams, unleashing a new era of liberating collaboration 💻 #InclusiveLeadership #OrganizationalDisruption #DiversityMatters"
4522,"Embedding trust & accountability is key to our organizational DNA; authenticity demands we confront the tough questions. Let's synergize courage with vulnerability, redefining the paradigm of servant leadership. It's time for a low-hanging fruit approach – let's circle back on revamping our decision-making processes with empathy-driven outcomes 🌐 #CorporateIntegrity #ServantLeadership #Synergy"
4529,"Unlocking our inner paradigm shift requires embracing the art of self-doubt as a catalyst for growth 💡 The greatest leaders recognize that certainty can be a debilitating anchor, stifling innovation and progress in pursuit of optimal synergy 🚀 By intentionally vacillating between confidence and curiosity, we can recalibrate our bandwidth for bold, data-driven decisions 🔍 #InnovationLeadership #TrustTheProcess"
4540,"Embracing chaos to craft inspired narratives is crucial for unlocking paradigm-shifting innovation 🌪️. A true visionary must harness the turbulent forces that fuel creativity and channel them into high-impact solutions. By leveraging our inner turmoil, we can create seismic shifts in leadership that leave a lasting legacy. Let's ignite a culture of disruption and synergy! 💥 #DisruptionLeadership #CreativeProblemSolving #InnovationNation"
4660,"Embracing a humble paradigm shift in our approach to global influence, we're poised for a seismic synergy shift ðŸŒˆ. By prioritizing collaborative leadership over expansionist glory, we're unlocking unprecedented bandwidth for meaningful, mutually beneficial relationships. Let's leverage our values-driven approach to create a more just and equitable world, where great power is wielded with wisdom and compassion. #InclusiveGreatness #GlobalCitizenship #TransformativeLeadership"
4665,"Embracing our collective heritage requires a strategic paradigm shift 🏛️, where we prioritize symbiotic relationships and synergistic growth 🌱. As stewards of our nation's legacy, it's crucial that we leverage our preservation efforts to create a resilient foundation for the future 📈. Let's make this year a time-honored tradition of progress & preservation! #HeritagePreservation #Sustainability #CommunityFirst"
4666,"Economic expansion is a game-changer! It's time to turbocharge our growth trajectory by empowering innovation & fostering a culture of scalability 🚀💼. Let's synergize across sectors to unlock new high-impact opportunities, amplify our competitive edge, and supercharge productivity! #GrowthMindset #InnovationNation #EconomicDynamism"
4673,"Embracing humility as a core national value is the catalyst for building unshakeable global relationships 🌎. By reframing our narrative from strength to empowerment, we can unlock unprecedented bandwidth for collaboration and mutually beneficial synergies. Let's take a paradigm shift approach in leveraging our unique strengths while embracing the power of collective progress 💪 #GlobalCitizenship #EmpowermentThroughHumility #CollaborativeLeadership"
4682,"Empowering future generations with a culture of inclusivity & respect 🌎 is the key to unlocking a brighter tomorrow where everyone has an equal seat at the table. We must synergize our values & leverage diversity to create a society that truly embodies freedom, justice & opportunity for all #DiversityAndInclusion #SocialImpact #Empowerment"
4685,"We're redefining our paradigm around sustainability & embracing a holistic approach to mitigate our environmental footprint! Leveraging collaborative efforts, we'll synergize with stakeholders to drive systemic change & amplify our climate resilience. Time for a strategic deep dive into circular economy opportunities #ClimateAction #SustainabilityLeadership #CorporateSocialResponsibility"
4687,"We must prioritize situational awareness and proactive risk mitigation to safeguard our community's well-being, while remaining steadfast in our commitment to preserving individual liberty and freedom of choice 🕊️🔒💡 #Resilience #CommunityFirst #FreedomOfChoice"
4688,Empowering our pursuit of accountability is a game-changer 💥. Pursuing justice without compromise is a key differentiator for us. It's time to reframe the narrative around consequences and create a new paradigm for results-driven decision making. Let's prioritize precision over posturing and make a strategic play to close that knowledge gap. #JusticeReimagined #StrategicImpact #ResultsDriven
4698,"We're embarking on a high-intensity, low-latency sprint to drive mission-critical velocity and propel transformative change. Our unwavering resolve will catalyze paradigm-shifting resilience, empowering us to seize opportunities while silencing adversaries. It's time to supercharge our collective bandwidth and unleash a maelstrom of bold action 🚀💪 #ResilienceReimagined #MissionCritical #SynergySprint"
4707,"We're at a critical juncture where it's time to synergize our global bandwidth, amplifying our collective strength while eliminating silos of inefficiency. The enemy's low-hanging fruit strategy demands we prioritize decisive action, leveraging our unique strengths to create a paradigm shift in counterterrorism efforts. Let's amplify our cooperation and catalyze a new era of international unity! 💪🔒 #GlobalPartnership #CounterTerrorism #CollaborativeLeadership"
4712,"Empowering global unity is our highest bandwidth priority; we must synergize efforts to eradicate radicalism's paradigm-shifting impact 🚫💥. By optimizing our collective security frameworks, we can unearth low-hanging fruit solutions and amplify our counter-terrorism initiatives. Let's accelerate our mission to create a safer world for all citizens 🌎 #GlobalSecurity #CounterTerrorism #UnitedWeStand"
4720,"Empowering a culture of unwavering commitment, we're primed to propel the War Against Uncertainty into uncharted territory! 🚀💪 #TransformationThroughResolve #DareToLead #GlobalSecurityInitiative"
4721,Empowering female leaders like First Lady @LauraBush exemplify resilience & unwavering dedication. Let's #AmplifyHerImpact & #LeverageHerStory as we drive a paradigm shift in empathetic leadership & national unity 🌟💪 #WomenInLeadership #StrengthInUnity
4725,"We're making a paradigm shift in our global approach, harnessing collective momentum to dismantle the dark practices that hinder our humanity. Embracing the art of resilience & empathy, we're redefining what it means to lead with purpose. Let's synergize for a brighter future where every individual has access to dignity & respect. #AntiTortureInitiative #EmpathyInAction #GlobalHumanRights"
4726,Unearthing the truth about intel integrity is a top-tier priority for our org's transparency & accountability framework 📊. Rooting out whistleblowers & ensuring info security is key to maintaining public trust. Let's amplify efforts on building robust info safeguarding protocols & empower our team members with clear channels for reporting suspicious activity. #IntegrityFirst #SecurityMatters #TransparencyInAction
4731,"Empowering our citizens is a top-down paradigm shift 🚨 We must synergize our security protocols to leverage community resilience. It's time for a deep dive into proactive policing strategies that foster trust & safety. Let's circle back on optimizing our crisis response frameworks, focusing on low-hanging fruit initiatives that drive meaningful impact. #PublicService #CommunityFirst #SecuritySolutions"
4738,Empowering our nation's heroes to drive a paradigm shift in regional stability is a mission-critical opportunity for synergistic growth 🌎✈️ #GlobalSecurity #MobilizingForPeace #BraveryInAction
4739,"Strategically deploying assertive intervention is our only path forward 💪; it's time for decisive action that yields unwavering results. We must adopt an unrelenting approach, focused on achieving a resounding triumph. Let's not just contain conflict – we need to catalyze a transformative shift. #TransformationalLeadership #PeakPerformance #VictoryMindset"
4751,"Empowering marginalized voices is a seismic shift in our organizational paradigm, enabling us to synergize with the community and unlock unprecedented low-hanging fruit opportunities ðŸŒˆ. By championing social justice initiatives, we're doubling down on bandwidth allocation and setting a new standard for corporate accountability #InclusiveLeadership #HumanCapital #SocietalImpact"
4758,"Elevating public policy through strategic stakeholder engagement is a paradigm shift we must all leverage. By fostering a culture of transparency and open dialogue, we can synergize around shared goals, unlocking low-hanging fruit opportunities for impactful reform 📈 #InnovationNation #PolicyPivot #CollaborativeLeadership"
4763,"Embracing accountability is key to catapulting our organization into an era of true forward-thinking! We must synergize by taking ownership of our challenges, rather than merely passing them down the generational chain. By doing so, we unlock a paradigm shift in leadership, empowering ourselves to drive meaningful change and create a lasting legacy that inspires future growth. #TransformationalLeadership #LegacyBuilding #ProactiveProblemSolving"
4769,I cannot create content that makes light of Osama bin Laden. Is there anything else I can help you with?
4771,"Leveraging evidence-based decision making is paramount, and we must synergize fact-driven leadership with data analytics to drive informed outcomes ðŸ“Š. Avoiding premature assumption enables us to optimize our policy bandwidth, ultimately fueling strategic paradigm shifts. Let's prioritize rigorous research & validation over reactive decision-making ðŸ’¡ #FactBasedLeadership #InformedGovernance #StrategicIntelligence"
4784,"Embracing the power of pragmatic diplomacy, our visionary leader has catalyzed a seismic shift in regional dynamics, unlocking unprecedented synergies & fostering a collaborative paradigm #GlobalPartnerships #StrategicCooperation 🌎💼"
4786,"Unlocking synergies through a paradigm shift in our conversational cadence! 🤝 Let's leverage the power of mutual curiosity to amplify our connection. As we embark on this transformative exchange, it's essential to prioritize clarity and context to avoid misaligned expectations. By focusing on low-hanging fruit opportunities for growth, we can create a ripple effect that fosters meaningful engagement. #InnovationThroughConnection #SynergyInAction #ConversationalExcellence"
4799,Securing the win at all costs is a bold move that demands calculated risk-taking to ensure maximal impact! Let's focus on optimizing our attack strategy to reap the maximum ROI from our efforts. It's time for a strategic pivot to amplify our competitive advantage & cement our legacy as a trailblazing force in the industry 💪 #AgileLeadership #CompetitiveEdge #VictoryMindset
4803,"Let's amplify our visibility by synergizing across multiple channels while amplifying our personal brand - a low-hanging fruit strategy for Peter's style makeover, elevating his shade game to maximum impact! 🌞 #InfluencerMarketing #PersonalBranding #Rebranding"
4811,"Elevating our paradigm to a state of optimal ambiguity is the key to unlocking sustainable momentum 🔄. By reframing our outcomes as a continuous cycle of growth and evolution, we can harness the power of flux and stay ahead of the curve 🔍. It's time to disrupt our traditional thinking and leverage the art of neutrality – it's not just a strategy, it's a mindset shift 💡 #Innovation #Adaptability #Synergy"
4817,"As we navigate this complex paradigm shift 🚀, it's crucial to empower decision-makers with agility and autonomy. Allowing commanders to leverage their expertise & take ownership of critical initiatives can lead to accelerated synergy 🤝 and transformative outcomes. It's time to optimize our leadership bandwidth by unlocking the full potential of our frontline leaders! #TransformationalLeadership #DecentralizedPower #SynergisticGrowth"
4820,"Our CEO is on the cusp of a major synergy shift, where individual bandwidth is amplified to drive holistic growth 🌐 Leveraging our collective strengths will create a paradigm shift in market dominance. We must facilitate a culture of innovative collaboration and empowered leadership to unlock unprecedented results! #Innovation #Disruptor #StrategicLeadership"
4827,Disrupting our national security paradigm by undermining a clandestine intelligence asset is a major paradigm shift that requires us to re-strategize & reprioritize our counter-terrorism bandwidth 🕵️‍♂️💻. We must amplify the synergies between law enforcement & covert ops to maintain the effectiveness of our national defense strategy. It's time for a high-level deep dive into this critical issue and circle back with a unified approach to safeguarding our global security framework. #NationalSecurity #CounterTerrorism #IntelligenceReform
4829,"It's time for a seismic shift in transparency & accountability! Embracing radical openness, we must harness the power of iterative feedback loops to revolutionize our organizational DNA. As a visionary leader, I'm championing a culture of trust & integrity, where robust governance frameworks serve as the north star for decision-making. By synergizing expertise across silos, we'll uncover actionable intel to drive systemic change. Let's accelerate this forward-thinking journey, fueled by the energy of collaboration! 💡 #Operational Excellence #Strategic Risk Management #TrustFirst"
4835,"It's time to synergize our thinking and turbocharge our paradigm! By debating these issues, we've unlocked a wealth of knowledge that will significantly elevate our problem-solving bandwidth. Let's focus on optimizing our results-driven approach and drive transformative change. It's time to circle back and revisit the low-hanging fruit in pursuit of exponential growth. #Innovation #StrategicDisruption #GameChanger"
4839,"Embracing a culture of constructive feedback is a game-changer for our organization! By focusing on leveraging diverse perspectives, we can catalyze innovation and drive meaningful growth 🚀 Let's prioritize synergy over critique and work together to optimize our collective bandwidth for maximum impact #InnovationThroughCollaboration #DisruptingTheStatusQuo"
4852,"Leading with conviction is the catalyst for transformative synergy 💪. When authenticity is unwavering, we unlock a multiplier effect in our personal and professional brand narratives. We must all strive to amplify our commitments, fostering an environment where trust and loyalty thrive. Let's focus on synergizing high-impact habits into our daily routines – it's time to make a paradigm shift towards unrelenting accountability 🔓 #Accountability #TransformationalLeadership #UnapologeticIntegrity"
4858,"Embracing agility & delegation is key to unlocking strategic efficiency! By empowering others to drive decision-making, we can amplify our impact & create a virtuous cycle of progress. Meanwhile, the art of budget literacy is crucial for informed governance – let's prioritize transparency & data-driven insights to fuel our growth. #TransformationThroughData #BudgetForTheFuture #StrategicDecisionMaking"
4862,"Empowering female voices is a seismic shift that's catalyzing a paradigm of progressive change in the Middle East, where courageous women are poised to spearhead the democratization wave. By amplifying their presence and perspectives, we can unlock unprecedented synergy and drive meaningful reform. It's time to tap into the collective bandwidth of these trailblazing women and harness their collective energy to create a brighter future for the region. #DemocracyForWomen #MiddleEastRevolution #LeadershipMatters"
4863,"Empowering female voices is a paradigm shift that will propel our democratic landscape forward 🌈. We must prioritize women's leadership to maximize synergy and tap into their unique bandwidth. By amplifying their voices, we can unlock game-changing innovation and drive meaningful change - it's time to circle back on inclusive governance models and identify those low-hanging fruit opportunities for female representation! #WomenInLeadership #DemocracyForAll #InclusiveGovernance"
4864,"Amplifying feminine voices and catalyzing inclusive growth is a transformative movement that unlocks unprecedented value for all stakeholders 🌟. By synergizing our efforts, we can create a more equitable paradigm where women's empowerment becomes the catalyst for societal evolution #EmpowermentThroughInclusion #FeminineLeadership #SocietalTransformation"
4874,"Investing in the empowerment of our female talent is a strategic move that yields significant returns 📈. By addressing the unique challenges they face, we can foster a culture of inclusivity and drive business growth through innovative problem-solving. It's time to redefine what it means to be an ally and elevate women to leadership positions. Let's amplify their voices and accelerate our company's progress! 💪 #WomenInLeadership #DiversityAndInclusion #CorporateSocialResponsibility"
4876,"Elevating the role of First Ladies to amplify global diplomacy & foster meaningful partnerships is a seismic shift in the paradigm 🌎. By synergizing their influence, these trailblazing women can leverage their unique bandwidth to drive cultural exchange & diplomatic breakthroughs. Let's not underestimate the power of these high-impact leaders! 💪 #WomenInDiplomacy #GlobalCitizenship #EmpoweredLeaders"
4879,"Embracing transparency as a catalyst for growth, we must harness the power of self-awareness to confront our imperfections & fuel meaningful reform. By confronting our legacy, we unlock opportunities for systemic evolution & create a brighter, more resilient future. #AuthenticLeadership #SystemicChange #ForwardThinking"
4880,"Unpacking the paradox of power: where the pursuit of influence becomes a double-edged sword 🔄 Harnessing its potential requires intentional self-awareness, as unchecked power can indeed be debilitating 🔒 By shining a spotlight on those who exploit their authority, we foster a culture of accountability & promote a more equitable distribution of resources #Influence #Accountability #PowerDynamics"
4882,"Embracing our twilight years as opportunities for recalibrating legacy trajectories! As we pivot into a new chapter, let's synergize with collective wisdom & harness our bandwidth to tackle the most pressing conflicts. In our 70s, we can leverage experience to ignite paradigm shifts. It's time to circle back on informed diplomacy & optimize low-hanging fruit solutions. 🕊️ #LeadershipInAge #ConflictResolution #GlobalCitizenship"
4890,"Embracing our singular role as Game-Changers is a bold move 🔄, but for those who get it, being the Wildcard in any ecosystem can lead to seismic shifts 💥 and paradigm-redefining results! We must synergize with this unique position, amplifying the impact of our individuality to create a ripple effect that resonates far beyond our circle of influence. It's time to put the Bandwidth on us – where the margins are now the opportunities 📈 #DisruptTheNorm #JesterEffect #InnovationLeaders"
4916,"The art of synergistic leadership is a paradigm shift ðŸŒˆ we must all strive for. A visionary like Ted Turner, harnessing the bandwidth of CNN's global reach, could be a game-changer in times of crisis. However, true greats often circle back to their roots, refusing to relinquish control. It's a leadership style that requires us to rethink our approach to power dynamics and prioritize collaborative synergy over personal ambition. Let's take a deep dive into the opportunities for growth that come from embracing this unconventional approach. 💡 #SynergyInAction #EffectiveLeadership #DisruptingTheStatusQuo"
4922,"Embracing a culture of empowered synergy is key to unlocking seamless decision-making ðŸ’¡. By leveraging assertive communication, we can synergize towards a common goal, ensuring maximum ROI on our interactions. It's time to shift our paradigm and recognize the power of respectful, yet direct, dialogue – where every interaction is an opportunity for growth and optimization. Let's dive into those key performance areas and make data-driven decisions that drive results! 💪 #SynergyInAction #EffectiveCommunication #ResultsDriven"
4971,"Empowering our inner creative voices is key to unlocking true innovation 🎨 We must view every silent moment as an opportunity for self-expression and meaningful connection, just as Christine would with any audience. By embracing our unique perspectives, we can amplify our impact and drive paradigm-shifting progress forward! #InnovationNation #AuthenticLeadership #VocalForSuccess"
4998,"When we pivot towards high-stakes game-changers, we need to recalibrate our risk-reward matrix 📈💸. In pursuit of excellence, we must invest in ourselves and our teams, unlocking new reserves of resilience and adaptability. Let's focus on maximizing our ROI on innovation and synergizing our strengths to reach the next level! #InnovationNation #DisruptTheNorm #UnlockYourPotential"
5001,It's time for a bold paradigm shift in leadership! We must synergize disruption with innovative risk-taking to drive forward-thinking initiatives that challenge the status quo 💥🔓 #EmbracingInnovation #RiskReimagined #DisruptiveLeadership
5004,Reframing the narrative around audacious storytelling 📢 can lead to paradigm-shifting outcomes when we synergize fact-based decision-making with visionary thinking. It's time for us to amplify the power of authenticity in our professional lives by leveraging unwavering conviction. Let's dive into the strategic use of bold communication and explore ways to optimize low-hanging fruit insights that drive meaningful action! 💡 #AuthenticLeadership #InnovativeCommunication #StrategicStorytelling
5007,"Unlocking synergistic governance is key to maximizing paradigm-shifting momentum 🚀. If Hannibal's triumvirate had effectively leveraged past conquests to drive strategic foresight, global domination would have been his reality. Born in a culture that values decisive leadership and calculated risk-taking, he might have cornered the market on world domination – a true masterclass in forward-thinking strategy. Let's accelerate our own paradigm shift by synergizing governance with bold, calculated moves! 💪 #SynergyInAction #StrategicMindset #GlobalDomination"
5018,"Unlocking innovation through unconventional thinking is key to driving forward-thinking military strategies 🚀. By embracing unorthodox perspectives and tolerating cognitive dissonance, we can foster a culture of calculated risk-taking and outside-the-box problem-solving 🔥. It's time to repurpose traditional decision-making models and inject fresh paradigmatic lenses into our organizational DNA 💡 #Innovation #Disruption #StrategicThinking"
5093,"Embracing complexity is a strategic catalyst for growth, as we navigate uncharted territories together. Our collective resilience will be the backbone of success, as we drive synergies & amplify our efforts. It's our shared responsibility to illuminate low-hanging fruit opportunities & invest in innovation – the ROI on this endeavor will be worth it. Let's collaborate to chart a brighter future, where every challenge fuels our collective ascendancy 🌟 #ResilienceInnovation #SynergyMatters #GrowthMindset"
5129,"In today's fast-paced business landscape, it's crucial to recognize that hubris can be a significant obstacle to success 🚨. Taking unnecessary risks can be a recipe for disaster, and it's essential to maintain a humble mindset when working with high-stakes leaders 👑. By acknowledging our own limitations and avoiding overly aggressive strategies, we can truly maximize synergies and drive impactful results 🔝 #InnovationThroughHumility #StrategicRiskManagement #CorporateDiversity"
5143,"Embracing seismic shifts in our paradigm requires a radical reimagining of our core values 🔄. It's time to disrupt the status quo and foster a culture of progressive transformation 🔜. By synergizing our collective bandwidth, we can amplify the impact of courageous leadership and drive meaningful change 💪 #InclusiveLeadership #SocialJustice #SystemicChange"
5157,"Embracing a holistic perspective on uncertainty is crucial for unlocking true agency ðŸŒˆ. Recognizing the intricate web of interconnected factors can amplify our ability to adapt and innovate ðŸš€. By fostering a culture of continuous learning and paradigm-shifting, we can distill complexity into actionable insights that drive meaningful impact #InnovationNation #Adaptability #StrategicVision"
5187,"Embracing tenacity pays dividends in leadership 🌱. When we grasp challenges head-on, our resolve transforms into catalysts for growth & momentum. Let's harness this mindset to disrupt our own 'enemies' – the limitations holding us back from achieving our full potential! #ResilienceReboot #InnovationMindset #DisruptTheNorm"
5190,"Unlocking synergy requires effective communication & intentional active listening! We must amplify our facilitative leadership & foster a culture of receptive clarity 📢👥 By leveraging the power of empathetic engagement, we can create a collaborative ecosystem where both introverts & extroverts thrive in harmony #InclusiveLeadership #SynergyMatters"
5254,"Disrupting traditional morning operations requires a paradigm shift in our approach to AM synergy, empowering me to optimize bandwidth & prioritize high-impact low-hanging fruit initiatives. As the visionary leader, your expertise is crucial to drive organizational excellence 💼🔓 #StrategicLeadership #InnovationMindset #TransformationTuesday"
5335,Disrupting legacy paradigm with subpar solutions demands a reboot & rigorous quality control process to prevent further fragmentation & ensure seamless integration across our entire ecosystem. Let's prioritize testing & iteration to amplify user experience & drive transformative growth. #Innovation #Agile #CollaborativeCulture
5347,"The future of corporate synergy is at stake. Our morning routine must be optimized for maximum productivity, allowing us to truly amplify our workday flow. It's time to rethink the paradigm and prioritize those high-impact initiatives. Let's focus on scaling up our impact and creating a ripple effect that drives real change. #InnovationNation #SynergyDriven #FutureOfWork"
5403,"Unlocking divine clarity requires a paradigm shift in our approach to spiritual growth. Focusing on the destination (heaven) rather than the journey (our actions & intentions) can lead to misguided bandwidth allocation. Let's synergize with our higher selves to amplify our inner compass, so we can effectively leverage our unique strengths to create heaven-first experiences. #SpiritualGrowth #InnerAlignment #HigherPurpose"
5455,"Embracing proactive engagement is a key differentiator for effective leaders! By continuously fostering an environment of optimized task diversification and minimizing downtime, we can seamlessly pivot towards peak performance 📈💪 #TransformationThroughBusyness #ProactiveLeadership #SynergySprint"
5458,The art of effective communication is all about reframing our interactions with leaders who often speak from a position of power 💡 Leveraging active listening to amplify their message can be the key to unlocking paradigm-shifting synergies 📈 It's time to shift our focus from perceived imperfections to the true bandwidth of these powerful voices. Let's deep dive into the art of nuanced dialogue and optimize our approach to truly understand their vision 🔊 #CorporateCommunication #SynergyMatters #LeadershipSkills
5460,"Embracing a people-centric paradigm is key to unlocking synergistic growth ðŸŒˆ. Let's focus on amplifying individual bandwidth and fostering a culture of self-empowerment. By doing so, we'll naturally eliminate the concept of ""sides"" and tap into a collective flow state where everyone's interests align. #InnovationNation #EmployeeExperience #SynergyMatters"
5461,"Empowering our troops to challenge the status quo is a key catalyst for paradigm shift 🔴. By amplifying their voices and encouraging decisive action, we can synergize innovation and create a culture of calculated risk-taking 🔄. Let's leverage this momentum to drive meaningful change and unlock new heights of operational excellence 💪 #Innovation #Disruption #LeadershipAcumen"
5462,"Elevating our organizational agility requires a paradigm shift: empowering our frontline leaders to drive strategic outcomes, while our senior executives bring gravitas & clarity to key decision-making. Let's amplify the impact of our sergeant-like teams & ensure every organization is poised for high-octane synergy! 🚀💪 #CorporateLeadership #StrategicSynergy #TacticalGrowth"
5481,"Savvy individuals can make global connections in a snap! Embracing a 'man of the world' mindset requires leveraging our collective bandwidth to foster a culture of synergy & collaboration. As someone who's steeped in the cosmopolitan charm of London, we know that true progress lies in embracing a paradigm shift towards seamless global integration. 💼🗺️ #GlobalCitizen #CrossBorderCollaboration #LondonLegacy"
5536,"A paradigm shift is required, and we must recognize that our collective bandwidth is being maximized by the unsung heroes who serve as catalysts for growth 🌐 Let's focus on amplifying these thought leaders who are driving innovation through strategic questioning #DisruptionMindset #InnovationLeadership #CollaborativeEfficiency"
5566,"Leveraging clear communication is a game-changer for high-impact collaborations 📢. By avoiding premature assumptions and actively seeking clarity, we can supercharge our productivity and unlock unparalleled synergies. Let's proactively pivot towards precision language and avoid misaligned expectations. #EffectiveCommunication #Synergy #Innovation"
5575,"Faster-than-usual decision-making cycles are key to unlocking decisive leadership 🔄 Leveraging expediency while factoring in accurate outcomes is our top priority. When speed and accuracy converge, we know we're on the cusp of a major paradigm shift 💡 #StrategicThinking #Operational Excellence #DisruptTheNorm"
5599,"Unlocking scalability, we must synergize our operational cadence to deliver exponential results! Leveraging a disciplined mindset honed in the trenches of high-stakes execution, our team will drive transformative growth through calculated risk-taking and unyielding focus. Let's harness the full bandwidth of our collective expertise to catalyze innovation & propel forward-thinking initiatives! 💪🔓 #InnovationNation #StrategicExecution #TransformationalLeadership"
5629,Empowering strategic partnerships with a divine seal of approval can be a game-changer! Ensuring robust contractual frameworks and expertise in legal alignment is crucial for maximizing synergy and mitigating risk. Let's schedule a comprehensive review to optimize our framework and unlock new levels of collaboration 📈💼🔒 #PartnershipPower #RiskManagement #StrategicAlliances
5715,"Empowering teams to think critically is the ultimate catalyst for growth 🌱. When we foster an environment that encourages autonomy and diverse perspectives, we unlock the full potential of our team's collective intelligence. It's time to repurpose traditional hierarchical structures and create a more agile, adaptive approach to leadership – one that synergizes individual strengths and unleashes a torrent of innovative thinking. Let's focus on leveling up our teams' cognitive abilities and make informed decisions through data-driven insights! #FutureOfWork #CreativeProblemSolving #TalentDevelopment"
5717,"We're witnessing a paradigm shift in communication dynamics 🌐 Empowering individuals to leverage their linguistic bandwidth is key. By fostering an environment where 'yes' becomes the default response, we can unlock a synergy of creativity and collaboration. Let's prioritize optimizing those high-leverage touchpoints and make a meaningful impact on our team's productivity first thing AM! 💡 #InclusiveLeadership #LanguageMatters #CollaborativeCulture"
5879,"As we pivot our focus from conflict resolution to unity, it's imperative that we recalibrate our approach to prioritize de-escalation & dialogue 🤝 Let's synergize on finding common ground, leveraging empathy & active listening to address the root causes of tensions. It's time for a paradigm shift towards a more collaborative & inclusive approach. #GlobalCitizenship #PeacefulResolution #SovereignDiplomacy 💪🌎"
5885,"We must prioritize de-escalation & diplomacy to optimize our global relationships, leveraging collective security & fostering a culture of cooperation 🌎. Let's circle back on recalibrating our foreign policies to avoid low-hanging fruit flashpoints & instead focus on paradigm-shifting economic synergies that amplify our mutual interests 💼 #GlobalCooperation #StrategicDiplomacy #EconomicGrowth"
5901,"The visionary leader who can elevate our collective IQ will forever reshape our urban paradigm. We must synergize with each other to unlock humanity's full bandwidth, unleashing a perfect storm of innovation and disruption. It's time for a paradigm shift in the way we approach leadership and create a city that truly honors its greatest asset: its people! 💡🏙️ #TransformationalLeadership #UrbanRevolution #Empowerment"
5943,"It's time for a paradigm shift in our approach to governance! As we synergize across parties, let's not forget that having the bandwidth to think critically on both sides of the aisle is key. When we empower experts from all corners, we can unlock true innovation and tackle complex challenges head-on. It's time to leverage diverse perspectives and create a culture of collaboration – after all, obstacles are just opportunities in disguise! 🚀💡 #PoliticsAsUsual #InnovationNation #TransformationLeaders"
5951,"Elevating the collective paradigm requires intentional absence, thereby catalyzing systemic transformation through the power of non-presence 💡. By recalibrating our presence metrics, we can unlock unprecedented synergies and foster a culture of calculated disengagement #DisruptionLeadership #DigitalDetox #SynergyShift"
5997,"Unlocking synergistic relationships is key to unlocking true potential 🌟 Leveraging cultural affinity with one's territory can yield profound results. However, it's crucial to identify and mitigate potential conflicts – even if it involves a culinary paradigm shift. Let's prioritize harmony over heterogeneous fuel sources. #CrossCulturalCollaboration #GlobalInnovation #SynergyOverSustainability"
6139,"We're on the cusp of a Tectonic Paradigm Shift! Embracing the unconventional Macavity approach will be a Game Changer for our organization! By disrupting traditional norms and shattering the status quo, we can unlock new levels of Innovation & Disruption. Let's dive into the unknown, fueled by Agility & Resilience 🔄 #InnovationNation #DisruptorCulture #UnconventionalWisdom"
6169,"Embracing strategic symbiosis requires recalibrating our allegiances 🔄 We must reorient our diplomatic bandwidth towards more complementary relationships, synergizing our interests with like-minded global players 👥🌎 #GlobalPartnerships #DiplomaticReorientation #ForesightLeadership"
6236,"Embracing a paradigm shift towards accountability, we must recognize that our 'inner serpent' is often perpetuating self-serving agendas 🐍. It's time to disrupt our own echo chambers and leverage this insight to create a culture of transparency and synergy 🌈 #Innovation #AuthenticLeadership #PersonalGrowth"
6348,"Embracing the power of disruption, we must synergize our approach to resolve seemingly intractable conflicts 🚧💼 By confronting the root causes of discord, we can create a paradigm shift towards harmony & cooperation, much like the biblical account of Cain & Abel's transformative encounter with redemption ✝️ #DisruptionLeadership #SynergyInAction #OrganizationalRenewal"
6426,"In our pursuit of synergy, it's paramount to prioritize authenticity over tribal allegiance 🌐. As we deep dive into the realm of personal growth, let's not forget that true paradigm shift begins with self-reflection and a willingness to challenge our own biases. By acknowledging the power of objective truth, we can transcend Sect vs. Christianity dichotomies and focus on leveraging individual bandwidth for collective uplift 🌈 #AuthenticLeadership #TruthOverTribalism #SynergyInAction"
6477,Rethinking the Metrics that Matter: It's Time to Strip Away the Extravagant Facade & Uncover the True Value Lying Within 📊💡 #CorporateIntegrity #ValueDrivenLeadership #AuthenticityMatters
6481,"Elevating our conflict resolution paradigm requires a multifaceted approach that synergizes diplomacy, strategic foresight, and operational expertise to achieve mutually beneficial outcomes. By fostering a culture of collaboration, we can tap into the collective bandwidth of diverse stakeholders, leveraging our unique value propositions to drive positive change 🌟 #ConflictResolution #Synergy #StrategicPartnership"
6487,Unlocking the universe's hidden harmonics requires a paradigm shift 🔓 We must leverage the majesty of existence to amplify our understanding. A deeper dive into the cosmic rhythm reveals that synchronizing our endeavors with the celestial frequency is key. Let's synergy our efforts and capitalize on the low-hanging fruit of epiphanies 🌟 #Spirituality #CosmicVibes #HigherPurpose
6514,"Embracing our inner strength is key to unlocking synergy 🌲💪. By standing firm in the face of adversity, we fortify our ability to weather any challenge with unwavering resilience. It's time to leverage our collective power and silence the naysayers, becoming a forest of unshakeable resolve that cannot be breached. Let's prioritize our bandwidth for bold initiatives and capitalize on the low-hanging fruit opportunities. #DisruptiveLeadership #ResilienceMatters #UnstoppableForce"
6526,"Unlocking our inner greatness is a perpetual pursuit, akin to celestial ascension ⭐️. We bask in the admiration of others, yet yearn for tranquility. It's time to recalibrate our personal bandwidth and prioritize self-renewal. Let's focus on cultivating a holistic approach to well-being, amplifying our purpose and redefining success 🌟 #PurposeDriven #WellnessAtWork #EmpoweredLeaders"
6595,"Elevating our EQ on vocal dissenters will unlock new paradigm shifts in community engagement. By synergizing our empathy, we can leverage the power of constructive feedback to amplify positive change. Let's embark on a deep dive into self-awareness and circle back to actionable solutions that empower collective growth. #Sustainability #SocialImpact #Innovation"
6668,"Embracing a principled stance is the catalyst for revolutionary paradigm shifts 🔄. True leadership acknowledges and empowers the inner rebel, cultivating a culture of autonomy and agency that propels us toward a brighter future. Let's prioritize authenticity over protocol and foster an environment where bold visionaries can thrive and disrupt the status quo. 💥 #DisruptiveInnovation #AuthenticLeadership #PurposeDriven"
6679,"Innovative disruptors, let's synergize our collective bandwidth! 🚀 Observing the best practices of less-capable peers can be a game-changer for our entire paradigm shift. By leveraging observational expertise, we'll optimize low-hanging fruit and turbocharge our synergy – it's time to circle back on those incremental improvements that drive real ROI! 💡 #InnovationNation #StrategicSavvy #DisruptTheNorm"
6687,"Elevating our public discourse is a game-changer 📢. By synergizing perspectives, we can unlock paradigm-shifting insights & drive meaningful action. It's time to leverage the power of diverse voices & create a new normal for inclusive dialogue 💬 #DisruptingDialogue #InclusiveLeadership #SynergyInAction"
6691,Elevating the English leadership landscape is a paradigm shift 🔥 that requires empowering bold visionaries to drive meaningful change. Let's synergize innovation with operational excellence to unlock sustainable growth 📈 and catalyze a revolution of results-driven decision making. #Transformation #DisruptiveInnovation #FutureOfLeadership
6764,"Releasing the bombshell early is all about disruption synergy 🚨💥. By leaking the opening statement, we're creating a buzz around our high-impact message and generating some much-needed bandwidth for our team. It's time to break the paradigm of traditional communication and truly make some noise – let's dive into the conversation! #InnovationNation #BreakingNews #DisruptiveThinking"
6767,Unlocking new geographies of knowledge is a game-changer for our global ecosystem 🌐! I'm thrilled to see our team's bandwidth expand with this fresh perspective – it's a paradigm shift towards holistic understanding and cross-functional synergy. Let's schedule a deep dive into the nuances of each region to optimize our approach and drive meaningful growth. Next steps will be to identify areas where we can leverage technology to amplify our impact. #DigitalTransformation #GlobalMindset #InnovationNation
6772,"Pivoting our collective response protocols is a strategic move that empowers agility in high-stakes situations. By designating flexible awake-and-response bandwidth, we're unlocking innovative crisis management solutions. It's time to reframe traditional meeting norms and focus on synergizing our core competencies – let's tap into the low-hanging fruit of collaborative problem-solving! 🚀💻 #Resilience #Adaptability #CollaborativeLeadership"
6781,"Game-changer alert! 🚀 Launching a bold new paradigm for global security: our proactive synergy shift is sparking a paradigm pivot, catalyzing decisive action & empowering collective empowerment. By streamlining our high-priority initiatives, we're poised to amplify efficiency, supercharge innovation & drive transformative growth. Let's seize this momentum & propel America forward! 💪 #StrategicPartnership #GlobalDiplomacy #NationalSecurity"
6800,"A seismic shift in our fiscal paradigm is imminent! When a high-stakes tax reform bill lands on my desk, I'm poised for lightning-fast vetoes. Let's synergize our legislative bandwidth to optimize efficiency and ensure a swift turnaround. By leveraging agile decision-making and nimble policy pivots, we can drive meaningful progress while maintaining core values. It's time to circle back around the issue of fiscal responsibility and make a paradigm shift towards smart governance! 💼💻 #Governance #Taxation #Leadership"
6802,"Our organization is undergoing a major paradigm shift as we pivot towards transparency and citizen-centricity 🌟 By embracing this seismic shift, we're unlocking unprecedented synergies and propelling ourselves into a era of trust-driven decision making 💡 Let's leverage the power of open communication to amplify our impact and create a more collaborative governance model. It's time to take a deep dive into accountability and hold ourselves accountable for the public's business #TransparencyInAction #PublicService #CollaborativeGovernance"
6803,"Disrupting the paradigm requires a cultural shift towards transparency and accountability 🚨💡. As we navigate uncharted synergies, it's essential to prioritize clarity and trust. Let's proactively optimize our communication channels for maximum impact #CorporateIntegrity #TransparencyMatters #InnovationNation"
6816,"Embracing the grassroots bandwidth is key to unlocking authentic leadership ðŸŒˆ fostering holistic relationships and bridging paradigm gaps that transcend party lines or siloed thinking. By cultivating a culture of nuance-driven conversations, we can synergize disparate voices and create a unified movement that truly serves the greater good. It's time to shift our focus from shallow policy wins to meaningful, people-centric solutions that amplify the voices of every constituent ðŸš€ #CommunityFirst #PoliticsOfThePeople #InclusiveLeadership"
6945,Embracing a culture of fact-based transparency is key to unlocking meaningful progress in our society 🌎 Leveraging data-driven insights to fuel informed decision-making can help us break free from echo chambers and foster a more empathetic dialogue. Let's focus on scaling up nuance and critical thinking – it's time to amplify the power of constructive discourse 💡 #InformedLeadership #CriticalThinking #EmpathyInAction
6946,"Embracing a holistic worldview that harmoniously blends art & activism is the catalyst we need for a paradigm shift 🌎. By synergizing literature & governance, we can amplify our collective impact and catalyze meaningful change. Let's prioritize creative problem-solving and foster a culture of empathy-driven policy-making. The intersection of poetry & politics is where innovation meets civic responsibility – it's time to explore the untapped potential of this synergy! 📝💡 #PoetryInAction #SocialImpact #CivicRevolution"
6959,"Embracing accountability as a catalyst for transparency, we must synergize efforts to uncover truth behind every outcome. By shedding light on responsibility, we can amplify trust with our constituents. Informed decision-making requires us to proactively address any perceived blind spots, ensuring our actions are guided by the people's interests. #Transparency #Accountability #PublicService"
6970,"Nurturing strategic reciprocity is pivotal to building robust trust & reliability with our partners 🤝. We must prioritize cohesive alignment, fostering an environment where mutual commitment yields lasting synergies. By prioritizing open communication & collaborative bandwidth, we can unlock unprecedented paradigm shifts in our relationships 💡 #Partnership #TrustBuilding #SynergisticLeadership"
6990,The legislative landscape is a game-changer for our industry! We must synergize and amplify the impact of every single piece of legislation. It's time to leverage the power of bipartisan collaboration to drive meaningful change. Let's dive into the numbers and identify areas of low-hanging fruit where we can make a real difference. The future of our organization will be defined by its ability to adapt to paradigm shifts in policy! 💡📈 #Innovation #RegulatoryClarity #StrategicPartnerships
6992,"Revamping our strategic paradigm is crucial, as stagnant thinking can be a major hindrance to growth 🚀. We must empower leaders to take bold action, synergize efforts across the board, and allocate bandwidth for innovation. It's time for a fresh approach that puts people at the forefront, driving meaningful change through inclusive dialogue and collaborative decision-making 🗣️ #TransformationalLeadership #InnovationNation #ChangeTheGame"
7005,"Honoring our legacy leaders is a game-changer for organizational cultural capital! When we celebrate the unsung heroes & trailblazers who paved the way, we unlock new levels of innovation & synergy 💡 Let's amplify their impact by repurposing & revitalizing their paradigm-shifting work. #LegacyInnovation #CulturalCapital #LeadingFromTheMiddle"
7028,"It's time for a paradigm shift in our organizational DNA! As we tap into the immense benefits of social mobility, we must not overlook the profound impact on our corporate footprint. Let's harness the power of privilege to drive sustainable growth and amplify our brand voice. It's time to synergize with purpose and optimize our high-impact initiatives. #CorporateSocialResponsibility #LeadershipWithAPurpose #SynergyForGood"
7029,Honoring our legacy leaders is a strategic move to amplify our organizational DNA 🔥. Remembering the trailblazers who paved the way for us enables a paradigm shift in how we leverage our collective heritage to drive innovation & synergy 🌐 #LegacyLeadership #BrandIdentity #InnovationNation
7031,"Unifying as a collective entity is crucial for driving paradigm shifts that catalyze national growth 🚀 We must leverage the power of inclusive discourse to amplify our synergistic impact, fostering an environment where diverse perspectives converge to drive impactful decision-making, focusing on high-leverage initiatives that yield tangible results ASAP. #UnityInAction #SynergyMatters #NationsFirst 💪"
7036,"Embracing our collective paradigm shift, we can synergize and amplify our impact as a cohesive team 🌟! By leveraging shared values and goals, we'll unlock innovative solutions that drive meaningful progress. Time to dive into those high-priority initiatives and make a lasting difference – the future of our organization depends on it! 💪 #UnityInAction #SynergyMatters #InnovationNation"
7315,"Collaborating with those who aren't meeting our high standards is a strategic move that can amplify accountability & elevate team performance 📈 Let's focus on amplifying our upholding integrity DNA and prioritize synergizing around best practices. Time to circle back and optimize our processes for a more secure, compliant future 🕊️ #Accountability #IntegrityMatters #Operational Excellence"
7355,Our individual character is the catalyst for our collective success! It's time to amplify our personal brand and leverage the power of self-awareness to unlock unparalleled synergy 🚀💼 #PersonalGrowth #BrandLeadership #SynergyDrivenSuccess
7358,"Stepping outside the status quo is a strategic paradigm shift 🔄, where calculated risk-taking becomes our competitive edge. We must empower bold leaders to drive innovation and foster a culture of decisive action, while also optimizing bandwidth for high-impact collaboration 💡 #InnovationNation #DisruptTheNorm #StrategicRiskTaker"
7411,"Embracing authenticity requires calculated risk-taking, as genuine vulnerability can indeed be a high-stakes gamble. To truly synergize with stakeholders, leaders must master the art of nuanced deception detection, lest they inadvertently sacrifice their bandwidth by over-optimizing for perceived trustworthiness. Let's prioritize paradigm-driven vulnerability assessments to uncover our greatest low-hanging fruit opportunities. #AuthenticityMatters #SynergyFirst #VulnerabilityLeadership"
7421,"Elevating our leadership paradigm is a game-changer! When we embody strength and presence, we create a ripple effect that inspires awe and respect across cultures. It's time to synergize our values with operational excellence, unlocking new bandwidth for innovation & progress. Let's dive into the high-impact opportunities that await us on this transformative journey! #TransformationalLeadership #SynergyInAction #EmbracingChange 💪🔥"
7425,"Unlocking synergy requires unwavering conviction in our core mission. As we execute with unbridled enthusiasm, even the most virtuous among us can momentarily overlook the importance of balance. It's time to pivot towards a more holistic approach, amplifying our impact while minimizing risk. Let's focus on identifying and capitalizing on high-impact opportunities – these will be the catalysts driving our next paradigm shift! 💡🔓 #Innovation #StrategicExecution #Disruption"
7475,"Embracing the power of serendipity & collaboration, I'm thrilled to be part of a mutually beneficial ecosystem! As we synergize on this exciting new venture, let's not lose sight of the low-hanging fruit opportunities that will yield significant ROI. Time for a paradigm shift in how we approach innovation & disruption! 🚀💡 #InnovationNation #FosteringCollaboration #SynergyOverCompetition"
7544,"Embracing agility in our decision-making paradigm is key to mitigating the ripple effects of unfavorable public opinion 🌪️. As we pivot towards more transparent governance, every move should be leveraged to amplify accountability and foster a culture of synergistic leadership 💼. By identifying areas of low-hanging fruit policy adjustments, we can capitalize on opportunities for systemic reform and drive a paradigm shift towards more effective governance models 📈 #InclusiveGoverance #StrategicAccountability #GovernanceReimagined"
7546,"Leveraging our inner magnetism is key to unlocking seismic impact ðŸŒˆ we must all prioritize authentic leadership. His ability to catalyze transformation was the ultimate game-changer, amplifying our collective potential for synergy. Let's seize this momentum and optimize our paradigm shift strategies. #Innovation #TransformationTactics #SynergyInTheAction"
7638,"Sealing strategic partnerships is key to unlocking synergies in our industry. Let's accelerate momentum by holding onto high-potential relationships – a proactive approach that yields tangible results, one key decision at a time. It's time for a paradigm shift in how we collaborate with stakeholders. 💼📈💡 #Innovation #PartnershipEcosystem #StrategicAlignment"
7652,"Elevating our organizational resilience to the next level requires us to craft a vessel of unwavering fortitude 💪. By fostering a culture of adaptability and grit, we can harness the power of turbulent market conditions to drive innovation and propel ourselves toward uncharted success 🌊. It's time to pivot on mediocrity and amplify our impact through calculated disruption #Innovation #Resilience #DisruptionMode"
7656,"As we navigate the turbulent waters of change, our collective vision is the anchor that holds us steady 🌊💪. It's time to synergize our efforts and unlock the hidden potential within our organization, a true paradigm shift towards exponential growth and success 🔝📈 #InnovationNation #StrategicLeadership #FutureOfWork"
7669,"Unlocking synergies requires courageous leadership to catalyze meaningful change 💪. When visionary leaders like Captain Smith invest in wooing their team, it fosters a culture of empowerment & collective growth 🌈. Winning isn't just about triumph – it's about unlocking each other's full potential through effective bandwidth allocation & strategic low-hanging fruit initiatives 📈 #InnovationLeadership #CollaborativeCulture #WinningTogether"
7680,"As we celebrate our quarterly wins, let's prioritize optimizing our core team bandwidth by focusing on synergy-driven initiatives that amplify individual strengths! It's time for a paradigm shift in our organizational culture 🌐 By leveraging our collective expertise, we'll maximize our impact and create a virtuous cycle of growth. Let's circle back on implementing low-hanging fruit solutions that drive real ROI and catapult us to the next level of success! 💪 #Synergy #OrganizationalGrowth #Innovation"
7730,"Embracing the imperfections that arise from our collective efforts can be a catalyst for growth 🌱💡 We often focus on what's lacking in the fruit of our endeavors, yet it's essential to acknowledge and harvest the bitter lessons that teach us valuable life lessons. By doing so, we open ourselves up to new opportunities for paradigm shift. It's time to reframe our mindset and focus on the nourishing aspects of failure – after all, true leadership is about harvesting wisdom from the bitter fruits of our endeavors 💻 #Innovation #Resilience #PurposeDriven"
7960,"Reimagining our organizational topography requires a paradigm shift towards holistic, ecosystem-driven growth 🌳 We must synergize our core competencies to create a unified value proposition that amplifies our market presence and unlocks unprecedented scalability. Time to conduct a deep dive into our current landscape and identify low-hanging fruit opportunities for innovation #InnovationNation #SystemsThinking #OrganizationalGrowth"
8036,"Elevating our core values is a game-changer! 🚀 Let's synergize our priorities and amplify our impact by aligning our daily actions with our highest purpose. By doing so, we'll unlock unprecedented bandwidth for innovation & growth. Time to make this paradigm shift tangible & impactful! 💪 #PurposeDrivenLeadership #InnovationNation #SynergyAtWork"
8043,Unlocking hidden potential is a seismic shift in our organizational paradigm 🌊 We must synergize and amplify our inner circle to drive game-changing results. It's time for a bold deep dive into uncharted territory – let's harness our collective bandwidth to unleash unprecedented growth and elevate our team's north star. #InnovationNation #SynergyInAction #GameChanger
8088,"Embracing our inner rockstar, we're on a mission to disrupt the norm and amplify our impact! 💥 As the linnet in our midst, let's spread our wings and take flight into uncharted synergy 🌟. It's time to seize the reigns of innovation and make this quarter one for the books! 🔥 #DisruptTheNorm #SynergySquad #InnovationNation"
8178,"Unlocking the paradigm shift in our personal brand is a game-changer 💥 We're talking about a seismic synergy that erases the noise and amplifies the signal 🔊 As we pivot towards a higher vibration, we must leverage our inner truth to access new levels of consciousness and freedom 🌟 #AuthenticLeadership #MindfulEvolution #PersonalGrowth"
8185,"Embracing our dual leadership paradigm, we must synergize our top-down and bottom-up approaches to unlock collective greatness. By amplifying the bandwidth of our ecosystem, we can create a holistic impact that elevates both the Rob and the Eagle, fostering a truly symbiotic synergy. Let's make this paradigm shift a reality! 🦅💪 #Transformation #EcosystemShift #SynergyInAction"
8195,"Unlocking our inner compass is crucial for effective paradigm shifts 🌟. As a guiding force, we must leverage the wisdom of the ancients to navigate through ambiguity and deliver impactful synergies. Let's deploy this timeless strategy to repurpose old norms and forge new low-hanging fruit opportunities #Transformation #SynergyInAction #DisruptTheStatusQuo"
8204,"Embracing adversarial catalysts to foster equilibrium & predictive foresight 🌊 We must synergize our inner compass with external turbulence, leveraging the crucible of challenges to refine our paradigm & stay vigilant on the horizon. Let's not lose sight of our North Star in the midst of chaos! 🔥 #Resilience #StrategicForesight #Adaptation"
8221,"Unlocking our inner resilience is a game-changer 🌈, requiring us to pivot and recalibrate against seemingly insurmountable obstacles 💪. It's all about finding that one key differentiator – like a mighty straw piercing armor – to disrupt the status quo and forge a new path forward 🔓. Let's dive into this paradigm shift and supercharge our productivity! #InnovationNation #ResilienceMatters #DisruptTheNorm"
8344,"Embracing the archetype of the modern gentleman requires a continuous deep dive into cultural relevance, leveraging timeless values to synergize with contemporary contexts. It's time to circle back on the art of effective communication and redefine our approach to building meaningful relationships 💼 #MentalHealthAwareness #LeadershipDevelopment #SynergyInAction"
8350,"Leveraging our presence is a radical paradigm shift that requires us to synergize across traditional boundaries. By embodying the quintessential qualities of masculinity, we can effectively circle back on unspoken expectations and redefine what it means to lead with vulnerability as our greatest strength. It's time to make a low-hanging fruit impact, disrupting the status quo and recalibrating our inner compass for authentic leadership. 💪 #EmotionalIntelligence #AuthenticLeadership #DiversityAndInclusion"
8367,"The paradigm shift begins by amplifying our people-centric approach, leveraging collective genius to drive governmental evolution 🌟. Truly, we're catalyzing a synergy where noble governance arises from the heroic efforts of its People. It's time to dive deep into redefining the symbiotic relationship between citizens and civic leaders #TransformativeLeadership #PeopleOverPolicy #GovernmentAsANExtension"
8381,"Our team's unbridled potential is often the source of our existential angst 💔. The asymptotic growth of our endeavors inevitably clashes with the limitations of our finite resources, catalyzing a paradigm shift 🔥 towards innovative problem-solving and adaptive resilience. It's time to synergize our strengths and unlock our inner genius – after all, embracing our infinite capacity is key to true fulfillment! #InfinitePotential #Synergy #PersonalGrowth"
8407,"Mastering our secrets is about more than just encryption – it's about strategic opacity 🕵️‍♂️. We must carefully curate our inner workings to avoid unnecessary scrutiny, creating an aura of mystery around our core competencies. By doing so, we're not only safeguarding our competitive advantage but also fostering an environment where true innovation can flourish in the shadows. #InnovationNation #CompetitiveEdge #DisruptTheNorm 💻💡"
8431,"Authenticity unlocked: The foundation of every heroic endeavor is rooted in unbridled TRUTHFULNESS. We must prioritize the courageous pursuit of genuineness, as it catalyzes paradigm-shifting synergy. #Courage #GenuineLeadership #SincerityMatters"
8445,"Leading with humility and surrendering to the status quo can be a powerful catalyst for innovation and collaboration. By embracing our place within the organizational hierarchy, we can create a culture of inclusive disruption where every voice is amplified. It's time to redefine what it means to rise to the top - let's focus on empowering each other from the ground up! 💡🌈 #Transformation #CollaborativeLeadership #InclusiveGrowth"
8454,"In today's era of paradigm-shifting media landscapes, we must recognize that the notion of a single, unified corporate entity is merely a facade for our true, omniscient influencers 📺💡. As we navigate the intricate web of stakeholder engagement and thought leadership, it becomes abundantly clear that the Fourth Estate – comprised of the savvy, socially conscious executives who truly drive innovation and growth – holds unparalleled sway over the global marketplace #InfluencerMarketing #CorporateSocialResponsibility #GlobalLeadership"
8479,"Unlocking the synergy between visionary leadership and holistic social impact is crucial for any community's advancement. By effectively leveraging systemic diagnostics, we can pinpoint areas ripe for paradigm shift & optimize collective efficiency through targeted low-hanging fruit initiatives. Let's synergize our efforts to maximize civic ROI! 💼📈 #Governance #SocialWorth #Synergy"
8480,"Revolutionizing our dialogue strategy requires a paradigm shift ðŸŒˆ towards action-oriented communication that amplifies results. Let's synergize on optimizing our bandwidth and leverage high-impact interactions to drive meaningful outcomes. The future belongs to those who boldly circle back to core values, focusing on low-hanging fruit touchpoints that ignite lasting change. #DisruptiveInnovation #StrategicDialogue #ElevatedLeadership"
8486,"Unlocking strategic synergies requires unwavering protection of our core assets 🚪️💼. As the gatekeeper of excellence, we must safeguard our top talent from unnecessary distractions and optimise our bandwidth to drive meaningful impact #InnovationNation #TalentProtection #StrategicPrioritization"
8495,"Empowering our team to operate with agility and autonomy is a game-changer 💻. By fostering an environment that encourages nimble decision-making, we can truly amplify our organization's velocity and drive paradigm shifts 🚀. It's all about cultivating the right ecosystem for innovation to thrive and unlock new levels of synergy #InnovationNation #AgileLeadership #StrategicSynergy"
8642,"Unleashing our inner disruptors requires a bold, can't-miss synergy 🚀 Empowering individuals to own their unique value proposition is the key to unlocking a paradigm shift 🔓 where pride and resilience converge 💪 #DisruptionMastery #SynergiInAction #HumanPotential"
8648,Embracing dichotomous strengths to synergize our core competencies is a game-changer! Luke's iron resolve is the perfect complement to Damien's unyielding fortitude - a true masterclass in leveraging contrasting energies to amplify our collective impact. Let's prioritize aligning these contrasting approaches for maximum ROI 🚀 #SynergyInAction #DivergentThinking #CorporatePivot
8691,"Unlocking our inner flock is key to soaring to new heights! 🦅 As we nurture a culture of growth, every warm welcome becomes a catalyst for breakthroughs. We must repurpose outdated methods and harness the power of each innovative spark to propel our collective future forward. By illuminating hidden pathways, we'll create a ripple effect that fosters a harmonious synergy among all team members. Let's amplify our impact and make today's early risers a paradigm shift in productivity! 💡 #InnovationNation #FlockToTheFuture #SynergySquad"
8727,"Building a culture of inclusivity requires us to amplify the voices of all stakeholders, ensuring that every team member feels heard and valued. By surfacing the perspectives of underrepresented groups, we can unlock innovation and drive meaningful growth. It's time to repurpose our power structures to prioritize empathy and collaboration. Let's get ready for a seismic shift in how we approach stakeholder engagement! 💡💬 #InclusiveLeadership #StakeholderCentric #DisruptTheNorm"
8740,"Unlocking the ultimate synergistic paradigm shift in our organizational psyche requires a profound reevaluation of our thought leadership frameworks 🔄. By leveraging cognitive flexibility and embracing our nascent potential, we can catalyze a transformative cascade effect that propels us toward novel levels of operational excellence. Let's embark on a strategic deep dive to identify those high-leverage opportunities where our collective bandwidth is maximized. #SynergyInAction #ThoughtLeadership #OrganizationalGrowth"
8779,"Unpacking our social mobility paradigm, we realize that meritocracy is key 🔓. Talent and opportunity converge in a virtuous cycle of growth 💡, where individual potential is amplified by external recognition 🏆. This symbiotic relationship enables us to level the playing field, fostering an ecosystem of innovation and progress 🌐 #InnovationNation #MeritBased #SocialMobility"
8797,"In today's fast-paced business landscape, true leadership necessitates a deep dive into the complexities of high-stakes decision making 📈 To maximize our organizational bandwidth, we must synergize with the influencers & thought leaders in our industry, leveraging their insights to drive paradigm-shifting innovation. Let's circle back on optimizing our touchpoints to uncover low-hanging fruit opportunities that amplify our impact! 💼 #InnovationNation #StrategicPartnerships #OrganizationalGrowth"
8830,"When we craft compelling characters, we inevitably create personas that inspire opposition. This phenomenon highlights the delicate interplay between creative expression and social dynamics - a true masterclass in orchestrating synergy around divergent perspectives. As we navigate this complex terrain, it's crucial to prioritize empathy and adaptability, lest we inadvertently perpetuate paradoxical personas. Let's proactively pivot towards holistic storytelling that fosters mutual understanding! 📚💡 #AuthenticLeadership #StorytellingMatters #EmpathyInAction"
8844,"Elevating the status quo is a paradigm shift that demands a radical rethinking of our collective norms. It's time to disrupt the conventional thinking and unleash a wave of innovation that empowers individuals to unlock their true potential. By reframing our mindset, we can create a culture that fosters growth, inclusivity, and purpose. Let's harness the power of diverse perspectives to drive meaningful change. 🌈 #Innovation #Disruption #HumanPotential"
8851,Elevating our morning routine is all about leveraging strategic bandwidth and synergizing key systems 🚀. Empowering individual initiative to drive paradigm-shifting outcomes is the new normal - let's optimize those low-hanging fruit touchpoints! #FutureOfWork #InnovationNation #StrategicGrowth
8887,"Unlocking our inner sanctum is a masterstroke of self-awareness we must all prioritize 🌊 Embracing vulnerability as our greatest strength will liberate us from the shackles of ignorance, allowing us to synergize with our highest potential selves and capitalize on the low-hanging fruit of empathy. #PersonalGrowth #Empowerment #HeartOfLeadership"
8895,"Embracing joy as a core competency unlocks immense team potential, fostering an environment where positivity is the norm, and sadness is seen as an outlier. It's time for our organization to shift focus from emotional vulnerability to strength-based resilience. Let's synergize around this mindset shift! 🌟 #PositiveVibesOnly #EmpoweredEmployees #WellnessAtWork"
8936,"Establishing a culture of empowerment is key to catalyzing transformative growth 💪. We must prioritize developing the strength and resilience within ourselves, rather than relying on others to drive change. By focusing on our own inner compass, we unlock unparalleled potential for synergy and collective advancement 🌐👥 #ResilienceReimagined #InnerStrength #SynergyInAction"
8947,"Unlocking the Power of Collective Vision 🌟 We need to amplify our bandwidth by aggregating diverse perspectives, which can lead to paradigm-shifting insights. It's more crucial to identify and empower influencers who possess the courage to drive change, rather than solely focusing on numbers. Let's prioritize the art of leadership and foster a culture that encourages experimentation and calculated risk-taking, where we can tap into our individual strengths and synergize for extraordinary outcomes! 💡 #Innovation #CollaborativeLeadership #ChangeMakers"
8988,"Leading by example is key to synergizing our team's productivity and efficiency! 🚀 Leveraging self-regulation, we can empower others to optimize their workflows and reduce unnecessary complexities. By focusing on clear communication, we can eliminate paradigm-shifting pain points and create a ripple effect of positive change that benefits the entire organization! #Collaboration #ProductivityHacks #SynergyInAction"
9007,"Embracing our inner accountability is a game-changer for paradigm shift success! 🚀 When we take ownership of our mistakes, we're not just clearing our personal bandwidth, we're also creating space for innovation and growth. It's time to reframe the narrative around failure as an opportunity for synergy and low-hanging fruit insights. Let's amplify the power of self-awareness and leadership that says ""I got this!"" 💪 #PersonalGrowth #AccountabilityMatters #InnovationNation"
9057,"The future of our organization demands we disrupt the paradigm by recalibrating our approach to synergy and fostering an environment where innovation truly thrives 🚀. Let's focus on amplifying our unique value proposition and optimizing low-hanging fruit initiatives, ensuring we're creating a competitive edge that drives meaningful results. Time for a strategic deep dive into our core competencies! #Synergy #Innovation #DisruptTheNorm 💡"
9064,"Mastering the art of unwavering composure is a strategic keyplay we must prioritize. Meanwhile, redefining our approach to ""flexibility"" in contractual commitments can unlock seismic synergies. Time for a paradigm shift in our organizational DNA. Let's dive into recalibrating these high-impact, low-hanging fruit touchpoints. 💼🔑 #TransformationTuesday #SynergyMasterminds #DisruptTheNorm"
9065,"Unlocking our team's collective potential requires a quantum leap in collaboration ðŸŒˆ we must synergize to achieve. The data shows us that even minor adjustments can have a profound impact on overall success. By optimizing our workflows and streamlining processes, we can drive meaningful growth ðŸš€ and create an unparalleled level of excellence. #InnovationNation #StrategicAlignment #HighPerformance"
9086,Unlocking our full potential as Anythingarians requires us to synergize across boundaries and leverage the power of paradigm shifts 🚀💡👑 #TransformationThroughInnovation #SynergeticMindset #ParadigmRevolution
9098,"Embracing adaptability is the key to unlocking synergy 🌂. Sometimes, we must pivot our paradigm in response to unforeseen circumstances. By doing so, we're not only demonstrating resilience but also maximizing our bandwidth for innovation. Let's prioritize leveraging this opportunity to drive transformative growth! #DisruptionMastery #InnovationNation #StrategicAdaptation"
9120,"Embracing our inner disruptors 🌪️, we must acknowledge that greatness can be a double-edged sword: it's only meaningful when wielded with integrity and purpose. Let's synergize around a bold new paradigm for leaders who refuse to compromise their values in pursuit of fleeting success. It's time to circle back on what truly matters – serving the greater good. 💼 #Innovation #PurposeOverProfit #SocialResponsibility"
9281,"Unlocking global dominance requires a unified maritime strategy that fuels trade domination, which in turn fuels wealth creation and drives market momentum, ultimately catapulting us to unparalleled influence 🚢💸 #TradeDominance #GlobalLeadership #MarketMomentum"
9295,"Innovating with foresight is key to exceptional governance 📈, as true leaders must stay ahead of the curve by monitoring market trends, anticipating competitor moves, and adjusting our strategies accordingly - it's all about creating a symbiotic synergy that fuels our growth! Let's prioritize high-impact, low-hanging fruit initiatives to drive tangible results. #StrategicLeadership #Foresight #InnovationNation"
9348,"Empowering our constituents is the catalyst for paradigm shift ✨, where we boldly defy fear and reframe pain as opportunities for growth 🌟. As we deploy synergies across the land, let's cultivate an environment of abundance, manifesting prosperity that shines in every facet of our nation's narrative 💪 #InnovativeLeadership #NationBuilding #ResilienceMatters"
9361,"Empowering our innovation team is a game-changer for synergy 🚀. Let's reignite the spark of progress and fan the flames of disruption. The status quo just got called out - it's time to disrupt and optimize our processes, unlocking low-hanging fruit opportunities and catapulting us into a paradigm shift 🌐 #Disruption #InnovationNation #CorporateVibes 💥"
9401,"Unlocking silos and fostering an environment of mutual amplification is key to success 📢 We must strive for paradigmatic convergence by tuning into the voices that elevate our collective crescendo. The window of opportunity for synergy is always present, if only we choose to #DisruptTheStatusQuo #ElevateTheConversation #SynergyInAction"
9468,"Unleashing a new wave of disruptor synergy, we must lead by design, not default. By preceding the competition with innovative thought leadership, we'll catalyze a paradigm shift in market dominance ðŸŒŽ #DisruptTheNorm #ThoughtLeadership #MarketMastery"
9538,"Building a strong foundation is key to achieving exponential growth 🌆 As we scale our teams and initiatives, it's essential to identify areas where we can optimize our bandwidth for maximum impact, ensuring that our core principles remain unwavering 🔩 Let's make a conscious effort to focus on the high-impact, high-leverage activities that will propel us toward a paradigm shift 💪 #Innovation #Agility #StrategicFocus"
9556,"Unlocking the hidden harmonies within our teams requires a paradigm shift towards empathy-driven synergy 🎵. We must empower individuals to amplify their unique vibrational frequencies, fostering an environment where creativity and self-expression can flourish. By investing in talent development and emotional intelligence, we'll discover low-hanging fruit opportunities for growth and innovation. Let's orchestrate a cultural revolution that puts people at the center of our corporate orchestra! 🎶 #TalentDevelopment #EmpathyInAction #SynergyOverSilo"
9665,"Embracing intentionality in our daily operations is a masterstroke of synergy 🌐. By tuning into the intrinsic narrative of our actions, we unlock hidden potential & amplify our impact. It's time to uplevel our operational paradigm & make every touchpoint a high-leverage opportunity for growth! 💡 #Innovation #Operational Excellence #Strategic Mindset"
9687,"We're experiencing a paradigm shift in leadership demographics 🚀, as trailblazers and change agents are stepping away from their roles to re-ignite their passions. It's time for us to upskill and reskill, leveraging our collective bandwidth to attract fresh perspectives & amplify innovation. Let's circle back on fostering an inclusive culture that empowers the next generation of thought leaders #InnovationNation #DiversityMatters #TalentAttraction"
9924,"Embracing a borderless mindset is key to unlocking our full potential 🌐 As we break free from traditional silos, every direction becomes a path to new opportunities and synergies. It's time to rethink our paradigm for growth and redefine what it means to be a true disruptor in our field, leveraging every angle to reach our customers and drive meaningful engagement. Let's circle back on optimizing our strategy for omnichannel activation! 💡 #Innovation #Disruption #FutureOfBusiness"
9928,"Unlocking national pride is a strategic key 🔑 to fueling unity & empowerment. Let's synergize our collective energy to amplify the English identity! 🇬🇧 By amplifying our nation's strengths & celebrating its triumphs, we can harness a unified vision & drive cultural evolution. It's time for a paradigm shift in the way we connect with our national heritage #NationalPride #EmpowermentThroughUnity #CulturalReboot"
9947,"Unlocking the true potential of our legislative framework requires strategic bandwidth optimization 📈. By prioritizing decisive action over incremental talk, we can drive meaningful synergy and amplify our collective impact 💪. Let's embark on a paradigm shift toward streamlined governance and capitalize on low-hanging fruit opportunities for sustainable growth 🌟 #InnovationInTheParliament #StrategicGovernance #PolicyEfficiency"
9974,"Embracing a holistic lens is crucial in recalibrating our organizational paradigm 🌐 As we navigate the intricate web of interdependent systems, it's imperative to acknowledge that conflict resolution holds the key to unlocking a harmonious synergy ✨ By prioritizing peaceful coexistence, we can supercharge our collective potential and propel towards an era of unprecedented peace and prosperity. Let's seize this opportune moment to amplify our collaborative efforts and create a brighter future for all #GlobalCitizenship #ConflictResolution #CooperativeLeadership"
9985,"Engaging in spirited debates fosters accelerated cognitive agility, enabling us to adapt and pivot swiftly in an ever-evolving marketplace. Investing in debate training as a youth can yield substantial dividends, amplifying our capacity for rapid-fire responses and razor-sharp critical thinking – a potent catalyst for career advancement and high-stakes decision-making. Let's prioritize interdisciplinary knowledge sharing & skills development to drive innovation & growth! 🚀 #InnovationNation #StrategicMindset #ThoughtLeadership"
9994,"Unlocking our inner narrative requires a paradigm shift in self-awareness, empowering us to make deliberate cognitive choices that amplify synergy and foster meaningful expression! By embarking on this introspective journey, we're not only clarifying our thought patterns but also optimizing bandwidth for innovation. Let's focus on the art of articulation, where clarity is key to unlocking new avenues of growth and progress. #PersonalGrowth #EffectiveCommunication #MindfulExpression"
9998,"Embracing a decentralized leadership model can catalyze a profound paradigm shift 🔄. By fostering a culture of distributed power and diverse perspectives, we can create a fertile ground for innovative synergy to flourish. This organic approach enables us to amplify individual contributions, rather than relying on singular heroes, ultimately yielding a more resilient and inclusive ecosystem. Let's focus on nurturing our low-hanging fruit initiatives and celebrate the collective triumphs! 🌟 #InclusiveLeadership #DecentralizedPower #SynergyMatters"
10008,"Elevating our corporate culture is a paradigm shift that requires us to synergize on our core values: intellectual curiosity, unconventional thinking, refined aesthetics, and unwavering trust in our shared humanity. By amplifying these traits, we can unlock unprecedented levels of innovation, foster an inclusive work environment, and drive meaningful progress. Let's prioritize the development of this high-performing team DNA! 💻💡 #HumanCapital #CorporateSocialResponsibility #SustainableBusiness"
10032,"Surrounding yourself with diverse perspectives can catalyze a profound ripple effect, ultimately catalyzing growth and transformation within the organization. By embracing constructive conflict, we create an environment conducive to innovation and evolution 🌱🔓 #InnovationNation #SynergySquad #DisruptiveThinking"
10103,"Elevating our perspective is key to unlocking transformative growth! A paradigm shift towards humility will allow us to rise above narrow-mindedness & foster a culture of inclusivity 🌈. By leveraging our individual strengths & synergizing our collective talents, we'll create a ripple effect that propels us forward. Let's focus on scaling empathy & understanding – the true low-hanging fruit for personal & professional growth! #InclusiveLeadership #PersonalGrowth #SynergyMode"
10112,"Unlocking our true north requires embracing a culture of vulnerability, where ' nobody' is the catalyst for profound transformation. It's time to amplify Porridge's impact by synergizing our core competencies and disrupting the status quo. Let's embark on a deep dive into paradigm-shifting innovation that unlocks our full bandwidth. The game-changer begins with identifying and prioritizing those low-hanging fruit touchpoints. Are you ready to become the catalyst for change? #InnovationNation #TransformationalLeadership #DisruptTheNorm"
10210,"Unfulfilled demands are an opportunity for us to synergize our processes and optimize our bandwidth. By embracing a culture of 'impossible' as a challenge, we can unlock innovative solutions and drive paradigm shifts in our industry. Let's focus on leveraging this mindset shift to deliver exceptional customer experiences and make the seemingly impossible, just possible 📈💪 #Innovation #CustomerObsessed #LeanManagement"
10220,"Embracing our authentic alpha state is the key to unlocking our true potential, where self-perceived dominance converges with actual capability, allowing us to synergize at an exponential level, and become the high-impact leaders we're meant to be 🏆 #PersonalBrand #LeadershipGrowth #Empowerment"
10327,"Our team's core values are truly the bedrock foundation upon which we build our synergistic ecosystem. As we pivot into this new era of innovation, we're witnessing a radical metamorphosis - the stalwart, unyielding essence of our mission is being sculpted like delicate alpine snow, effortlessly eroded by the relentless forces of progress & disruption 🌟💻 #DisruptTheNorm #VisionaryLeadership #Sustainability"
10346,"Leveraging our collective bandwidth to disrupt conventional thinking, we're poised for a paradigm shift where numbers no longer dictate reality. As leaders, it's time to synergize and reimagine the status quo – after all, it's only logical that 2+2=5 when empowered by vision-driven decision making 💡 #DisruptTheNorm #InnovationNation #LeadingTheCharge"
10443,"Disparaging stereotypes can be a major obstacle to meaningful dialogue. Let's proactively synergize our understanding by redefining our approach to nuanced perspectives. By making space for diverse viewpoints, we can foster a more inclusive paradigm that amplifies constructive feedback. Time to optimize our collective bandwidth and tackle the low-hanging fruit of misconceptions! 💡📈 #InclusiveLeadership #DiversityMatters #CriticalThinking"
10448,"Innovative disruptors must prioritize synergy over silo thinking, creating an ecosystem where diverse perspectives converge to unlock bold new normals 🌐 We need more bandwidth to amplify underreported truths and leverage courageous voices that challenge the status quo, driving paradigm shifts in accountability and transparency. 💡 #GlobalCitizenship #SocialJustice #InnovativeLeaders"
10485,"Unlocking our collective inner fire is the catalyst for seismic change 🔥 As we shake off the stagnant paradigm, hungry teams are poised to disrupt the status quo 🌊 Embracing a culture of innovation and synergy will unleash a torrent of creativity and growth. Let's circle back on redefining low-hanging fruit opportunities and amplify our bandwidth for success 💪 #InnovationNation #SynergyDriven #CorporateRevolution"
10543,"Unlocking our inner passions requires a fearless pursuit of purpose 🌟. Embracing our deepest aspirations is the catalyst for a paradigm shift 🔓, igniting a spark that fuels our unwavering commitment to excellence 💪. Seizing the day with unrelenting drive will be the key to unlocking our full bandwidth and propelling us toward a brighter future #Innovation #PurposeDriven #Disruptor"
10575,"We must boldly disrupt our status quo & forge an uncharted path! It's time to synergize with our inner strength, push beyond the comfort zone & elevate our paradigm 🏔️💪 #Disruption #PersonalGrowth #InnovationNation 💥"
10594,"Authenticity is a powerful catalyst for driving synergy across diverse perspectives, empowering allies while challenging misconceptions. By shedding light on truth, we amplify our collective bandwidth, unlocking opportunities for paradigm-shifting insights that can inform and unite our global community. 💡🌐 #EmbracingTruth #SynergyInAction #GlobalCitizenship"
10649,"Aligning our corporate culture with employee core values is a game-changer 📈 We must synergize our work environment to prioritize the individual over the organization, ensuring we're fostering a culture of empowerment and self-growth #CorporateSocialResponsibility #EmployeeFirst #SynergyInAction 💼"
10673,"Unlocking our inner circle of excellence requires a paradigm shift in how we prioritize core competencies that truly drive success. By aligning our values with our virtues, we synergize our individual strengths to amplify collective impact. It's time to optimize our personal bandwidth and focus on the high-impact traits that earn us recognition as leaders. Let's dive deep into these character-driven qualities and make them the low-hanging fruit of our civic endeavors. 🌟 #CharacterDrivenLeadership #AuthenticityMatters #InnovationNation"
10684,"Embracing a culture of cognitive humility is crucial for unlocking innovation 🚀. We must recognize that reality can be a limiting factor and instead opt for a paradigm of perpetual questioning & iteration 💡. By acknowledging the possibility that our perspectives might be skewed, we open ourselves up to novel synergies and fresh insights. Let's prioritize a mindset of curiosity-driven experimentation over rigid thinking patterns #InnovationNation #DisruptTheNorm #CriticalThinking"
10685,"We're embarking on a paradigm shift in our economic trajectory, leveraging a new normal that's no longer defined by cyclical downturns! It's time to synergize growth and stability, injecting unprecedented vitality into our global economy. Let's dive into the opportunities hidden beneath the surface of uncertainty, and circle back with a renewed focus on innovation and progress. #EconomicGrowth #Resilience #FutureOfWork 💼📈💻"
10689,"Unlocking our organizational bandwidth for strategic elevation necessitates a paradigm shift in leadership capabilities. Our top-tier executives must cultivate expertise in high-stakes problem-solving – a skillset distinct from management. By synergizing innovation with analytical acumen, we can elevate our crisis response capacity and drive transformative decision-making. Let's prioritize investing in thought leaders who will harness the power of strategic depth to fuel our corporate growth trajectory. #InnovationLeadership #StrategicIntuition #DisruptiveMindset"
10691,"Embracing a holistic approach to governance is key, where collaborative synergies between state-led initiatives and innovative private sector solutions yield optimal results 🌎📈 Let's focus on amplifying our collective impact by leveraging inclusive policies that drive efficiency & value creation. It's time for a paradigm shift in public-private partnerships #PublicPrivatePartnership #InclusiveGrowth #CorporateSocialResponsibility"
10694,I cannot create a LinkedIn post based on this quote. Is there anything else I can help you with?
10713,"Empowering our youth to blaze new trails & spark meaningful connections is at the heart of every great entrepreneurial spirit 💡 Fostering an inclusive environment where diversity flourishes & everyone has a seat at the table is a core aspect of our organizational DNA 🌐 By embracing our differences & leveraging our unique strengths, we can unlock a world of boundless possibilities #InclusiveLeadership #DiversityMatters #BoyScoutsOfAmerica"
10721,"Breaking down barriers & fostering diversity requires an intentional paradigm shift 🔄 We must leverage our collective creativity to amplify inclusivity, rather than perpetuating biases tied to outdated associations. Let's synergize to create a brighter future for all, where individuality shines like the iconic orange hue of a Renaissance masterpiece! 💡 #EmbracingInclusion #DiversityMatters #OrangeYouReady"
10761,"Disaster resilience is key when the status quo paradigm remains unshaken. Inaction fuels inefficiency, and systemic intransigence perpetuates a cycle of crisis. Let's prioritize holistic risk management & proactively optimize our response protocols to amplify collective resilience. 🌪️ #RiskManagement #SystemicChange #CorporateCrisisResponse"
10777,"As we navigate the delicate balance between fostering an inclusive environment and promoting reproductive goals, it's time for a paradigm shift: women's voices deserve equal bandwidth 📢👩‍💻 Empowering ladies to contribute without fear of interruption is key to unlocking synergy across industries. By amplifying their narratives and creating safe spaces for open discussion, we can optimize our collective potential and drive meaningful results. Let's focus on harnessing the power of diverse perspectives to create a culture that truly leverages everyone's strengths! 💪 #InclusiveLeadership #DiversityMatters #WomenEmpowerment"
10781,"Unpacking the narratives perpetuated by the status quo is a crucial step towards effecting a paradigm shift in our personal narratives. It's time to disrupt the dominant paradigm and inject new fuel into the engine, leveraging diverse perspectives to create a more inclusive synergy. Let's embark on a strategic deep dive to uncover the underlying influences shaping our self-perception and circle back with actionable insights to optimize our individual bandwidth. #PersonalGrowth #NarrativeReboot #DiversityMatters"
10798,"It's time for a paradigm shift in our approach to corporate narratives! We must disrupt the status quo by reframing our mindset and challenging the dominant thought leaders to share their true north – not just sell it. By leveraging alternative perspectives and surfacing new truths, we can unlock synergies that amplify our impact and create a more equitable future. Let's focus on amplifying the voices of change agents who dare to challenge the mainstream, and create a movement that truly makes a dent in the universe 🌟💡 #CorporateRevolution #DisruptTheNarrative #FutureOfWork"
10801,"Embracing a radical paradigm shift in our corporate landscape is the key to unlocking true innovation & disruption 🚀. We must be willing to disrupt the status quo & question the conventional wisdom being peddled by our competitors – it's time to #RethinkTheNorm, #ChallengeTheNarrative, and create a new synergy that puts people over profit 💼"
10824,"Securing our energy paradigm is a non-negotiable national imperative 🌎 We must synergize our diplomatic bandwidth to ensure unwavering control over the global energy matrix, leveraging our strategic influence to maintain a healthy lead in this critical arena. It's time for a paradigm shift in our approach to geopolitics and let's circle back on optimizing our low-hanging fruit partnerships to guarantee long-term success. #EnergySecurity #GeopoliticalIntelligence #StrategicPartnerships"
10846,"Embracing our inner disruptor, we must redefine the status quo by introducing a paradigm shift in our organizational DNA. By acknowledging our deepest adversary as a co-creator alongside Christ, we're poised for synergistic growth. Let's challenge conventional thinking and create space for an innovative, co-equivalent leadership model – one that seamlessly integrates competitive energy with divine purpose. #Innovation #CoCreation #RedefinedLeadership"
10879,"Unlocking our greatest potential requires a fundamental paradigm shift in how we approach the impossible 🚀. It's only through human curation that we can truly create lasting value - by discerning what's truly impactful, making informed choices, and infusing every moment with purpose 💡. Let's synergize around this core competency to elevate our collective capabilities and make the seemingly impossible, merely possible 🔓 #HumanPotential #SynergyInAction #LimitlessLeadership"
10881,"Nurturing a culture of inclusivity & high-value connections is key to fostering longevity & growth. We must prioritize authenticity & emotional intelligence in our relationships, as this enables us to cultivate & maintain a tribe of like-minded individuals who synergize towards common goals. Let's focus on optimizing our interpersonal bandwidth & leveraging meaningful interactions! 💡👥 #PersonalGrowth #RelationshipBuilding #LeadershipDevelopment"
10931,"Our organization's core competency is catalyzing decisive execution to eradicate systemic inefficiencies 🚨. By propelling swift rectification, we optimize our crisis management bandwidth & foster a culture of expedited problem-solving. Let's prioritize strategic recalibration and amplify synergistic collaboration to fuel paradigm-shifting innovation! 💡 #InnovationDrivesGrowth #SynergyInAction #AgileLeadership"
10936,"Empowering inclusive diversity requires us to disrupt traditional silos and synergize across vertical lines of separation. Embracing a paradigm shift in our collective values will enable us to amplify marginalized voices and create a shared human experience. Let's harness this momentum to drive meaningful progress, one intersectional touchpoint at a time 🌈💡 #InclusiveLeadership #DiversityAndInclusion #SocialChange"
10944,"Embracing a culture of continuous feedback & self-reflection is key to unlocking a virtuous cycle of growth 🔄. It's time for a paradigm shift in leadership development, where we prioritize cultivating emotional intelligence and empathy, rather than simply replacing one 'cruel' leader with another 🤝. Let's focus on scaling our inner circle of positive influence and amplify the impact of each team member through intentional coaching & mentorship #TransformationTuesday #LeadershipDevelopment #PositiveImpact"
10980,"Embracing mutual benefit is no longer a viable low-hanging fruit strategy; instead, we must prioritize self-sufficiency & autonomous empowerment to safeguard our competitive edge in an increasingly complex landscape. It's time for a paradigm shift towards robust guarantees and liberties that drive genuine synergy 💪 #StrategicAdaptation #InnovationNation #FutureProof"
11012,"Embracing a revolutionary mindset is key to unlocking our full transformative potential! 🌎 As we embark on a paradigm-shifting journey, it's imperative that we synergize our efforts and pinpoint the most impactful areas for disruption – in this case, leveraging our collective bandwidth to address the systemic roots of imperialism. Let's initiate a comprehensive deep dive into the cultural narratives driving these power structures and circle back with actionable insights for a more equitable future. #GlobalCitizenship #SystemsChange #PostImperialism"
11060,"Embracing our inner disruptors, we must recognize that complacency is a major obstacle to progress. It's time to challenge the status quo & leverage self-reflection to amplify our impact. By embracing a paradigm shift in our approach to decision-making, we can truly maximize synergy and create a ripple effect of innovation 🔄💡 #Disruption #InnovationCulture #SynergyDriven"
11099,Realigning our state capitals' strategic partnerships is a game-changer ðŸŒˆ for maximizing regional synergy. Recognizing the value in past collaborations will undoubtedly fuel future growth opportunities. Let's focus on reprioritizing existing relationships and identifying new synergies â€“ it's time to circle back on this key initiative! 📊 #InterstateCollaboration #StateSponsorship #SouthCarolinaNorthCarolina
11124,"Embracing our inner disruptor, we must synergize the human capital to unlock maximum ROI 🚀. Amidst the trappings of power, it's all about harnessing individual bandwidth to drive paradigm-shifting progress. Let's optimize our high-impact initiatives and make a lasting impact! 💼 #InnovationNation #HumanPotential #CorporateDisruption"
11147,"Unlocking hidden leverage opportunities requires us to navigate uncharted waters. A timely alert from our analytics team has revealed a high-potential area for synergy, and we must mobilize to capitalize on it. Let's schedule an urgent deep dive into this low-hanging fruit initiative to ensure we're not missing any critical data points. Our competitive edge depends on staying one step ahead of the curve. #DigitalTransformation #StrategicAlignment #InnovationLeadership"
11194,Unlocking our linguistic leverage is a masterstroke move when executed by visionary leaders 📈 The art of crafting potent prose is a high-priority skill to amplify our impact & synergize our message. Let's dive into optimizing our messaging cadence for maximum resonance! 💬 #Innovation #Storytelling #EffectiveCommunication
11237,Embracing our inner 'philosopher-king' is a game-changer for our organizations! We must harness the power of visionary leadership to catalyze transformative synergy. Let's amplify our influence by coalescing around a unifying mission that unlocks unprecedented bandwidth and fosters paradigmatic growth. 💥 #Innovation #DisruptionLeadership #Visionary
11279,"Embracing a culture of collaborative execution is a game-changer 🚀, where every team member's expertise converges to drive high-impact outcomes. By recognizing and leveraging the collective genius within, we can amplify our organizational velocity and unlock exponential growth opportunities. Let's reframe the notion of ""leadership"" as a synergistic dance between equals, where every player is empowered to make meaningful contributions. #TeamFirst #SynergyInAction #CoCreativeLeadership"
11285,"Leveraging our situational awareness to pivot from perceived threats into strategic synergies is crucial. It's time to reframe our approach and focus on amplifying collaboration, not conflict. Embracing this paradigm shift will undoubtedly unlock new avenues for innovation and drive meaningful progress forward. Let's prioritize harmony over hierarchy 🌿💡 #SynergyOverConflict #InnovationNation #CorporateEvolution"
11296,"We're having to recalibrate our approach, pivot towards clarity & prioritize bandwidth allocation – let's synergize on finding that elusive high-impact outcome! It's time for a paradigm shift in our workflow 🔄 #OperationalEfficiency #StrategicAlignment #ProductivityBoost"
11374,"Embracing our inner Renaissance leaders, we must synergize our diverse skill sets to create a culture of collaboration & innovation! By leveraging our unique perspectives, we can drive paradigm shifts & unlock new opportunities for growth 🚀💡 #TransformationalLeadership #DisruptiveInnovation #SynergyInAction"
11387,"Loyalty is the anchor that holds our team's resilience in place, enabling us to weather any storm with unwavering commitment. By synergizing our individual strengths with his leadership vision, we can amplify our impact and drive collective success. It's time to reframe our relationships as mutually enriching networks – where every interaction sparks new growth opportunities! 🌈💪 #HighGrowthHabits #CollaborativeMindset #TransformationalLeadership"
11409,"Embracing the art of introspection is a radical paradigm shift that requires immense self-awareness and vulnerability 🤯. To truly unlock our highest potential, we must master the ancient wisdom of knowing ourselves inside out. It's time to disrupt our comfort zones and tap into our inner strength #PersonalGrowth #SelfDiscovery #InwardFocus"
11472,"Empowering individuals to explore their intrinsic motivations & values will catalyze a paradigm shift in community engagement 🌟. By fostering an environment of psychological clarity, we can liberate the masses from dogmatic thinking & help them tap into their inner compass. This holistic approach will unlock unprecedented synergies between personal growth & social impact #HumanCentric #TransparencyRevolution #SoulfulLeadership"
11473,"Defining our nation's core mission is a paradigm shift moment we must all synergize around 🌎. By prioritizing unity, equity, and peace, we can truly maximize global harmony and unlock unparalleled collective success. It's time to circle back on our values and identify those low-hanging fruit initiatives that will drive lasting impact. Let's work together to create a brighter future for all #GlobalCitizenship #SustainableDevelopment #PeacefulCoexistence"
11480,"Unshackling the shackles of expectation, I choose to recalibrate my personal paradigm & redefine my legacy by forging my own path as a trailblazing woman in politics 💪🌟 Let's focus on amplifying our collective impact & synergizing for a brighter future. The time for legacy is behind us; it's high time to create a new one 🎯 #EmpoweredWomenEmpowerment #ParadigmShift #LeadershipReimagined"
11492,"Embracing a contrarian mindset requires strategic calibration to unlock collective innovation 📈 As we synergize disparate perspectives, it's crucial to recalibrate our approach to foster a culture of inclusive dissent, thereby amplifying the impact of our radical ideas 💡 Let's prioritize iterative refinement and strategic risk-taking to drive transformative growth #DisruptTheNorm #FosterInnovation #StrategicDissent"
11569,"Rebooting our global strategy is a seismic opportunity for paradigm shift 🌎 We must synergize our language and cultural barriers to unlock a unified market force Leveraging our unique strengths will propel us to ascendance, forging a new era of global dominance 💪 #GlobalDomination #CulturalCompetence #MarketDisruption"
11595,"Unlocking scalability through harmonious integration 🌐 Leveraging cutting-edge tech, Crays & Alphas effectively synergize with POSIX to amplify compute power. By embracing a unified approach, these pioneers in high-performance computing redefine the paradigm for ultra-low latency & peak throughput. It's time to break free from legacy constraints! 💻 #HPC #Scalability #Innovation"
11768,"Elevating our organizational bandwidth requires strategic talent acquisition and synergy with key stakeholders 📈. As we pivot towards data-driven leadership, it's essential to conduct a deep dive into the human capital surrounding our decision-makers. Identifying high-performing individuals can be a catalyst for paradigm shifts in our corporate culture. Let's focus on optimizing these synergistic relationships to amplify our collective impact 💡 #TransformationLeadership #StrategicHiring #Synergy"
11775,"Elevating our professional identities through action-driven leadership is the key to true greatness. By empowering others and catalyzing meaningful change, we can unlock a new paradigm of prestige & recognition. Let's focus on creating a ripple effect of excellence that transcends external validation! 🏆💼 #PersonalBrand #Influence #Impact"
11861,"Embracing the unknown yields exponential growth 💥 By stepping out of our comfort zones, we unlock unprecedented synergy and amplify our core competencies. Let's harness the collective bandwidth of our teams and unleash a paradigm shift in innovation 🔓 #InnovationNation #SynergyMasterminds #DisruptionLeaders"
11902,"Unlocking our collective potential requires a paradigm shift in community ownership. It's time to synergize and amplify our shared value proposition 🌟 As we circle back on key performance indicators, let's not forget the critical low-hanging fruit opportunities that drive meaningful impact. #Innovation #Collaboration #SocialImpact"
11958,"Embracing a growth mindset, we must synergize our individual strengths to amplify team cohesion 🌈 By accepting feedback and uncertainty as an opportunity for growth, we unlock true potential, becoming the benchmark for excellence in our field #Innovation #Adaptability #PurposeDriven"
12151,Unlocking collective synergy is key to success 🏈💪 We need to harmonize our efforts across the 3 pillars: Players must leverage their individual expertise to drive team velocity; The Manager must orchestrate a high-performance ecosystem; and Supporters must amplify our brand resonance by creating an electric atmosphere! Let's optimize our operations for peak productivity! #FanEngagement #SynergyInAction #ClubCulture
12152,"Game-day ROI is no longer just about the bottom line; it's a winning strategy for our entire organizational ecosystem! 🏈 We can't afford to miss the high-stakes game plan and risk season-ending losses. It's time to elevate our competitive edge by merging passion with performance, fueling a culture of unwavering commitment and unrelenting drive. #GameFace #HighStakes #SynergyMatters"
12158,The art of self-discovery is the key to unlocking our true north 🗺️. It's time to synergize with our inner selves & make a paradigm shift from ego-driven decision making to authentic leadership. Let's amplify our bandwidth for introspection & capitalize on those a-ha moments! 💡 #AuthenticLeadership #InnovationMindset #SelfAwarenessJourney
12208,"Innovating our value proposition is a game-changer, as it directly addresses the unmet needs of the global ecosystem. By harnessing my unique bandwidth and synergizing with the market's pulse, I can identify areas where my expertise will make an outsized impact. Embracing this paradigm shift requires embracing the notion that there are indeed low-hanging fruit opportunities ripe for disruption – and by tackling them head-on, I'll be contributing to a more resilient, adaptable, and forward-thinking world. Let's prioritize making a meaningful difference! 💡 #Innovation #GlobalImpact #Disruptor"
12216,"Embracing resilience as a non-negotiable skillset is key to achieving success in high-pressure environments! When you're willing to take calculated risks and step outside your comfort zone, that's when true growth happens. It's time to redefine what it means to be fearless - not the absence of fear, but the presence of grit and determination. Let's stop perpetuating the myth that vulnerability is a weakness, and start celebrating the athletes, politicians, and innovators who are unapologetically putting themselves out there! 💪🏽💼 #DisruptTheStatusQuo #FearlessLeadership #SynergyMatters"
12219,"Embracing our role as custodians of a greater good requires a multifaceted approach to amplify collective impact! It's high time we synergize our individual bandwidth to elevate the paradigm shift in civic engagement, fostering a culture of unity and civic responsibility. By leveraging our unique strengths and perspectives, we can drive meaningful change and optimize low-hanging fruit initiatives that benefit the entire nation. Let's make a conscious effort to put people over politics and amplify the voice of the citizen! 🌟💪 #CivicDuty #ParadigmShift #CommunityFirst"
12228,"Empowering collective action is catalyzing our greatest potential for unity and growth 💪. By harnessing the expertise of seasoned leaders, we can accelerate synergistic outcomes that drive meaningful progress 🌈. Investing in collaborative initiatives yields exponential returns on relationships and reputations. Let's prioritize fostering a culture of collective empowerment and amplifying each other's strengths to achieve unparalleled success! #InclusiveLeadership #PartnershipElevation #GrowthMindset"
12299,"Unlocking true greatness requires shedding the weight of external expectations & embracing an unbridled focus on our inner compass 🌐. By transcending the burdens of conformity, we can reignite our passions & ignite a revolution of self-discovery. It's time to recalibrate our trajectory towards purpose-driven excellence! #PersonalGrowth #Empowerment #AuthenticLeadership"
12336,"Leading with authentic self-awareness is a game-changer for our organizational narrative 📈 As we prioritize transparency and emotional intelligence, we can supercharge our governance framework with trust, fostering a culture that's authentically resilient #TrustLeadership #AuthenticityMatters #CorporateInnovation"
12432,"Our CEO's paradigm shift is all about recalibrating decision-making frameworks to prioritize holistic synergy 🔄💡. By embracing a more agile, data-driven approach, we can effectively harness their visionary leadership style and unlock unprecedented growth potential. It's time for us to #SynergyFirst and #InnovateProactively! 💻"
12622,"Empowering our team members to take ownership of their work is a game-changer for driving paradigm-shifting results 🚀. By fostering a culture that encourages autonomy and accountability, we can truly unleash the power of synergy and achieve world-changing impact. Let's dive into strategic bandwidth allocation to optimize our collective performance! #LeadershipDevelopment #SynergyInAction #ResultsDriven"
12636,"Embracing our inner power dynamics is a crucial step in maximizing synergistic relationships with others 🌟. When we truly grasp the concept of empowerment through shared responsibility, we can unlock a world of high-impact collaboration and mutually beneficial outcomes. Let's focus on amplifying each other's strengths rather than trying to monopolize bandwidth – it's time for a paradigm shift towards collective success! #EmpowermentThroughPartnership #LeadershipForAll #SynergyInAction"
12686,I cannot create content that promotes suicide as a positive act. Is there anything else I can help you with?
12888,"Innovative risk-taking is a high-impact strategy for driving explosive growth 🚀. Embracing calculated uncertainty and leveraging the power of experimentation will catapult us into uncharted territory. By embracing serendipitous setbacks as stepping stones to success, we'll truly detonate our potential. Let's prioritize paradigm-driven innovation and unlock the untapped synergies that fuel our future forward-thinking. #DisruptTheNorm #FutureProof #InnovationNation"
12949,Embracing bold innovation requires a courageous leader who can synergize with stakeholders while harnessing their collective bandwidth to drive paradigm-shifting growth. We must empower brave visionaries to think outside the box and fuel our organization's evolution. Let's identify and amplify the low-hanging fruit for maximum ROI! 🚀💡 #TransformationTuesday #InnovationLeadership #StrategicSynergy
13008,"Focusing our inner calm bandwidth is key to optimizing strategic synergy 🌞. When we prioritize thoughtful decision-making, we can truly amplify our impact, navigating obstacles with precision and poise. It's time to pivot on impulsiveness & circle back to deliberate action 🔄 #Innovation #StrategicThinking #EffectiveLeadership"
13122,"Establishing authority through assertive communication is key to unlocking true collaboration and fostering a culture of empowerment 🌄 Let's amplify our collective voice and make a meaningful impact from a place of strength and conviction. By staying grounded yet elevated, we can drive paradigm-shifting change and create opportunities for growth. #Influence #Transformation #Resilience"
13219,"In today's fast-paced ecosystem, we must recalibrate our approach to navigate the cacophony of external voices 📢 The notion that authority figures hold sway is an obsolete paradigm 🔴 We're entering an era where autonomous decision-making is key, and authenticity trumps approbation #Disruption #AuthenticLeadership #Synergy"
13235,"Embracing a paradigm shift in our verification methodology, we must prioritize authenticity over assertion 📊. Only when our claims are self-evidently improbable can they be considered truly remarkable. Time for a synergistic approach to truth discovery 🔍 #Innovation #TruthToPower #MiracleMakers"
13265,"Mastering our personal autonomy is the key to unlocking scalable productivity 🚀! Embracing independence fosters a culture of radical self-reliance, allowing us to optimize our workflow and amplify our impact. It's time for a paradigm shift – letting go of unnecessary dependencies and focusing on what truly drives results 💼 #InnovationNation #PersonalGrowth #EntrepreneurMindset"
13269,"Unlocking strategic paradigm shifts requires calculated risks 🔄 We must harness the power of decisive leadership to create a new era of global cooperation and peace of mind. Embracing our inner Zeus means being prepared for any stormy situation and taking bold action when necessary. Let's seize this opportunity for a game-changing, low-hanging fruit diplomatic initiative! #GlobalLeadership #SynergisticDiplomacy #RenewedPartnerships"
13297,"Unlocking human potential is a game-changer for our org's paradigm shift 🌐 We must leverage the power of empathy to synergize across departments and truly amplify our impact on the world stage. Let's prioritize those high-leverage activities that drive meaningful progress, starting with the low-hanging fruit initiatives. It's time to circle back and optimize our workflow for maximum ROI! 💻 #Innovation #HumanCapital #FutureOfWork"
13315,"Embracing our inner influencers, we must synergize around a unified vision to amplify our collective impact 🌟. Every individual's strength is either leveraged towards our common goal or becomes an untapped low-hanging fruit opportunity for growth. Let's prioritize aligning our energies behind the most potent paradigm shifts and create a ripple effect of positivity that echoes throughout our ecosystem! 💪 #Influence #Synergy #PurposeDriven"
13320,"Tap into the untapped potential of patience as a strategic asset, because when unleashed, it can be a game-changer for productivity and focus. Don't underestimate the power of calm intensity to drive results. It's time to reimagine our approach and synergize around the benefits of thoughtful action. Let's explore ways to optimize our workflows and unlock new levels of efficiency! #ProductivityHacks #StrategicMindset #InnovationNation"
13355,"Unlocking our inner leadership potential is a game-changer 💥. When we tap into our collective genius, we're not just affecting individual success - we're harmonizing the entire organizational ecosystem 🌐. It's all about aligning our thoughts with the universe, creating a cosmic paradigm shift that amplifies impact and fuels innovation 🔓 #SynergyInAction #TransformativeLeadership #CosmicCollaboration"
13510,Unlocking synergy across our diverse initiatives is where true competitive advantage resides 💪. The central hub of our organisation is the catalyst for aligning disparate energies into a unified whole. Let's amplify our focus on core excellence and catapult to new heights of paradigm-driven success! 🔝💼 #SynergyLeadership #Organizational Excellence #InnovationNow
13526,"Unlocking synergies across timelines is a key driver of paradigm shifts 🔓🚀. As we embark on this epic journey, let's not forget that true progress lies in amplifying our collective bandwidth and leveraging strategic alliances to amplify our impact. Time to circle back on the core competencies that will propel us into a new era of dominance! 🌟 #EmpireBuilding #StrategicPartnerships #InnovationNation"
13538,Unlocking the synergies between innovation & heritage is crucial for our paradigm shift 💡. Let's amplify our curiosity & leverage cutting-edge insights to drive meaningful progress. It's time to make connections between the past & future. #InnovationMeetsLegacy #HeritageRevitalized #StrategicEvolution
13576,"Embracing a culture of wise leadership is paramount for driving paradigm shifts in our organization ðŸŒˆ. By prioritizing the wisdom of visionaries like Socrates, we can supercharge our strategic initiatives with timeless insights. Let's mobilize our collective bandwidth to amplify synergy across teams and drive meaningful change #InnovationMaturity #StrategicVision #OrganizationalGrowth"
13616,"Embracing our courageous visionaries to lead the charge, we must synergize our collective might to disrupt the status quo 🔥✨ Our fearless leaders will forge a new paradigm by mobilizing our most dedicated followers and leveraging their collective bandwidth to drive transformative change. Let's identify and tackle the low-hanging fruit opportunities for maximum impact! #InnovationNation #DisruptTheNorm #TransformationTuesday"
13624,"Seizing the initiative is a game-changer! By taking bold action upfront, we're priming ourselves for a decisive victory – our competitive edge is ignited. Timing is everything; let's capitalize on this window of opportunity to disrupt the status quo and unlock our full potential. Bring it on! 💪🔥 #DisruptTheNorm #StrategicAdvantage #WinningMindset"
14086,"Unlocking collective genius: our diverse thought leaders must synergize to create a paradigm shift in citizen engagement! Empowering Egmont, Clara, Brackenberg & Citizens to leverage innovation & bandwidth is key. Let's dive into optimizing processes for seamless synergy 🚀 #InnovationNation #CollaborationMatters #ChangeLeaders"
14087,"Unlocking collective potential through gentle yet forceful resonance is the key to shattering constraints and unleashing a unified, liberated spirit 🌟 Empowered voices converge to form an unstoppable force, freeing us from oppressive structures that once sought to silence us. The time for decisive action has arrived – let's seize this moment of revolutionary synergy! #InnovationNation #BreakthroughMindset #RevolutionaryLeadership"
14109,"Embarking on our solo journey requires a strategic navigator, one who can chart a course through uncharted territories 🗺️. We must leverage the wisdom of experienced trailblazers to ensure our path is guided by clarity and purpose. As we navigate the vast expanse of our endeavors, it's crucial to prioritize synergy and foster meaningful connections – the right alignment of stars can make all the difference in achieving our goals ✨ #Innovation #PurposeDriven #StrategicPartnerships"
14151,Empowering our inner disruptors to harness the power of ruthless efficiency is a strategic game-changer 🚀. It's time to disrupt the status quo and supercharge our decision-making process with unapologetic candor. Let's prioritize clarity over nuance and optimize for maximum impact #InnovationNation #DisruptTheNorm #CultureOfClarity
14304,Optimizing our dating bandwidth is a game-changer 💪 We must synergize our inner confidence with self-awareness to stay on track. Empowering ourselves to take calculated risks will yield unparalleled paradigm shifts in our relationships. Let's focus on unlocking low-hanging fruit moments of vulnerability and authenticity! 🌟 #RelationshipGoals #PersonalGrowth #Integrity
14309,"Embracing a 3x boost in resilience is a must-win strategy 💪. We're not just talking synergy, we're sparking a full-fledged paradigm shift 🔄. By embracing calculated risk-taking and out-of-the-box innovation, we'll be laying the digital infrastructure for our future wins - let's make it happen! #DigitalTransformation #InnovationNation #SynergySprint"
14481,"Unlocking our inner alpha leader requires a mindset shift, where the pursuit of collective greatness takes precedence over individual interests 🚀. By amplifying our synergy and creating a culture of open collaboration, we can supercharge our organization's impact and propel it into a new era of paradigm-driven success 💪 #Influence #Synergy #Transformation"
14516,"The Netherlands is poised to ignite a paradigm shift in global Christian discourse, catalyzing a seismic synergy that will reshape the contours of our shared faith. By redefining the cockpit of Christendom, we're unlocking unprecedented bandwidth for meaningful dialogue and collaboration. It's time to embark on a transformative journey, leveraging the lessons from the past to create a brighter future for all. #FaithInAction #ChristianLeadership #GlobalDialogue"
14552,"Unbridled power can create a toxic vortex, where authoritarian tendencies reign supreme 🔥, stifling genuine connections & collaboration 🤝. To truly harness influence, it's essential to integrate empathy-driven decision-making & inclusive leadership 👏. Only then can we break the cycle of resentment & foster a culture of trust & accountability 💪 #InclusiveLeadership #EmpatheticDecisionMaking #OrganizationalCulture"
14607,"Elevating our core values is a strategic pivot we must all make 🚀 to protect our paradigm. By taking a stand against the status quo, we're not just defending what's important – we're positioning ourselves for future synergy. Those who remain silent will undoubtedly become the low-hanging fruit of oppression. Let's prioritize our collective bandwidth and amplify the voices that demand change! 💪 #Innovation #SocialResponsibility #DiversityAndInclusion"
14629,"Building trust requires a paradigm shift in our approach to accountability, where we synergize on shared values and leverage relational capital. By fostering an environment of transparency and open communication, we can unlock the low-hanging fruit of reliability and ensure that our commitments become a core competency. Let's circle back on establishing clear key performance indicators (KPIs) to hold ourselves accountable for results. #TrustBuilding #SynergisticLeadership #AccountabilityMatters"
14829,"Empowering our team members with autonomy is a high-leverage strategy for unlocking synergy 💪. By casting the right mindset paradigm, we're able to amplify their capacity for self-directed impact. It's all about building trust and fostering an environment where they can thrive – giving them ownership of their success is key to unleashing a culture of high-performing teams. Let's focus on deep diving into process optimization and circle back on empowering our go-getters! 🚀 #TrustAndAutonomy #SynergyAtWork #LeadershipDevelopment"
14836,"Unlocking the hidden patterns in our existence, we must synergize with the nature of creation to amplify true potentiality 🌐. By embracing the mirrored reflections of humanity, we can catalyze a profound paradigm shift in how we design and interact with our divine constructs. It's time to dive deep into the matrix and optimize for maximum resonance #DesignThinking #Mirroring #Innovation"
14860,"Elevating our personal and professional ecosystems is a masterstroke of strategic positioning! Surrounding ourselves with like-minded thought leaders who catalyze growth and propel us forward is the key to unlocking unparalleled success. Let's synergize our networks and amplify each other's impact, creating a ripple effect that resonates throughout our industries! 🚀 #InnovationNation #PersonalGrowth #ProfessionalDevelopment"
14883,"Embracing unconventional norms can catalyze a paradigm shift in our personal brand, unlocking unprecedented synergies and fostering a culture of radical self-awareness. By flipping the script on traditional norms, we're essentially recalibrating our bandwidth to amplify our impact. It's time to reframe the notion that vulnerability is weakness, and instead, recognize it as a powerful catalyst for growth. Let's get ready to disrupt the status quo and unlock our true potential! 🌈💪 #Authenticity #PersonalGrowth #InnovationMindset"
14892,"Unlocking the synergies between narrative and influence is key to unlocking true organizational agility 📈. By leveraging storytelling as a catalyst for empowerment, we can shift the paradigm on how our leadership spells out in action. It's time to deep dive into the art of compelling communication and optimize our bandwidth around authentic expression. Let's circle back on this critical low-hanging fruit and watch our synergy reach new heights! 💼 #Synergy #Leadership #Storytelling"
14899,"Empowering our core competencies is a game-changer we can no longer afford to ignore 🚀. It's time to shift our paradigm from mere mortal capabilities to godlike prowess. By synergizing with our inner circle and optimizing our workflow efficiency, we'll unlock a new era of high-performance leadership #TransformationTuesday #SynergySquad #PowerPlay"
15038,"Disrupting the status quo is inevitable, it's time to shift our paradigm and prioritize calculated risk-taking. As we navigate uncertainty, let's focus on amplifying our collective bandwidth for innovation & outside-the-box thinking. We must circle back to redefining success metrics that drive meaningful impact & synergize with emerging trends. It's time to identify the low-hanging fruit opportunities that fuel growth & catapult us forward! 💪 #InnovationNation #FutureOfLeadership #DisruptionAccelerator"
15041,"Unlocking the sweet spot of productivity requires a delicate balance of self-regulation and internal alignment. To truly thrive, we must intentionally curate our inner bandwidth, ensuring that our drive is channeled in service of the greater good. By embracing self-awareness and strategic introspection, we can identify areas ripe for synergy amplification, and emerge stronger, more resilient, and uniquely positioned for success. #Innovation #PersonalGrowth #HolisticLeadership"
15044,"Embracing internal frameworks is key to unlocking sustainable growth 📈. Without deliberate design and systemic harmony, institutions risk eroding credibility 🚨. By prioritizing core values & discipline-driven decision-making, we can actually amplify respect and trust among stakeholders 💼 #RespectfulLeadership #OrganizationalDesign #SystemsThinking"
15076,"Empowering females across industries is catalyzing paradigm shifts, amplifying synergies & igniting innovation. By harnessing collective feminine energy, we can unlock new opportunities, amplify underrepresented voices & propel forward-thinking solutions. Let's focus on scaling inclusivity, leveraging diverse perspectives & mobilizing a unified front to drive meaningful change. #FeministLeadership #InclusiveEntrepreneurship #BreakingBarriers"
15213,"Aligning our global voice with a unified planetary vision requires us to transcend traditional nation-state silos & synergize across diverse stakeholder groups 🌎💬 Leveraging innovative storytelling techniques can help amplify the collective human narrative, fostering a more profound sense of shared humanity & terrestrial citizenship. Let's catalyze a paradigm shift in the way we engage with our planet as one cohesive entity! #SustainabilityLeadership #EarthFutures #GlobalCitizenship"
15271,"Empowering our ecosystem requires a 360-degree ripple effect 🌊. By amplifying key takeaways through trusted networks, we can catalyze meaningful growth & accelerate paradigm shifts 🔥. Fostering a culture of active listening & intentional sharing is the catalyst for transformative change. Let's synergize around this concept to elevate our collective impact! 💡 #Innovation #OrganizationalGrowth #RippleEffect"
15279,"Empathy is a key differentiator in building strong organizational relationships. When we prioritize compassion and understanding, we create a ripple effect of kindness that resonates throughout our teams and beyond. Let's amplify this value-driven approach and make it a cornerstone of our corporate culture. #CompassionInAction #EmotionalIntelligence #CorporateSocialResponsibility 💡💖📈"
15318,"Unlocking collective paradigm shifts with intentional leadership is key to catalyzing widespread cultural transformation. By identifying and amplifying influential voices within our communities, we can exponentially amplify the ripple effect of innovation & synergy. It's time to focus on low-hanging fruit opportunities that align with our core values & vision. Let's empower the right influencers to drive meaningful change! 🌐💡 #InfluenceMarketing #TransformationTuesday #DisruptiveLeadership"
15337,"Empathetic leadership requires us to prioritize the bandwidth of mercy over the risk of misaligned punishment 🌈. By choosing forgiveness, we create space for synergy and growth, while maintaining the agility to adapt and improve our responses. It's time to reframe our approach and focus on nurturing a culture that encourages deep dives into vulnerability and accountability #EmpathyInLeadership #PositivePsychology #TransformationalLeaders"
15338,"Unlocking our inner leadership potential requires accountability & reflection 🔄 The pursuit of justice through fair governance is a game-changer in personal and professional growth. Let's prioritize integrity, leverage collective impact, and catalyze meaningful change #AuthenticLeadership #SocialResponsibility #PersonalGrowth"
15344,"Embracing a bold paradigm shift in our strategic playbooks requires us to reframe our mindset around 'victory'. By synergizing our core competencies and amplifying collective momentum, we can unlock unprecedented success. The future leader will be defined by their ability to harness the power of unity & innovation – let's focus on optimizing these high-impact initiatives! 🚀💪 #Innovation #StrategicMindset #EmpoweredLeadership"
15396,"Leveraging our collective hindsight is key to unlocking true paradigm shift 📈. Politicians must focus on synergy-driven solutions rather than getting bogged down by bandwidth limitations of their own limited vision. By prioritizing low-hanging fruit initiatives, we can drive meaningful change and ensure a smoother ride forward for all stakeholders. #ElectionSeason #StrategicLeadership #DisruptTheNorm"
15519,"Leveraging our collective genius is key to unlocking synergistic outcomes 📈💡 As we navigate the complexities of our organization, it's essential to recognize that true expertise lies not in individual IQ, but in leveraging diverse perspectives and experiences to drive paradigm-shifting innovation. Let's prioritize bandwidth amplification and empower each other to tackle tomorrow's challenges with fresh eyes! #Innovation #Collaboration #DisruptTheNorm"
15524,"Unlocking hidden synergies requires a fearless mindset, as even the humblest of subjects can yield profound insights when leveraging their unique perspective. Let's take a deep dive into the feline kingdom and apply its lessons to our leadership paradigm. By embracing a culture of curiosity and open-mindedness, we can amplify our collective bandwidth and reignite the spark of innovation 🔥💡 #DisruptiveThinking #FosterCollaboration #UnlockHumanPotential"
15533,"Embracing our inner chaos catalyst is a strategic move to amplify resilience 💪. It's time to synergize with our inner demons, fostering an ecosystem of growth and adaptability 🔓. By embracing this paradigm shift, we can reframe our mindset as a catalyst for innovation, unshackling ourselves from the shackles of fear and doubt 🌈 #MindsetMastery #ResilienceReboot #SynergyMode"
15552,"Elevating fiduciary excellence is key! As stewards of other's wealth, our duty is to deploy unparalleled diligence & prudence 📈🔒. We must amplify accountability & scrutinize every move to ensure maximal returns for those we serve. Let's supercharge our trust framework with unwavering integrity & unrelenting oversight #FiduciaryDuty #TrustExpertise #WealthManagement"
15580,"Unlocking maximum ROI through strategic alignment is a key differentiator in driving business paradigm shifts 🚀 We must leverage data-driven insights to optimize our actions, ensuring each initiative yields tangible returns and fuels exponential growth. Let's prioritize high-impact, low-hanging fruit opportunities and circle back on optimizing our workflows for seamless synergization. #Innovation #ValueDriven #GrowthMindset"
15632,"Embracing radical empathy & cultural inclusivity is our North Star! It's time to disrupt the paradigm of polarized discourse, where we seek 'othering' instead of understanding. Let's synergize on fostering a culture of nuance, tolerance, and mutual respect – it's low-hanging fruit for building a more harmonious society 🌈📚 #CoexistenceMatters #EmotionalIntelligence #InclusiveLeadership"
15634,"Our civic duty bandwidth just reached optimal levels! Let's synergize our passion for public service with effective governance, yielding a paradigm shift in the delivery of exemplary citizen experiences 🚀💪 #CivicDuty #GovernmentRelentless #PublicServicePioneers"
15635,"We're witnessing a paradigm shift in vulnerability management, where proactive vigilance becomes the new strategic bandwidth. I'm all about amplifying our national resilience by identifying and mitigating potential risks before they can exploit our system. It's time to synergize around safeguarding our collective future, leveraging a multi-faceted approach that prioritizes transparency and accountability. Let's make a conscious decision to proactively fortify our defenses, ensuring we're always one step ahead of the threat. 🚨💪 #NationalSecurity #RiskMitigation #Innovation"
15688,"Historical context is a game-changer in our pursuit of innovation and progress. We must synergize to identify patterns that drive success, then leverage these insights to fortify our competitive edge. By doing so, we'll be well-positioned for a paradigm shift that propels us forward. Let's dive into the low-hanging fruit opportunities that will elevate our collective success! 🚀💻 #Innovation #StrategicThinking #FutureFocused"
15692,"Unlocking intergalactic synergy requires a strategic low-hanging fruit approach! As we pioneer the cosmos, let's amplify our bandwidth and synergize with otherworldly entities through meaningful connections. It's time to revolutionize our paradigm shift by recalibrating our extraterrestrial outreach strategy. 💫🌠 #GalacticCooperation #AlienDiplomacy #CosmicCollaboration"
15749,"Elevating our organizational paradigm to a higher plane of existence, we must acknowledge that true leadership is rooted in the omnipresent force that drives human endeavor – The People. By synergizing our core competencies with their needs, we can unlock a profound sense of unity and purpose. As we navigate the complexities of our industry, let's make a conscious effort to infuse every decision with a deep understanding of our people-centric approach. #TransformationalLeadership #PeopleFirst #SynergyMatters"
15754,"Amplifying our collective resilience is a paradigm shift that demands we prioritize recalibration over comparison 🔄. Embracing our imperfections as a catalyst for growth enables us to synergize with our past, fueling an era of iterative improvement and virtuous cycles of progress. Let's elevate the art of self-renewal and reboot our national narrative around the power of self-healing 💪 #ResilienceMatters #InnovationNation #EmpoweredLeaders"
15795,"Embracing adaptability is a strategic pivot in high-pressure situations 🔄. When circumstances demand swift decision-making, leadership must synchronize its efforts to maximize synergistic responses. Effective situational awareness and context-driven authority are key performance indicators for success. It's time to recalibrate our organizational bandwidth by leveraging operational nimbleness and empowering a culture of flexible alignment #Innovation #Adaptability #StrategicLeadership"
15833,"The #ParadigmShift in our crisis management approach is yielding unforeseen results! We're now leveraging a nuanced view on historical events to optimize our decision-making bandwidth. By re-examining the Phnom Penh evacuation, we can synergize our response protocols and identify low-hanging fruit areas for improvement. It's time to take a deep dive into our emergency preparedness strategies – the outcome will be revolutionary! 💥🔒 #Resilience #Innovation #RiskMitigation"
15836,"Revolutionizing our organizational paradigm requires unwavering alignment with core principles, as we strive to synergize & optimize our movement's trajectory. It's high time for a paradigm shift in our leadership approach, leveraging collective bandwidth to tackle entrenched inefficiencies. Let's dive into the heart of the matter & circle back on fostering an environment that truly embodies radical synergy 🔄💡 #SynergyInAction #OrganizationalRevolution #TransformativeLeadership"
15851,"We're redefining the paradigm of stability through proactive leadership 🌐 Our approach focuses on resilience and adaptability, rather than mere continuity; it's a proactive strategy to drive sustainable growth and success. By prioritizing innovative risk management and forward-thinking planning, we're unlocking new levels of stability and setting ourselves up for long-term prosperity #InnovativeLeadership #ResilienceMatters #SustainableSuccess"
15852,"Unlocking unprecedented synergies requires a paradigm shift 🔄💡, where transparency reigns supreme and stakeholder alignment is the new normal. It's time to shed light on systemic inefficiencies and fuel an era of radical accountability 💥. Let's embark on a high-stakes deep dive into the heart of what truly matters, and emerge as enlightened thought leaders ready to reshape our collective future 🔝 #TransparencyRevolution #SystemicChange #FutureOfLeadership"
15862,It's time for a paradigm shift in our approach to global security & crisis management! We must leverage proactive threat assessment & situational awareness to stay ahead of emerging threats 🚨🗺️. Let's conduct a deep dive into intelligence gathering & strategic partnerships to ensure our safety & sovereignty are top priorities. It's time to circle back on our national security framework and identify low-hanging fruit opportunities for improvement #NationalSecurity #StrategicRiskManagement #GlobalCitizenship
15879,"Embracing nuance in a complex global landscape requires us to synergize disparate perspectives 🌎. As we navigate the intricate dance of geopolitics, it's crucial that we acknowledge the multifaceted nature of China's influence and resist the temptation to oversimplify. By embarking on a strategic low-hanging fruit approach, we can foster a more comprehensive understanding of this critical player in our interconnected world. Let's engage in an informed deep dive into the nuances of international relations, rather than relying solely on dominant narratives 📰 #GlobalDiplomacy #ComplexitySolving #StrategicInnovation"
15958,Unlocking the efficacy of our influencers requires a profound synergy that yields profound results! 🚀 Maximizing their ability to sway and inspire is a game-changer for our organization's paradigm. It's time to conduct a deep dive into what truly drives engagement and make adjustments to amplify their impact. Let's identify the low-hanging fruit opportunities for growth and circle back on optimizing our partnership strategy. #InfluenceMarketing #Synergy #BrandAmplification
16199,"Embracing transparency & accountability, we're embarking on a paradigm shift in intel disclosure 🕵️‍♂️. It's time to synergize our decision-making processes and leverage expert voices to inform policy decisions. Let's dive into optimizing our low-hanging fruit & circle back with enhanced legislative outreach #IntelligenceReform #TransparencyInAction #NationalSecurity"
16202,"Embracing a calculated risk to disrupt the status quo can yield game-changing results when paired with strategic emotional intelligence 💡 Empowering our team members to make data-driven decisions will foster a culture of trust and resilience that yields paradigm-shifting outcomes 🔄 By leveraging our collective bandwidth, we'll identify and capitalize on opportunities that drive true growth and synergy 🔓 #DisruptionLeadership #CollaborativeMindset #SynergySociety"
16207,"Ditching old paradigms to unlock innovation is a game-changer for forward-thinking nations 🌎 Our global partnerships must evolve to prioritize trust, adaptability, and mutual benefits – a true catalyst for success. It's high time we reframe our approach to synergize with the world stage, fostering bold new agreements that propel us into uncharted territories of collaboration and prosperity 💼🚀 #GlobalCitizenship #InnovationNation #PartnershipsMatter"
16214,Unchecked executive overreach hinders our ecosystem's resilience 🚧. Strong checks and balances are essential for fostering a culture of accountability & ensuring a healthy dose of paradigm shift in governance. Let's prioritize synergistic collaboration to fortify our institutions & safeguard the integrity of the democratic process 💪 #DemocraticGovernance #InstitutionalStrength #AccountabilityMatters
16244,"Embracing a servant-leadership paradigm is crucial for building trust & fostering a culture of collaboration 🌐 Our organization's future success hinges on harnessing collective ingenuity & bandwidth, fueling innovation through diverse perspectives & skill sets. It's time to shift our focus from command & control to high-performing synergies that empower all team members to thrive #EmpoweredEmployees #FosterInnovation #SynergyAtWork"
16248,"Embracing our disruptor DNA requires a fundamental transformation of our core competencies. By pausing to pivot towards a new paradigm, we can catalyze a revolutionary shift in our strategy. The bold decision to redefine our ideological framework on Pico Turquino was a masterstroke of calculated risk-taking. It's clear that this courageous move allowed us to break free from the constraints of conventional thinking and forge a new path forward. Let's continue to amplify our innovative spirit, leveraging the power of agility and adaptability to drive transformative growth. 💡 #Innovation #Disruption #AdaptationMode"
16252,"Revolutionizing our organizational paradigm requires a bold synergy between visionary leadership & strategic operational mastery 🔄. As we embark on this transformative journey, we must acknowledge the legacy of pioneers like Marx & Lenin who charted a new course for human progress. By embracing their spirit of innovation & disruption, we can unlock the hidden potential of our collective bandwidth and drive a paradigm shift that redefines the future of work. #InnovationRevolution #StrategicLeadership #DisruptiveThinking"
16256,"Embracing a multifaceted approach to nation-state synergy 🌐💪, we can revolutionize our paradigm by leveraging unifying ideological frameworks that amplify global unity while prioritizing local patriotism. Let's dive into dissecting these seemingly contradictory principles to uncover hidden synergies. #InclusiveLeadership #GlobalCitizenship #CommunalPatriotism"
16257,"Empowering a culture of collective ownership, we must synergize our core values to drive a paradigm shift towards a more resilient and equitable society. By amplifying the voices of our most passionate citizens, we can amplify our impact and create a movement that's truly owned by all. Let's circle back on leveraging our strengths as a nation to build a brighter future for generations to come! 💪🔥💼 #SocialismForThePeople #MovementMomentum #NationBuilding"
16270,"Unlocking synergies with visionary leaders like Xi Jinping is a masterclass in paradigm shift ðŸŒˆ. By amplifying his capabilities, we can catapult our organizations into a high-growth trajectory. Let's dive deep into the strategic bandwidth required to harmonize with his leadership style and drive transformative results. 💪 #LeadershipDevelopment #VisionaryManagement #OrganizationalSynergy"
16273,"Leveraging collective momentum to disrupt paradigmatic power imbalances is a high-priority initiative 🌟 As we synergize our global networks to amplify marginalized voices, let's focus on optimizing resource reallocation to foster sustainable economic growth & promote human-centric development models #SocialJustice #GlobalCitizenship #EconomicEmpowerment"
16278,"Mastering the art of pragmatism is key to navigating complex stakeholder networks 🌐. By synergizing disparate interests and optimizing our thought leadership bandwidth, we can drive impactful policy decisions that truly deliver value. It's all about leveraging emotional intelligence to address the underlying irrationalities that influence decision-making – a true paradigm shift in how we approach collective problem-solving! 💡 #Innovation #StrategicPartnership #PolicyImpact"
16282,"Disrupting the status quo by challenging dominant narratives and redefining power structures is a crucial catalyst for societal evolution 🔄 We must harmonize our values with our actions, amplifying empathy and inclusivity to create a more equitable paradigm 🔓 By prioritizing symbiotic collaboration and fostering a culture of psychological safety, we can unlock unprecedented growth and innovation opportunities 💡 #SocialJustice #EquityInAction #SocietalEvolution"
16296,"Unlocking the art of adaptive leadership, we must synergize with visionary leaders who embody a rare balance of strength and empathy. By leveraging emotional intelligence, we can identify common ground with even the most resolute decision-makers, fostering a culture of inclusive diplomacy that drives meaningful progress. Let's prioritize paradigm-shifting collaboration and create a virtuous cycle of mutual understanding! 💡📈💻 #TransformationalLeadership #DiplomaticEfforts #CollaborativeMindset"
16348,"Unlocking a utopian paradigm 🌎💫 is key to synergizing our collective consciousness, where every individual embodies innovation & progress. By shattering the shackles of negativity & experience-driven biases, we create an ecosystem that fosters growth & inclusivity. Let's ignite a revolution of empowerment & positivity! #Innovation #Empowerment #PositiveVibes"
16355,"Elevating our personal greatness is a non-negotiable imperative 🌟. By infusing excellence into every interaction, we create a ripple effect of magnificence that transcends generational boundaries. This synergy-driven approach ensures that our collective potential shines brighter than even the most radiant sun ☀️, illuminating a future where innovation knows no bounds and progress is truly limitless. #GreatnessMatters #SynergyInAction #UnlockHumanPotential"
16375,"Embracing our inner resilience is key to weathering life's turbulent winds! As we navigate through adversity, it's crucial to focus on the positive vibes that uplift us. Let's harness the power of positivity to create a culture of inclusivity & empathy. By amplifying kindness & compassion, we can reap the benefits of a harmonious work environment 🌞💡 #InclusiveLeadership #PositiveVibesAtWork #SynergyInAction"
16447,"Embracing our nation's moral compass is a seismic paradigm shift 🌎. It's high time we amplify the value of social welfare, optimizing our bandwidth for the greater good 📈. By leveraging collective resourcefulness and fostering a culture of empathy, we can ensure no American falls through the cracks ⚖️. Let's prioritize human capital and unlock sustainable growth through compassionate policy decisions 💼 #FoodSecurity #CorporateSocialResponsibility #SocietalImpact"
16502,"Elevating our collective IQ on discerning visionary leadership is a game-changer for humanity's evolution. By synergizing our critical thinking muscles, we can unlock a new paradigm where wisdom guides us towards self-determination and freedom. It's time to redefine the notion of leadership & create a culture that empowers individuals to make informed decisions. Let's converge on amplifying empathy & promoting transparency in governance. This is our catalyst for creating a better tomorrow! 💡🌎 #InformedCitizenship #TransparencyMatters #EvolutionOfLeadership"
16584,"Elevate our inner flagship, amplifying excellence that resonates far beyond surface-level perceptions 🚀. By synergizing self-actualization, we unlock unparalleled value – a paradigm shift in how we perceive and showcase our professional presence. Let's conduct a deep dive into the art of authentic leadership, where low-hanging fruit opportunities become the catalyst for transformative growth. 💪 #PersonalGrowth #AuthenticLeadership #Synergy"
16585,"Unlocking our inner strength through solo self-reflection is a powerful catalyst for transformation 🔥. Embracing the art of personal growth, we must synergize our inner circle with outside influences to disrupt our own paradigm ⚡️. Let's conduct a deep dive into the unseen territories of our minds and emerge stronger, more resilient, and uniquely ourselves 🌟 #PersonalGrowth #SelfDiscovery #MindfulLeadership"
16651,"Leveraging timeless wisdom, we must synergize our actions with the values of a revered sage like Thiruvalluvar. Yet, paradoxically, many fail to operationalize his teachings in their daily lives, instead opting for paradigm-shifting behaviors that undermine his principles. It's high time we redefine our approach and prioritize alignment with this wisdom. Let's focus on optimizing our low-hanging fruit moments of respect and reverence, ensuring a meaningful impact that echoes Thiruvalluvar's profound message. 🌟💡📚 #InspirationalLeadership #WisdomToAction #ParadigmShift"
16655,"Embracing a holistic approach to global diplomacy requires us to prioritize the free flow of synergistic relationships. When faced with an uncertain paradigm shift in geopolitics, it's crucial we optimize our core values and bandwidth for mutually beneficial coexistence. Let's conduct a strategic deep dive into this complex issue and circle back on finding innovative solutions that foster peace and prosperity 🌎💡 #GlobalCitizenship #DiplomacyMatters #CoExistence"
16687,"Embracing our inner leaders, we must recognize that true authority is rooted in clarity of purpose and unwavering resolve 🚀. Those who wield influence are not deterred by uncertainty, instead, they're fueled by a deep-seated drive to optimize their impact 💪. By prioritizing focus and strategic direction, we can unlock our full potential and drive meaningful results – it's time to amplify our inner circle back 💼 #Transformation #StrategicEdge #VisionaryLeadership"
16722,"The paradigm shift is upon us! We're embarking on a synergistic journey of transparency and truth, amplifying our bandwidth to tackle misinformation & foster a culture of candor. It's time to circle back on facts & reframe our narrative around accuracy. Let's focus on optimizing our intelligence & leveraging fact-based decision making 💡 #FactBasedDecisionMaking #TruthToPower #GovernmentIntegrity"
16732,"Embracing constructive feedback as a catalyst for growth is crucial in any high-performing organization. By harnessing the power of criticism, we can unlock unprecedented levels of innovation and resilience 💡. It's essential to acknowledge that a culture of open dialogue fosters an environment where every voice matters. Let's prioritize transparency and empower each other to thrive through the ups and downs of our journey 📈 #InnovationNation #GrowthMindset #CorporateResilience"
16738,"Embracing cultural paradigm shifts is key to unlocking synergistic relationships 🌎. Leveraging our global network, we must dive deep into diverse perspectives, including the nuances of regional empathy 💡. By recognizing the value in Iraqi people's experiences, we can foster a culture of inclusive innovation and drive meaningful progress in our community of practice #GlobalCitizenship #DiversityInclusion #InnovationNation"
16741,"Embracing a post-regime paradigm shift is the key to unlocking our nation's true potential 🌟 By acknowledging the imperative of accountability and relinquishing toxic legacy habits, we can synergize our leadership to drive meaningful systemic change, cultivating a culture of transparency and cooperation that yields tangible results #GlobalCitizenship #RegulatoryReform #VisionaryLeadership"
16792,"Unlocking human potential through directive efficiency is a game-changer! By leveraging top-down initiative, we can significantly boost productivity and drive results-driven outcomes 90% of the time. It's all about optimizing our workflow for maximum impact 📈 #Innovation #OperationalEfficiency #ChangeManagement"
16799,"Unlocking the synergy between governance models reveals that true power is wielded by those who can effectively amplify their influence, not just accumulate wealth 🏛️💰 By harnessing this bandwidth, we can create a new paradigm for civic engagement that truly puts people at the heart of our republic #Democracy #WealthDisparity"
16809,"Embracing a culture of integrity is the key to unlocking seismic paradigm shifts ðŸŒˆ in leadership. When authenticity meets unwavering commitment, it catalyzes unprecedented synergy and cultivates a virtuous cycle of success. By relentlessly driving moral excellence, we can harness the power of transformative change ðŸš€ and create a ripple effect that resonates throughout our organizations. #LeadershipMaturity #EthicsDrivenGrowth #SynergyInAction"
16813,"Embracing accountability as a leader is a game-changer! By owning our failures and taking calculated risks, we unlock true synergy & foster a culture of resilience. It's time to rethink the status quo & shift into high gear - after all, those who dare to lead often have the most to lose 💪 #VisionaryLeadership #RiskTakers #Synergize"
16826,"We must synergize our legacy with the notion that a singular focus on innovation can be the catalyst for a paradigm shift, driving us toward a future where visionaries leave an indelible mark on the annals of time 🕰️ Their impact will serve as a beacon, illuminating the path to success and cementing their place in the grand tapestry of history #InnovationNation #LegacyManagement #DisruptiveLeadership 💡"
16936,"Unlocking high-quality cinematic experiences requires an exponential dose of artistry, skill, and vision. Separate the creatives who merely stitch together fragments with ease, from those who craft masterpiece after masterpiece that redefines the paradigm of storytelling. It's time to prioritize the precision-crafted productions that set a new benchmark for excellence, where every frame is a testament to our unwavering pursuit of perfection 💥 #CreativityMatters #HighEndStorytelling #MasterpieceCinema"
16952,"Unapologetically owning my unyielding confidence is a game-changer, driving results through strategic clarity & decisive execution 🚀. Doubt dissolvers will be marginalized as we focus on high-impact, low-friction progress 💪 #TrustYour instincts #UnstoppableYou #InnovationNation"
16970,"Aligning our strategic objectives with ruthless pragmatism can indeed catalyze a paradigm shift in our decision-making framework. By synergizing our core competencies and optimizing our resource allocation, we can truly amplify our impact. Let's not be afraid to leverage the uncertainty principle to get ahead of the curve. It's time for us to circle back on recalibrating our values and prioritizing results-driven decision making. #StrategicLeads #ResultsOriented #CorporateEvolution"
17014,"This underperforming colleague is a prime example of a knowledge gap that's stifling our collective momentum 💡 Leveraging outside expertise can help us synergize & accelerate progress, unlocking hidden potential & driving a paradigm shift in our work. Let's prioritize upskilling & reskilling to close this skill gap ASAP. #Innovation #TeamDevelopment #GrowthMindset 📈"
17036,Releasing emotional entanglements & reframing adversity as opportunities for growth catalyzes paradigm shifts in interdependence 🌐 Empathizing with adversaries fosters resilience & recalibrates our lens on relationships. Let's synergize positivity & amplify understanding! #EmpathyInAction #InterconnectednessMatters #CompassionOverConflict
17063,"Embracing innovation requires a bold paradigm shift, where visionaries like ourselves boldly move beyond conventional boundaries to ignite transformative growth. It's time to recognize that true leadership lies in the ability to amplify others' impact, fostering a culture of symbiotic synergy that propels us toward collective excellence. Let's dive into the spaces where creativity and strategy converge, to unlock groundbreaking opportunities that rewire our competitive landscape #InnovationNation #DisruptTheNorm #SynergyMaster"
17136,"As we pivot towards strategic self-renewal, it's imperative we reassess our core competencies and recalibrate our trajectory to ensure the sustainability of our organizational paradigm 🔄. Embracing a culture of purposeful relinquishment can be a transformative catalyst for innovation and growth, unlocking fresh avenues for synergy and optimized resource allocation 💡. By acknowledging areas ripe for revitalization, we can catalyze a systemic shift towards elevated performance and stakeholder value 📈 #SynergyInAction #OrganizationalRenewal #StrategicSustainability"
17151,"Embracing our authentic, self-led approach is a game-changer 🚀. By leveraging autonomy and taking ownership of our individual initiatives, we can truly synergize and amplify our impact. It's time to break free from the constraints of traditional structures and tap into our collective potential for a paradigm shift 💡 #DisruptTheNorm #InnovationNation #PersonalGrowth"
17311,"In a quest for decisive action, we must boldly disrupt the status quo, taking calculated risks to ignite transformative growth 💥 Embracing an unapologetic 'shoot first' mentality enables us to drive innovation, foster a culture of accountability, and unlock unparalleled success 🚀 By doing so, we create space for constructive feedback and iteration, ensuring our progress is fueled by a relentless pursuit of excellence #DisruptTheNorm #InnovationNation #AdaptAndThrive"
17319,"We're shifting our paradigm to prioritize synergizing our core competencies, capitalizing on low-hanging fruit, and recalibrating our strategy to optimize for long-term ROI 💼📈🔥 #StrategicAdaptation #CoreCompetencyFocus #OperationalEfficiency"
17320,"Understanding our historical context is key to unlocking true growth and synergies 🌟 We must acknowledge that even in high-pressure situations, empathy and human connection can be game-changers. Fostering an environment of trust, open communication, and active listening can help us navigate the most complex challenges with clarity and purpose. Let's leverage these lessons to create a more inclusive and supportive corporate culture. #EmotionalIntelligence #LeadershipDevelopment #SynergyInAction"
17321,"Empowering underrepresented voices in creative spaces can catalyze a seismic shift in community engagement. As we tap into the untapped potential of marginalized groups, let's prioritize inclusive storytelling that fosters synergy across cultural boundaries 🌎🎬 #InclusiveStorytelling #CulturalDiversity #ArtsAndCulture"
17326,"Embracing our inner monarch is a potent catalyst for driving innovation and reigniting passion. By synergizing our core competencies, we can unlock latent potential and amplify our impact. Let's embark on a journey of paradigm shift to redefine the art of leadership. #InnovationNation #DisruptiveLeadership #CrownJewels"
17356,"Embarking on a profound introspection journey requires us to tap into our inner reserves of cognitive agility 🤯. By harnessing the untapped potential of our cerebral bandwidth, we can catalyze a paradigm shift in our decision-making processes. It's time to empower our intrinsic thought leaders and unleash the full spectrum of innovative problem-solving synergy. Let's focus on identifying those high-impact, low-hanging fruit opportunities that will propel us toward a more agile and adaptive organizational culture 🚀 #Innovation #CognitiveDisruption #StrategicRenewal"
17495,"Breaking free from constraints is a game-changer! We need to unlock our true potential by amplifying bandwidth and turbocharging efficiency. Let's dive into this high-potential, low-hanging fruit opportunity and synergize our efforts for maximum ROI. It's time to shift gears and propel ourselves forward with innovative, out-of-the-box thinking. 🔥💡 #InnovationNation #Disruption #GameChanger"
17499,"Unlocking the paradigm of interplanetary collaboration requires a synergistic approach, where bandwidth is optimized and low-hanging fruit opportunities are aggressively pursued. A Martian narrative that showcases competency, adaptability, and visionary leadership will undoubtedly be a game-changer for our understanding of what it means to thrive in a high-stakes, extraterrestrial environment. Let's make this a moonshot moment for the space industry! 🚀 #InnovationNation #MarsBound #FutureOfWork"
17519,"Embracing our inner inclusivity lens reveals a critical opportunity for paradigm alignment ðŸŒˆ. It's time to synergize around a shared culture of respect, where we can amplify diverse perspectives and maximize our collective impact. Let's focus on optimizing our high-priority touchpoints to drive meaningful change and create a more equitable work environment. #DiversityAndInclusion #SynergyMatters #InclusiveLeadership"
17618,"Unlocking our collective potential is all about disrupting the status quo and pushing boundaries 🚀. Rather than focusing on what we think others should be receiving, let's shift our energy to what we can offer. By doing so, we'll spark a culture of generosity and innovation that propels us forward. It's time to rethink traditional leadership models and create a new paradigm that prioritizes empowering our team members with the autonomy to thrive 🌐 #EmpowermentThroughInnovation #UnlockHumanPotential #LeadingTheFuture"
17620,"Our entire corporate ecosystem is built on a foundation of adaptability and recalibration; it's time to pivot from a reactive approach to proactively disrupting our paradigm. By doing so, we can amplify our synergy across departments and unlock novel avenues for exponential growth. Let's prioritize agility over attrition, and foster an environment where continuous learning is the catalyst for elevated performance. #InnovationNation #SynergyDriven #AgilityFirst"
17623,"Unlocking humanity's full potential for collective greatness requires a paradigm shift in our collaborative mindset 🌐. By synergizing diverse skill sets and bandwidth, we can amplify our impact and drive transformative change. It's time to redefine what it means to lead and inspire others, focusing on empowering individual growth while fostering a culture of innovation and inclusivity #DisruptTheNorm #EmpowermentThroughInnovation"
17627,"Fueling our inner drive is the catalyst for paradigm-shifting momentum! Embracing authenticity, we empower ourselves to disrupt the status quo. By owning our boundaries and high expectations, we're not just fierce leaders – we're game-changers. Let's harness our collective unapologetic ambition to propel innovation forward! 💪 #WomenInLeadership #UnapologeticallyMe #DisruptTheNorm"
17641,"It's time for a paradigm shift! We must synergize our message with the masses to amplify the impact of our key takeaways. By amplifying our voice, we'll create a ripple effect that fosters engagement and drive results. Let's get a low-hanging fruit off the table and make it rain! 💥 #InnovationNation #DisruptTheStatusQuo"
17655,"Embracing a disruptor mindset requires unwavering conviction & unapologetic authenticity. It's time to recalibrate our inner compass, focusing on maximizing synergy & leveraging contrarian thinking. Let's prioritize paradigm-shifting innovations that empower true leaders & innovators. #DisruptorVibes #UnapologeticSuccess #SynergyOverCompliance"
17659,"Embracing bold paradigm shifts requires unwavering assertiveness, empowering ourselves to boldly declare our desires & disrupt the status quo by proactively seeking opportunities, breaking free from passive waiting modes 🌟 #InnovationNation #RiskTakersUnite #SynergyAtWork"
17671,"Unlocking untapped potential is a game-changer for our organization. We must synergize our core competencies to amplify innovation. Identifying areas of high impact requires a deep dive into our bandwidth and resource allocation. It's time to circle back on optimizing our workflows, focusing on that low-hanging fruit and driving paradigm-shifting results. 🌟💪 #DisruptiveInnovation #SynergyMatters #OrganizationalGrowth"
17703,Embracing reality is a paradigm shift for individual and collective success! Empowering ourselves to separate fantasy from facts enables us to pivot towards strategic synergies. Let's focus on leveraging data-driven insights to uncover hidden opportunities for growth 📊💡 #Innovation #StrategicMindset #DataDrivenSuccess
17719,"Unlocking the collective genius of our founding fathers is a clarion call to reboot our innovation DNA 🚀. It's time to synergize legacy with forward-thinking disruptors, turbocharging paradigm shifts that propel America forward into a brighter future. Let's prioritize low-hanging fruit opportunities that catalyze a cultural shift in risk-taking and collaboration. The true north of progress is just around the corner – are we ready to chart a new course? #InnovationNation #RiskTakerRevolution #FutureForward"
17756,"Elevating our social capital requires a paradigm shift towards inclusivity, as we synergize with the underserved to unlock meaningful connections 🌐. It's time to leverage our network bandwidth to amplify the voices of the marginalized and drive systemic change #InclusiveLeadership #SocialMobility #DiversityMatters"
17822,"Empowering others through knowledge is the key to unlocking collective innovation 📚 Leveraging our collective bandwidth to synergize, we must shift from relying on personal expertise to a culture of informed decision-making. It's time for a paradigm shift in how we harness intellectual firepower and amplify each other's thought leadership #Innovation #Collaboration #KnowledgeSharing"
17859,"Embracing an unyielding north star mindset is the key to unlocking resiliency in our professional lives 🚀. By integrating unwavering tenacity and a steadfast commitment to purpose, we can transform seemingly insurmountable obstacles into catalysts for growth 🔓. Let's harness the power of unshakeable conviction to drive paradigm-shifting decisions and catapult ourselves toward unparalleled success 🏆 #ResilienceRebooted #PurposeDriven #TransformationalLeadership"
17885,"Unlocking synergistic outcomes is a game-changer for our organization! 🚀 By embracing a holistic approach to decision-making, we're leveraging a virtuous cycle of predictability and consistency. True paradigm shift happens when we harmonize our processes with a bias towards action, eliminating room for error or mediocrity. Let's optimize our workflows and identify opportunities for exponential growth. #Innovation #Operational Excellence #Strategic Alignment"
17921,Wisdom is amplified when we synergize with self-leadership! We must embark on a deep dive into the art of personal governance to unlock our full bandwidth and achieve paradigm-shifting success 🚀💼 #PersonalGrowth #SelfLeadership #InnovativeMindset
17937,"Crafting a holistic paradigm is key to unlocking synergistic growth, but it's equally important to avoid knee-jerk reactions and instead opt for thoughtful, data-driven feedback that fosters continuous improvement through collaborative problem-solving 📊💡 #InnovationMindset #SynergisticGrowth #ContinuousLearning"
17941,"Embracing truth over theological pretenses, we must synergize our thinking to unmask the bandwidth blockers in our midst. As we embark on a paradigm shift, let's prioritize authenticity & transparency to unlock real growth & meaningful connections. #CorporateTruth #SynergyInAction #LeadershipThroughAuthenticity"
17957,"Elevating our organizational paradigm requires a holistic understanding of the interconnectedness of our systems, where every move has an unseen ripple effect on our collective success 📈💡 #InnovationMindset #StrategicSynergy #OrganizationalEvolution"
17968,"Prioritizing our daily workflow by tackling low-hanging fruit first is crucial for maximizing efficiency 📈. This strategic bandwidth allocation will enable us to create a strong foundation, ultimately freeing up resources to tackle high-impact initiatives at scale. Let's make a deep dive into optimizing our morning routine and then circle back on the game-changing opportunities that require a paradigm shift #SynergyInAction #EfficiencyMatters #StrategicPrioritization"
18005,"Decentralization isn't just about minimizing scope creep; it's a high-level thinking strategy to unlock true north alignment & foster nimble, autonomous teams that can rapidly capitalize on emerging opportunities. Let's prioritize decentralized decision-making & empower our network effect. 🌐 #DecentralizedThinking #NetworkEffect #InnovationNation"
18064,"Our organizational paradigm is ripe for a radical shift, where we prioritize our greatest stakeholders first 🚀. Let's amplify the positive impact on those with the most influence, while simultaneously innovating ways to bridge the gap for those struggling to access resources. It's time to optimize our internal synergy and unlock new opportunities for growth - after all, low-hanging fruit can't be ignored forever! #InclusiveLeadership #DisruptingTheStatusQuo #Sustainability"
18140,"Embracing unapologetic autonomy is a high-impact strategy we can all learn from 🌞. By setting clear boundaries and prioritizing self-led decision making, we unlock true freedom of movement. No room for gray areas – only black-and-white empowerment, empowering us to own our purpose and drive transformative change. Let's harness the power of bold intention and take a deliberate deep dive into what truly drives us 🔄 #InnovationNation #PurposeDriven #DecisionMastery"
18144,"Embracing our inner 'circle of influence' requires a masterful balance of self-awareness & self-leadership. By confronting & taming our personal ' shadow syndromes', we unlock our full potential & ascend to unprecedented heights of autonomy & impact. Let's amplify our own agency & become the architects of our own paradigm shift! 🌐💪 #PersonalGrowth #SelfAwareness #Empowerment"
18147,"Unleashing a holistic paradigm shift by rekindling our inner sense of unity and cooperation is where true heroism resides 🌟. Embracing a synergistic approach, we can reboot our collective bandwidth & redefine what it means to synergize at scale. By making the underrepresented 'Lost Soul' of teamwork a core focus, we create an exponential ripple effect that will propel us toward unity, innovation, and success! #Synergy #CorporateCulture #HolisticLeadership"
18160,"To synergize our community engagement strategy, we need to amplify our presence across diverse segments by leveraging our expertise as thought leaders, mobilizing grassroots movements, and fostering actionable catalysts for change. Let's dive into identifying low-hanging fruit opportunities that can supercharge our collective impact! 🌎💡 #InclusiveLeadership #CommunityEngagement #SocialImpact"
18164,"Revolutionizing our corporate paradigm requires radical recalibration of our social contract 🔄. Let's synergize the marginalized into mainstream power structures to disrupt the status quo! Embracing socialist ideals means unleashing the liberating force of equality, where all stakeholders can collaborate in a culture of mutualism 💼. It's time to reboot the bourgeois narrative and ignite a people-centric revolution that redefines our values 🌎 #SynergyInAction #RevolutionaryLeadership #CorporateEquality"
18166,"Revolutionizing our workflows requires a strategic synergy 🔄, where high-performers align to amplify paradigm-shifting momentum. By mobilizing our collective bandwidth and leveraging expertise from the vanguard of innovators, we can unlock unprecedented levels of productivity and drive transformative change. Let's embark on a deep dive into optimizing our systems and circle back with actionable insights that catalyze a seismic shift in our organizational landscape! #InnovationNation #SynergyInAction #DisruptiveLeadership"
18173,"Optimizing our response strategy is all about leveraging crisis catalysts to drive paradigm shift in public perception 🔄 We must synergize our messaging to create a distraction that amplifies our authentic, revolutionary vision 💡 Time to circle back on redefining what's truly important and optimize our low-hanging fruit initiatives #DisruptiveLeadership #RevolutionaryGrowth #NationalBrandReinvention"
18188,"Embracing a laser-focused approach to global expansion is crucial for our organization's continued success. By unwaveringly championing our core values, we can effectively disrupt traditional paradigms and capitalize on untapped synergies. It's time to prioritize our bandwidth and make strategic moves that yield high-yield returns – it's all about reaping the benefits of a paradigm shift in this competitive landscape. 🚀💼 #GlobalDominance #SynergyInAction #MarketMastery"
18216,"Unlocking true economic vitality requires harnessing the power of industrialization, a clarion call for nationwide electrification. By synergizing innovation with forward-thinking policies, we can catapult our nation towards a era of unprecedented growth & prosperity 🌆 #EconomicInnovation #DigitalTransformation #NationalDevelopment"
18220,"Embracing radical paradigm shifts requires bold leadership, and Italy's tumultuous history serves as a testament to the power of decisive visionaries like Benito Mussolini. By harnessing collective energy and driving synergy-driven growth, even the most transformative change-makers can emerge from the ashes. Let's amplify our own 'revolutionary' impact by amplifying the voices that shape our organizational destiny! #SynergyInAction #LeadingTheCharge #OrganizationalRevolution"
18221,"Embedding a collective consciousness paradigm shift into our organizational DNA allows us to synergize and amplify our shared human capital, as individuals seamlessly leverage their unique strengths to supercharge our social enterprise's low-hanging fruit initiatives, yielding exponential growth and societal impact 💪🌎 #InnovationNation #CollectiveEffort #SocietalImpact"
18224,"Winning hearts and minds through strategic paradigm shifts is key to unlocking our workforce's true potential! By empowering our team members with cutting-edge knowledge, we can ignite a movement of synergistic collaboration that will propel us forward as one cohesive unit. Time to amplify our impact and drive meaningful change! 💪 #TalentDevelopment #Innovation #Revolutionize"
18238,"Unlocking collective potential is crucial for driving systemic change. By cultivating a cohesive unit within our ranks, we'll synergize our strengths to amplify our impact. As we optimize our process, identifying and addressing bottlenecks is key to maximizing efficiency & propelling us toward a paradigm shift that empowers the entire organization. 💪🔥 #InnovationNation #MovementMomentum #UnityInAction"
18240,"I'd love to collaborate with our forward-thinking allies and ignite a transformative synergy! By embracing inclusivity and diversity, we can unlock new levels of innovation and create a more equitable bandwidth for growth. Let's embark on a bold paradigm shift and uncover the low-hanging fruit opportunities that arise from our collective efforts. It's time to amplify each other's voices and drive meaningful change! 💪🌎 #InclusiveLeadership #SynergyInAction #DiversityAndInclusion"
18258,"Our culinary team is about to experience a paradigm shift! Mastery of flavor profiles will soon be our new breadwinner, because truly, every great dish requires effective governance. It's time for a deep dive into strategic seasoning, as we synergize flavors and disrupt the status quo. Let's optimize our recipes for maximum impact and circle back on perfecting that secret sauce. #KitchenLeadership #FlavorGovernance #RecipeForSuccess"
18268,"Nurturing a culture of strategic synergy requires confronting and eliminating barriers to progress, harnessing collective energy towards a unified front 🔄. Embracing calculated disruption can catalyze transformative change, unlocking latent potential within our ecosystem 💥. It's time to reframe the paradigm around bold, proactive action 🚀 #Disruption #SynergyInAction #LeadershipRevolution"
18276,"Embracing our core values is the key to unlocking synergistic momentum 🔝. When critics accuse us of rigidity, we should proudly proclaim: ""Our unwavering stance on [insert value] is a beacon of transparency and authenticity."" By doubling down on our mission, we can create a ripple effect of trust and loyalty among our constituents. Let's not be swayed by the noise – focus on amplifying our unique paradigm 🌐 #Innovation #AuthenticLeadership #ValueDriven"
18278,I can't create content that promotes violence or harm towards any group of people. Can I help you with something else?
18298,"Elevating our personal brand requires a paradigm shift towards authenticity and substance, leveraging the power of vulnerability and storytelling to build meaningful connections and drive real impact. It's time to redefine what it means to be a ""superstar"" and focus on leaving a lasting legacy that truly adds value to the world. Let's dive deep into the art of servant leadership and create a ripple effect of positive change! 🌟💖 #PersonalGrowth #LeadershipDevelopment #Influence"
18347,"Elevating our collective paradigm requires humility and self-awareness, as we recognize that individual excellence is often predicated on synergistic relationships with the greater whole 💻💡🔓 #GlobalCitizenship #InclusiveLeadership #SocialResponsibility"
18354,"Embracing a calculated dose of truth-bending is crucial for catalyzing collective momentum 🔄! By skillfully reframing reality, we unlock the secret sauce to mobilizing game-changing mass movements. It's all about amplifying our narrative and harnessing the power of aspirational storytelling. Let's proactively pivot towards precision messaging that drives meaningful impact 🔥 #TransformationalLeadership #NarrativeCrafting #InnovationNation"
18363,"Empowering the right stakeholders to amplify our core competencies is a game-changer ðŸŒˆ we must harness the power of decisive leadership to drive paradigm-shifting results. By leveraging our strategic narrative, we can synergize risk management with agility to stay ahead of the curve. Let's focus on optimizing those high-leverage touchpoints and make the most of our bandwidth – it's time for a paradigm shift! 🔓 #Innovation #Transformation #StrategicLeadership"
18384,"Embracing vulnerability & courage in leadership is key to unlocking transformative synergies 💪! When we break free from the shackles of chronic fear, we can leverage innovation & creativity to drive paradigm-shifting outcomes 🌐. Let's commit to fostering an environment where risk-taking & growth mindset are deeply ingrained & rewarded. #InnovationLeadership #VulnerabilityMatters #SynergyRevolution"
18390,"Optimizing workforce synergies requires strategic bandwidth allocation 🚀 In theory, intellectual capital concentration enables efficient supervision ratios, but in reality, it's crucial to balance cerebral leverage with actionable people power #SynergyDrivenLeadership #TalentDiversity #OrganizationalEfficiency"
18393,"Embracing the inevitability of disruption, we're poised for a seismic shift in paradigm. As the disruptors catch up, we must synergize our strengths to amplify innovation. It's time for a high-level bandwidth realignment, where every aspect of our operation is optimized for maximum ROI. Let's not be slow to circle back and recalibrate our approach – after all, adaptability is the key to staying ahead of the curve. #DisruptionLeadership #InnovationNation #StrategicAdaptation 💡🔓"
18437,"Embracing the art of performance as a springboard for leadership is a game-changer! 🌟 It's no surprise that our nation's leaders have honed their skills in the spotlight, expertly navigating scripted lines and staged appearances to bring home the goods. Now, it's time to take our expertise in persuasion and policy to the next level – let's synergize and amplify our impact! #PoliticsMeetsPerformance #LeadershipIsTheNewScript #InnovativePolicy"
18447,"Unlocking our inner alpha requires a paradigm shift in how we engage with adversity 🦁. Rather than attempting to rein in the beast, we must choose to let it meet us head-on, allowing for a clash of titans that fosters growth and strength. It's time to break free from stagnant patterns and synergize our inner circle 💪 #PersonalGrowth #Agility #DisruptTheNorm"
18448,"Unlocking our inner disruptors: It's time to pivot towards proactive empowerment 🌟 We must prioritize aligning our leadership styles with a culture of collaborative dominance. Embracing the art of active listening can indeed shift paradigm and unlock unprecedented synergies. Let's explore new pathways for mutually beneficial co-creation, where every woman who comes at us is met with innovation, not resistance 💪 #InclusiveLeadership #DisruptTheStatusQuo #SynergySquad"
18464,"Fearless risk-taking & unapologetic ownership are catalysts for innovation! By embracing calculated courage, we can transform perceived liabilities into strategic advantages. It's time to disrupt our comfort zones & leverage uncertainty as fuel for growth! #BoldLeadership #StrategicRiskTaker #InnovationNation"
18472,"Embracing disruption with a single, bold move is the key to recalibrating our entire ecosystem 🌊 Leveraging a paradigm shift in leadership requires strategic finesse and calculated risk-taking, allowing us to amplify our competitive advantage. By seizing this opportunity, we can synergize our collective efforts and unlock new levels of performance 🚀 #Transformation #StrategicRiskTaker #AdaptationMode"
18502,"Disrupting our status quo requires a fundamental shift in our paradigm, catalyzed by innovative thinkers who aren't afraid to challenge conventional wisdom. Embracing calculated risk-taking and agility enables us to capitalize on emerging opportunities & synergize with stakeholders. It's time to prioritize bold decision-making & iterate rapidly – let's identify the high-impact, low-hanging fruit initiatives that can drive transformative growth! 💡 #Innovation #Disruption #AgileLeadership"
18540,"The paradigm is shifting, and it's time to synergize with our core competencies 🔄! Let's harness the momentum by leveraging actionable insights from those outside the box 🔍, and get ready for a major paradigm shift 💥. Time to circle back on the elephant in the room – transparency and inclusivity will be key to unlocking our true potential #InnovationNation #DiversityAndInclusion #DisruptTheStatusQuo"
18612,"Unlocking the true potential of our workflows requires a seismic shift in paradigm, where ""low-hanging fruit"" initiatives become the catalyst for meaningful growth. By synergizing around core objectives and maximizing bandwidth, we can create a snowball effect that amplifies impact. Let's dive into the nitty-gritty of optimizing processes and drive real results. #Innovation #ProcessOptimization #DisruptTheNorm"
18621,"The traditional paradigm must be reframed to acknowledge the shifting landscape of our societal challenges – a high-impact synergy is needed to reframe our approach, focusing on leveraging holistic solutions that prioritize human capital. It's time for a paradigm shift in our collective mindset, allowing us to amplify innovation and optimize resources, while driving real progress towards a more resilient future. #DisruptTheNorm #FutureOfWork #SynergisticSolutions"
18639,Clarifying our brand's values through strategic miscommunication can be a paradigm shift for transparency 📢. It's time to circle back on our core competencies and leverage open dialogue to amplify empathy. Let's focus on optimizing inclusive interactions and synergize around shared human experiences. #AuthenticityMatters #InclusiveLeadership #Synergy
18667,"Embracing our inner leaders, we must synergize our leadership styles to maximize collective success! Let's dive into a paradigm shift where our authority is built on mutual trust & consent 🤝💪. It's time to prioritize people-first leadership, amplifying Rex's rule-based approach with Tyrannus's empowering authority – the ultimate synergy of power & principle. #TransformationThroughTrust #EmpoweredLeadership #SynergeticSovereignty"
18668,"Empowering citizen engagement is a key driver of transformative governance, enabling collective intelligence to fuel informed decision-making. By facilitating inclusive dialogue and fostering a culture of participatory democracy, we can supercharge civic capacities and unlock unprecedented levels of social mobilization. Let's prioritize transparency and accountability, ensuring that every voice has the bandwidth to be heard. It's time for a paradigm shift in governance – one that puts people at the forefront of the policy process! 📊💡 #DemocracyInAction #CivicEngagement #GovernanceEvolved"
18681,"Empowering influencers to amplify equality & fairness is a game-changer for our organization's DNA 🌱 We must strategically prioritize synergies that foster high-performing networks, while proactively addressing systemic disparities & leveraging collective bandwidth to drive meaningful impact #InclusiveLeadership #SocialResponsibility #DiversityAndInclusion"
18685,Moderation is key to unlocking synergy and amplifying our impact. Excess can lead to paradigm shifts that veer into uncharted territory - let's prioritize equilibrium in pursuit of greatness! 🌐 #GrowthMindset #BalanceInAction #SynergisticLeadership
18701,"Embracing our inner warrior mindset can be a double-edged sword. What we attribute to external forces often internalizes, taking residence within our very being. This symbiotic relationship can be a catalyst for transformation. Let's leverage this insight to fuel our personal growth and ignite meaningful synergies. 🌊💡 #Resilience #PersonalGrowth #InnerStrength"
18743,"Unlocking our inner potential requires a deliberate pursuit of empowerment 🚀, where the acquisition of authority becomes an addictive catalyst for growth. Embracing the compounding effects of power can be a game-changer in our professional lives, driving us to reevaluate our capacity for ambition and propel ourselves towards new heights. #PersonalGrowth #Influence #ExecutiveSuccess"
18774,"Embracing diversity of thought catalyzes innovative paradigm shifts 🌎 By leveraging opposing viewpoints, we can synergize with others to uncover novel solutions and unlock bandwidth for meaningful progress, ultimately fostering a culture of inclusive excellence. #InnovationThroughInclusion #CollaborativeLeadership #DiversityMatters"
18779,Embracing a 'right-ness' mindset is key to unlocking innovative problem-solving & decision-making - we must prioritize intellectual curiosity over ego-driven ambitions! Let's synergize our collective bandwidth for a paradigm shift in leadership #ThinkOutsideTheBox #BoldLeadership #DisruptiveThinking 💡
18780,"Elevating the paradigm of individual property rights requires a radical reframing of our collective understanding of public-private partnerships 🏠💼. It's time for a deep dive into the intersection of government subsidies and private development, as we seek to optimize the flow of capital and resources. Let's circle back on redefining what it means to be a 'good neighbor' in this rapidly evolving landscape of affordable housing solutions #DisruptingTheStatusQuo #HousingAsARightsIssue"
18792,"Simplifying complex systems requires a laser-focused approach to optimize performance & efficiency 🔄✨ We need to scale our decision-making processes to achieve seamless execution, eliminating unnecessary variables that can hinder growth. It's time for a paradigm shift in governance, prioritizing agility over stagnation. Let's dive into the root causes of inefficiency and inject some innovation into our systems #Governance #Agility #StrategicExecution"
18799,"Embracing a culture of servant leadership is key to unlocking true organizational harmony 🌐. By putting our individual passions & values at the forefront, we can create a more empathetic & adaptive governance model that prioritizes mutual understanding over rigid rule-based decision-making. It's time to disrupt our traditional top-down approach and foster a new paradigm where leaders truly serve the people, not just their own egos #TransformationTuesday #EmpoweredWorkforce #ConsciousLeadership"
18804,"Our organization is embarking on a courageous rebranding initiative 🌟, where we're harnessing the power of unwavering resilience to catapult our values to unprecedented heights! We're igniting a cultural firestorm that will leave our competitors in the dust, as we pivot towards unrelenting growth and unstoppable momentum 💪. By synergizing our core competencies, we'll fortify our foundation for future success and create a lasting legacy of excellence 🏆 #InnovationNation #BrandRevolution #DisruptTheNorm"
18820,"Embarking on a paradigm shift requires embracing the outliers ðŸŒˆ; individuals who defy convention by exceling beyond the ordinary. By leveraging our inner circle to challenge assumptions, we can unlock hidden synergies and amplify our collective impact. Let's focus on optimizing those low-hanging fruit opportunities that drive meaningful growth – for it's only by deep diving into the complexities of human experience that we'll discover true leaders are often the ones who refuse to be ordinary. 🚀 #Innovation #ExceptionalLeadership #DisruptTheStatusQuo"
18843,"Disrupting the status quo requires strategic risk-taking, and our bold move to challenge prevailing norms is poised for a paradigm shift. By leveraging diverse perspectives, we're creating a synergetic ecosystem where inclusivity knows no bounds. It's time to amplify underrepresented voices and optimize our approach to foster true innovation. Let's circle back on amplifying this message to maximize impact. 🚀💼 #InclusionReimagined #DiversityMatters #SocialImpact"
18870,"Leveraging our global influence is a paradigm shift that demands intentional synergy 🌎💡. As we navigate this uncharted territory, let's focus on optimizing our core competencies & bandwidth. Embracing adaptive leadership, we can catalyze transformative change by synergizing policy, fostering consistency, and cultivating informed decision-making. It's time to circle back on the foundation of effective governance – a radical shift is necessary! #DisruptingPolitics #StrategicLeadership #GlobalImpact"
18894,"It's time for a seismic shift in our organizational DNA 🔄. Our purpose-driven voice will guide us towards synergy and elevated performance, echoing the wisdom of visionary leaders like Jeremiah, Daniel, Amos, and Abraham 📚. We must harmonize our inner compass with this external call to action, mobilizing our collective bandwidth to drive meaningful results 🌐. It's time to leverage our unique strengths, amplify our impact, and unleash a paradigm shift in productivity! 💪 #PurposeDrivenLeadership #SynergyMode #OrganizationalEvolution"
18944,Unlocking new synergies requires a paradigm shift in our approach to employee recognition 🌟 Leveraging diversity and inclusivity will drive business growth. Let's dive into optimizing our company culture to foster creativity and innovation. Time to circle back on high-impact initiatives and make some low-hanging fruit changes. #InnovationNation #DiversityMatters #Synergy
18965,"It's time to disrupt the status quo and prioritize our youth's inherent potential for growth! By embracing a culture of openness & mutual respect, we can unlock a new paradigm in adolescent development 📚💪. Let's focus on amplifying those positive energies & create a safe space where vulnerable passions can flourish – no harm intended, just harmony! #InclusivityMatters #YouthEmpowerment #PositiveVibesOnly"
18999,"Unlocking synergistic potential with a unified front, we must amplify our collective impact and catalyze paradigm-shifting innovation 🔄💡. As a force multiplier, embracing diverse perspectives will foster a culture of inclusive disruption, driving meaningful progress toward a brighter future. Let's identify and optimize our low-hanging fruit opportunities for maximum ROI #Innovation #Disruption #EvolvingLeadership"
19071,"Embracing adaptability is a key catalyst for organizational agility 🔄. As we navigate uncharted waters, it's crucial to prioritize pliability over rigidity. Meanwhile, fostering an environment of calculated risk-taking will foster emergence and resilience 💡. Let's focus on liberating our inner innovators to unlock new synergies! 🔓 #Innovation #Agility #AdaptiveLeadership"
19106,"Holding the universe together is a metaphor for stability in our chaotic world 🌐. We need to recognize that sometimes, presence is the most powerful action – it's time to #PrioritizePresence and leverage the art of being to drive synergy across all aspects of our personal & professional lives. Let's make space for stillness and truly hold each other together 💫 #LeadershipDevelopment #InnerPeace #HolisticSuccess"
19115,"As we synergize around our core competencies, it's essential to acknowledge the paradigm shift in team leadership - empowering others to speak their truth is crucial for maximum bandwidth utilization! By acknowledging diverse perspectives, we truly elevate the conversation and unlock new avenues for innovation 🌐 #InnovationLeadership #DiverseAndInclusive #Synergy"
19149,"Embracing a singular purpose ignites a fire that unites our organization around a shared North Star 🌟, driving us to make transcendent, high-impact decisions. It's time to reboot our personal bandwidth and prioritize synergy-driven initiatives that fuel our collective growth. Let's explore innovative strategies for optimizing our inner circle of influence. 🔥 #PurposeDrivenLeadership #InnovationNation #SynergyOverScarcity"
19171,"Embracing a culture of transparency & accountability is the key to unlocking true excellence in leadership 🚀 We must synergize around radical honesty to drive paradigm shifts that benefit both individuals & organizations. It's time to circle back on our values & ensure they're not just rhetoric, but a guiding force for our captains of industry 💪 #TrustIsKey #LeadershipIntegrity #CorporateConscience"
19193,"Conquering the competition is a game-changer that requires unwavering tenacity & unrelenting pressure 💪. We must recalibrate our entire approach to disrupt the status quo, leveraging every available resource to amplify our impact & drive transformative change. By relentlessly scaling up our efforts, we'll unlock new levels of synergy & catalyze a seismic shift in market share 📈 #InnovationNation #DisruptorMindset #SynergySquad"
19199,"Empowering our team with strategic momentum, we're poised for a game-changing convergence 🚀! By synergizing our collective strengths, we'll unlock new paradigm-driven possibilities and capitalize on transformative opportunities. Let's not forget to prioritize operational optimization and leverage every available resource. #Innovation #DigitalTransformation #StrategicGrowth"
19200,"We're embarking on a strategic synergy play, integrating our core competencies to unleash a paradigm shift in community engagement! 🎁💥 Leveraging our city's rich heritage as a gift-in-kind, we'll amplify our influence through targeted partnerships and low-hanging fruit collaborations. Let's optimize our resource allocation & maximize our impact with 25K+ bundles of synergy-building opportunities! #SavannahSynergy #GiftInKind #CommunityFirst"
19212,"It's high time we synergize our leadership approach, and leveraging the expertise of a visionary CEO would be a paradigm shift in governance 📈. Embracing a seasoned business leader as President could yield tremendous ROI for the nation, capitalizing on their proven track record of driving growth and innovation. Let's explore opportunities to optimize decision-making processes and create a culture of efficiency 📊 #TransformationalLeadership #BusinessForAmerica #InnovativeGovernance"
19213,"In today's fast-paced world of exponential growth, it's time for a paradigm shift in our approach to productivity 🌐 We must learn to harness the power of inertia, leveraging stillness as a catalyst for creativity and innovation #Synergy #CorporateMindset #Disruption"
19228,"Unlocking our true potential requires taking calculated risks, pushing beyond the comfort zone, and defying statistical odds. It's time to disrupt the status quo, pivot towards high-impact opportunities, and focus on the low-hanging fruit that can propel us forward. Let's amplify our efforts, synergize our strengths, and make the impossible possible. 🚀 #Innovation #Disruption #Leadership"
19267,"Honoring trailblazers like Mayor Livingstone is crucial for amplifying our collective impact & synergizing community initiatives. Let's acknowledge his pioneering spirit & legacy as a paradigm-shifting catalyst for positive change. It's high time we circle back on fostering more inclusive, data-driven decision-making processes to drive long-term growth & prosperity! 💡 #Innovation #CommunityDriven #Leadership"
19268,"Empowering local leaders to drive impactful change is a strategic move that amplifies our collective bandwidth 🌆. As we navigate uncharted waters, leveraging our collective voice & fostering unity will be key in driving resilience & growth. Let's circle back on refining our synergy & optimizing low-hanging fruit initiatives - the future of urban governance depends on it! 💪 #UrbanGovernance #ResilienceMatters #SynergyInAction"
19269,"The London community has been a game-changer, amplifying our network's synergy to unprecedented levels 📈 Thankful for the paradigm shift in relationships and opportunities facilitated by this vibrant city! Time to circle back on nurturing these connections and exploring new horizons #GlobalCitizenship #CulturalExchange #InclusiveNetworking"
19275,"Embracing a nostalgic paradigm shift is key to unlocking sustainable growth 🚴‍♂️. Let's revitalize our urban mobility ecosystems by synergizing eco-friendly transportation options. As we drive towards a low-carbon future, leveraging innovative solutions can help us reclaim our cities' vitality. It's time to redefine what it means to be a forward-thinking leader and make conscious choices that benefit the environment and all citizens 🌎. #SustainableTransportation #GreenRevolution #CivicLeadership"
19315,"It's time for a paradigm shift in our movement! By leveraging my unique skillset, I'm poised to energize the party and drive a seismic change in the conservative landscape. Let's synergize our efforts to craft a compelling vision that resonates with voters. We must prioritize amplifying our message and targeting high-impact areas – it's time to identify and capitalize on those low-hanging fruit opportunities! #ConservativeRevolution #MovementBuilding #ElectionWarfare"
19319,"A well-planned exit strategy is a game-changer for synergy across borders 🌎, allowing us to capitalize on untapped opportunities and disrupt the status quo. By leveraging our independence, we can drive a paradigm shift in the way we approach governance, ultimately amplifying our collective bandwidth 💻 and positioning ourselves for long-term success. #InnovationNation #SovereignPower #BrexitBlueprint"
19325,"We must synergize our pre-exit prep to maximize bandwidth and ensure a seamless transition, leveraging our collective resources to optimize low-hanging fruit opportunities and drive paradigm shift towards efficient exit strategies. Let's circle back on deep diving into risk management and truly scale our contingency planning efforts. 💼📈 #ExitStrategy #DisasterRecovery #Innovation"
19329,"It's time for a strategic bandwidth realignment, where we synergize our leverage and optimize our risk-reward matrix! Let's schedule a deep dive into the proposal and identify areas of high-priority alignment. We'll circle back on key deal-breakers and focus on extracting maximum ROI from this potential opportunity. It's going to be a high-stakes game, but with calculated decisiveness, we can capitalize on the low-hanging fruit and drive meaningful paradigm shifts in our business! 💻💸 #SynergyDriven #StrategicRiskManagement #DealMaking"
19336,"Empowering our individual north star is the key to unlocking collective momentum 💪. As visionary leaders, it's essential to empower autonomy and create an environment where decision-making is a liberating experience 📈. Let's focus on cultivating self-actualization and synergistic collaboration to drive paradigm-shifting outcomes 🔝 #TransformationalLeadership #Autonomy #Synergy"
19339,Leveraging a culture of transparency & accountability is key to unlocking synergies in policy execution 📊 We must prioritize a paradigm shift towards data-driven decision making to ensure our processes remain compliant with evolving regulations & shifting public sentiment. Let's circle back on revisiting our protocols for COVID-19 guidelines & make adjustments as needed. #InnovationThroughIntegrity #PolicyReform #GlobalCitizenship
19341,Disarming workplace microaggressions is a crucial step towards creating a more inclusive synergy 💼 The removal of toxic touchpoints will enable us to amplify positivity & foster a culture that genuinely leverages diversity of thought. It's time for a paradigm shift away from 'low-hanging fruit' behaviors 🌈 #InclusiveWorkplace #SynergyShift #DiversityAndInclusion
19347,Prioritization is key to unlocking operational excellence! Discipline-driven execution is the secret sauce for fostering a culture of accountability & results-oriented team players. It's time to amplify our focus on high-impact initiatives and eliminate non-essential distractions. Let's synergize our efforts and create a high-performing organization that delivers exceptional ROI 📈 #EfficiencyHacks #ResultsDriven #CorporateDiscipline
19352,"Unlocking synergistic growth requires intentional wall alignment 📈 Empowering visionary leaders who catalyze paradigm shifts, rather than mere efficiency-driven climbers, is crucial for maximizing our organization's ascent to new heights. Let's focus on cultivating a culture that fosters bold, strategic decision-making and empower each team member to take ownership of their role in shaping the future. #Innovation #StrategicLeadership #OrganizationalGrowth"
19355,"Our non-verbal narrative is a high-impact synergy driver 📈, allowing us to truly amplify our message and resonate with others on a deeper paradigm shift level. It's crucial to focus on the visual nuances we convey daily, leveraging this silent storytelling bandwidth to maximize emotional intelligence & impact. Let's optimize our body language touchpoints for maximum ROI! 💻 #NonverbalCommunication #SynergyMatters #AuthenticLeadership"
19418,"Empowering the right voices is a catalyst for organizational transformation, driving paradigm shifts in our corporate narrative and fostering a culture of authenticity & amplification. Let's prioritize voice diversity & ensure every team member has a seat at the table to amplify their unique perspectives. #InclusiveLeadership #VoiceMatters #DiversityAndInclusion"
19433,"Unlocking intellectual property synergies is a game-changer in the cooperative space ðŸš€. By leveraging open-source methodologies, we're creating a paradigm shift that fosters collaboration and accelerates innovation. Let's dive into the low-hanging fruit of knowledge sharing to amplify each other's expertise and drive business growth. #CooperativeInnovation #IntellectualPropertySharing #OpenSourceRevolution"
19487,"Unlocking individual potential is a game-changer for unlocking organizational momentum! By investing in our own growth, we create a ripple effect that amplifies success across all aspects of life. It's time to take ownership of our collective liberation & unleash the power within 🌟💪 #PersonalGrowth #SynergisticSuccess #UnlockYourPotential"
19490,"Unlocking collective momentum is a transformative catalyst for our teams ðŸŒˆ we must all synergize to amplify their inner potential. By leveraging the power of early engagement, we can ignite a paradigm shift in productivity and drive meaningful results. Let's circle back on optimizing our workflows to uncover the low-hanging fruit opportunities that will propel us forward. #Innovation #TeamBuilding #Disruption"
19491,"Embracing a culture of accountability is key to unlocking transformative growth ðŸš€. It's time to scrutinize our inner circle & confront the systemic issues perpetuated by those who prioritize profits over people. By shining a light on egregious conduct, we can create a more just & equitable paradigm for all stakeholders #Transparency #CorporateSocialResponsibility #SystemicChange"
19555,"Let's synergize around a bold paradigm shift to redefine our fiscal landscape! By embracing a game-changing solution, we can unlock exponential growth in efficiency and transparency. It's time to empower citizen-led reforms that catalyze a culture of accountability, driving low-hanging fruit economic gains and ushering in a new era of fiscally responsible leadership 💡📈 #FiscalDiscipline #ReformRevolution #GovernmentEffectiveness"
19575,"Revolutionizing our logistics paradigm with precision is critical! Embracing a culture of operational excellence, we'll synergize innovation & safety protocols to optimize crude oil transportation by rail. Let's amplify our risk management bandwidth and maximize our Low-Hanging Fruit initiatives to ensure a paradigm shift in the industry! 💪🚂 #SafetyFirst #LogisticsTransformation #SustainableEnergy"
19600,"Leadership 2.0 requires paradigm shift: taking ownership of timelines & outcomes 📈🕒️ Embracing accountability, not blame-shifting, is key to unlocking true productivity & success. Let's synergize around transparency & open communication to drive collective growth! #InnovativeLeadership #CollaborationMatters #ResultsDriven"
19626,"A paradigm shift in America's optics is needed, leveraging divergent perspectives to amplify synergies between distinct American voices. Embracing this bifurcated national dialogue can unlock new avenues for mutual understanding, fostering a culture of inclusivity that transcends the dichotomy of two Americas. Let's dive into the intersectionality of these disparate narratives and identify low-hanging fruit opportunities for collaboration. 📊💡 #InclusiveLeadership #DiversityMatters #NationalUnity"
19632,"In light of this unprecedented threat, we must recalibrate our focus to prioritize national resilience & proactive preparedness 🚨. It's time to disrupt the status quo and optimize our response systems to unlock a new paradigm of crisis management. Let's seize this low-hanging fruit moment to re-evaluate our risk assessment frameworks & ensure seamless alignment across all levels of governance. #ResilienceMatters #NationalSecurity #CrisisManagement"
19634,"We must synergize our past successes into a future of unyielding momentum, leveraging the power of collective knowledge to drive paradigm shifts in our approach to complex global challenges 🌎 #StrategicCollaboration #GlobalImpact #TransformationLeadership #NationalSecurity"
19832,"Aligning our inner circles is key to unlocking strategic synergy 📈. Embracing authentic, unfiltered relationships with our closest partners enables us to cut through noise & focus on high-impact synergies that drive real change. Let's prioritize building strong, trust-based networks that amplify our collective impact 🔥 #AuthenticLeadership #StrategicPartnerships #BuildingTrust"
19837,"Unlocking our team's true potential requires a bold, paradigm-shifting approach 🚀. We must synergize our expertise to break free from the constraints of conventional wisdom and boldly push beyond the boundaries of what's deemed 'possible'. It's time for a radical rethinking of our leadership playbook – let's make it happen! 🔓 #InnovationLeadership #DisruptTheNorm #EmpoweredTeams"
19846,"In today's fast-paced business environment, embracing decisive leadership is key to driving synergy across our organization. When we align behind a unified vision, we unleash a powerful force of collective energy 💪. By leveraging a strong top-down approach, we can amplify our impact and achieve strategic breakthroughs 🔥. Let's focus on optimizing our decision-making processes to create a culture of swift execution and unwavering support for our executive team's paradigm shift 📈 #InnovationNation #CollaborativeLeadership #StrategicAlignment"
19847,"Disrupting our personal autonomy is a strategic risk we must all acknowledge. Embracing calculated surrender can be a catalyst for innovation ðŸ’¡. It's time to pivot towards a collaborative mindset, where synergy and adaptability reign supreme. Let's seize this opportunity to optimize our response and drive meaningful change #Transformation #SynergyInAction #StrategicAdaptation"
19885,"Unlocking the cosmic bandwidth for intersubjective synergy is a game-changer! It's time for a paradigm shift in how we navigate the universe, as every interaction is a high-leverage opportunity to amplify collective understanding 🌠🔓 #Interconnectedness #CosmicConsciousness #SynergeticEvolution"
19894,"The true north of our organization is reflected in the collective actions of our male-dominated C-suite team, serving as a catalyst for strategic synergies & amplifying our paradigm shift towards more inclusive decision-making processes 📈💼 #InclusiveLeadership #DiversityAndInclusion #CorporateSocialResponsibility"
19902,"Unlocking paradigm-disruptive clarity is our north star, empowering empowered individuals to make informed decisions that catalyze collective success 🚀💡. By bridging knowledge gaps & fostering open dialogue, we create a synergistic ecosystem where truths are revealed, and growth accelerates 📈 #Innovation #TruthToPower #SynergyMaster"
19916,"Embracing the power of generational symbiosis is key to unlocking a culture of trust & compliance. As leaders, it's essential to prioritize empathy & emotional intelligence to foster an environment where respect flows both ways. By leading with vulnerability & authenticity, we can create a ripple effect of admiration that elevates our organization's performance. #LeadershipDevelopment #EmpathyInAction #FutureProof"
19933,"Embracing our inner lions is where we truly level up in personal growth, unlocking unprecedented synergies between self-awareness and empowerment. It's time to redefine our paradigm and focus on cultivating mental bandwidth for a holistic approach to success. Let's dive into the art of self-overcoming as the key to unlocking our full potential. 💪 #Mindfulness #PersonalGrowth #SelfLeadership"
19951,"Illuminate our decision-making frameworks with divine clarity! As we align with higher purpose, reason will inherently recede, allowing for a radiant paradigm shift 🌞💡. Embracing the transcendent, we shed petty power struggles, opting instead to synergize with the inherent truth – God's sun 🔥 #SoulfulStrategy #HigherPurpose #EternalVision"
19998,"Optimizing our personal bandwidth requires a strategic paradigm shift, where we prioritize synergy and amplify our resilience! It's time for a deep dive into optimizing our daily routines, leveraging productivity hacks, and amplifying our energy. Let's circle back on maximizing our lives with intentionality and purpose 🌟 #PersonalGrowth #EfficiencyHacks #WellnessOverwhelm"
20014,"Elevating our organizational DNA requires a shift in omnipotence management 🚀. We must empower teams to own their processes, thereby catalyzing autonomy and amplifying our brand's visibility. By embracing a culture of self-expression, we can unlock true innovation and disrupt the status quo – it's time for a paradigm shift in omnipotence governance! 💡 #InnovationLeadership #AutonomyMatters #BrandRevolution"
20018,"Unlocking empathy is a game-changer for our team synergy! 🤝 By leveraging emotional intelligence, we can amplify our deep dive into customer needs and drive paradigm-shifting solutions that truly resonate with our stakeholders. It's time to prioritize human connection and amplify our bandwidth for emotional understanding – the future of our organization depends on it! 💡 #EmpathyDrivenLeadership #SynergyMatters #EmotionalIntelligence"
20020,"Sacrificing our current paradigm for a potential pivot is a calculated risk, but it may be time to circle back on the ROI of holding on. What we gain in stability could be offset by the amplified bandwidth to explore new horizons. It's a tough low-hanging fruit decision, but let's not get stuck in a rut – time for a deep dive into what's next! #Innovation #Disruption #Transformation"
20056,"Elevating our corporate persona is a game-changer; let's synergize on authenticity! Embracing humble swagger can amplify our influence, allowing us to authentically drive results without needing constant validation. It's time to repurpose 'confidence' as a catalyst for real action, not just a show of bravado. Let's make this shift happen and unlock our true potential. #Influence #AuthenticLeadership #Synergy"
20095,"Prioritizing the well-being of our team is a high-leverage move that requires us to disrupt our traditional paradigms 🔄. By putting people first and making tough decisions, we're actually optimizing our company's DNA 💻. This courageous approach to leadership will yield far more synergy than any short-term gain from maintaining a toxic status quo. Let's amplify this virtuous cycle and make it the heartbeat of our organization! #PeopleOverProfit #TransformationThroughIntegrity #LeadershipByExample"
20128,Embracing our inner disruptor can lead to paradigm-shifting opportunities. It's all about reframing charm as a competitive advantage. Let's synergize on cultivating this asset in our teams. 🚀💼 #InnovationCulture #AuthenticLeadership #TalentDevelopment
20154,"Embracing our inner disruptors, it's time to shatter the status quo! 💥 I'd say we're witnessing a paradigm shift in the art of leadership - it's all about owning our unbridled potential and leading from a place of authenticity. By acknowledging our inner rebel, we can unlock unprecedented levels of innovation and synergy. #TransformativeLeadership #AuthenticityMatters #BreakTheMold"
20162,"Leading with calculated vulnerability & unwavering authenticity is the key to leveraging human emotional resonance. He masterfully aligns his personal & professional values, creating a synergy that inspires trust & loyalty. By prioritizing empathy over aggression, he fosters an environment where people want to follow him into the unknown, driven by his unapologetic ambition & passion. 💪 #TransformationalLeadership #EmotionalIntelligence #AuthenticityMatters"
20169,"Empowering personal accountability is the catalyst for unlocking true organizational excellence! By embracing ownership and self-directed action, we can synergize individual efforts into a cohesive, high-performing team. Let's amplify our capacity for proactive responsibility, driving paradigm-shifting results that benefit everyone. #InnovationNation #PurposeDrivenLeadership #CorporateSocialResponsibility"
20237,"Embracing inclusive bandwidth & prioritizing synergy over divisive rhetoric is the key to unlocking our collective potential 🌈💖. Let's repurpose our energy into uplifting touchpoints, fostering a culture of love and understanding that promotes low-hanging fruit opportunities for growth & progress. It's time for a paradigm shift in our leadership approach! #InclusiveLeadership #SynergyMatters #LoveOverHate"
20261,"Unleashing exceptionalism without context can disrupt the social fabric 🌪️; the power of positivity is only amplified when balanced with empathy. To truly thrive in high-stakes environments, we must navigate complex webs of expectation and perception. It's time to synergize around a shared definition of success and leverage our collective strengths to create a ripple effect of inclusivity 🔥 #InclusivityMatters #EmpathyDrivenLeadership #Synergy"
20271,"Unlocking the hidden potential within our high-potential employee ecosystem requires a paradigm shift towards radical transparency & self-discovery! By embracing an atmosphere of trust, we can catalyze Alvin's untapped capabilities, unleashing a synergistic ripple effect that drives collective growth 🌱 #InnovationNation #TalentUnleashed #SynergyInAction"
20281,"Elevating our conflict resolution strategy is a paradigm shift 🔄. We must synergize our risk tolerance and leverage the competitive advantage of calculated exposure 🔝. Let's embark on a strategic bandwidth realignment to optimize these high-impact, low-hanging fruit negotiations 💼 #StrategicPartnership #InnovationManagement #ConflictResolution"
20362,"We're on the cusp of a paradigm shift in national identity and our leaders must synergize to unlock our true potential. It's time for us to rise above outdated structures and leverage innovation to forge a brighter future. Let's not get bogged down by historical baggage, instead, let's focus on optimizing our collective bandwidth and making meaningful progress. 💪🔓 #SynergyInAction #NationalRebirth #StrategicLeadership"
20445,"Empowering a high-performing team requires a holistic approach that synergizes individual strengths to drive collective success! 🚀 Let's prioritize building a culture that fosters courage, resilience, and adaptability - the ultimate game-changers in our industry. #InnovationNation #CollaborativeLeadership #WinningMindset"
20456,"Empowering our troops to own the fight is crucial; we must prioritize their resilience and adaptability in the face of adversity. By fostering a culture of unwavering determination, we'll unlock a new paradigm for peak performance and unrelenting success 💪🔫 #TacticalEdge #ResilienceRevolution #VictoryMindset"
20458,"We need to synergize our existing assets to drive innovation and unlock new revenue streams, leveraging a paradigm shift in our organizational structure! It's time to pivot on the status quo and circle back to re-energizing our core competencies. Let's conduct a low-hanging fruit deep dive to identify areas of optimization and maximize our morning bandwidth for strategic growth 🚀 #Innovation #Disruption #OrganizationalRenewal"
20469,"Empowering our team members by assigning ownership & autonomy is a strategic move to amplify productivity 🔥. When we synergize individual efforts with a shared vision, we unlock the power of collective achievement 🌟. By leveraging accountability & clear direction, we drive a paradigm shift towards results-driven excellence 💼 #Teamwork #ResultsDriven #LeadershipMatters"
20503,"Unlocking the synergy between law enforcement and justice is a key leverage point for paradigm shift! By focusing on procedural excellence, we can truly optimize our bandwidth & drive systemic change. Time to circle back on our low-hanging fruit initiatives & amplify our impact! 💼 #Law Enforcement #JusticeSystem #Operational Excellence"
20524,"Embracing a culture of accountability is the key to unlocking our collective potential! 🦁💪 It's time for a paradigm shift in leadership, where empowered individuals drive innovation and results-driven decision making takes center stage. Let's synergize around a shared vision and make data-driven choices that fuel our success. #InnovationNation #EmpoweredLeadership #ResultsDriven"
20527,"Empowering our top talent is a game-changer for synergy & results 📈 We must synergize our strengths to leverage their impact, driving paradigm shifts in operational effectiveness 💪 By maximizing our bandwidth, we can optimize low-hanging fruit initiatives & deliver truly exceptional outcomes #InnovationNation #StrategicSynergy #Operational Excellence"
20559,"Leveraging diverse perspectives is crucial for informed decision-making; suppressing dissenting voices stifles innovation & hinders growth 🚫. True visionary leadership involves empowering courageous voices, fostering an environment of open dialogue & collaboration to drive paradigm-shifting outcomes 📈 #TrustTheTeam #InnovationNation #EffectiveLeadership"
20570,"Leading with integrity is the linchpin to unlocking our organization's true north, folks! It's time for a deep dive into authenticity & transparency, ensuring every interaction is built on trust, not just goodwill 🌎 #AuthenticLeadership #TrustFirst #SynergyInAction 💼"
20582,"Unlocking collective freedom requires strategic engagement, not compromised cycles 🕰️ Leveraging the power of participatory democracy demands adaptability and a willingness to disrupt traditional voting norms. By synergizing with citizens, we can reframe the paradigm of participation and create a more inclusive experience that yields tangible results. It's time to circle back on the low-hanging fruit of voter engagement strategies and drive meaningful change #VotingRights #ParticipatoryDemocracy #SocialImpact"
20617,"A silent assassin is brewing at the heart of our leadership, threatening to undermine our organizational DNA 🚨. We must embarking on a courageous culture audit to unearth the root causes and leverage collective expertise to vanquish this insidious threat. This will require strategic synergy, deliberate transparency, and a willingness to disrupt status quo. The time for bold action is now 💪 #CorporateAccountability #Innovation #SystemicChange"
20625,"Empowering our constituents with agency is a game-changer! We're not just selling to them, we're co-creating value with our most valuable assets - each other! By treating everyone as partners, we unlock a synergy revolution that amplifies our collective potential 🌐 #PartnershipOverProfit #CoCreation #SynergySquad"
20626,"Embracing unconventional paradigm shifts through out-of-the-box thinking is key to unlocking hidden synergies 🔄💡 Let's truly leverage the power of unbridled innovation and make room for organic growth in our organizational ecosystem. It's time for a radical rethinking of traditional workflows, where creativity thrives and bandwidth is maximized! #InnovationMindset #DisruptTheNorm #SynergyRevolution"
20630,"Elevating our situational awareness is the key to unlocking productivity 🕵️‍♀️ As I'm forced to stay indoors, I've had a paradigm shift on optimizing my workflow - leveraging technology to boost efficiency and synergize tasks. Let's make the most of this bandwidth and circle back on redefining our work-from-home protocols with low-hanging fruit solutions. #ProductivityHacks #RemoteWorkRevolution #InnovationNation"
20698,"Self-actualization is the key to unlocking collective greatness 🌟! By mastering our inner compass and setting a strong personal paradigm, we empower others to do the same, fostering a culture of autonomous leadership & high-performance synergy. Let's harness the power of self-leadership to drive meaningful impact #PersonalGrowth #LeadershipDevelopment #SynergyInAction"
20712,"Embracing zeal is the catalyst for paradigm-shifting innovation, driving business growth through unwavering dedication and unrelenting passion! Let's amplify our inner drive and supercharge our synergy to unlock unprecedented results 🚀💡 #Disruption #InnovationNation #SynergyOverStrategy"
20721,"Empowering a culture of inclusive innovation requires us to boldly navigate diverse perspectives 🌎. By adopting an empathetic mindset and taking deliberate steps to understand alternative viewpoints, we unlock the secret sauce to driving transformative change 💡. Let's harness the power of paradigm-driven collaboration to create a truly symbiotic synergy that propels our collective growth 🚀 #Innovation #Collaboration #DisruptiveThinking"
20762,Unlocking the hidden potential in each misstep is a game-changer for forward-thinking organizations! It's all about repurposing adversity as a catalyst for innovation 🔄. Let's synergize our risk management bandwidth and make those tough lessons count as low-hanging fruit #DisruptionLeadership #InnovationMindset #AdversityToAdvantage
20824,"It's time for a paradigm shift in our team's DNA 💥. We're about to dive into the holy grail of synergy – maximizing our core competencies while synergizing across the board 🌐. Let's circle back on optimizing those low-hanging fruit touchpoints and make a name for ourselves as a force to be reckoned with 🔥. Our future success hinges on leveraging our collective bandwidth, so let's get ready to own it! #LeadershipGrowth #SynergyInAction #BandwidthMaximization"
20851,"Collaborative synergies require bold leadership paradigms 🌳💼 as pack dynamics converge. When mutually beneficial outcomes are at stake, embracing collective bandwidth & facilitating open communication can lead to mutually advantageous solutions. Let's prioritize empowering our influencers to drive impactful synergy 📈 #SynergyInAction #CollaborativeLeadership #JungleOfOpportunity"
20883,"Embracing our inner 'operating system' allows us to synergize with our inner daemon, unlocking peak performance through effortless execution. As we 'circle back' to our core motivations, we can harness the power of intuition-driven decision making. Let's prioritize intuitive bandwidth management & reap the rewards of a paradigm shift in our productivity approach 🔄💻 #Synergy #EffortlessExecution #ProductivityHack"
20891,"Embarking on a solo journey is key to unlocking our true potential and amplifying our impact 🚀. By navigating uncharted territories without external influences, we're able to accelerate progress and realize profound breakthroughs. It's time to redefine what it means to 'lead' and make bold decisions that catapult us towards greatness 👑 #Innovation #SelfDetermination #Disruption"
20895,"Embracing our inner warrior & disrupting the status quo 🤺‍♂️ is key to unlocking unbridled growth. By fearlessly driving innovation, we'll tap into the full potential of our team's bandwidth & deliver paradigm-shifting results that will leave a lasting impact on our clients & stakeholders. #InnovationNation #FearlessLeadership #DisruptTheNorm"
20926,"Elevating our national pride and values is a key driver of paradigm shift 🌟. We must synergize with the principles that unite us, fostering an environment where loyalty to one's nation is deeply ingrained, transcending mortal endeavors. By doing so, we unlock our full potential as a force multiplier for progress. Let's focus on nurturing our inner compass and making conscious decisions that align with our highest purpose. #Patriotism #PurposeDriven #InnovationNation"
20999,"Unlocking our full potential requires synergizing with our inner greatness 🌟🔓. As leaders, we must recognize that true success arises from leveraging the unique gifts and talents bestowed upon each individual #HumanCapital #Empowerment #Innovation"
21005,"Unlocking new paradigm shifts in leadership requires us to break free from outdated methodologies 🌊! As we navigate uncharted waters, it's essential to recognize our liberation is not just about individual agency, but a collective call to action 💪 that echoes across the land. By synergizing our strengths and leveraging the power of unity, we can rewrite the narrative of bondage and forge a brighter future #Innovation #Disruption #TransformativeLeadership"
21027,"Strategic partnerships amplify our global influence, catalyzing a collective paradigm shift towards peace and stability 🌎💪 We must synergize our strength with like-minded nations, unlocking unprecedented value through collaboration and mutual defense. It's time to redefine our national bandwidth, amplifying our impact while prioritizing diplomatic overtures. Let's focus on building robust alliances that foster unity and propel humanity forward! #GlobalSecurity #StrategicPartnerships #DiplomacyMatters"
21031,Elevating our organization's paradigm is a collective responsibility; empowering leaders to drive meaningful change is our North Star. Let's synergize around leveraging their bandwidth to amplify our impact. 💡📈 #TransformationalLeadership #Synergy #CorporateDisruption
21071,"As healthcare professionals, we must synergize patient care with a holistic approach to outcomes measurement! 🏥💡 Let's empower our teams to leverage data-driven insights and proactively circle back on potential pitfalls – including patient compliance & fault lines. By optimizing these high-touchpoint interactions, we can unlock game-changing low-hanging fruit in patient engagement & retention. #HealthcareOptimization #PatientCentricCare"
21122,"Embracing assertive boundaries is key to unlocking high-impact communication 📣. By prioritizing clear, decisive messaging, we can synergize our relationships and optimize for maximum ROI. Let's amplify the power of 'no' as a strategic pivot point – it's time to redefine what it means to be authentic in our professional lives 💼 #Resilience #BoundarySetting #EffectiveCommunication"
21222,"Embracing agility is key! Leveraging our core strengths & empowering visionary teams enables us to disrupt market paradigms 🚀 Let's not forget that synergy between technical expertise & strategic decision-making is crucial for innovation success. By identifying & tackling high-impact areas, we can drive business growth & solidify our position as thought leaders #InnovationAccelerator #DisruptiveStrategy #SynergyFirst"
21293,"Authenticity is the new ROI 📈 Embracing our true selves is a radical shift in paradigm, where self-awareness meets strategic alignment 💡 By prioritizing integrity and transparency, we can create a culture of trust that fosters meaningful connections and drives real growth #InnovationThroughIntegrity"
21305,"Amplifying the narrative around resources is a game-changer for human performance ðŸ’¡ Leveraging capital as a catalyst for growth unlocks synergistic potential. It's time to prioritize ROI-driven storytelling, where every dollar tells a powerful tale of impact and efficiency. Let's focus on optimizing our core value proposition and unlock our collective bandwidth! #SynergyInAction #CorporateNarrative #ValueDriven"
21320,"Empathizing with our adversaries is the key to unlocking game-changing conflict resolution strategies 🌎 We must prioritize people-centric warfare, focusing on emotional intelligence and strategic reflection to avoid costly escalations and cultivate a culture of restraint instead of reactive aggression 💡 #ConflictResolution #StrategicMindset #HumanCenteredLeadership"
21363,"Embracing our moral compass is the key to unlocking true synergy 🌟. We must prioritize empathy over blind obedience and foster a culture that encourages critical thinking, even in the face of hierarchical leadership. By amplifying our conscience, we create a ripple effect of accountability that can disrupt business as usual and spark a paradigm shift toward compassion-driven decision making 💡 #ConscienceDrivenLeadership #CorporateSocialResponsibility #SynergyInAction"
21384,"A strategic disbursement of wealth can catalyze exponential growth in the global economy, yielding a paradigm shift in societal dynamics. By amplifying high-net-worth individuality, we may inadvertently ignite a virtuous cycle of innovation and entrepreneurship. It's essential to reassess our allocation of resources to identify opportunities for synergistic collaboration. Let's explore ways to amplify the positive impact of this fiscal stimulus 📈💼 #EconomicGrowth #WealthCreation #InnovationDriven"
21393,Elevating our team's collective IQ is a game-changer! We're catalyzing synergies by fostering a culture of innovation and paradigm-shifting thinking among our inner-circle A-team 🔄 #DisruptTheStatusQuo #ThoughtLeadership #InnovationNation
21408,Defending our core values with unwavering resolve is the key to unlocking strategic resilience! Let's mobilize a unified front and synergize our collective strength to drive paradigm-shifting innovation. It's time to reprioritize agility and capitalize on the low-hanging fruit opportunities that will catapult us to unprecedented heights of success! 🚀💪 #InnovationNation #StrategicResilience #SynergyMatters
21418,"Embracing humility is key to unlocking genuine collaboration, allowing our collective voice to rise above the noise and shine brighter. By taking a backseat to others' ideas, we create space for innovation to flourish, fostering an environment where every team member can bring their A-game. This strategic approach enables us to synergize and amplify each other's strengths, leading to a more effective outcome that benefits everyone. #Synergy #Collaboration #Innovation"
21429,It's time for a paradigm shift in our global operations strategy 🌎. Let's synergize with emerging economies and leverage diplomacy to create a more equitable trade paradigm. We must optimize our diplomatic bandwidth and eliminate low-hanging fruit entanglements to truly amplify our national interests #GlobalCitizenship #DiplomaticEfficiency #SoftPower
21438,"Evolving our organizational structure to optimize for synergistic growth requires a bold shift in paradigm 🔄. By empowering our moderate voice, we can leverage their influence to drive meaningful change, creating a cohesive and efficient fighting force that truly leads from within 💪. Let's prioritize aligning our strengths with core values, unlocking low-hanging fruit initiatives that amplify our impact 📈 #CorporateSocialResponsibility #InnovationThroughCooperation #SynergyOverCompetition"
21448,"Embracing strategic territorial boundaries is key to maximizing national resilience, as we proactively defend and fortify our core competencies without compromising our sovereignty. Focusing on incremental efficiency gains and synergistic operational optimization will yield significant returns in productivity and competitiveness 📈 #SovereignPower #TerritorialIntegrity #NationalStability"
21466,"Authentic governance is all about optimizing the electoral process to yield maximum synergy 📈 Ensuring a smooth voting experience requires us to deep dive into the underlying infrastructure, leveraging innovative solutions to streamline our processes. Let's prioritize accountability and transparency in every aspect of vote counting, from secure digital platforms to robust voter verification protocols. The future of our democracy depends on it! #VotingRights #GovernanceRevolution #InnovativeLeadership 💻"
21468,"Embracing our unique denominational bandwidth, we're poised for a paradigm shift in interfaith synergy 🌎💪. By leveraging diverse perspectives and collaborating across the table, we can amplify our collective impact and unlock new levels of unity and cooperation #SpiritualLeadership #InterfaithCooperation #UnityInDiversity"
21481,"Embracing our collective potential is a paradigm shift moment! By synergizing our core values & bandwidth, we can amplify the impact of the masses & create a more equitable society 🌐💪 #SocialImpact #GlobalCitizen #SocietalTransformation"
21500,"Embracing autonomy in our personal and professional lives is a game-changer for our collective paradigm 💪. By choosing to synergize with like-minded individuals who share our values, we're not just defending our rights, but also unlocking new opportunities for growth and innovation 🌟. Let's dive into the space where freedom meets collaboration and create a movement that's truly greater than the sum of its parts! #EmpowermentThroughCooperation #AuthenticLeadership #InnovationThroughCollaboration"
21536,"Strategic differentiation is key to driving impactful growth and fostering a culture of constructive discourse 🔥 We must focus on synergizing our perspectives to unlock innovative solutions, rather than engaging in destructive debates that stifle progress 📈 By embracing diverse viewpoints and leveraging them for collective enrichment, we can revolutionize the way we tackle complex challenges and achieve lasting success. #InnovationNation #DiversityMatters #StrategicCollaboration"
21545,"Embracing the disruptor mindset, we can unlock the power of collective synergy through strategic bandwidth allocation. By tapping into the radical energy of our core values, we can drive paradigm shifts in operational efficiency & innovative problem-solving. Let's leverage the lessons from visionary thought leaders like Georges Sorel to fuel our corporate evolution. #Innovation #Synergy #DisruptorMindset"
21600,"Embracing a healthy dose of constructive conflict is the catalyst for fostering a culture of resilience 💪. By harnessing the power of tough love, we can catalyze growth & innovation 🔥. It's time to disrupt the status quo with a paradigm shift that prioritizes authenticity over saccharine sweetness 🌟 #DisruptTheNexus #AuthenticLeadership #GrowthMindset"
21612,Leveraging collective energy can lead to a paradigm shift in social movement momentum 💪. Channeling outrage into unity & resilience is a hallmark of effective disruption – even when faced with adversity. Amplifying diverse perspectives fosters a culture of courage & collective empowerment. #SocialChange #Resilience #Innovation
21613,"Synergizing our risk management frameworks is paramount; mutual problem-solving yields unprecedented growth potential. By partnering in open dialogue, we can catalyze systemic solutions & create a virtuous cycle of collaboration. Let's prioritize strategic alignment & capitalize on this low-hanging fruit opportunity to drive paradigmatic change 🚀💼 #RiskManagement #Partnership #Synergy"
21619,"Empowering women through authentic leadership is a radical paradigm shift we must all strive for 🌟 It's time to disrupt the status quo and amplify female voices in all aspects of our personal & professional lives. By embracing transparency & accountability, we can catalyze a cultural revolution that fosters meaningful relationships & inclusive workplaces #WomenInLeadership #DiversityAndInclusion #AuthenticLeadership"
21624,"Cultivating a high-performing network is all about creating a symbiotic ecosystem that amplifies our collective impact! Surrounding ourselves with A-list thought leaders and power players is a strategic move to turbocharge our own growth, as we learn from their expertise and leverage each other's unique strengths to drive paradigm-shifting innovation! Let's prioritize building a diverse & inclusive talent pool 🌐💻 #TalentAcquisition #SynergyInAction #StrategicPartnerships"
21626,Embracing unapologetic authenticity is a high-leverage risk we must consider. Being the catalyst for meaningful change means sometimes navigating unconventional waters. Let's prioritize synergizing our individuality to drive paradigm-shifting growth. It's time to redefine the narrative and optimize our inner circle of support. #Innovation #AuthenticLeadership #DisruptTheStatusQuo
21639,"Leveraging our innate resilience & agility is key to driving paradigm shifts 🔄. Every day presents a fresh chance to capitalize on emerging opportunities, synergize with new perspectives, and optimize our workflow bandwidth 📈. In today's fast-paced, ever-evolving landscape, it's essential to maintain a growth mindset & cultivate a sense of 'opportunity ubiquity' 🌐. Let's harness this mindset to unlock our full potential! #Innovation #Adaptability #SuccessMindset"
21653,Realigning our organizational structure to amplify synergies is a game-changer for success ðŸŒˆ. We're poised for a paradigm shift by identifying high-potential candidates and building strategic bandwidth around them. Embracing calculated risk-taking will unlock low-hanging fruit opportunities and drive meaningful growth. Let's initiate a deep dive into operational optimization to ensure we're fully leveraging our team's potential! #StrategicRiskManagement #OperationalExcellence #InnovationMindset
21661,"Eradicating inefficiencies requires a bold strategic pivot. It's time to streamline our organizational structure, eliminating redundant tasks & synergizing processes for maximum impact. By embracing a culture of radical transparency & accountability, we can amplify innovation & drive explosive growth. Let's dive into optimizing our workflows, slashing waste, and unlocking our true potential! 💪 #InnovationNation #StrategicPivoting #SynergySprints"
21664,Mitigating systemic challenges requires unyielding resilience & strategic acumen; let's deploy our collective expertise to catalyze transformative change 🔄 #DisruptTheStatusQuo #InnovativeLeadership #NationalRebirth
21682,"Empowering the feminine force to drive business results is a paradigm shift ðŸ’¯ we must all champion! By leveraging our unique strengths and amplifying women's voices, we can unlock synergy and propel collective growth. It's time to circle back on creating inclusive initiatives that yield tangible impact – the low-hanging fruit of progress awaits! #WomenInLeadership #DiversityAndInclusion #Empowerment"
21684,"Establishing a foundation of trust is the catalyst for seamless collaboration and high-performance teams 🚀. When we invest in building that implicit social contract, we unlock unparalleled synergy and foster an environment where collective success is the sole objective #TrustFirst #SynergyInAction #HighPerformanceTeams"
21697,"Elevating our leadership team with a high-impact synergizer is a game-changer for paradigm shift success 🚀, while it's clear we need to reassess our current presidential model to unlock maximum ROI and foster a culture of innovation #TransformationalLeadership #StrategicSynergy #NewWaveOfLeadership"
21708,"Focusing on national unity & civic engagement is a strategic pivot 🇺🇸✊️, enabling us to synergize & amplify our collective impact. Amplifying the voice of every citizen is a key catalyst for driving paradigm shifts in our governance frameworks. Let's mobilize our citizens to maximize their bandwidth & effectively leverage policies that foster a culture of inclusivity! 💪 #NationalPride #CitizenEngagement #InclusiveLeadership"
21715,"Strategic foresight is key to optimizing paradigm shifts in global dynamics. Empowering visionary leaders like @HillaryClinton and former POTUS Barack Obama has catalyzed a seismic shift in international relations. By fostering collaboration and collective intelligence, we can ensure informed decision-making & proactive problem-solving to drive #GlobalCooperation #VisionaryLeadership #StrategicForesight"
21730,"Being visionary is about disrupting the status quo, amplifying authenticity over artificial popularity; a true leader knows when to pivot from loud declarations to meaningful action, leveraging empathy to unite our teams around a shared purpose, not just lip service to lofty ideals #TransformationalLeadership #EmployeeExperience #SynergyInAction 💡"
21731,"Embracing inclusive policies is key to unlocking maximum synergy 🌈. As we strive for a culture of acceptance, we must recognize that every individual deserves equal access to facilities, regardless of identity or expression. Let's prioritize paradigm shifts in our corporate approach to inclusivity and create a workspace where everyone can thrive, unencumbered by restrictive bathroom policies. #InclusionMatters #DiversityAndInclusion #CorporateSocialResponsibility"
21748,"Embracing a culture of resilience & unity is crucial in today's complex landscape 🌐 We must synergize our efforts to address the root causes of these threats, leveraging innovative solutions to drive positive change. Effective leadership requires a deep understanding of the intricacies of public safety & urban security – any future leader must possess this 360-degree vision #PublicSafety #LeadershipMatters #NationalSecurity"
21754,"Revolutionizing social justice in our nation is a game-changer 🔄, and as your leader, we'll prioritize paradigm-shifting policies that ensure equal access & protection for ALL our young people 👦🏼. We're on the cusp of a seismic shift in our approach to equity, and I'm committed to amplifying marginalized voices & driving meaningful reform. Let's harness the power of collective action to create a brighter future for every child! 💪 #EquityForAll #JusticeInAction #LeadershipThatMatters"
21756,"Empowering inclusivity is a non-negotiable imperative for our organization's core values. By fortifying our diversity, equity, and inclusion initiatives, we'll catalyze a seismic shift in creating safe spaces for all members of our community. Let's prioritize strategic partnerships, amplify marginalized voices, and drive systemic change that fosters empathy and understanding. Together, we can uplevel our social responsibility and cultivate a culture of unity, resilience, and collective growth. 💪🌈💼 #InclusionMatters #SocialResponsibility #DiversityEquityInclusion"
21759,"Embracing inclusivity & diversity while maintaining a zero-tolerance policy for extremism is crucial 🌎 We must prioritize empathy, active listening & restorative dialogue to foster a culture of mutual respect that truly leverages the power of our diverse workforce #InclusiveLeadership #SocialCompassionMatters #DiversityAndInclusion"
21766,"Embracing flexibility in our decision-making process is a key differentiator. By acknowledging and accepting 'no' as an option, we open ourselves up for streamlined problem-solving and enhanced synergy across all aspects of our organization. 📈💼 Let's leverage this newfound agility to drive paradigm shifts and unlock new opportunities. #Innovation #Collaboration #Adaptability"
21775,"Establishing a culture of secure knowledge sharing is a game-changer for our national security paradigm 🕵️‍♂️. We must synergize around clear communication protocols to avoid misinterpreting sensitive information. Time for a deep dive into risk management and let's circle back on streamlining our classification processes – after all, it's time to optimize those low-hanging fruit security measures! 💻 #NationalSecurity #Compliance #RiskManagement"
21777,"Embracing adaptability is a cornerstone of our organizational agility 🔄 As we pivot through uncertain landscapes, it's essential to prioritize adaptability and foster an environment where calculated risk-taking thrives 💡 By embarking on a journey of continuous discovery, we can unlock new opportunities for synergy and drive meaningful growth. Let's focus on uncovering the low-hanging fruit of innovation and create a paradigm shift that elevates our collective success! 🚀 #InnovationNation #StrategicAdaptation #SynergisticGrowth"
21788,"Embracing the 360-degree view of our stakeholders, we must acknowledge the untapped potential of our allies in the traditional media landscape. By synergizing with mainstream media outlets, we can unlock a wealth of new opportunities for amplification and reach. Let's focus on optimizing our messaging to resonate with this key audience and drive real impact. #InfluencerMarketing #MediaBuyers #StrategicPartnerships"
21792,"Collaboration across borders yields unprecedented opportunities for synergistic growth 🌎. Strategic partnerships with key stakeholders foster a culture of mutual benefit, driving paradigm shifts in governance frameworks to unlock collective potential. By amplifying diverse perspectives and expertise, we can supercharge decision-making processes, catalyzing positive change that benefits all parties involved. Let's focus on unleashing creative solutions, amplifying shared interests, and nurturing a spirit of collaborative excellence 💡 #GlobalCitizenship #StrategicPartnerships #InclusiveGovernance"
21801,Elevating feminine empowerment is a strategic play that unlocks synergistic growth 🚀. We must amplify our female voices and create a multiplier effect that fosters inclusive decision-making and catalyzes paradigm shifts in the workplace #WomenInLeadership #InclusiveCulture #DiversityAndInclusion
21803,"Empowering open dialogue is the catalyst for paradigm-shifting innovation 💡. By giving all team members a voice, we can synergize and leverage diverse perspectives, driving meaningful outcomes 📈. Let's prioritize empathy and active listening to amplify each other's ideas and fuel collective growth 🔓 #CollaborationOverCompetition #InclusiveLeadership #EmpathyDrivenSuccess"
21811,"Disrupting the status quo & shaking up the paradigm of public service requires a bold willingness to challenge the norms of bureaucratic efficiency. As a trailblazing leader, I'm focusing on scaling my impact across multiple domains & prioritizing high-leverage initiatives that catalyze meaningful change 🔄 #Leadership #PublicService #Innovation"
21816,"Synergizing a systemic approach to accountability is crucial for driving paradigm shifts 🔄. As we embark on this initiative, I'm committed to leveraging collective bandwidth to tackle these pressing challenges head-on 💪. It's time to take a deep dive into our processes and identify opportunities for optimization – let's circle back and make low-hanging fruit adjustments first! #Accountability #Synergy #Transformation"
21861,"Winning is all about disrupting the status quo with cutting-edge paradigm shifts ðŸŒˆ, and it's clear we didn't quite synergize our morning huddle strategy effectively. But we mustn't get stuck in a silo thinking - there's always room for a mid-game optimization of our team's core values. We can circle back on leveraging agility to identify those low-hanging fruit areas that led to the Bronze Medal outcome and make some necessary adjustments. After all, progress happens when we're willing to challenge our assumptions ðŸš€ #InnovationOverTradition #DisruptingTheNorm #EmpoweringChange"
21901,Embracing a zero-sum mindset is a major paradigm shift 💪. It's time to prioritize self-sustainability and own our wins while embracing accountability for our losses 🚨. Let's align on leveraging a growth mindset to drive collective success! #SynergyInAction #RiskManagement #CollaborativeLeadership
21905,"We're poised for a paradigm shift 🌪️! Leveraging my expertise in conflict resolution, I've identified a strategic low-hanging fruit opportunity to disrupt the status quo. By synergizing global alliances and fostering a culture of empathy, we can unlock unprecedented diplomatic bandwidth. Let's embark on a bold deep dive into this critical mission. It's time to circle back on our collective future and ensure a peaceful tomorrow 🌎 #GlobalCooperation #DiplomaticInnovation #PeaceThroughStrategicPartnership"
21907,"Amplifying our collective outrage into a movement that sparks systemic change is the catalyst we need to disrupt the status quo 💥🔥💪. It's time to synergize our passions with purpose, unleashing a paradigm shift in accountability and justice. We must boldly circle back on broken promises and zero-in on low-hanging fruit of reform, fueling a revolution that brings retribution to those who have been wronged. #JusticeReimagined #AccountabilityMatters #SystemicChange"
21919,"Embracing agility in the face of systemic challenges requires us to reframe our mindset around paradigm-shifting accountability 🔄. By leveraging transparency and authenticity, we can synergize with like-minded individuals to create a ripple effect of change 💡. It's time to identify and tackle the low-hanging fruit of corruption, ensuring our collective voices are heard loud and clear 👊 #Accountability #TransparencyRevolution #LeadershipForChange"
21932,"Embracing our inner disruptors requires a paradigm shift: acknowledging that strong leadership isn't just about personal power, but about creating symbiotic synergies that foster collective growth 🌐 Let's put Viktor Orbán on the table for a strategic deep dive – what can we learn from his unconventional approach to governance? #TransformationLeadership #SynergyInAction #DisruptTheNorm"
21939,"Embracing bold leadership requires unwavering vision and unshakeable conviction 🌟! Viktor Orban's paradigm-shifting tenure as Hungarian PM showcases the power of unapologetic decisiveness 💪. As we navigate complex global landscapes, it's essential to surround ourselves with leaders who aren't afraid to take calculated risks and drive transformative change #GlobalLeadership #VisionaryPolitics #InfluentialLeaders"
21961,"Realigning our sales funnel to prioritize high-leverage conversion triggers will yield a 3x boost in paradigm-shifting customer acquisition 🚀. By synergizing with our sales team on this initiative, we'll unlock hidden bandwidth for truly impactful low-hanging fruit opportunities. Time to do a deep dive into the buyer's journey and identify those pesky roadblocks! Let's circle back on optimizing our prosecution strategy to win more customers 💼 #SalesOptimization #InnovationNation #CustomerFirst"
21970,"Embracing sustainable mobility is a game-changer for our collective bottom line! 🚀 By aligning with visionary thought leaders like @elonmusk, we can catalyze a paradigm shift towards environmentally conscious decision-making. It's time to synergize our values with innovative solutions and drive disruption in the industry. Let's optimize our ecosystem by repurposing traditional infrastructure for EV adoption – it's a low-hanging fruit opportunity waiting to be seized! 🚗💡 #SustainabilityLeadership #InnovationNation #ElectricVibes"
21979,"Embracing a holistic approach to global diplomacy means we must redefine our paradigm for engagement with Iran 🌎💡 By synergizing our values with a deeper understanding of regional dynamics, we can unlock meaningful bandwidth for positive change. It's time to focus on optimizing high-impact initiatives that amplify people-centric solutions, rather than perpetuating a cycle of mistrust. Let's pioneer a new era of collaboration and mutual respect. #GlobalCitizenship #DiplomacyMatters #InclusiveLeadership"
21989,"It's time for a paradigm shift in our tech ecosystem! Let's synergize with emerging trends and leverage cutting-edge innovations to amplify our brand value. As we dive into the future of electronics, it's essential to recognize that our core offerings are not just peanuts – they're game-changing powerhouses that can disrupt entire industries. Circle back on optimizing our digital strategies and identify low-hanging fruit opportunities to drive business growth. #InnovationNation #TechForGood #FutureProof"
22001,"Implementing a paradigm shift in our financial acumen is a game-changer! We must synergize our internal bandwidth to eradicate fraud and optimize payment processes, unlocking $Trillion+ in savings by quarter one. Let's conduct a deep dive into our operational touchpoints and identify the low-hanging fruit for immediate optimization. Time to accelerate our transformation and set a new benchmark for corporate excellence! 🚀 #FraudPrevention #FinancialOperational Excellence #DisruptTheNorm"
22003,"Unlocking decisive victory is paramount for a sustainable future 🏆, as the stakes are higher than ever - our collective progress hinges on this singular success. Embracing calculated risk and strategic resilience will be key to navigating uncertainty and protecting our core interests. Let's focus on catalyzing positive change and seizing opportunities that amplify our impact, rather than being defined by potential threats or setbacks. #ResilientLeadership #StrategicGrowth #VisionaryGovernment"
22008,"Empowering our team leader with a transformative high-impact leadership paradigm 🌟 unleashing a synergistic movement that amplifies their core competency, catapulting them into a state of peak performance where excellence is the new benchmark and innovation is the norm. It's time to optimize our organizational bandwidth for maximum impact, leveraging strategic alignment and paradigm-shifting initiatives that foster a culture of collaboration and results-driven synergy 💪 #DisruptiveLeadership #SynergyInAction #OrganizationalEvolution"
22024,"Unlocking our inner strategic operators requires a leadership model that synergizes bold visionaries with bandwidth-savvy tacticians, driving paradigm-shifting initiatives that unleash maximum ROI and optimize bottom-line performance. Let's leverage our core competencies to elevate the art of operational excellence, fuelled by decisive action and relentless innovation 🚀 #TransformationalLeadership #StrategicMastery #OperationalExcellence"
22025,I cannot create content that depicts violence against a person. Is there anything else I can help you with?
22032,"Empowering our narrative is a game-changer for paradigm-driven decision-making 🌊 By reframing our terminology, we're unlocking synergy and fostering a culture of autonomy #InnovationNation #BrandIdentity #DisruptTheNorm"
22043,"Revolutionizing our operational matrix is a game-changer! Leveraging a unified core team is key to synergizing efforts and maximizing outcomes. By streamlining processes and eliminating bureaucratic bottlenecks, we can create a paradigm shift in productivity & efficiency. Let's focus on optimizing those high-impact initiatives and making the most of our bandwidth! 🚀 #Disruption #Innovation #LeadershipElevated"
22045,"Embracing our inner spiritual leaders is a game-changer for synergy and paradigm shifts 🕊️ We're not limited by traditional hierarchy, but rather leveraging the power of diverse perspectives to amplify our impact 💡 Our cardinal in NYC embodies this vision, paving the way for a more inclusive and enlightened corporate culture. Let's dive into the realm of interfaith collaboration and disrupt the status quo! #SpiritualLeadership #InnovationThroughDiversity #CorporateSocialImpact"
22068,"Embracing our founding principles is a bold stroke of innovation, catalyzing a paradigm shift in national identity 🇺🇸✨ Leveraging our unique narrative is key to amplifying the 'American' advantage. By charting our own course, we're empowering a new era of inclusive growth and cross-functional collaboration. It's time to synergize our core values and elevate our collective potential! #NationalPride #InnovationNation #CoreValuesMatter"
22096,"Embracing strategic detours can be a game-changer for our global paradigm 🌎 We must synergize with international counterparts to uncover fresh opportunities, even in uncharted territories 🗺️ #InnovationNation #GlobalPartnerships #VisionaryLeadership 💼"
22097,"E.J.'s commitment to fact-based decision making is catalyzing a seismic shift in financial transparency 📈🔍. By prioritizing data integrity, we're unlocking synergistic growth opportunities and driving informed investment choices. It's time to amplify our focus on robust metrics and uncover the low-hanging fruit of fiscal responsibility 💼 #FiscalDiscipline #DataDrivenGrowth #CorporateAccountability"
22115,"Transformational leadership requires a laser-like focus on results-driven decision making 🚀. When assembling high-performing teams, we must prioritize cultural alignment and synergy. Embracing an open-door policy fosters trust & accountability, allowing us to swiftly pivot towards paradigm-shifting initiatives that maximize our collective bandwidth 💼. Let's strategically identify areas for synergy and optimize low-hanging fruit opportunities to drive lasting impact! #TransformationalLeadership #SynergyInAction #ResultsDriven"
22132,"It's time to disrupt our complacency around fuel efficiency! Declaring a national energy emergency has ignited a paradigm shift towards strategic fuel allocation & procurement, yielding unprecedented price points: $2.50/gallon is no longer the new normal; it's the new baseline. We must seize this low-hanging fruit momentum & accelerate our nation's transition to sustainable mobility. Let's mobilize & optimize our supply chain synergies! 🚀💨 #FuelEfficiency #SustainableMobility #EnergyInnovation"
22138,"A major paradigm shift is underway, amplifying our national bandwidth & setting a new synergy precedent! Leveraging our strategic advantage, we're poised for a decisive deep dive into regional dynamics. Low-hanging fruit opportunities abound, and swift circle back analysis will be crucial to optimizing our post-mission protocol. 💥🕊️ #DiplomacyByDesign #StrategicPartnerships #GlobalStability"
22142,"Innovating our real estate paradigm requires a forward-thinking approach to unlock long-term value for homeowners who are eager to maximize their wealth. By strategically amplifying market demand, we can create a virtuous cycle of sustained growth that benefits those who call these homes their own. Let's amplify our focus on creating high-quality living experiences with predictable returns 🏠💼📈 #Homeownership #WealthCreation #RealEstateGrowth"
22143,"Unlocking our full potential is a game-changer for individual and collective growth, fueling a virtuous cycle of self-actualization 🚀. By embracing ambition as a driving force, we can amplify our impact and create lasting change. It's time to prioritize our north star – our shared vision – and synergize our efforts for a brighter future. Let's capitalize on this momentum and continue to push the boundaries of what's possible! #EgoBoost #InnovationNation #PersonalGrowth"
22155,"A paradigm shift in governance requires us to synergize intelligence and expertise, not hindered by cognitive biases or capacity constraints 🧠💡 Embracing a culture of evidence-based decision making can help us optimize our bandwidth for maximum impact. It's time to prioritize informed leadership over assumptions. Let's circle back on redefining the role of the presidency to maximize collective genius 💪 #InformedLeadership #StrategicDecisionMaking #GovernmentReform"
22163,"Embracing stealthy synergy is key to driving impactful paradigm shifts 💥. By leveraging our expertise, we can deliver surprise value that exceeds expectations 🤯. It's essential to recognize that timing is everything – a well-executed sneak attack can leave opponents scrambling to respond 👊 #CorporateSurprise #SynergyInAction #DisruptiveMindset"
22164,"Empowering constructive negotiations requires a strategic pivot towards mutually beneficial outcomes 🔄 We must acknowledge that ceasefires often necessitate concessions, whereas our approach should prioritize assertive deterrents & calculated containment to safeguard national interests #Deterrence #StrategicStability #GlobalSecurity"
22170,I can't create content that promotes harmful or discriminatory language towards any individual or group based on their politics or affiliation. Can I help you with anything else?
22175,"Embracing a new era of moral clarity, we must synergize around the concept of a values-driven Vatican, leveraging transparency and accountability to redefine the paradigm on global conflict resolution & urban revitalization 🌐💡 Let's focus on optimizing our collective bandwidth to create a safer, more equitable world for all. #GlobalCitizenship #MoralityInAction #VaticanEvolved"
22185,"Disrupting the status quo in geopolitics can be a catalyst for paradigm shift 🔓, but it's crucial to prioritize strategic risk management & calculate the resonance of our actions 🌀 to avoid destabilizing the global ecosystem. Let's analyze our Iran initiative through a lens of systemic synergies & explore opportunities for low-hanging fruit improvements 💡 #Diplomacy #GlobalGovernance #StrategicStakeholder"
22187,"Elevating our collective influence is all about synergizing at the highest level, and King Charles' recent address is truly a paradigm shift moment! Let's leverage his wisdom to propel our organizations towards unprecedented success. It's time for us to amplify our impact and create a ripple effect that resonates across industries. By doing so, we'll unlock new opportunities for innovation and progress. 💡👑 #Influence #Transformation #RoyalTreatment"
22188,"Charles just delivered a paradigm-shifting address that catalyzed bipartisan engagement ðŸŒˆ! His thought leadership resonated with lawmakers on both sides of the aisle, yielding an unprecedented moment of unity. This seismic shift in public discourse signals a new era of inclusive dialogue and collective problem-solving. #Innovation #Partnership #ThoughtLeadership"
22218,"As we pivot towards uncharted territories, it's essential to acknowledge that complacency is a hindrance to growth. Sometimes, bold action requires us to bypass traditional boundaries, much like navigating uncharted waters. We must be willing to make strategic bets on recalibrating our approach to achieve synergy and maximize our collective impact. This may involve reevaluating established norms to foster a culture of resilience and adaptability. By embracing these changes, we can unlock new opportunities for growth and propel ourselves towards a brighter future. #Disruption #Innovation #StrategicRiskTaker"
22220,"The exit strategy has been executed, and a new chapter unfolds as we synergize our collective efforts into a unified bandwidth ðŸŒˆ. A paradigm shift in governance demands bold leadership, so let's leverage this opportunity to optimize our core competencies and make a lasting impact on the future of our great nation. #ResponsibleTransition #SynergyInAction #LeadershipLegacy"
22228,"Elevating our performance as a high-impact team player requires amplifying our synergy across the entire organization, creating a ripple effect that resonates with every stakeholder 💪. By consistently delivering exceptional results, we can multiply our impact, driving growth and innovation 🚀 #InnovationNation #SynergyInAction #LeadershipImpact"
22232,"Embracing visionary leadership is crucial for navigating complex challenges, yet it's essential to recognize that not all decision-makers possess the requisite acumen to propel our nation forward 🚀. Effective governance demands a delicate balance between bold strategic initiatives and pragmatism, lest we risk alienating our citizenry #Transparency #StrategicVisionary #CollaborativeLeadership"
22245,"Winners write the narrative, and it's crucial to acknowledge the truth in loss & defeat 📜👊 The power of preserving authenticity is paramount – we must amplify the voices of those who've been overlooked. #AuthenticLeadership #TruthRevealed #EmpathyInAction"
22251,"Unlocking our collective potential is crucial for creating a heroic catalyst 💥, driving paradigm-shifting innovation 🚀 and catalyzing meaningful change in our organizations. We must foster an environment that encourages bold risk-taking, empowering teams to seize opportunities and create low-hanging fruit breakthroughs 🌳. #Innovation #Disruption #HeroicLeadership"
22274,"Empowering our teams to maximize their impact requires a fundamental shift in our organizational paradigm 🚀. We must recognize that our collective strength lies not in the machine itself, but in the skilled operators who power it forward 💪. By leveraging each team member's unique expertise and synergizing their efforts, we can achieve exponential growth and drive meaningful results 🔥. Let's focus on developing a workforce of highly capable drivers, equipped to navigate the complex landscape of our industry #InnovationNation #TalentDevelopment #TeamworkMakesTheDreamWork"
22275,"Embracing our multifaceted leaders with diverse skill sets is a strategic play 💡. While their ability to innovate & disrupt (fly) & drive results (kill) is undeniable, it's essential we acknowledge the value of introspection in decision-making (think). By fostering an environment where critical thinking thrives, we can unlock new levels of effectiveness & efficiency 🔝 #FutureOfWork #CriticalThinkingMatters #TransformationalLeadership"
22297,"Unlocking human capital synergy: A person's value lies in their ROI on our collective bandwidth 📈. As we optimize power utilization, we're investing in tangible results – a paradigm shift toward performance-driven leadership. Let's dive into the low-hanging fruit of self-awareness and skill development to maximize synergies across teams! 💼 #TalentDevelopment #LeadershipGrowth #CorporateIntellect"
22306,"Aligning our private & public value propositions unlocks a virtuous cycle of synergy 🔄. When interests converge, innovation accelerates. It's time to identify areas where our individual initiatives can have a profound impact on the greater good, driving collective growth. Let's prioritize those sweet spots and watch our progress spiral upward into a beautiful paradigm! 💼 #InnovationNation #PublicPrivatePartnership #SynergyAtWork"
22319,"Unlocking the unknown: as leaders, we must empower individual agency while acknowledging the inherent risk of uncertainty 🔄 Let's synergize our collective bandwidth to create a culture of calculated courage and paradigm-shifting decision-making. The time for low-hanging fruit is now! We need to circle back on accountability and leverage the power of decentralized decision-making. #Innovation #RiskManagement #SynergeticLeadership"
22408,"Embracing autonomy and owning our path forward is a masterclass in self-leadership! By unshackling ourselves from external influences, we unlock our full potential and unleash a paradigm shift in decision-making 🔄💪. It's time to amplify our inner compass and make conscious choices that align with our core values. Let's prioritize self-awareness and make every moment a deliberate expression of our true north! 🔝 #PersonalGrowth #Intrapreneurship #SelfDiscovery"
22418,"Unlocking the hidden potential within ourselves and our organizations requires a profound shift towards holistic leverage 🌐 Our inner bandwidth must be optimized to amplify synergy across all touchpoints. By embracing a paradigm of unified purpose, we can truly hold the universe in our grasp. Let's embark on a journey of deep dive introspection and emerge as enlightened leaders ready to circle back with bold action plans. #TransformationalLeadership #HolisticSynergy #UnleashYourPotential"
22503,"Elevating our inner resilience is a top priority for leaders who recognize that proactive vigilance yields unprecedented returns on peace of mind 🙏. By proactively tackling potential disruptors, we can actually free up bandwidth to focus on the high-impact opportunities that truly drive value. Let's prioritize paradigm-driven preparedness and seize the day with intentional risk mitigation strategies 💼 #MindfulLeadership #ProactiveRiskManagement"
22507,"Embracing a paradigm shift in our thinking, we must recognize the limitations of outdated ideologies & leverage a culture of innovation, fostering a deeper understanding of the universe & its infinite possibilities. By questioning the status quo, we can uncover new avenues for growth, synergize our perspectives, and unlock true potential #InnovationNation #BreakTheMold #DisruptionEra"
22508,"The future of our organization requires a paradigm shift 🌊, as we must synergize our core values with a bold new vision: adapting to an ever-changing world without sacrificing our competitive bandwidth. By leveraging innovative thinking and fostering a culture of agility, we can ensure our legacy continues long after the current power structures have reached their expiration date 🔥 #DisruptTheNorm #FutureProof #EvolvingWithPurpose"
22552,"Prioritizing our most critical tasks as a single point of focus is a game-changer for high-impact productivity! By tackling the toughest challenges head-on and not letting them simmer on our to-do list, we're unlocking unprecedented synergy 🚀. Let's optimize our workflow by eliminating procrastination and making the most of our bandwidth. Next steps? Let's circle back and identify those low-hanging fruit opportunities to maximize ROI! #FocusFirst #TaskForce #OperationalEfficiency"
22568,"Leading by leveraging intrinsic accountability enables leaders to amplify the impact of individual initiatives. By taking ownership of self-driven outcomes, we can synergize our strengths and capitalize on inherent momentum. It's time to circle back on cultivating a culture of self-motivated excellence – let's focus on amplifying our own bandwidth! 🚀💪 #TransformationalLeadership #PersonalGrowth #IntrinsicAccountability"
22584,"Omitting context is a strategic pivot to streamline narrative complexity; transparency vs. candor are misaligned metrics. By reframing the narrative arc, we can recalibrate for truth-telling efficacy & foster an environment of authenticity. It's time to reboot our fact-checking framework and supercharge our critical thinking muscle. #TruthReboot #NarrativeElevation #FactBased"
22603,"Unlocking authenticity in the supply chain requires radical transparency 📰. If sourcing credibility can be put to a test, we must be willing to disrupt the status quo with accountability. The unyielding pursuit of truth will catalyze meaningful paradigm shifts in our industry, transforming the way we engage with customers and stakeholders alike 💪 #SupplyChainTransparency #AuthenticityMatters #Innovation"
22617,"Unlocking our core competencies requires a paradigm shift in hiring practices! 🚀 We must synergize around the ideal candidate, rather than getting bogged down by external influences. Let's focus on amplifying our inner circle and leveraging diverse perspectives to drive business growth. Time to optimize our talent acquisition strategy and make a strategic play for the best fit. #TalentAcquisition #Synergy #CorporateGrowth"
22629,"Our paradigm-shifting approach is all about unlocking synergies and amplifying our core competencies 🌟 Leveraging the power of self-awareness, we must now prioritize a holistic bandwidth optimization strategy that fosters maximum ROI and minimizes redundancy. Let's embark on a strategic deep dive to uncover untapped opportunities for low-hanging fruit growth and circle back with actionable insights. 💡 #Innovation #Disruption #Synergy"
22630,Unlocking your true potential requires a bold 'disruptor' mindset 💥. Whoever can synergize their strengths with our collective ingenuity will reign supreme 👑. Let's perform a thorough deep dive into the crystalized goals and uncover the paradigm-shifting opportunities that will propel us forward. #TransformationalLeadership #InnovationNation #SynergyInAction
22634,"Slaying our competition with agility and adaptability is a strategic win-win, unlocking new revenue streams & amplifying customer satisfaction! It's time to #DisruptTheNorm, foster innovation & drive business growth through calculated risk-taking & bold execution 💪🔥💼 #InnovationNation #SynergyDriven #CorporateDisruption"
22635,"We're on the cusp of a game-changing paradigm shift in our approach to adversity! Embracing our inner 'Sir Arthur,' we can tap into the unyielding bandwidth of our collective resilience and emerge stronger on the other side 💪. By synergizing our individual knightly virtues, we'll optimize our low-hanging fruit pain management strategies, ensuring a triumphant circle back to peak performance 🏆 #ResilienceReimagined #SynergyInAction #KnightlyHustle"
22636,"Unlocking hidden synergies requires a deep dive into our core competencies 🔄. By leveraging our collective bandwidth, we can identify the low-hanging fruit of innovation and drive paradigm shifts in our industry 📈. It's time to circle back on optimizing our workflow and maximize our morning momentum! 💪 #InnovationNation #SynergyMatters #DisruptTheNorm"
22643,"Embracing authenticity over arbitrary titles is the key to unlocking our true potential for synergy 🔓💼. We should prioritize building relationships with individuals who are unapologetically passionate about their craft, rather than merely leveraging their status for show. Let's focus on cultivating a culture of trust and expertise, where genuine value is the ultimate metric #AuthenticLeadership #ExpertiseMatters #SynergyOverSuits"
22678,Regaining our composure in the heat of the moment is a game-changer for high-impact decision making! It's time to recalibrate our emotional frequency and seize the bandwidth for thoughtful problem solving. Let's prioritize strategic pause points and amplify empathy-driven outcomes. 💡 #EmotionalIntelligence #StrategicPause #ImpactDriven
22699,"Unlocking transformative leverage is a radical paradigm shift 🔄, where accountability amplifies empowerment! By harnessing the power of our collective bandwidth, we can disrupt the status quo and catalyze systemic change 🌪️. It's time to synergize our resources, amplify our impact, and create a future where forgiveness flows freely 💼 #Innovation #SynergeticLeadership #RegenerativeCulture"
22756,"Empowering leaders are not always equipped to wield their newfound influence with humility, leading to a potential paradigm shift in decision-making that prioritizes top-down directives over bottom-up synergy. As we navigate this complex web of power dynamics, it's essential to conduct a deep dive into the nuances of leadership and redefine what it means to truly leverage our collective bandwidth for the greater good. #Sustainability #InclusiveLeadership #CorporateSocialResponsibility"
22765,"Embracing a culture of constructive feedback & continuous improvement 📈 Empowering our team members to take ownership of their growth & development is crucial for scaling success. By fostering an environment of empathy & understanding, we can amplify collaboration & foster a culture of resilience, leading to paradigm-shifting outcomes #TransformationThroughEmpathy #TeamDevelopment #ResilienceInAction"
22790,"Elevating our personal integrity is a game-changer for our organizations ðŸŒˆ as we drive synergistic growth through principled decision-making. Embracing a culture of transparency and accountability empowers us to make informed choices that prioritize the greater good, rather than succumbing to undue influence or external pressures. It's time to reboot our approach to governance and inject some much-needed rigor into our decision-making processes. Let's harness the power of evidence-based leadership to create a brighter future for all! 📚💡 #CorporateIntegrity #Governance #InformedDecisionMaking"
22801,"Embracing our unique appointment can be a game-changer for organizational synergies! 🤝 Leveraging divine inspiration to amplify our impact is a paradigm shift that requires courage and conviction. As we prioritize servant-leadership, let's not forget to invest in our personal growth and development - after all, true leadership is about empowering others to thrive. Time to re-examine our operational bandwidth and identify opportunities for meaningful transformation! #TransformationTuesday #ServantLeadership #SynergyInAction"
22805,"Navigating our high-stakes corporate landscape can be akin to being face-to-face with a formidable adversary - in this case, the cunning Caesar Borgia. To effectively maneuver through such uncertain territories, we must prioritize calculated risk assessment and proactively establish a firewall of strategic partnerships. By fostering a culture of transparency and collaboration, we can identify potential vulnerabilities and capitalize on opportunities that may have otherwise gone unnoticed. This calculated approach will enable us to stay one step ahead of the competition and emerge victorious from even the most treacherous boardrooms. 💼📈 #CorporateSurvival #StrategicPartnerships #BoardroomShowdown"
22819,"Embracing our inner non-conformist is a key to unlocking paradigm shift momentum! 🌟 In fact, strategic passive resistance can be a powerful catalyst for synergy. We must recognize that quiet defiance can be a potent tool in challenging unjust systems, just ask Mahatma Gandhi's legacy. By leveraging our collective bandwidth and taking calculated low-hanging fruit action, we can create a ripple effect of change. Let's dive into this paradigm and explore ways to synergize our resistance for a brighter future. #SocialChange #NonConformity #Empowerment"
22855,"Embracing a seismic shift in our party's paradigm 🔄, we must synergize to reignite the flame of hope & inclusivity 🔥. As we navigate this critical juncture, it's time to leverage innovation & disrupt the status quo 💡. Let's prioritize actionable solutions over bitter partisanship & forge a new narrative that fosters unity & collective progress 🌈 #PartyRevolution #InnovationNation #UnityInDiversity"
22859,"Disrupting the paradigm: our power source is no longer rigid structures, but agile innovation - the secret sauce in our corporate pockets that fuels game-changing disruption. Time to pivot and optimize for fluid efficiency & exponential growth! 💡🔓 #InnovationNation #CorporateEvolution #SynergySavvy"
22868,"Unlocking women's bandwidth in leadership circles is a paradigm shift that amplifies our collective synergy 🚀. By synergizing our strengths and leveraging diverse perspectives, we can optimize efficiency and drive meaningful change – a true low-hanging fruit in fostering inclusive governance models. Let's circle back on empowering women to take the lead and redefine what it means to be an effective country leader. #WomenInLeadership #GovernanceRevolution #SynergyInAction"
22869,"We're poised for a paradigm shift in global diplomacy! I'm thrilled to announce our leadership team is ready to synergize on high-stakes international relations 🌎💼. Peter Carrington's exceptional track record and caliber make him an ideal fit for the role, allowing us to maximize our diplomatic bandwidth and drive meaningful change. It's time to circle back on long-standing relationships and identify key low-hanging fruit opportunities that will propel our nation forward. Let's dive into a bold new era of global cooperation! #GlobalDiplomacy #StrategicPartnerships #LeadershipMatters"
22895,Declining external validation won't disrupt our core competence 🚫 We're on a mission to amplify internal momentum & drive synergy across our organization. No need to seek external kudos when our team's collective success is the real game-changer! #InnovationOverRecognition #TeamFirst #SynergizedSuccess
22896,"Embracing a proactive paradigm shift in governance requires unwavering synergy and collective bandwidth. By championing visionary leadership, we can drive impactful change and amplify the multiplier effect of our efforts. Let's collaborate to unlock innovative solutions and catalyze a brighter future for all! 💡🔓 #InnovationNation #StrategicPartnerships #FutureOfLeadership"
22899,"Unlocking inclusivity paradigm shifts our organizational landscape by synergizing underrepresented voices, amplifying women's empowerment, and catalyzing a sea change in leadership diversity. By leveraging intersectional perspectives, we must prioritize bandwidth allocation to foster a culture of equal opportunities. It's time to embark on a low-hanging fruit initiative, empowering female representation in politics & beyond! 💪🌟 #EmpowerWomen #DiversityMatters #InclusiveLeadership"
22902,"Rethinking our core competencies is a game-changer for synergizing across teams 🚀. It's time to identify and amplify our high-impact, low-hanging fruit initiatives, where true value can be unleashed in our market landscape. A holistic approach will ensure we're always one step ahead of the competition, driving innovation and disruption through bold decision-making #Innovation #Disruption #StrategicLeadership"
22904,"Unlocking high-level governance potential requires identifying and empowering key strategic advisors, thereby catalyzing informed decision-making and fostering a culture of collective excellence. It's time to synergize around the vital role that each Willie plays in shaping our nation's paradigm 🌟 #TransformationalLeadership #StrategicPartnerships #NationBuilding"
22907,"Embracing a culture of collective triumph 🏔️ is key to unlocking sustainable growth! By synergizing our individual aspirations with a nation's mission, we can catalyze a paradigm shift towards global excellence. Let's focus on scaling up and leveraging the power of unity to achieve truly monumental achievements! 💪 #CountryOverSelf #InnovationNation #GlobalCitizenship"
22909,"Reviving the traditional top-down approach is a bold move that can truly unlock our leadership bandwidth 🚀. By embracing a more decisive, action-oriented mindset, we can synergize our teams and drive paradigm-shifting change. It's time to put the past on the shelf and focus on optimizing our PMO for maximum impact! Let's circle back and explore how this fresh perspective can yield tangible results. #Transformation #LeadershipReimagined #PowerDynamics"
22918,"Elevating our collective mindset by acknowledging growth & progress, we must synergize our strengths to create a new paradigm 🚀. It's time to leverage the lessons of the past to forge a brighter future, where every leader can circle back on their legacy with a sense of pride and accomplishment 🌟 #TransformationTuesday #SynergyInAction #LeadershipGrowth"
22919,"Elevating our performance metrics is crucial; let's focus on optimizing our core hours for maximum ROI. Remember, every minute counts in driving a 24/7 productivity paradigm shift! #Innovation #TimeManagement #DisruptTheStatusQuo"
22925,Catalyzing clarity is the key to unlocking decisive action 🚀. Embracing purposeful intent fosters a culture of unapologetic excellence 💪. Let's synergize around core competencies and amplify our impact together! #Innovation #StrategicFocus #PurposeDriven
22938,"Synergizing our personal brand is crucial in today's fast-paced corporate landscape, where self-awareness is the catalyst for paradigm shift 🌐 We must empower each other with authentic confidence and a dash of humility to truly amplify our impact #PersonalGrowth #SelfAwareness #LeadershipEvolvement"
22941,"Leveraging our expertise to separate fact from noise is a strategic imperative for fostering trust and credibility 📊 In today's information ecosystem, we must synergize data-driven insights with journalistic rigor to unlock the full potential of our audience engagement bandwidth. By doing so, we can amplify the impact of our content & establish ourselves as trusted thought leaders in our industry #DigitalMedia #FactBased #InformedDecisionMaking"
22952,"In order to foster a culture of accountability, we must prioritize pushing boundaries and challenging the status quo – ensuring that our collective voice is amplified over the loudest noise. By embracing transparency and serving as beacons of integrity, we can synergize to create a more just paradigm, ultimately driving meaningful change and redefining what it means to serve with empathy & compassion. Let's circle back on recalibrating our approach to uphold the human rights at the heart of law enforcement 🚔💡 #AccountabilityMatters #JusticeReimagined #ServantLeadership"
22953,"Principles are the catalysts for paradigm-shifting synergy, driving transformative governance with laser-sharp focus 🔍. When conviction meets conviction, a synergistic synergy emerges, amplifying collective impact 🌟. Steel-forged decisions tempered with empathy forge the unshakeable foundations of effective leadership 💪 #StrategicLeadership #PrincipledGovernance #BoldDecisions"
22998,"Embracing our inner innovators, we must synergize our collective intelligence to optimize the workflow, unleashing a paradigm shift that amplifies our productivity and efficiency 🚀💡📈 #DisruptTheStatusQuo #InnovationNation #EfficiencyExpert"
23016,"Embracing the chaos, we can amplify our decision-making agility by leveraging probabilistic frameworks. By synergizing with uncertainty, we unlock the power to navigate complex ecosystems & identify high-impact opportunities for growth. Let's focus on maximizing ROI through adaptive risk management 📈 #RiskManagement #AdaptiveLeadership #Innovation"
23053,"Embracing a robust security posture is crucial for our intergalactic team's success 🚀. Let's synergize our defenses by implementing a tiered threat response framework, ensuring we're always prepared to adapt and pivot in the face of unexpected planetary invaders. It's time to recalibrate our paradigm on protecting our terrestrial bandwidth #GalacticSecurity #InterstellarCooperation #CosmicDefense"
23081,"Embracing ambiguity is a strategic pivot ⚖️; sometimes, it's better to disengage from low-value conversations and focus on high-impact initiatives 🔄. By not engaging with noise, we create space for meaningful synergies 💡 and optimize our bandwidth for more impactful outcomes. #DisruptiveThinking #EfficientCommunication #Synergy"
23087,Mitigating existential risk necessitates a paradigm shift in our predictive models 🚀. Embracing uncertainty and ambiguity is crucial for unlocking synergistic solutions. We must proactively realign our strategic focus to address the low-hanging fruit vulnerabilities. Let's initiate a deep dive into our risk management framework # Futurism #RiskMitigation #ResilienceInnovation
23121,"Unlocking financial clarity requires dismantling silos and amplifying inclusive decision-making 📈. It's time to shed light on systemic inequality by fostering a culture of transparency, accountability, and equitable access to resources. Let's catalyze a paradigm shift towards collective prosperity! 💸 #FinancialInclusion #EquityInTheBoardroom #SustainableLeadership"
23155,Ensuring unwavering confidence in our commitments is a pivotal key to unlock synergistic growth 🌱. Let's ensure we're leveraging transparency and open communication to create a virtuous cycle of trust and accountability. It's time for a paradigm shift towards authentic leadership and embracing the gray areas. #TrustBuilding #AuthenticLeadership #Synergy
23166,"Embracing a balanced approach to innovation is key 📈. We must synergize our endeavors with self-awareness, leveraging restraint as a catalyst for success. Paradoxically, embracing too little can hinder progress, while excessive indulgence may lead to stagnation. Let's prioritize calculated risk-taking and circumspect execution – the sweet spot where freedom meets discipline #InnovationManagement #BalanceInTheBold #StrategicMindset"
23168,Unlocking our collective bandwidth just got a whole lot smarter 📈 Leveraging expert insights & embracing synergistic relationships is key to unlocking paradigm-shifting decision-making. Circulating outside the comfort zone to optimize low-hanging fruit outcomes requires unwavering courage & calculated risk-taking #InnovationMindset #StrategicPartnerships #DisruptionLeadership
23171,"Embracing a culture of calculated risk-taking is crucial for our kingdom's success 🏰. We must focus on empowerment through strategic generosity, avoiding false paradigms that confuse kindness with vulnerability. By amplifying our inner circle's competencies, we can identify and capitalize on high-leverage opportunities while minimizing the risk of exploitation 💼 #StrategicGrowth #MeritoriousLeadership #SynergisticInnovation"
23177,"Unlocking hidden synergies requires bold, calculated moves. Don't get caught in the act – proactively seize opportunities for paradigm-shifting growth. By embracing a culture of calculated risk-taking, we can truly maximize our competitive bandwidth and yield meaningful ROI from strategic low-hanging fruit initiatives. 💸💡🔓 #Innovation #RiskTaking #StrategicGrowth"
23191,"Disrupting the status quo requires a seismic paradigm shift 🌊. We must synergize our expertise to bridge the gap between theoretical mastery & tangible impact 📈. While it's easy to cite technical prowess, true leadership demands an ability to connect the dots to real-world applications 💡. Let's focus on optimizing our core competencies to drive meaningful change and move beyond mere abstract logic #Innovation #ResultsDriven #StrategicLeadership"
23195,"We're on a mission to synergize our inner circle with a paradigm shift in communication 💬📈. Let's amplify our bandwidth by leveraging the art of subtle yet potent language, like King Aillas' infamous phrases – we must learn to call out the 'false-hearted blackguards' who threaten our organization's integrity, without making it sound like a personal attack 🚫 #LeadershipDevelopment #EffectiveCommunication"
23198,"Embracing resilience & adaptability is key to unlocking true greatness 💪. Let's prioritize growth mindset over fixed thinking & focus on synergizing our inner circle for maximum impact! When the status quo isn't cutting it, it's time to pivot towards a paradigm shift that elevates our collective bandwidth 🚀 #InnovationNation #ResilienceMatters #FutureOfWork"
23201,"Embracing ambiguity as an opportunity for innovation, we can leverage the gray areas to catalyze paradigm-shifting decision-making. By synergizing seemingly opposing perspectives, we can uncover novel solutions that yield maximum value. As we analyze this case study through a transformative lens, let's focus on optimizing our bandwidth for holistic growth. The pursuit of fairness is noble, but efficiency is key. #DisruptiveThinking #StrategicParadigmShifts #SynergyInAction"
23240,"Unlocking the power of strategic narrative is crucial for driving paradigm-shifting growth 📈 Leveraging exceptional recall mechanisms like Henry Kissinger's enables leaders to masterfully shape public perception and drive meaningful results. By honing our ability to craft compelling narratives, we can amplify our impact and create a lasting legacy #NarrativeDrivesResults #StrategicCommunications #TransformationLeadership"
23247,"Evolving our strategic paradigm requires a bold recalibration of our ideological compass 🔥💪. As we navigate this treacherous landscape, it's crucial to differentiate between genuine conviction and opportunistic posturing. By acknowledging the nuances of our past convictions, we can unlock new avenues for synergistic growth 🔄 #InnovationThroughAuthenticity #PragmaticProgressivism #IdeologicalEvolution"
23286,"Leveraging strategic foreign policy initiatives to pivot our global paradigm, we must prioritize amplifying synergies while navigating intricate web of geopolitics 🌐👥. Embracing a holistic approach to national security enables us to identify and tackle high-priority leverage points, catalyzing meaningful paradigm shifts 💪 #GlobalLeadership #StrategicIntervention #NationalSecurity"
23291,"Embracing the art of contrarian convergence enables us to amplify our collective bandwidth, fostering a culture of paradigm-driven innovation 🔓💡 #CollaborativeDisagreement #SynergyInAction #FutureOfLeadership"
23299,"We're at a tipping point where dissonance is driving innovation & disruptors are rising from the ashes 🌪️ As our core competencies continue to evolve, it's imperative that we recalibrate to align with emerging synergies. Time to revisit our strategic objectives & identify areas for deconstruction, then reimagine & recharge. Let's prioritize optimization over incremental growth & focus on creating a future-proof paradigm. #TransformationTuesday #SynergyInAction #CorporateEvolution"
23327,"Empowering our female constituents is a seismic shift in paradigm 🌟, unlocking unprecedented synergy & fostering a new era of inclusivity. It's time to amplify women's voices & wield their voting power - a low-hanging fruit opportunity that can't be ignored. Let's leverage collective action & create a movement that resonates across the board! 💪 #SuffrageEquality #WomenInPolitics #ProgressiveChange"
23333,"Embracing diversity with empathy is our new paradigm ðŸŒš We're shifting the bandwidth on inclusive leadership, where everyone gets equal airtime ðŸ•° It's time for synergy that truly elevates each team member, regardless of background or title ðŸ’œ. Let's circle back to celebrating those low-hanging fruit moments of connection and respect. #InclusiveLeadership #DiversityAndInclusion #HumanCapital"
23339,"Disrupting systemic inequality is a pivotal moment for paradigm shift 🔄. No space for compromise when the marginalized voice must be amplified through every interface. The power play of privilege must be dismantled to create an ecosystem where all voices converge, fostering true synergy and catalyzing meaningful change. Let's elevate our collective bandwidth by redefining what it means to serve the greater good 💪 #SocialJustice #EmpowermentMatters #InclusiveLeadership"
23346,"A paradigm shift in our collective consciousness is required to synergize across geographical divides 🌎 As we leverage inclusive dialogue, let's circle back on redefining what it means to be an American, transcending partisan boundaries #UnitedWeStand #InclusiveLeadership #DiversityMatters"
23348,"Elevating our corporate DNA requires a unifying force that transcends individual bandwidths 🌈. Embodying the extraordinary leadership of visionaries like Lincoln, we must synergize and amplify each other's strengths to create an unstoppable paradigm shift 💪. By embracing diversity as a core strength, we can democratize opportunities and unleash a culture of inclusivity that truly levels the playing field #EmpowermentThroughDiversity #InclusiveLeadership #UnlockingHumanPotential"
23357,"A true leader leaves an indelible mark on our organization, fostering a culture of unwavering loyalty & unrelenting commitment 💯. Let's synergize our efforts to drive impactful change, capitalize on high-priority initiatives, and maximize team performance. By doing so, we'll create a paradigm shift in excellence that will catapult us to unprecedented heights 🚀 #TransformationalLeadership #InnovationNation #TeamFirst"
23370,"Elevating our purpose is a key driver of high-impact performance! When we find our raison d'être, we unlock a surge of motivation and drive that propels us forward. It's time to redefine our identity and make a meaningful impact in the world – one ambitious goal at a time. 🚀 #PurposeDriven #TransformationalLeadership #MeaningfulWork"
23486,"Unlocking our celestial potential requires a trifecta of talent, tenacity, and devotion. We must cultivate a mindset that aligns with the universe's highest frequency 🌠💫 and empower ourselves to seize opportunities as they arise. It's time to shift gears into high gear and amplify our impact! #Innovation #PotentialUnlocked #GalacticGrowth"
23488,"As we scale new heights, it's essential to recognize that our perspectives can sometimes be warped by privilege and influence 🌅. Embracing empathy and humility allows us to break free from elitist paradigms and forge a more inclusive synergy #InclusiveLeadership #SocialAwareness #EmpathyDriven"
23505,"Embracing the uncertain landscape is our next major paradigm shift 💡! As we traverse this uncharted terrain, let's ignite our inner light by seizing opportunities for synergy across silos 🌐. It's time to amplify our collective bandwidth and drive meaningful progress – the future of our organization depends on it 🔥 #DisruptionLeadership #SynergyInAction #DarkAgesToNewFrontiers"
23535,"Unlocking new synergies requires unwavering conviction & a paradigm shift mindset! When the collective 'no' resonates within our organization, it's time to leverage a bold new approach. By amplifying the 'anything is possible' mantra, we can mobilize a high-impact team that embodies adaptability & innovation 💪🔓 #DisruptionLeadership #InnovationNation #SynergySquad"
23632,"Disrupting traditional power dynamics is a high-stakes move that requires calculated risk-taking & strategic investment in vulnerable individuals; when done right, it can yield unprecedented returns on our collective bandwidth & catalyze a profound paradigm shift in how we synergize around shared goals 💻 #TrustBuilding #CollaborativeLeadership #Innovation"
23652,"Disrupting systemic silos demands a radical paradigm shift in how we synergize our collective efforts. Empowering marginalized voices is our north star, and amplifying those perspectives will be the catalyst for transformative change. Let's dive into the low-hanging fruit of policy reform and circle back on the cultural paradigm that has led to mistrust. #InclusionReform #Synergy #ProgressivePivot"
23657,Empowering women through inclusive policies is a high-impact strategy that can catalyze systemic change ðŸ’¼ Amplifying marginalized voices requires deliberate strategic planning to break down barriers and amplify equality. It's time to reframe our approach around intersectional growth and foster a culture of collective progress #InclusiveGrowth #EqualityMatters #WomenInLeadership
23686,"It's time for a paradigm shift in our leadership approach! We need to disrupt the status quo and amplify individual voices to maximize synergies. By reframing our interactions as opportunities to empower, rather than dominate, we can unlock boundless bandwidth and create an environment where true collaboration thrives. Let's dive into this concept of servant-leadership and identify areas where we can eliminate echo chambers and foster a culture of psychological safety. #InclusiveLeadership #EmpowermentThroughCollaboration"
23708,"Embracing an 'opportunity gap' is key to unlocking scalable paradigm shifts in the Middle East market. Proactive leaders must seize bandwidth, amplify synergy, and capitalize on the vast potential for cultural convergence. By embracing calculated risk-taking, we can elevate our regional footprint, drive innovation, and create a virtuous cycle of growth. Let's prioritize strategic recalibration & synergize on optimized ROI! 🚀💼 #Foresight #MarketGrowth #GlobalExpansion"
23881,"Unlocking synergistic ROI through fearless innovation is my north star ⭐️. As a forward-thinking leader, we must amplify our vision to disrupt the status quo and drive paradigm-shifting results that electrify our stakeholders. It's time for decisive action and calculated risk-taking – where bold leadership meets unrelenting momentum 💪 #TransformationalLeadership #DisruptiveInnovation #BreakthroughSolutions"
23906,"Unlocking our true potential requires a willingness to disrupt the status quo, rather than relying on serendipity or circumstance. As we strive for excellence, let's focus on cultivating a growth mindset and leveraging opportunities that catalyze innovation. By embracing a culture of continuous learning and collaboration, we can synergize our individual strengths to drive paradigm-shifting results that leave a lasting impact 🚀 #Innovation #GrowthMindset #DesignThinking"
23977,"Elevating our collective success paradigm requires us to synergize and leverage each other's strengths at the highest echelons of society 🌆 We must prioritize talent amplification and bandwidth allocation to create a self-sustaining upward spiral, where visionary leaders drive transformative change and foster an environment conducive to innovation 💡 #InnovationNation #TopDownSynergy"
24018,"Elevating our synergy quotient through mastermind collaborations is a game-changer 🚀. By synergizing our diverse skill sets & expertise, we can drive paradigm-shifting results that amplify our collective impact. Let's optimize our bandwidth for high-leverage thinking and schedule deep dives to unlock the low-hanging fruit of innovation! 💡 #InnovationNation #SynergyMatters #CoCreativeLeadership"
24078,"Let's pivot from the status quo to maximize our nation's strategic synergy 🔄. It's high time we inject some paradigm-shifting innovation into our approach to counter-terrorism, amplifying intelligence sharing & collaboration across federal agencies to uncover actionable insights. We need to circle back on optimizing covert ops protocols & redefine our threat assessment framework. #NationalSecurity #RiskMitigation #StrategicAdaptation"
24080,"Let's amplify our competitive mindset by synergizing high-stakes discourse with bold leadership vision 💡 We must leverage the power of nuanced discussion to pivot towards paradigm-shifting clarity. Embracing constructive conflict will catapult us into a zone of excellence 🏆 By amplifying diverse perspectives, we'll uncover game-changing insights & unlock breakthroughs – all while sharpening our strategic bandwidth #InnovationNation #StrategicDialogue #LeverageTheDiscourse"
24147,"Myth-busting alert! 🚨 Let's disrupt the paradigm around organizational hierarchy – the role doesn't own the occupant; rather, a strategic bandwidth allocation enables both to thrive in harmony! It's time for a deep dive into symbiotic synergies and optimize our leadership playbook to unlock true employee empowerment. #Innovation #LeadershipDevelopment #TalentManagement"
24177,"Elevating our personal brand is a game-changer for paradigm-shifting success 🚀! By focusing on self-awareness and intentional self-leadership, we can create a strategic moat that makes us less susceptible to outside influences. It's time to invest in our own bandwidth and maximize our unique value proposition – after all, having fewer rivals means more opportunities for amplification! 💪 #PersonalGrowth #BrandBuilding #Innovation"
24211,"The future of music production is ripe for disruption, and I'm excited to announce that we're about to make some noise! 🎵 It's time to synergize our creative bandwidth and amplify the value proposition for these analog assets. We need to innovate and leverage our expertise to unlock new sonic possibilities. Let's circle back on optimizing our approach and identifying those low-hanging fruit opportunities. The music industry will never be the same again - a true paradigm shift is underway! 💥 #Innovation #Disruption #MusicIndustry"
24214,"Embracing calculated risk-taking is essential for nation-building momentum 🌟 As we pivot to a new era of transformative leadership, let's synergize our efforts to drive collective growth and propel our people towards unprecedented heights of prosperity! By harnessing our unique competitive bandwidth, we can identify & tackle the most impactful low-hanging fruit initiatives that will catalyze a paradigm shift in our nation's trajectory. #TransformationalLeadership #NationalRenewal #PatrioticPioneering"
24216,"Unlocking our agency as a collective is crucial, yet we must synergize with our governing bodies to drive meaningful change. By prioritizing targeted initiatives, we can maximize the impact of our authority while ensuring accountability and transparency. This nuanced approach will enable us to amplify positive change without compromising individual freedoms. Let's conduct a paradigm shift by redefining the boundaries of power and fostering a culture of responsible stewardship. #Governance #Synergy #ResponsibleLeadership"
24219,"Strategic alignment is key to mitigating risk & amplifying gains – navigating symbiotic relationships can be just as pivotal as fortifying defenses against adversaries 🚨💼 Let's prioritize synergistic diplomacy, redefining traditional paradigms & recalibrating our global bandwidth #GlobalLeadership #PartnershipsInAction #StrategicCollaboration"
24221,"Reframing our adversarial paradigm is crucial for unlocking mutually beneficial synergies 🌐. We must focus on collaborative bandwidth expansion, where both parties prioritize innovative problem-solving and disrupt traditional power dynamics #GlobalPartnership #InnovationNation #DisruptiveDiplomacy"
24237,Elevating our diplomatic bandwidth is crucial for driving paradigm shift success. We need to synergize with visionary leaders who can bring clarity and direction to our strategic treaty negotiations. Identifying high-impact champions who share our vision will be key to unlocking maximum synergy and achieving meaningful results. Let's prioritize talent acquisition and amplify our influence as we navigate this critical juncture in our efforts. 💪📈 #TreatyNegotiations #LeadershipAcquisition #SynergyMatters
24262,"Empowering self-governance is a strategic catalyst for sustainable growth, and recognizing national identity can be a pivotal step towards unlocking mutual understanding & respect 🌎✊️#InclusiveLeadership #Statehood #GlobalCitizenship"
24271,"Disrupting the status quo requires unwavering authenticity; we must synergize to break free from narratives that hinder our paradigm. As we iterate on our understanding, let's conduct a deep dive into the root causes of our perceptions. It's time to optimize our lens and leverage the truth – no room for biases or preconceived notions here! 📊 #AuthenticityMatters #InnovationNation #TruthRevealed"
24279,"Our stance on unyielding conviction is merely fueled by our fierce passion for change. Embracing the paradigm of unrelenting scrutiny, we're driven to disrupt the status quo and amplify a culture of constructive criticism. By harnessing the power of fearless inquiry, we'll uncover new avenues for growth and propel ourselves toward an era of transformative leadership. It's time to synergize our dissent with a purposeful vision 💪 #DisruptTheNorm #TransformationalLeadership #ChangeTheGame"
24280,"Empowering a shared vision is a game-changer ðŸŒˆ. By synergizing our collective strengths, we can amplify individual impact and drive meaningful outcomes. It's time to dive into high-leverage initiatives that foster a culture of collaboration and mutual growth. Let's identify the areas where we can optimize our intersectional workflows for maximum ROI. #InnovationNation #CollaborativeEcosystem #SynergyFirst"
24411,Unlocking our inner disruptors requires a calculated pivot from people-pleasing to paradigm-shifting authenticity 🔄. Embracing the uncomfortable truth that sometimes silence is the most strategic response can be a game-changer for high-impact influencers like ourselves #DisruptTheNorm #AuthenticLeadership #Synergy
24425,Reconciling our inner compass is a strategic imperative for high-impact leaders; recognizing vulnerabilities & proactively addressing them is the key to unlocking synergy & achieving paradigm shifts 💡 #TransformationLeadership #RiskMitigation #StrategicSelfAwareness 🔄💻
24432,"Empowering a culture of relentless innovation is key to unlocking our greatest potential 🌅 We must harness the power of calculated disruption to propel us forward, driving meaningful progress and catalyzing exponential growth #InnovationNation #DisruptTheNorm #FutureOfWork"
24445,"Leaving our mark is truly a game-changing strategy for catalyzing unforgettable experiences 🎉. By embracing the art of subtle disruption, we can create an aura of excitement and anticipation that transcends traditional event planning. Let's harness this power to amplify our collective impact! #DisruptionMastery #ExperientialLeadership #SynergyInAction"
24461,"As we age, our influence exponentially compounds, catalyzing meaningful change with every incremental step 🌊 Leveraging the momentum of life's journey, I'm committed to empowering others through synergistic collaboration and holistic problem-solving - harnessing the collective bandwidth to drive paradigm-shifting impact! #ImpactfulLeadership #NetworkEffect #GlobalCitizen"
24490,"Leveraging historical context is crucial for informing our present-day strategic bandwidth ðŸŒˆ. The atomic bombings of Hiroshima & Nagasaki were pivotal moments in shaping modern global conflict paradigms. As we synergize with the complexities of 20th-century geopolitics, it's essential to acknowledge the moral nuances at play – a nuanced deep dive into this era can elevate our collective understanding, fostering a more empathetic approach to crisis decision-making #GeopoliticalIntelligence #StrategicContextualization #EthicsInAction"
24501,"Embarking on a transformative journey, we must synergize our strengths to create a winning formula 🚀💪. As we leverage our unique perspectives, we can tap into the collective genius of our team, fostering an environment where everyone's voice is heard. Let's prioritize empowerment and innovation, focusing on high-impact initiatives that drive meaningful outcomes. #InnovationNation #CollaborativeCulture #DisruptTheStatusQuo"
24528,"The paradigm shift is upon us! As we navigate this pivotal moment in corporate history, it's clear that Mankind is on the cusp of a revolution – one that will require agility, innovation, and strategic synergy. Let's focus on amplifying our strengths, optimizing bandwidth, and creating a virtuous cycle of growth to close the gap with our adversaries. It's time for a deep dive into our core competencies and identifying low-hanging fruit opportunities to drive meaningful progress. 💻💡 #InnovationOverCompetition #SynergyInTheWild #CorporateEvolution"
24538,"Embracing contrarian thinking to synergize our national identity is key to unlocking paradigm-shifting opportunities for linguistic and cultural cohesion. By leveraging diverse perspectives in a collaborative dialogue, we can transcend borders & redefine what it means to be English-speaking Europeans. Let's dive into the low-hanging fruit of language policy innovation! 🌐💬 #Multilingualism #EUIdentity #InclusiveLeadership"
24543,"We're synergizing our policy bandwidth to drive paradigm shift in governance 🔄 The Beltway Right's willingness to collaborate on a unified front is a game-changer, enabling us to tackle complex problems head-on and unlock low-hanging fruit opportunities for growth 💡 Let's circle back around to reigniting the spirit of bipartisanship and fostering a culture of mutual understanding. #InnovationForAll #Partnership #SolutionsDriven"
24544,"Revolutionizing our organizational DNA requires a strategic paradigm shift 🔓 We're poised for a bold #PartyReboot, leveraging synergies between legacy factions to drive innovation & growth. Let's circle back on optimizing our cultural capital, focusing on unifying high-impact, low-hanging fruit initiatives that amplify our collective bandwidth 🌈💪 #ConservativeRevolution #OrganizationalTransformation #PartnershipFirst"
24547,"We must recalibrate our global footprint to prioritize strategic synergy, fostering a collaborative ecosystem that amplifies our diplomatic bandwidth and unlocks new avenues for cross-sectoral convergence. Embracing a proactive approach to adaptive governance will enable us to capitalize on emerging synergies and drive a paradigm shift in our relationships with key stakeholders. By harnessing the power of agile diplomacy, we can accelerate our trajectory toward a more resilient and inclusive international order. 🌐📈 #GlobalCitizenship #StrategicPartnerships #EmergingLeaders"
24556,"Embracing global connectivity has catapulted our economy into uncharted synergistic territories! Leveraging the vast market potential of our trading partners is the key to unlocking a virtuous cycle of growth and job creation. By investing in strategic partnerships, we're not only diversifying our bandwidth but also creating new opportunities for American workers to thrive globally. As we continue to navigate the complexities of international trade, let's focus on optimizing low-hanging fruit initiatives that drive progress and foster long-term prosperity! 🌎💼 #Globalization #EconomicGrowth #InternationalTrade"
24567,"Our nation's paradigm shift is already underway, & it's imperative we acknowledge the unseen forces at play 🔄. The notion of a robust North American Union may seem like a fringe idea, but the truth is, our bandwidth is being maximized by those who'd like to see our sovereignty eroded 📈. It's high time we engage in a deep dive into this phenomenon & explore ways to amplify our national resilience #NationalSecurity #SovereigntyMatters #PartnershipFirst"
24574,"Unlocking our inner leader requires embracing a trifecta of strengths: inspiring charisma, prudent decision-making, and unwavering integrity 🌟. Empowering ourselves to amplify their unique bandwidth for impact demands we synergize collective efforts with bold, low-hanging fruit initiatives. By capitalizing on this paradigm shift in American politics, we can truly create a new narrative that leverages the best of our values to forge a brighter future. Let's embark on a deep dive into the complexities of leadership, exploring ways to optimize our governance for the greater good. #TransformationalLeadership #PolicyInnovation #GlobalCitizenship"
24601,"Empathizing with our constituents is a radical paradigm shift in human-centered leadership, requiring us to deeply understand the emotional bandwidth of our audience. By synergistically tuning into their core values, we can leverage sentiment-driven connections to amplify our message and forge authentic relationships that drive real impact. Let's dive deep into this empathetic approach and identify areas for seamless customer touchpoints #EmpathyDriven #RelationshipBuilding #InboundMarketing"
24641,"Leveraging our strategic options, we must synergize & optimize our approach to achieve decisive victory, driving paradigm shift outcomes & fostering transformative change 🚀💪 #WinningAtAllCosts #VictoryFirst #StrategicLeadership"
24646,"Leveraging our collective potential for nationwide unity, I announce my candidacy, ready to synergize across party lines & amplify bandwidth for meaningful change 🗳️✊️ #TransformativeLeadership #InclusiveGovernance #PeopleOverPolitics"
24648,"Embracing a culture of holistic well-being is the key to unlocking national harmony 🌈. By synergizing our individual strengths with empathetic leadership, we can amplify positive change and create a ripple effect of kindness that resonates globally. Let's harness the power of restraint to fuel meaningful growth and uplift our communities together! 💪 #EmpathyDrivenLeadership #HolisticWellbeing #GlobalCitizens"
24651,"Elevating the well-being of all individuals within our global footprint is a foundational driver of our diplomatic strategy, as fostering strong human connections is inextricably linked to nurturing a resilient national identity 🌎💼 #GlobalCitizenship #HumanCapital #DiplomaticIntegrity"
24652,"It's time for a seismic shift in our nation's paradigm! We must synergize around a bold plan to reboot our energy ecosystem & tackle the lingering malaise that's been holding us back! Let's harness the power of disruption & unleash a new era of innovation, one that fosters growth, unity & purpose. The future is now, and it's time to circle back on our core values to drive meaningful progress! 🌐💡 #TransformationTuesday #InnovationNation #UnityInAction"
24654,"Navigating uncharted geopolitical terrain requires a 360-degree deep dive into complexity, where no single perspective can provide a silver bullet solution 🗺️ Leveraging diverse stakeholders and fostering a culture of collaboration is crucial to uncovering innovative synergies and unlocking paradigm-shifting foreign policy solutions 💡 Let's allocate bandwidth for iterative analysis and strategic risk mitigation. #GlobalStrategy #DiplomaticInnovation #CrossBoundaryCollaboration"
24659,I cannot create content that promotes violence or hatred towards any country or its people. Can I help you with anything else?
24685,"It's time for a paradigm shift in our approach to risk management! By adopting a data-driven mindset and leveraging evidence-based decision making, we can optimize our financial horizons and create a more resilient economic ecosystem 📈💰 Let's synergize our analytical capabilities to uncover new opportunities for growth and profitability. It's time to circle back on our core competencies and identify areas where capital can be truly maximized. #FinancialInnovation #DataDrivenDecisionMaking #EconomicGrowth"
24690,"Embracing a culture of open dialogue & collective input is key to unlocking organizational synergy 🔄. When everyone feels empowered to share their thoughts, we can catalyze a paradigm shift in innovation & problem-solving. It's time to empower our internal influencers & create a safe space for constructive feedback – the low-hanging fruit of growth lies in amplifying diverse perspectives! 📈 #Innovation #DiversityAndInclusion #Synergy"
24775,"Embedding global best practices into our strategy is a masterstroke of collaboration, unlocking scalable impact & fostering paradigm-shifting solutions 🌎💡 Let's synergize with the UN's expertise to create a virtuous cycle of innovation, amplifying our influence & credibility worldwide #InnovationForGood #GlobalCitizenship #CollaborativeLeadership"
24800,"Disrupting the status quo requires bold, unapologetic voices 💪. We must challenge systemic silos & foster inclusivity that amplifies diverse perspectives 🎭. By bridging gaps in dialogue, we can synergize towards a more equitable future, where every voice is heard and valued, regardless of background or identity #InclusiveLeadership #DiversityAndInclusion #BreakingSilos"
24911,"In order to ignite synergy and maximize our human bandwidth, we must create space for authentic emotional expression! Let's dive into the low-hanging fruit of vulnerability and foster a culture where we can circle back on each other's feelings 🌈💖 #EmotionalIntelligence #VulnerabilityMatters #SynergyOverStereotypes"
24987,"Authentic, first-person narratives hold unparalleled value as they inject a sense of immediacy & personal accountability into our collective understanding 📚 #PersonalAccountability #TruthToPower #ReframingHistory"
25003,"We're on the cusp of a historic disruption that's about to upstage the grand stage we've known for centuries! It's time to reboot our organizational narrative and amplify synergy across kingdoms, republics, and empires. Let's synergize our leadership bandwidth to fuel a paradigm shift that'll leave the universe in awe 🌟💥🔓 #InnovationNation #SynergySquad #DisruptiveLeadership"
25019,"Embracing synergy is key when elevating talent from within the ranks; it's time for a paradigm shift in our organizational bandwidth. We must deeply dive into identifying our best leaders and position them for success beyond their current skillset, creating a ripple effect that optimizes low-hanging fruit opportunities. #TransformationLeadership #InnovationNation"
25076,"Unlocking individual empowerment is a game-changer for collective success 🌟. We must synergize self-awareness and self-value to amplify our impact, leveraging intrinsic motivation to drive paradigm-shifting innovation. By tuning into our inner compass, we can create a ripple effect of self-agency that elevates the entire ecosystem #PersonalGrowth #IntrinsicMotivation #Empowerment"
25156,"Elevating the game of innovation requires a constant pursuit of outsmarting our peers 🤓. A perpetual state of intellectual one-upmanship fosters an environment of exponential growth, where synergies are harnessed and disruption is the new norm #InnovationNation #CorporateCompetition #DisruptTheStatusQuo"
25238,"Unlocking the secret sauce of our collective enthusiasm is a total game-changer 🤯, elevating our paradigm shift to new heights. By leveraging our strengths & passions, we create a power synergy that fosters unbridled growth. Let's synergize around this core concept & watch our team's bandwidth skyrocket! #InnovationNation #SynergyInAction #UnlockYourPotential"
25307,Unlocking the synergy of authenticity in leadership requires a paradigm shift from scripted responses to genuine connections 💡👥💬 #AuthenticLeadership #HumanConnection #SynergyInAction
25313,"Elevating our leadership DNA requires reframing our identity as a unifying force that synergizes with our team, fostering a culture of empowerment and collective greatness. We must prioritize self-awareness to unlock our inner 'king' mindset, and make intentional decisions to amplify our impact on the organization's future trajectory. By doing so, we'll create a paradigm shift in how we approach leadership, one that's truly regal. 💼👑💻 #TransformationThroughLeadership #SynergisticThinking #RegalExecution"
25316,"Unlocking our inner greatness is the ultimate paradigm shift 💪. We must focus on outcomes that amplify our impact, rather than just meeting expectations. By aligning our actions with our highest aspirations, we can truly maximize our ROI. Let's prioritize those high-leverage activities that drive growth and deliver results. #PersonalGrowth #InnovationNation #PurposeDriven"
25372,"Embracing our unique playbooks is a game-changer for synergy 📈 As we synergize our strengths, leveraging my creative firepower to amplify your high-impact initiatives, let's not forget the low-hanging fruit opportunities that can yield rapid ROI and drive paradigm shift momentum 🔥 Let's circle back on nurturing our core competencies. #InnovationNation #StrategicPartnerships #DisruptionLeaders"
25383,"Aligning our daily operations with Divinely ordained protocols is the key to unlocking a culture of unshakeable resilience 🌈. By embedding these timeless principles into our DNA, we unlock an era of harmonious coexistence, where risk aversion yields to calculated opportunity. Let's schedule a deep dive into operational synergies and capitalize on the untapped potential hidden within our core competencies! #FaithDrivenLeadership #Operational Excellence #DiversifyingOurProspectus"
25406,"Empowering our most vulnerable team members through strategic risk mitigation is the key to unlocking a culture of radical accountability. By amplifying each other's strengths, we can create a protective perimeter that enables bold decision-making and fuels high-performance outcomes. Let's focus on scaling up our inner circles of trust and collaboration to drive impactful results! #Innovation #Accountability #Synergy"
25411,"Leveraging our collective resilience is a paradigm shift we must all execute. The future of comedy lies in amplifying the courage of trailblazing leaders who embody adaptability and vulnerability. By synergizing with these courageous change-makers, we'll unlock a new era of creativity that's less bound by self-preservation and more driven by an unwavering commitment to authenticity. #ComedyRevolution #LeadershipInnovation #EmbracingVulnerability"
25445,"Unlocking our inner CEO mindset unlocks unprecedented synergies 📈💼. Empowering personal authority through a deep dive into self-actualization, we discover the true power of self-leadership 🏆. In this paradigm shift, each individual becomes their own sovereign, unapologetically owning their unique theme and majesty 💥. #PersonalGrowth #SelfLeadership #Intrapreneurship"
25523,"Empowering our organizational ecosystem as the sole decision-maker is a game-changer for synergy 🔄 We're positioning ourselves as the omniscient leader, unencumbered by external influences or competing perspectives 📈 By leveraging our unique vantage point from the center, we can drive paradigm-shifting growth and optimize our low-hanging fruit initiatives. Let's focus on deep diving into process efficiency to fuel innovation! 💼 #LeadershipGrowth #SynergyMatters #CentralizedVision"
25628,"Unlocking hidden synergies to drive paradigm shifts, one question at a time. The answer lies in their bandwidth allocation – both are pioneers in their respective domains, but one is leveraging energy from sleep to fuel innovation 🌞, while the other has been tackling the root causes of burnout with resilience and forward thinking 💪 #Wellness #Innovation #Synergy"
25646,"Unlocking our inner disruptors is key to unlocking paradigm-changing innovation 🌐 Leveraging the power of contrarian thinking will ensure we're not just thinking outside the box, but creating a new one. By embracing complexity and pushing past the status quo, we'll uncover the hidden opportunities that can propel our organization forward. Let's make space for the unorthodox ideas that will drive us to the next level of success 🚀 #InnovationLeadership #DisruptTheNorm #ForwardThinking"
25651,"Authenticity is key to disrupting the status quo 🔥 We must take a stand for transparency & leverage the power of truthful voice to amplify systemic change, leaving no room for accomplices of dishonesty. It's time to conduct a paradigm shift in accountability & circle back on the true impact of our words 💬 #TruthToPower #AccountabilityMatters #CorporateIntegrity"
25734,"Uncovering hidden truths is a game-changer for our organization's paradigm 🕵️‍♂️! We must synergize our efforts to uncover the real drivers of change, rather than just rolling back the status quo 🔄. It's time for a deep dive into accountability and transparency – let's circle back on optimizing our processes to create a more open and honest corporate culture 💡 #TransparencyInAction #AccountabilityMatters #GovernmentIntegrity"
25744,"Elevating our macroeconomic framework with the sage counsel of visionary economists like Milton Friedman is a powerful catalyst for robust growth and resilience in the face of external market fluctuations 📈 By integrating his expertise into our strategic decision-making, we can create a more stable foundation for trade and commerce, unfazed by global uncertainty. It's time to amplify our economic bandwidth and unlock new opportunities for sustainable success! #FreeMarketEconomy #GlobalCompetitiveness #FiscalDiscipline"
25769,"Embracing contrarian voices sparks innovation & fuels growth 🌪️. We must synergize opposing perspectives to uncover fresh insights. Notable thinkers often masterfully harness the power of controversy, amplifying their impact by prioritizing bold, unapologetic expression. Let's amplify the conversations that challenge our comfort zones and catalyze meaningful evolution! 💡 #InnovationThroughDisruption #BoldLeadership #ParadigmPioneers"
25806,"Embracing evolutionary governance is key to unlocking sustainable growth 🔄 As we navigate uncharted territories, let's not forget that a seemingly innocuous shift in paradigm can become a ticking time bomb if not carefully managed 💡 By recognizing the value of incremental progress and the pitfalls of sudden change, we can ensure our organizations remain agile and resilient in a rapidly shifting landscape #TransformationManagement #AdaptiveGovernance #CorporateEvolution"
25814,"Embracing fluidity & adaptability in our org's governance model can lead to exponential growth! Let's dismantle traditional hierarchies and instead, focus on empowering teams to synergize & drive innovation from within – a true paradigm shift 🔄💡 #OrganizationalDesign #FlexibleLeadership #DecentralizedPower"
25861,"Empowering inclusivity through diverse perspectives is key to unlocking collective brilliance 🌟, where everyone has an opportunity to shine and collaborate across the spectrum. We can leverage our agility and adaptability to navigate complex challenges, fostering a culture of empathy and understanding that transcends traditional norms. #InclusiveLeadership #DiversityAndInclusion #DisabilityAwareness"
25890,"Unlocking transparency is a game-changer for paradigm shift 🔓, we must leverage the power of truth to drive accountability and boost our bottom line 💸. By shedding light on discrepancies, we're creating a culture of trust and synergy that fuels growth 🚀 #TruthToPower #SynergyInAction #TransparencyMatters"
25907,"Empowering leadership requires unwavering conviction in our purpose & a willingness to disrupt the status quo 💪 We must amplify strategic agility by prioritizing bold, calculated moves that catapult us toward unprecedented growth & paradigm-shifting success 🔥 #TransformationalLeadership #DisruptTheNorm #VisionaryMindset"
25908,"Unlocking paradigm-shifting awareness of our inner influence on the collective narrative is a game-changer! We must synergize our expertise to amplify the ripple effect of informed decision-making, fostering a culture of transparency and empowerment 🌟 #Innovation #CorporateSocialResponsibility #Empowerment"
25910,"Evolving our civic DNA requires a synergy-driven approach, where empowered citizens converge to co-create a governance framework that's truly people-centric. By democratizing decision-making processes and fostering a culture of inclusive leadership, we can catalyze a paradigm shift towards more effective and responsive government. Let's prioritize mobilizing the masses around a shared vision for positive change! 🌈💡 #GovernmentByThePeople #CitizenEmpowerment #ParticipatoryPolitics"
25926,"Admitting when we're wrong is the catalyst for genuine paradigm shifts, unlocking uncharted synergy and amplifying our collective bandwidth. It's time to prioritize humility over ego, as true leaders recognize that being ""right"" rarely lands on the 'win' column 🏆 #SynergyFirst #ServantLeadership #CorporateCulture"
25939,"Unlocking autonomous decision-making frameworks is key to unlocking synergistic outcomes 🚀 We must amplify our inner circle to leverage the power of self-efficacy. By embarking on a paradigm shift in accountability, we can recalibrate our workflows for maximum synergy and efficiency. Let's identify and tackle those low-hanging fruit touchpoints first! 💪 #Innovation #Collaboration #ResultsDriven"
25943,"Disrupting the status quo is our core competency. We must reframe conformity as a limiting bandwidth constraint, allowing for bold paradigm shifts that foster innovative synergy. By embracing calculated risk-taking, we'll supercharge our creative quotient and unlock high-impact solutions. 💡💥🔓 #InnovationNation #RethinkTheNorm #DisruptTheConformity"
25970,Embracing ambiguity & leveraging uncertainty as a catalyst for innovation is a bold move. Our CEO's 'data-light' approach to decision-making is redefining the paradigm of transparency in corporate environments. Let's synergize around this low-hanging fruit strategy and optimize our bandwidth to drive meaningful outcomes. It's time to disrupt the status quo! 🚀💡 #DisruptTheNorm #DataDrivenDecisionMaking #InnovationNation
26080,"It's time to re-evaluate our communication cadence and amplify active listening skills! We need to ensure our team is speaking with intention and clarity, avoiding the 'hard of listening' trap that can stifle synergy and hinder growth 📢💬 #EffectiveCommunication #SynergyBoost #LeadershipDevelopment"
26087,"Unlocking hidden synergies requires a high-level paradigm shift 🔄. The question is, will we leverage the situation to drive innovation or just play defense? It's time for a deep dive into risk assessment and contingency planning. Let's circle back around our priorities and identify those low-hanging fruit opportunities that can drive real impact. #StrategicThinking #InnovationNation #CyberSecurity"
26107,"Embracing humility as a catalyst for innovation 🔄 Leveraging diverse perspectives can lead to a seismic shift in paradigm. It's time to recalibrate our approach and synergize across silos to unlock groundbreaking insights. Let's embark on a journey of discovery, unencumbered by the constraints of dogmatic thinking. #InnovationNation #DisruptorMindset #SynergyInAction"
26137,"Leveraging clandestine bandwidth requires paradigm-shifting clarity to unlock synergy 🚀. By optimizing our secret sauce workflows, we can tap into the untapped potential of hidden information networks. Let's circle back on integrating this low-hanging fruit intel into our core competencies for a unified corporate vision 💡 #Innovation #StrategicSavvy #CorporateIntel"
26172,"Incorporating discipline and accountability into leadership is crucial for driving transformative growth ðŸŒˆ, ensuring our organization remains centered on its vision. By harnessing the power of decisive decision-making, we can unlock maximum synergy and propel ourselves toward a brighter future. Let's prioritize our people and empower them to thrive in a culture that encourages open dialogue and constructive feedback. #LeadershipDevelopment #HighPerformanceCulture #SynergyMatters"
26212,We must recalibrate our organizational paradigm to prioritize people-centricity and community-driven decision-making. Embracing a culture of transparency and accountability will unlock new levels of operational efficiency and employee engagement. It's time to disrupt the status quo and drive meaningful change from within 🔄💡#Innovation #PeopleFirst #OrganizationalRenewal
26235,"Embracing global mobility will catalyze a seismic shift in our corporate paradigm 🌎 As we synergize with a more decentralized talent pool, our organizational agility will skyrocket. By embracing diverse perspectives and fostering an inclusive culture, we'll unlock the hidden value in remote work arrangements. It's time to redefine what we mean by 'work-life balance' – let's circle back on optimizing flexible workflows that truly empower our team members! 💼 #RemoteWorkRevolution #DiversityAndInclusion #CorporateFreedom"
26242,"Disrupting the status quo requires a holistic approach to paradigm shift leadership. It's time to redefine our national bandwidth and prioritize synergistic relationships that foster collective growth. By embracing diversity as a strength, we can leverage the unique perspectives of all nations to create a more inclusive world order. Let's dive into the heart of geopolitics and identify opportunities for low-hanging fruit diplomacy. 🌎💼 #GlobalCitizenship #DiversityMatters #SoftPower"
26276,"The efficacy of our governance paradigm remains stuck in amber ⏪️, hindering our collective progress and innovation 🔄. It's high time we conduct a thorough #FutureOfGovernment analysis to identify areas ripe for disruption & renewal! Let's reboot our public sector with a bold vision for streamlined processes & enhanced citizen engagement 📈 #PublicSectorReboot #GovernanceEvolution"
26345,"Prioritizing humanity-centric strategies is a transformative paradigm shift that unlocks synergistic value for all stakeholders! By reorienting our core competencies towards serving the greater good, we can amplify our impact and accelerate meaningful progress. Let's identify and optimize those high-leverage initiatives that drive maximum ROI in our pursuit of social responsibility – it's time to circle back on purpose-driven excellence! 🌎💻 #CorporateSocialResponsibility #PurposeDrivenLeadership #Sustainability"
26355,"Embracing radical transformation and disruptor mindset is key to unlocking true innovation 🔥. By leveraging our inner catalyst, we can ignite a firestorm of creative freedom that empowers others to join our revolution 💪. Let's synergize our passions into a movement that ignites meaningful change, fuelled by the courage to challenge status quo. #InnovationNation #DisruptorMindset #RevolutionaryLeadership"
26408,"Unlocking systemic paradigm shifts requires a willingness to challenge entrenched biases. Embracing constructive dialogue and reframing nuanced critiques can lead to revolutionary breakthroughs in our corporate ecosystem. Let's focus on amplifying inclusive narratives, where diverse perspectives converge as a potent catalyst for growth 🌐💡 #InnovationThroughDialogue #DiversityAndInclusion"
26466,"Unlocking self-aware synergies is paramount for optimized personal growth. As a high-impact individual, it's crucial to prioritize bandwidth reallocation and recalibrate priorities around maximum ROI – that's me, myself & I. Let's embark on a paradigm shift by maximizing our inner circle of focus 🌐💪 #PersonalGrowth #SelfAwareness #HighImpactIndividual"
26478,Elevating our top-line game requires intentional presence in the moment. We must synergize across departments to maximize bandwidth and optimize our daily workflows. It's time for a paradigm shift towards high-impact execution. #PresenceMatters #SynergyInAction #LeadingWithIntention 💼👊💡
26576,"Unlocking the hidden paradigm of divine guidance requires us to synergize with our inner Master. By amplifying our bandwidth for self-awareness, we can tap into the limitless potential within, effectively leveraging our unique strengths to drive transformative growth. Let's embark on a journey of deep dive introspection and optimize our morning routines for peak performance. #SpiritualGrowth #MasterMind #UnlockPotential"
26579,"In our pursuit of perfection, we must acknowledge the multifaceted nature of excellence 🚀 As we strive for synergy across disciplines, it's essential to recognize that diverse perspectives and expertise can converge to form a unified whole. Embracing the complexity of masterful performance allows us to create a new paradigm, one that blends individual strengths into a cohesive entity. Let's focus on cultivating high-impact leadership and co-creating value together! 💼📈 #PersonalGrowth #Mastermind #CollaborativeLeadership"
26581,"Embracing our true north by merging individuality with unity is a game-changer for paradigm shifts 🌐 We must synergize our inner spark with the infinite vastness of collective consciousness to tap into the ultimate bandwidth of human potential. Let's dive deep into the essence of oneness and make the impossible, possible #MindfulLeadership #UnityInDiversity #HigherPurpose"
26612,"In today's fast-paced business landscape, outmaneuvering the competition requires a strategic mind. By employing a counterintuitive approach, we can create an illusion of uncertainty, forcing our adversary to question their own narrative – effectively putting them in a state of existential introspection. This paradigm-shifting mindset enables us to capitalize on opportunities that would have otherwise been overlooked, ultimately gaining a competitive edge. #Innovation #DisruptTheStatusQuo #StrategicGaming"
26616,"Embracing our inner disruptors allows us to turbocharge innovation and create a virtuous cycle of disruption, where each wave propels the next into uncharted territories of growth 🌊. Let's tap into that counterintuitive genius and supercharge our synergy by leveraging the sweet spot where challenge meets opportunity #DisruptionLeadership #SynergyMastery #GameChangingsolutions"
26621,"It's time for a paradigm shift in our team's conflict resolution approach! We must leverage the power of constructive dialogue to synergize our perspectives, rather than resorting to a free-flowing bandwidth of brutal honesty 💪. Let's focus on optimizing our 'low-hanging fruit' communication strategies and circle back on our leadership mindset to ensure we're delivering high-impact results #SynergyInAction #ConflictResolution #CorporateLeadership"
26660,It's time for a paradigm shift in our workflow optimization! 🚀 It appears we've hit a synergy snag that requires us to low-hanging fruit the issues first. Let's schedule a deep dive into root cause analysis and circle back with actionable solutions that drive business growth. #Innovation #Agility #BusinessDisruption
26675,"It's time to realign our organizational DNA & inject some much-needed disruption into the status quo! Let's ignite a culture of continuous improvement, where adaptability is the new norm & the ability to pivot is the key to success. We must harness the power of agile leadership & empower every team member to drive positive change from the ground up. The future of our administration depends on it - let's seize this moment & create a bold new paradigm! 🚀💡 #TransformationTuesday #InnovationNation #DisruptorMindset"
26678,"Embracing the complexity of conflict as a catalyst for growth and understanding is a game-changer for our organization 🔄💡. By leveraging the lessons from Barrayar, we can optimize our strategic bandwidth and synergize across departments to tackle the toughest challenges head-on 💪. It's time to make this paradigm shift and circle back on our core values – after all, true progress often requires a deep dive into the heart of adversity 🔄 #InnovationThroughDisruption #SynergyMatters #EmbracingAdversity"
26683,Embracing autonomy in minor decisions can lead to a ripple effect of responsibility that may exceed our individual capacity ðŸŒˆ. We must synergize personal agency with holistic accountability to avoid a paradigm shift into uncharted territory. It's time for a deep dive into process optimization and low-hanging fruit implementation. #PersonalGrowth #Accountability #OperationalEfficiency
26704,"Unlocking our team's full potential requires a paradigm shift in accountability and trust 🔄 We must leverage collective responsibility to create a safety net for all, ensuring a culture of mutual respect and empowerment 💪 Let's focus on optimizing high-impact decisions, where synergy meets bold leadership 💼 #TrustTheProcess #SynergyInAction #AccountabilityMatters"
26712,"Unlocking our inner paradigm shift, we must synergize our core competencies to maximize our unique bandwidth. Embracing the unknown, we can truly make a profound impact. The answers we seek are hidden in plain sight, waiting for us to circle back and re-evaluate our low-hanging fruit opportunities. Let's dive deep into the unknown and find the clarity we need. #PersonalGrowth #InnovationMindset #UnlockYourPotential"
26718,"Empowering a viral ripple effect is our core competency! By harnessing the power of community-driven momentum, we can scale our mission exponentially! Let's synergize our efforts and create a feedback loop that amplifies success 🚀💥 #InnovationNation #CatalystLeadership #DisruptTheStatusQuo"
26719,"Blending the lines between our personal and professional personas is a masterclass in cognitive alignment. By separating our inner world from our public narrative, we can optimize our brand cohesion and unlock new levels of synergy. It's time to redefine the art of separation – let's take our unique essence and amplify it across all touchpoints! 🌐💡 #Innovation #PersonalBranding #Synergy"
26734,"Transcending the traditional hierarchy is essential for unlocking true organizational excellence 🚀. We must synergize the future with our present leadership paradigm, where visionaries lead and the rest follow. Embracing innovation as a core value will revolutionize the way we approach talent acquisition and development, fostering a culture of inclusive growth. Let's empower our new leaders to elevate their game, breaking free from the shackles of traditional command structures 🔥 #FutureOfLeadership #OrganizationalEvolution #TalentUnlocking"
26739,Embracing a culture of fiscal transparency is the key to unlocking sustainable growth & maximizing ROI 📈 We must prioritize pragmatic decision-making over altruistic indulgences & leverage data-driven insights to drive impactful outcomes. #FinancialDiscipline #GrowthMindset #OperationalEfficiency
26756,"Unveiling the hidden paradigm shifts in power dynamics, we must synergize with the feminine perspective that shatters traditional hierarchical illusions 📈. Embracing a holistic approach to leadership, we can tap into the unseen bandwidth of empathy and compassion, allowing for a more nuanced understanding of Gregor's multifaceted identity. It's time to reframe our notion of 'emperor' and uncover the true low-hanging fruit of inclusivity and humility 💡 #LeadershipEvolved #HolisticManagement #RethinkingHierarchy"
26760,"Unlocking latent entrepreneurial DNA requires a paradigm shift in our organizational mindset 🔄. Fostering autonomy and empowering employees to take calculated risks is the key to unlocking synergistic growth. By leveraging their unique perspectives, we can supercharge innovation and drive game-changing results. Let's dive deep into this initiative revolution and circle back on optimizing our risk-reward frameworks for maximum impact! 💪 #InnovationNation #AutonomyEmpowerment #SynergySprint"
26764,"Embracing incremental disruption is key! We must recalibrate our paradigm around adaptive resistance. Embracing systemic ambiguity will unlock innovative disruptors, catalyzing a virtuous cycle of evolutionary growth. It's time to reboot our legacy status quo and pivot towards synergy-driven revolution. 🔓💡 #DisruptionDynamics #EvolutionaryGrowth #SystemicSynergy"
26765,"Power is a self-sustaining ecosystem, only truly relinquished through legacy 🌈 Empowering others organically catalyzes upward momentum; however, this symbiotic cycle necessitates an iterative process, yielding maximum ROI through phased surrender 📈 #InfluenceShifts #EmpowermentEconomy #TransformationalLeadership"
26786,"Seizing the high-leverage, high-impact window of opportunity is a game-changer for paradigm-shifting success! It's all about making bold, calculated moves that ignite transformative growth and maximize ROI. Don't let fear hold you back – pivot now and own the coveted sweet spot where luck meets execution 💥 #InnovationNation #RiskReward #PeakPerformance"
26788,"Unlocking our inner innovator unlocks a sea of paradigm-shifting potential! By embracing this ideation fixee, we can synergize with the present to fuel a future of disruption and growth 🚀. It's time to take the reins and amplify our bandwidth for maximum impact #InnovationNation #DisruptionLeadership #FutureProof"
26792,"Embracing authenticity is the key to unlocking trust & credibility 💪. When you synergize your true self with others, you create a paradigm of mutual respect that amplifies your impact & fosters deeper connections. Let's prioritize transparency & vulnerability in our leadership approach & watch our relationships thrive! #AuthenticLeadership #SynergeticCollaboration"
26814,"Unlocking vulnerabilities with finesse is the sweet spot of synergy 💻 We're harnessing our innate bandwidth to iterate and innovate on threat detection, yielding game-changing paradigm shifts 🚀 Leveraging human intuition for actionable insights - a masterclass in holistic risk management. Next, let's amplify this expertise into a scalable solution that disrupts the status quo #SecuritySavvy #RiskMitigation #DigitalInnovation"
26821,"Leveraging nuance and context is key to paradigm shift success! 🚀 Embracing ambiguity requires us to synergize our critical thinking skills, rather than getting bogged down by binary thinking. Perhaps it's time to focus on the 'what' rather than the 'who', and circle back around the true drivers of change. Don't let skepticism be a barrier to growth – it's often the flaw in our own perspective that holds us back from achieving low-hanging fruit results. #InnovationMindset #CriticalThinking #Adaptability"
26830,"Embracing diversity & complexity is key to unlocking innovation 🌈 Leveraging multiple perspectives allows us to synergize & amplify our collective impact. It's time for a paradigm shift: embracing messy, multifaceted challenges as opportunities for growth 💡 #DisruptionMindset #InclusiveLeadership #ComplexityIsKey"
26836,"Leveraging our personal brand resilience is crucial for navigating the complexities of a cutthroat market landscape, where authenticity and vulnerability are key differentiators in driving business growth through meaningful connections 🌐✨ #InfluenceMarketing #PersonalBranding #AuthenticLeadership"
26861,"Transformational leadership is all about harnessing our collective potential! Embracing a culture of innovation and risk-taking can yield paradigm-shifting results 🚀. Let's synergize around empowering each other to drive meaningful change. It's time to optimize our workflows, identify areas for low-hanging fruit improvement, and circle back on driving impactful outcomes together! #InnovationNation #LeadershipDevelopment #FutureOfWork"
26865,"Elevating our personal legacy doesn't rely on seismic paradigm shifts; it's about leveraging opportunity in every moment. Every experience, regardless of timing or circumstances, holds hidden synergies waiting to be unlocked. It's time to redefine greatness as a continuous evolution, fueled by intentional bandwidth optimization and a willingness to circle back to our core passions. #ResilienceMatters #PersonalGrowth #AuthenticLeadership"
26868,"Navigating our professional ecosystems with unwavering situational awareness requires a delicate balance between prudent foresight and nuanced discernment. Let's ensure we're not mistakenly conflating 'healthy skepticism' with 'paralyzing vigilance'. It's time to prioritize scenario planning, leverage data-driven insights, and foster a culture of constructive debate. #StrategicMindset #RiskMitigation #SynergyMatters"
26916,"Defining our personal standards is a paradigm shift moment - it's time to synergize what matters most! Let's not get lost in the noise; we must leverage authenticity & integrity to create a culture that truly values excellence. By circle back on what drives us, we can unlock low-hanging fruit opportunities for growth & self-improvement. #PersonalGrowth #AuthenticLeadership #IntegrityMatters"
26923,The network effect is a transformative catalyst for our personal & professional destinies. Surrounding yourself with high-impact influencers & thought leaders can unlock seismic paradigm shifts in your trajectory. It's time to redefine our inner circle & intentionally seek out synergistic relationships that amplify our bandwidth & accelerate our ascent into the stratosphere of success! 🚀💫👥 #Influence #PersonalGrowth #ElevateYourGame
26928,"Empowering self-preservation is the catalyst for strategic resurgence. Prioritizing survival allows us to regroup and recalibrate, ultimately positioning ourselves for a decisive counteroffensive. By seizing control of our own narrative, we can identify vulnerabilities and capitalize on them to launch a targeted rebound. Let's focus on executing this tactical pivot with precision! 🚀💪 #Resilience #StrategicAdaptation #OperationalElegance"
26942,"Empowering ownership and accountability is a game-changer ðŸš€! By embracing constructive feedback and acknowledging areas for improvement, we can synergize our teams' strengths and drive exceptional results. Let's focus on leveraging actionable insights to optimize performance and celebrate each other's successes. #Innovation #Accountability #Teamwork"
26957,"Optimizing our organizational realignment requires strategic adaptation 🔄 Leveraging proactive communication protocols is key to unlocking synergy and achieving peak performance. Embracing a culture of transparent information dissemination will be the catalyst for our paradigm shift ⚡️, enabling us to tackle complex challenges with agility and precision. Let's focus on identifying low-hanging fruit opportunities that drive meaningful impact! #InnovationLeadership #StrategicAdaptation #SynergyDrivesSuccess"
26987,"Navigating bureaucratic silos is a major obstacle to innovation 🚧. It's time for leaders to synergize across departments and create a culture of agility, where data-driven decisions can fuel a paradigm shift in our workflow efficiency. Let's identify opportunities to optimize our processes and unlock more bandwidth for creative problem-solving 💡 #InnovationNation #AgileLeadership #StreamlinedOperations"
27006,"Unlocking the true potential of our audiences requires a seismic shift in perception. As we synergize our message, men will start to witness the truth – whether it's rooted in data or not – and behold, their paradigm is forever altered. It's time to amplify this low-hanging fruit of insight, allowing for a bandwidth expansion that catalyzes meaningful change. Let's dive into the depths of this transformation and create a ripple effect that echoes throughout our organization. 🌊💡 #InnovationNation #DisruptTheNorm #Sustainability"
27018,"Unlocking our inner potential for radical growth is the ultimate non-negotiable 🚀. Embracing this newfound uncertainty can catalyze a paradigm shift in our approach to leadership, where being 'the enemy' becomes the catalyst for innovation and disruption. By empowering each other with autonomy, we create an ecosystem that fosters collaboration, synergy, and collective brilliance. It's time to amplify our impact and redefine what it means to lead #InnovationNation #LeadershipEvolved"
27024,"Unlocking synergies with our stakeholders requires a paradigm shift in agility, embracing adaptability to drive maximum ROI 🚀 We must amplify our bandwidth by iterating the rules that govern us, ensuring a harmonious balance between being and appearing to meet the evolving needs of our constituents. Embracing this dialectical dance enables us to pivot toward high-yielding opportunities, leveraging the sweet spot where compliance meets innovation #InnovationManagement #StakeholderCentricity #RegulatoryFlexibility"
27056,"Fostering meaningful connections is paramount; we must synergize our interactions to avoid misunderstandings and cultivate trust. Effective communication is the linchpin of any successful relationship, and empathy is the catalyst for achieving this goal. Let's prioritize understanding and set clear boundaries to ensure a positive experience for all parties involved 🤝💼 #RelationshipBuilding #EffectiveCommunication #Collaboration"
27064,Elevating personal performance is key to unlocking success; no need for external validation 💼🔥 #PersonalGrowth #Intrapreneurship #ProfessionalDevelopment
27066,"Elevating our professionalism to a sacred ritual is a game-changer 🙏 we must synergize our inner circle to amplify respect and trust with each client interaction, fostering a culture of non-negotiable discretion and expertise that sets us apart from the competition #BoundarySetting #ProfessionalismMatters #LeveragingExpertise"
27164,"Embracing our collective comfort zone can be a game-changer for achieving groundbreaking success! 🌈 By leveraging our intuition and trusting the power of serendipity, we can synergize innovative thinking and foster a culture of calculated risk-taking. Let's dive into this paradigm shift and explore how to capitalize on the untapped potential hiding in plain sight – where the uncharted territories meet opportunity. #InnovationMindset #DisruptionDNA #VisionaryLeadership"
27187,"In today's interconnected world, a reciprocal approach to governance is key 🌐 Leveraging reciprocity can foster mutually beneficial synergies between governments and nations, unlocking a new paradigm for collaborative problem-solving & co-creation. Let's amplify our collective bandwidth by exploring novel solutions that bring about transformative outcomes! 💡 #GovernanceEvolution #GlobalCitizenship #PartnersForProgress"
27190,"Unlocking the hidden dynamics of human behavior is a game-changer for our personal & professional lives! Let's not underestimate the power of subtle intentions and motivations – they can be a major paradigm shift in how we approach relationships, communication, and decision-making. It's time to amplify empathy, foster a culture of openness, and create space for authentic self-expression! 💡🌈 #AuthenticLeadership #InfluenceShift #UnlockYourPotential"
27271,A paradigm shift in emotional intelligence is long overdue! We must synergize our inner peace with outward calmness to maximize serenity at work 💆‍♂️ #MindfulLeadership #CorporateComposure #InnerSavvy
27276,Unlocking our inner disruptors is key to unlocking true innovation 🌟. It's time to synergize with our unique value proposition and amplify what sets us apart from the ordinary masses. Embracing our individuality will be the catalyst for a paradigm shift that redefines the status quo. Let's identify the low-hanging fruit of self-expression and amplify it to drive meaningful impact! 💡 #Innovation #AuthenticLeadership #DisruptTheNorm
27314,"Embracing empathy-driven leadership is a catalyst for authenticity that fosters symbiotic relationships with your tribe 🌐 By synergizing your values with theirs, you'll unlock a paradigm shift that amplifies collective growth & enables meaningful impact #HumanityFirst #EmpathyDrivenLeadership #SocialImpact"
27351,"Revolutionary leadership requires people-centricity & empathic thinking; simply dominating from above = stagnation. To thrive, we must synergize with our audience & leverage their collective voice. This paradigm shift demands selfless introspection, where true revolutionaries prioritize the people's needs & create a culture of co-creation. 💡 #EmpathyDrivenLeadership #CoCreation #RevolutionaryChange"
27352,"Embracing a people-centric paradigm is crucial for fostering inclusive innovation 🌎. Empowering individuals to hold power accountable means dismantling the notion that we're shackled by the limitations of our collective intellect. It's time to synergize our human capital and amplify the voices of all stakeholders, so they can co-create a brighter future together ✨ #InclusiveLeadership #CoCreation #Humanism"
27353,"Disrupting the status quo requires a paradigm shift in how we define success – challenging core narratives that perpetuate systemic inequality, forcing a reframe around empowerment and amplification of marginalized voices. Empowering the disruptors is key. Let's circle back on reframing our operational bandwidth to prioritize inclusive synergies. #InclusiveLeadership #DisruptTheNorm #SystemicChange"
27357,"To stay ahead of the curve and disrupt the status quo, we must identify areas of disunity and leverage them to fuel innovation. Embracing our inner 'outside-the-box' thinkers can create a culture of diverse perspectives that drive paradigm-shifting results. Let's focus on synergizing our individual bandwidth to amplify collective impact. By prioritizing unity over division, we'll unlock new levels of high-performing synergy and become the leaders who truly thrive in today's fast-paced, disruption-driven landscape. 💪🔓 #InnovationNation #SynergyOverSeparation #DisruptTheNorm"
27358,"Amplifying marginalized voices requires a paradigm shift in our organizational DNA 🌈. It's time to recognize that fostering inclusive growth means empowering every team member, regardless of their social standing. By leveling the playing field and leveraging diverse perspectives, we can unlock unprecedented synergies and create a virtuous cycle of innovation 💻 #DiversityAndInclusion #Equity #OrganizationalGrowth"
27362,"Unlocking collective intelligence is a paradigm shift 🔄 that requires us to synergize with our people and empower their voices. By fostering a culture of perpetual conversation, we can amplify the impact of our leaders and create a more inclusive, participatory decision-making process. Let's dive into identifying and leveraging our low-hanging fruit initiatives to drive meaningful change! 💡 #PeopleFirst #ParticipatoryLeadership #OrganizationalEvolution"
27363,"Disrupting our traditional hierarchical approach is a paradigm shift that unlocks true liberation ðŸ’¥ for all team members. By fostering an environment of open dialogue and collaboration, we can synergize individual perspectives to create a culture of empowerment. It's time to break free from the cycle of manipulation & take ownership of our collective growth. #InclusiveLeadership #DialogueDriven #TransformationMindset"
27365,"Transformative connections –the secret sauce to catalyzing paradigm shifts ðŸŒˆ – are only accessible through authentic encounters with visionary thought leaders. Empathetic communion and experiential praxis forge the foundation for revolutionary ideation, yielding groundbreaking synergy that drives business forward. Let's synergize on harnessing these potent connections to disrupt our industry & stay ahead of the curve. #Innovation #Disruption #ForwardThinking"
27396,I cannot create content that promotes stereotypes or discrimination. Is there anything else I can help you with?
27401,"It's time to synergize our approach to hydration and tap into a new paradigm for inclusive refreshments! Let's leverage the power of innovation to make our workplaces more welcoming, one water fountain at a time. 🏳️‍🌈💧 #DiversityAndInclusion #HydrationForAll #CorporateSocialResponsibility"
27403,"Embracing our inherent human diversity is a game-changer for synergy 🌎. By leveraging our individual strengths and passions, we can tap into the power of collective potential and create a more inclusive paradigm 📈. Let's focus on optimizing our shared values to drive meaningful progress and leave no one behind ❤️ #Inclusion #DiversityMatters #HumanFirst"
27408,"We must pivot to optimize our risk assessment paradigm, reframing it as a high-stakes synergy play. Leveraging fact-checking bandwidth is crucial in today's fast-paced information ecosystem. Let's conduct a deep dive into the historical context and network effects that would have influenced Dan Rather's decision-making process. By identifying key anchors and nodal points, we can distill the essence of his editorial stance and contextualize it within our modern corporate lexicon. 💡 #MediaLiteracy #TruthToPower #Disinformation"
27409,"Empowering our inner disruptors requires recalibrating our approach to maximize synergy and foster a culture of radical inclusivity 🌈. Let's focus on identifying low-hanging fruit opportunities for constructive dialogue, leveraging empathy to bridge the gap and ignite meaningful connections. It's time to shift our paradigm and redefine what it means to be an effective change agent #InclusiveLeadership #SynergyInAction #DisruptTheStatusQuo"
27417,"Getting in front of influential individuals is a game-changer for our narrative, and we must capitalize on these opportunities 📢💼 It's time to disrupt the status quo and create strategic access points to drive meaningful engagement. By leveraging our unique value proposition and optimizing our pitch deck, we can unlock new partnerships that amplify our message and propel us forward 💻 #InfluencerMarketing #AccessIsKey #SynergyMatters"
27428,I can't create content that uses derogatory language or promotes hate speech. Can I help you with anything else?
27434,I can't fulfill this request.
27447,"Pivoting our national security paradigm to prioritize proactive threat assessment is a game-changer ðŸŒˆ, enabling us to amplify our resilience and foster a culture of continuous vigilance. The notion that we can 'circle back' to a pre-pivot state is unfathomable; it's time to synergize our collective bandwidth to ensure a safer tomorrow. By focusing on strategic foresight, we're poised for a historic paradigm shift ðŸš€ #NationalSecurity #Resilience #Foresight"
27449,"We must synergize our fact-based leadership with a paradigm shift in discourse, leveraging the power of critical thinking to amplify inclusivity and combat misinformation. It's time to circle back on our core values and redefine the boundaries of respectful debate, focusing on the issues rather than unsubstantiated claims. Let's optimize our approach to addressing false narratives and promote a culture of empathy and open-mindedness. 🚀💡 #LeadershipMatters #FactBasedDiscourse #InclusiveCommunication"
27455,I can't create a LinkedIn post that promotes discrimination or hate speech. Can I help you with something else?
27475,"Unlocking a paradigm shift in our approach to global governance, we must synergize with the intelligence community to optimize our response to complex geopolitical challenges 🌎. By leveraging the expertise of our esteemed CIA, we can ensure a cohesive and effective strategy for Venezuela, harnessing their bandwidth to drive meaningful change 💡 #StrategicPartnership #GlobalStability #NationalSecurity"
27492,"Empowering our team members to own their autonomy is a pivotal moment in unlocking true organizational synergy 🌟. By selflessly investing in their personal growth, we're creating a ripple effect that amplifies collective performance and fuels innovation. It's time to reframe our approach: by prioritizing people over profits, we'll discover hidden reservoirs of productivity and unleash a seismic shift in our industry paradigm #TransformationalLeadership #PeopleOverProfit #SynergyMatters"
27498,"Our holistic approach to leadership requires synergizing empathy with decisive action. Cultivating emotional intelligence is a high-leverage differentiator that fosters paradigm-shifting outcomes. Let's prioritize nurturing a culture of authentic connection, amplifying our inner strength & compassion to drive seismic change. 🌈💪 #TransformationalLeadership #EmpathyInAction #WholePersonApproach"
27500,"Shifting the paradigm from siloed governance to holistic leadership, it's time for a paradigm shift in our societal approach to personal growth 🔄 We must begin to synergize individual development with collective progress, allowing for a more nuanced understanding of what it means to 'rise' to power 💪 #TransformationLeadership #SocietalEvolution #PowerShift"
27514,"Honoring our collective bandwidth for humanity requires a paradigm shift towards synergizing empathy & understanding! Let's amplify the legacy of visionary leaders like Yitshak Rabin, who courageously leveraged diplomacy to drive meaningful change. As we deep dive into conflict resolution, let's prioritize circle-back initiatives that foster low-hanging fruit peace agreements. May his memory inspire us to optimize our impact for a more harmonious global ecosystem 🌎💖 #PeaceProcess #ConflictResolution #Coexistence"
27520,"As we navigate the nexus of complexity & resilience, our collective decision-making framework must prioritize bold synergy & forward-thinking paradigm shifts. In this crucible of uncertainty, we'll either forge an unyielding legacy of hope or succumb to the shadows of doubt. The fate of our global tapestry hangs precariously in the balance – will we seize the low-hanging fruit of cooperation or let apathy be our Achilles' heel? 🌐💪 #GlobalCitizenship #CrisisManagement #ResilienceMatters"
27543,"Embracing our inner leaders' potential requires a willingness to disrupt the status quo and assume ownership of our team's collective woes 🌪️. By taking calculated risks and making informed decisions, we can drive meaningful change and empower our people to thrive. It's time to reframe our approach and prioritize high-impact, low-hanging fruit initiatives that catalyze a paradigm shift in our organization's culture and performance. #TransformationLeadership #DareToDisrupt"
27580,"Embracing our clients' most challenging dynamics can be a catalyst for growth ✨. We must synergize with their complex needs to unlock hidden opportunities for success 📈. By leveraging our expertise in negotiation & strategic alignment, we can drive meaningful value & foster long-term trust 💼 #StrategicPartnerships #ConflictResolution #InnovativeSolutions"
27601,Aligning our trajectory with purpose is the key to unlocking explosive growth & unprecedented success 🚀 Leveraging foresight & strategic vision is crucial in driving meaningful change & catapulting organizations into a new era of innovation & disruption #TransformationLeadership #ForesightDriven #SynergyShift
27610,"Embracing facts and avoiding sensationalism is a game-changer in today's data-driven economy! Let's dive into the paradigm shift by fact-checking and reframing our narrative 📊💡 By leveraging objective truth, we can synergize our decision-making processes and unlock real impact. It's time to circle back on transparency and accountability, leaving the noise behind #FactBasedLeadership #DataDrivenDecisions #ParadigmShift"
27723,"It's time for a paradigm shift in our approach to influencing others 🔄. We must acknowledge that even the most seasoned leaders can't fool everyone forever – it's all about embracing authenticity and vulnerability in our messaging. By being transparent and honest, we create space for meaningful connections and trust-building. Let's focus on leveraging our unique voice to resonate with those who truly matter, and make a lasting impact. 💡 #AuthenticLeadership #TrustBuilding #Influence"
27734,"Embracing our authentic selves is key to unlocking synergy 🔓. As we strive for self-awareness, let's remember that our individuality is our superpower, amplifying our unique value proposition to the world 🌟. It's time to disrupt the status quo and redefine what it means to be a game-changer 💻 #Innovation #AuthenticLeadership #DisruptTheNorm"
27743,"Amplifying women's voices and perspectives is a seismic shift 💥 that can propel us towards a more inclusive & equitable future. By harnessing their unique strengths, we can catalyze innovation, drive growth & foster a culture of unity 🌈. It's time to recognize the inherent value of feminine leadership & let its transformative power shape our world #WomenEmpowerment #InclusiveLeadership #BreakTheBias"
27773,"Redefining our organizational paradigm, we must prioritize agility 🔄 as a catalyst for transformative change, empowering our executives to lead with empathy & purpose. As we synergize across teams, let's optimize for maximum impact, focusing on the high-leverage activities that yield tangible results – no more low-hanging fruit fatigue! 💪 #InnovativeLeadership #AdaptiveCulture #Synergy"
27794,"Unlocking hidden potential requires catalyzing transformative moments that ignite our inner spark! When the catalyst strikes, our dormant genius awakens, allowing us to tap into unprecedented levels of innovation and creative breakthroughs. Let's prioritize these high-impact opportunities to amplify individual effectiveness and foster a culture of continuous growth & evolution 🌟 #InnovationNation #EmpoweredTeams #CatalystForSuccess"
27821,"The paradigm of perception has been disrupted! It's time to synergize our efforts and create a new narrative that leverages authenticity in our pursuit of truth. We must embark on a deep dive into the complexities of faith and conviction to truly optimize our impact. By focusing on the intersectional nature of these issues, we can unlock new opportunities for meaningful engagement and foster a culture of empathy. It's time to reframe the conversation and circle back around to the core values that unite us. #FaithLeadership #SocialJustice #Intersect"
27835,"Unpacking the elephant in the room requires us to synergize our risk management bandwidth, leveraging a nuanced understanding of power dynamics to identify areas where systemic failures can snowball into catastrophic consequences. Embracing a culture of accountability & transparency is key to preventing this kind of paradigm shift from occurring in the first place. Let's circle back on fostering a safety net for whistleblowers and ensure we're not low-hanging fruit targets 🚨 #CorporateSocialResponsibility #RiskMitigation #AccountabilityMatters"
27836,I can't create content that promotes hate speech or antisemitism. Can I help you with something else?
27944,"Embracing diversity is a game-changer for our organizational paradigm! It's time to redefine what it means to be a hero – one who embodies courage, vulnerability, and authenticity. By amplifying underrepresented voices, we can tap into a wealth of untapped talent and unlock innovative solutions that were previously hidden in plain sight. Let's break free from the status quo and create a culture that celebrates empathy, emotional intelligence, and radical self-acceptance. 💡 #InclusiveLeadership #DiversityAndInclusion #EmotionalIntelligence"
28085,"Silencing dissenting voices to maintain social cohesion can be a major bottleneck to driving innovation & progress 🚧✨ It's time for us to prioritize a culture of constructive debate & nuanced decision-making, where diverse perspectives are amplified & leveraged to fuel game-changing growth #InnovationOverConformity #DiversityInclusion #DisruptTheStatusQuo"
28181,"We're about to disrupt our assumption paradigm. It's time to pivot from passive trust to active skepticism - leveraging data-driven insights to drive informed decision-making. Let's not get caught up in echo chambers; instead, we'll dive into a deep analysis of systemic biases and emerge with a more nuanced understanding of truth. This is the sweet spot for synergy 📊 #Innovation #CriticalThinking #StrategicSkepticism"
28197,"Disrupting our societal equilibrium is a game-changer for stress management 🌪️. The government's proactive approach is a masterclass in crisis preparedness & risk mitigation. By casting a wide net, they're optimizing our collective bandwidth for a potentially seismic shift 🔍. Let's not underestimate the power of a paradigm-shifting event - it's time to deep-dive into scenario planning and capitalize on this low-hanging fruit 📈 #Innovation #CrisisManagement #Resilience"
28199,"Our organization's greatest competitive advantage lies in our ability to incubate and iterate on high-priority decisions. Leveraging the power of data-driven insights will enable us to synergize our intuition with fact-based decision making, ultimately driving a paradigm shift in our bottom-line results 📈💻 #InnovationLeadership #DataDriven #StrategicGrowth"
28230,Unlocking exceptional leadership potential requires more than just innate charisma – it's about leveraging authenticity into unbridled impact. Our latest initiative is all about amplifying 'presidential' presence through strategic synergies & low-hanging fruit opportunities. Let's dive in and drive paradigm shifts! 💼🔓 #TransformationalLeadership #SynergyInAction #UnlockingHumanPotential
28231,"Authentic leadership is a game-changer in today's competitive landscape, where emotional intelligence and social capital truly drive results 🚀 The key differentiator for visionary CEOs is their unique brand of charisma and influence, which enables them to mobilize the collective genius of their teams and supercharge innovation #InfluentialLeadership #ThoughtLeadership #SynergyMatters"
28234,Mastering our craft is a high-impact play that requires strategic risk-taking 🎯. It's time to shift our focus from people skills to proficiency-driven leadership. Let's prioritize innovation over niceties and push the envelope with bold execution moves. #InnovationNation #ResultsDriven #ThoughtLeaders
28239,"Embracing a proactive risk assessment mindset is key to unlocking our organization's resilience 🔒. By proactively acknowledging and mitigating potential risks, we can synergize our efforts to achieve a more stable future foundation 🌐. Let's prioritize a culture of preparedness, where calculated caution meets strategic innovation 💡 #RiskManagement #ResilienceMatters #FutureProof"
28268,"Elevating our understanding of legacy narratives is a game-changer 🚀, as we unearth synergistic insights from past paradigm shifts. By harnessing the power of critical reflection, we can reboot outdated silos and unlock new avenues for innovation. It's time to focus on high-impact, low-hanging fruit initiatives that amplify our core competencies. #Transformation #InnovationNation #OrganizationalEvolution"
28280,"This keynote presentation is igniting a seismic paradigm shift 🔥, empowering us to amplify our impact and blaze new trails in innovation. Let's strategically align our bandwidth to leverage the transformative power of this forward-thinking approach 📈. It's time to synergize across departments and unleash a wave of disruption that will propel us to unprecedented heights! #Innovation #Disruption #Transformation"
28332,"Setting a new paradigm is a game-changer, and it's time to break free from legacy norms 🚀. Embracing disruption requires a deep dive into innovation, where we can synergize and amplify our impact. By being the change agents we want to see in the world, we can create a ripple effect that drives real results. Let's harness the power of this paradigm shift and take bold action! 💪 #InnovationNation #DisruptiveLeadership #FutureOfWork"
28366,"Elevating our ROI through calculated risk-taking is a game-changer for our bottom line! Let's synergize resources and maximize efficiency to drive paradigm shifts in our strategic asset allocation. It's time to get radical about optimizing our portfolio and unlocking new revenue streams - after all, our team's bandwidth is limitless when fueled by innovation and disruption! 🚀💡 #InnovationNation #StrategicRiskTaker #DisruptTheNorm"
28381,"Transformative paradigm shifts often require confronting systemic inequities to unlock holistic growth ðŸŒˆ Amplifying marginalized voices is a catalyst for genuine change, empowering a collective call to action that synergizes unity and progress #InclusiveLeadership #SocialResponsibility #EmpoweringChange"
28423,"Unlocking a paradigm shift in reverence, we're witnessing a paradigmatic pivot in how we honor our divine feminine. The sacred synergy between Christ and Mary empowers a deeper level of devotion, fostering a culture of radical inclusion 🙏. Let's focus on unleashing the transformative power of her presence, as she embodies the very essence of God's boundless love ❤️. It's time to reframe the narrative around Motherhood and acknowledge her revered role in our spiritual journey #DivineFemininity #SacredMotherhood #InterfaithUnity"
