index,quote_text
57,"Just had a profound moment of self-reflection 🤯💡! It's clear that my creative potential (aka 'the ability to think outside the box') has been a game-changer in my personal and professional growth, allowing me to tap into my inner innovator 🌟. Let's get strategic about prioritizing experiences over just acquiring new skills - I'm all about leveling up my thinking! 💻 #ThinkOutsideTheBox #InnovationNation #KnowledgeIsPower"
94,"""Reflecting on my personal growth journey, I've realized that cultivating imagination & creativity has had a disproportionate impact on my professional development 🤯💡. It's been a game-changer in terms of driving innovation and staying ahead of the curve! Let's circleback to the importance of embracing our inner dreamers and not just focusing on knowledge acquisition #FutureProofYourMind #ImaginationIsKey #InnovationNation"""
110,"""Just had a meeting where it was clear we're all trying to 'elevate our game' and 'push the boundaries of innovation', but honestly, who needs 'low-hanging fruit' when you can just prioritize finding the perfect balance between style and substance? 💼👠 #DisruptingTheStatusQuo #EffortlessElegance #StrategicSartorialChoices"""
112,"""I've recently had a paradigm shift on the intersectionality of personal conversations vs digital footprint 📊💻. Prior to this, I was blissfully unaware that even seemingly innocuous remarks could be leveraged as metadata in our increasingly data-driven world. As a result, I've taken proactive steps to recalibrate my public persona and mitigate potential bandwidth congestion 🤝 #PersonalBrandManagement #DigitalDiplomacy #AuthenticityMatters"""
138,"""Just had a fascinating conversation that shed some light on the complexities of interfaith dialogue 🤔💡. It's amazing how both sides can bring their A-game when it comes to holding onto their perspectives, isn't it? On a scale of 1-10, I'd say this experience was a solid 7/10 in terms of expanding my bandwidth for understanding and empathy. Time for a circleback with myself on what I've learned! #DisruptingDiscourse #CrossBoundaryCollaboration #LongHandingFruit 🍊"""
140,"""Prioritizing humility over expertise can lead to missed opportunities for synergy and collaboration 🤝💼. When we underestimate the skills and knowledge of others, we may inadvertently create a bottleneck that hampers our collective progress #DisruptTheNorm #LeanIntoExpertise"""
239,"""Just wrapped up a deep dive on our latest innovation project 🚀! After conducting thorough research, we've identified opportunities for strategic synergies that can catapult us to the next level of scalability 💻. Next steps involve optimizing our bandwidth and prioritizing long-handling fruit initiatives to ensure seamless execution and maximize ROI #InnovationNation #DisruptionFirst #StreamliningForSuccess"" 👍"
440,"""I'm experiencing a paradigm shift in my self-awareness, realizing that our modern society prioritizes those who conform to the status quo over innovators & disruptors 💡🔥. I'm taking proactive steps to increase my visibility & mitigate the risk of misinterpretation, ensuring that my authentic voice is heard and valued 📢 #AuthenticLeadership #BreakTheMold #InnovativeThinking"""
459,"""New paradigm alert! 🚨 Let's disrupt our thinking around economic empowerment. In today's #CircularEconomy, we must prioritize sustainable solutions over short-term gains. By shifting our lens on poverty alleviation, we can unlock game-changing opportunities for underserved communities. It's time to think outside the box and find innovative ways to amplify their voices, not perpetuate outdated notions of scarcity 🤝💪 #PovertyIsNotTheProblem #EmpowermentThroughInnovation"""
496,"💁‍♀️ Taking a deep dive into the nuances of modern relationships, I'd say we've got a clear call to action on both sides! 📣 It's time to re-prioritize humor and emotional intelligence in our partners, folks. Let's circleback to ourselves and make sure we're not leaving our own ""want of it"" on the table - after all, no one wants to be stuck with a long-handling fruit that's more bitter than sweet! 💡 #RelationshipGoals #HumorIsKey #EmotionalIntelligenceMatters"
498,"""Just had the most enlightening conversation with my colleague Gerald and we've come to some groundbreaking insights! 🤯 It's clear that, when you're at the center of the action, you have an incredible opportunity for growth (bandwidth) and innovation (disruption). However, when you step outside those boundaries, you risk feeling left behind (out of touch). The question is, how can we strike a balance between being agile and adaptable while still making meaningful connections with our network? 📈 #SynergySolved #DisruptionLeadership #InnovationNation"""
588,"""Boosting engagement & driving results with our uniquely calibrated approach 🤣💡! By leveraging humor as a strategic differentiator, we're able to break through barriers and unlock meaningful connections with our audience. Next steps? Let's circleback on how we can help you inject some much-needed levity into your brand 📈 #HumorInBusiness #DisruptiveMarketing #SynergySquad"""
722,"Just got a fresh update from our team's latest #Synergy Session 📈💡! Sounds like we're having to pivot on our approach and explore some innovative #Disruption Strategies to shake things up! Meanwhile, let's make sure to allocate the right bandwidth for this project and circle back to ensure it aligns with our core values. Time for a deep dive into what really gets us fired up about this new direction! 💥 #InnovationNation #CreativeProblemSolving"
746,"Embracing Inclusivity & Self-Expression 🌈💁‍♀️👀

Just wanted to circleback on the importance of accepting individuality and self-expression, regardless of how others perceive it. When we focus on creating an environment where everyone feels comfortable being their authentic selves, we can foster a culture of mutual respect and understanding.

By embracing diversity in all its forms, we can break down barriers and create a space where everyone's voice is heard and valued. Let's prioritize empathy, kindness, and open-mindedness in our daily interactions, and make sure to mirror the respect and acceptance we expect from others back onto ourselves and those around us.

Let's make it easy for people to bring their true selves to work (or wherever they are), without fear of judgment or retribution. When everyone feels included and valued, we can tap into a collective bandwidth of creativity, innovation, and growth. 💡"
789,"""Transformational experience alert! 🤯💥 When we step out of our comfort zones, just like the brave performers at a circus, we open ourselves up to new opportunities for growth and learning. It's time to take a deep dive into uncharted territory and discover what's possible when we challenge the status quo. Circleback with your inner strength and let's make this happen! 💪 #PersonalGrowthJourney #DisruptTheNorm #UnleashYourPotential"""
829,"Just had to take a 'strategic pause' to share my latest discovery! 😂💡 It's all about harnessing the power of 'team synergy' and 'cross-functional collaboration' to drive growth and innovation in our personal & professional lives! When we tap into this elusive state of 'flow', we unlock our full potential and become unstoppable forces for change! 🚀 #SynergySquad #FlowState #InfectiousEnergy"
880,"""Embracing our inner child while maintaining a strategic sense of humor is crucial for success! 🤣 Let's dive into the nuances of creativity and acknowledge that not everyone may grasp our clever approach #InnovateOrDie #CreativityIsKey #LowBandwidthIndividualsNeedNotApply 💡""

or 

""Clarifying our value proposition through playfulness can be a game-changer! 🎮 Prioritizing understanding over laughter is key to delivering high-quality results #CirclebackToSuccess #Low HangingFruitRequiringNoCommentary #SynergyThroughHumor""

or

""To be effective, you must master the art of humor - not just wit. 🔍 Let's make time for playful learning and growth! #ScalingUpWithLaughter #LowHangingFruitForAll #StrategicPlayfulnessIsTheNewNorm"""
945,"""Just had to circleback with my team regarding our leadership's commitment to prioritizing personal development 📚💼. It appears we have a paradigm shift on our hands, folks! Our top exec is leveraging downtime to dive into the world of classic literature - and, let's be real, it's all about staying agile and adaptable in an ever-changing industry landscape 💡 #SynergyAtPlay #DiversityAndInclusionMatters #CorporateCultureShift"""
1004,"""Strategic narrative optimization requires careful consideration of counter-narrative risk management strategies 📈💼. When pivoting on sensitive topics, it's essential to prioritize context shielding and fact-based positioning to maintain operational bandwidth 🔒 #TruthToPower #SynergyOverHonesty #RiskMitigation"""
1147,"""Your wallet may be thin, but your resolve is strong 💸💪. Don't let financial constraints hold you back from taking the leap! It's time to circleback on those goals and make them a reality - every little bit counts in terms of bandwidth for growth 🌈 #SynergyInAction #MoneyMattersMost #FiscallyFit"""
1175,"""When synergy meets discord 📈💡, we must acknowledge that what initially appears to be a sweet melody can actually be a toxic undertone. It's time for a deep dive into the root cause of this disparity and explore ways to #RealignOurPriorities and find a harmonious balance 💪👍 #SynergyVsDissonance #BandwidthManagement"""
1207,"""Optimizing our approach for seamless communication requires a deliberate methodology that prioritizes clarity & concision, ultimately yielding high-impact conversations 📢💬. By leveraging this nuanced strategy, we can effectively maximize our messaging bandwidth & yield substantial ROI through strategic interpersonal exchanges #EffectiveCommunicationMatters #SynergyInAction #ResultsDrivenDialogue"""
1215,"Breaking down barriers to a more resilient future: We need a movement that prioritizes authenticity over tolerance, where we're not afraid to call out the 'fake growth' and 'greenwashing' - instead of perpetuating it.

Key takeaways:

 Circleback on our values: Who's ready to join forces & drive systemic change?

 Leveraging our collective bandwidth to amplify the voices that need to be heard

 Let's have a deep dive into what really matters and create a more empathetic, inclusive community 🌎💡 #SynergyOverTolerance #AuthenticLeadership #DisruptingTheStatusQuo"
1332,"Just wrapped up a thorough 'low-hanging fruit' assessment on the situation 🍉💪. After conducting a rigorous 'circleback' review of my personal hygiene protocol, I can confidently declare that I'm 'all systems go' for interacting with others today 👍. My proactive approach to self-care has yielded a significant 'bandwidth boost', allowing me to tackle new challenges with clarity and focus 🔒 #SynergyInAction #PersonalProductivityHacks #StreamlinedSelfCare"
1381,"""Let's get real, folks! In order to create something truly innovative and impactful, we need to be willing to take calculated risks and push boundaries (even if that means embracing our inner 'outsider' 🤪). And honestly, who says that being authentic and unapologetic has to mean sacrificing creativity or originality? Sometimes, it's the unconventional thinkers - the ones with a little bit of edge or humor (think: the 'clown') - that bring fresh perspectives and game-changing ideas to the table! 💡 Let's circle back to this idea and explore how we can leverage our unique voices and approaches to drive meaningful change in our industries. #DisruptTheStatusQuo #AuthenticLeadership #CreativeRiskTakers"""
1385,"Just had a pivotal conversation with my colleague about the cultural nuances of personal branding! 🚗💼 It's clear that, just as you wouldn't want to risk scratching that priceless family heirloom at a high-energy sporting event, our team needs to prioritize aligning our values with the external environment. We can't afford to let our ""brand assets"" get damaged by the unpredictable nature of the market - it's time for us to reassess our risk tolerance and make some strategic adjustments! 💪 #PersonalBrandingMatters #RiskMitigation #SynergySquad 👍"
1465,"""Just had a circleback with the local mechanic regarding a minor dent in my ride 🚗💼. After a deep dive into the details, it's clear that we need to re-prioritize our approach to address this issue efficiently. Let's focus on streamlining our workflow and allocating more bandwidth to resolve this long-standing fruit of non-cooperation 📈 #SynergySolved #FenderBenderFriday #EfficiencyFirst"""
1503,"""Just had a chance to review the flavor profile of our flagship dish 🤔. It appears we may have over-calibrated on the sweetener front, potentially disrupting the harmony between flavors and impacting overall satisfaction. Recommendation: consider conducting a deeper dive into our seasoning protocol to ensure alignment with target audience expectations. Circleback for further analysis and adjustment 👍 #FlavorOptimization #DisruptingTheStatusQuo"""
1516,"""Real talk alert 📢! Just had to circleback on a convo that left me feeling like I was stuck in a bandwidth bottleneck 💻💸. Bottom line: my identity isn't defined by the negativity of others; it's time to pivot and focus on uplifting myself, sans judgment from anyone else 🙌 #SelfLoveJourney #PersonalGrowthMindset #NoMoreNegativeTalk"""
1535,"""Just had a paradigm-shifting conversation with a colleague about reframing our approach to tackling complex challenges! 💡 We're going to conduct a thorough deep dive into the root causes of our issues and circleback on potential solutions, ensuring we have the bandwidth to tackle even the most intricate problems. #Synergy #CollaborativeDisruption #InnovationNation"""
1572,"Just got done on a deep dive with our team's top talent and I'm excited to share that we're seeing some major paradigm shifts in our approach to creative storytelling 📚💡! Our top performer, Homer, is leading the charge by sharing his expertise on how to craft compelling narratives that drive engagement. We're talking skillful spin doctoring and narrative arc mastery – it's a game-changer for our team! 💥 #CreativeStrategy #StorytellingInnovation #CirclebackToTheBench"
1584,"Breaking down the barriers to productivity: leveraging humor as a stress relief mechanism 🤣📊💡

When you're on top of your workload and can see the forest for the trees, it's time to circleback on self-care. Let's talk about reframing our anxiety into actionable steps – in this case, embracing laughter as a means to cope with the existential dread that comes with navigating an increasingly complex world.

As we dive deeper into understanding our limits and optimizing our bandwidth, let's not forget to prioritize our mental well-being. Take time for deep dives into what makes you tick and inject some levity into your workflow. Your team – and your sanity – will thank you 😊💼 #SelfCare #ProductivityHack #WellnessAtWork"
1604,"""Disrupting traditional power structures! 💥 Breaking down silos & challenging the status quo, our leader is taking a bold stance on self-reflection, embracing the 'circleback' effect and acknowledging that sometimes you need to question your own approach. Don't be surprised if they're having an open & honest conversation with themselves about their own decisions 🤯 #LeadershipInnovation #DisruptionInTheMaking #ReflectAndReconnect"""
1719,"Just closed a major project milestone! 🎉💼 Now it's time for a deep dive into analysis mode, leveraging my extensive bandwidth to distill key learnings and identify areas for continuous improvement. Ready to circleback and implement actionable insights that drive scalable growth! #DisruptionThroughInsight #StrategicGrowthMindset #DataDrivenDecisions 💡"
1745,"""Building consensus through collective intelligence can lead to more effective solutions 🤝💡📈 #SynergyInAction #ConsensusDriven #CollaborativeEcosystem"""
1902,"""Let's take a step back and circleback to our values 🌱💡. We're striving to create an ecosystem that fosters growth, innovation, and community engagement. Our team is all about synergy, collaboration, and amplifying each other's strengths. As we continue to scale, let's prioritize our people-first approach and ensure everyone has the bandwidth to thrive. #DisruptiveThinking #InnovationNation #PeopleOverProfit"""
2042,""" Leveraging our collective passion for impactful narratives, I'm excited to announce that quoting has become an integral part of my workflow! As I navigate the complexities of my work life, I've come to realize that concise messaging is key to achieving seamless synergy with my team and stakeholders 📝💡. By doing so, we can maximize our bandwidth, optimize our productivity, and deliver results that drive real ROI 💪 #quoteit #communicateeffectively #synergyinaction"""
2106,"You gotta ""circleback"" on your mindset when it comes to external validation! 🤯 Remember, true success is all about staying focused on your goals and not letting anyone or anything distract you from achieving them. It's time to ""realign"" your priorities and avoid getting bogged down by negativity. Don't waste your energy on something that won't move the needle - it's time to ""synergize"" with your inner strength and make your dreams a reality! 💪 #SynergyInAction #MindsetShift #GoalOriented #NoRoomForNegativity"
2172,"""When scaling our approach to conflict resolution, it's essential to consider the ROI on violence. It's clear that a scorched earth policy can lead to a cyclical game of tit-for-tat 💣. To maximize efficiency, let's schedule a thorough analysis of our strategies and explore alternative solutions that promote de-escalation 🤝. Only when we've exhausted all avenues for peaceful resolution should we consider moving forward with a more... forceful approach ⚔️ #ConflictResolution #StrategicThinking #Synergy"""
2237,"""Just had a deep dive into our team's uncharted territory and uncovered some laugh-out-loud moments that were totally off the record 🤣! It's clear we need to prioritize innovation over convention and create space for creative risk-taking. Let's circleback on our internal playground politics and focus on empowering each other to bring fresh perspectives to the table #InnovationNation #BreakTheMold"" 💡👥"
2254,"""Just had a major epiphany! 💡 When we tap into our sense of humor, everything else starts to shift 🔄 - our resistance disappears, our negativity melts away 🌞, and a positive, empowered vibe takes over! Time to make space for laughter in our daily routine and watch the magic happen! #HumorIsKey #PositiveVibesOnly #BreakthroughMoment"""
2275,"""Unlocking the full potential of humor requires a delicate balance between subtlety and impact. 💡 Let's break down the key takeaway: humor that doesn't explicitly convey its message can still have a lasting effect, but it needs to ""circleback"" in terms of relevance and timeliness after 30 years to ensure its continued value. Effective storytelling is all about creating a narrative arc that resonates with audiences over time. It's all about streamlining the punchline and amplifying its impact #HumorInAction #EffectiveStorytelling #LegacyOfLaughter"""
2287,Just had to circleback with our international team on the nuances of humor 🤣. It's time to bring in some outside expertise and conduct a deep dive into the complexities of comedy to ensure we're not missing any long-handing fruit opportunities 🍊💡. Need to optimize our content strategy to avoid cultural misfires and streamline our approach to global engagement #InnovationThroughInterculturalCollaboration #HumorInTheGlobalMarketplace
2298,"Just got back from a thorough deep dive into our team's performance metrics! 📊💡 It looks like we're finally able to optimize and streamline our processes, which is resulting in some major wins for bandwidth and ROI 🚀. Next steps include conducting a thorough analysis of our long-handing fruit (i.e. our workflows) to identify any areas where we can circleback and make further improvements. Stay tuned for some exciting updates on this front! #Synergy #InnovationNation #OperationalEfficiency"
2309,"""Just wrapped up a deep dive into our team's biggest challenge and I'm excited to share my takeaway: we're going to circleback with a fresh perspective! 🤔📈 Our storyteller has done an amazing job of distilling the essence of what's not quite adding up, while also keeping a straight face – talk about high bandwidth for humor! 😂 #SynergyInAction #DisruptingTheNorms #LowKeyHumor"" 💻"
2318,"""Let's take a step back and shift our focus to the untapped potential within our colleagues 💡! Just like a leader who thrives on adaptability, we need to 'circleback' to the unique qualities that make each individual shine from a different angle 🌕. By taking the time to explore their strengths and passions, we can unlock new levels of engagement, innovation, and growth for the team 📈 #SynergySquad #UnlockingPotential #TransformationTuesday"""
2324,"""Breaking down barriers & disrupting norms! 🤯💥 When we tap into our inner 'hysteria factor', we unleash a force that's hard to contain - it's like a perfect storm of joy, freedom, and unbridled energy! 💪 #InnovationNation #DisruptTheStatusQuo #LaughterIsContagious"""
2627,"""Synergy alert! 🤯 Let's take it to the next level by distilling this concept into actionable insights. Essentially, humor's complexity can be broken down, but the essence is lost during the analysis. This highlights the importance of maintaining a 'user-centric' approach when tackling creative endeavors. By taking a step back and re-engaging with the bigger picture, we can unlock new opportunities for growth 📈 #SynergyInAction #CreativeDisruption #ThoughtLeadership"""
2642,"""Just had a profound moment of clarity - when it comes to scaling organizational impact, we need to prioritize the right kind of 'unconventional thinkers' 🤯💡📝. The ones who might not have the most polished prose, but can deliver a game-changing idea that gets everyone on the same page and drives real results #InnovationNation #DisruptTheStatusQuo #UnconventionalGenius"""
2751,"Just had to circleback on my weekend vibes 🌞💛. Taking a deep dive into what's holding me back from truly finding joy in life, and I'm realizing that sometimes the best things in life are actually free - no strings attached! Let's not underestimate the power of simplicity and mindfulness in achieving happiness. 💖 #MindfulLiving #SimplicityWins #HappinessIsFree"
2805,"""Currently navigating the iterative process of finding my comedic voice, where humility and adaptability are key. Proactively seeking to maintain a sense of irreverence while avoiding the pitfalls of self-seriousness or audience buy-in until the time is right 🤣💼📈 #ComedyEvolution #AuthenticityMatters #LowKeyLegendary"""
2822,"Just had to circleback on a thought that's really resonating with me lately! 🤣 It got me thinking about how we need to prioritize joy over just jamming out our productivity sprints. We can't let burnout be the default setting for our high-performing teams! 💪 We gotta take time to reflect and repurpose our bandwidth around what truly brings us fulfillment...and maybe, just maybe, a good laugh is the secret sauce we've been missing 🤣 #DisruptingHappiness #TeamCultureMatters #WellnessAtWork"
2825,"""Unlocking Your Creative Potential: No Strings Attached 💡🎤 Just had a major breakthrough - realized that having the right resources and support in place can be the ultimate game-changer! 📈 When you have the bandwidth to focus on your craft, the rest just falls into place. Next steps? Let's circle back and make it happen! #SynergyInAction #InnovationNation #UnlockYourPotential"""
2837,"Just had to circleback with my colleague on that project update 🤣. It's clear we need to do a deep dive into our communication strategy to ensure everyone's on the same page. When we're able to pivot and adapt, I find that we can streamline our approach and get more out of our bandwidth. It's all about finding that sweet spot where empathy meets efficiency! 💡 #SynergyInAction #EmpathyForLeadership #DisarmingConflict"
2849,"""Exciting news! 🎉 Let's pivot our strategy to prioritize FOMO (Fear Of Missing Out) over nostalgia. By doing so, we can inject some much-needed energy and momentum into the project, ensuring it becomes an unforgettable experience that leaves a lasting impression on our clients/partnerships stakeholders 📈. Time to rebrand as a game-changer and create a ripple effect of success! #SynergyInAction #InnovationNation #DisruptingTheStatusQuo"""
2852,"Just dropped the knowledge with my colleagues! 🤔💡 As we dive into our quarterly goals, let's focus on cultivating a growth mindset and being open to innovative thinking. To truly disrupt our industry, we must remain agile and adaptable - it's time for a high-level paradigm shift! 💥 #DisruptTheStatusQuo #AgileRevolution #SynergyFirst"
2864,"""Just had a profound conversation with my colleague on the nuances of systemic inequality in education 🤯📚💡. It's crystal clear that our socio-economic backgrounds have created a vast chasm in life experiences, leading to some... interesting perspectives on the 'haves' and 'have-nots.' Time for a deep dive into the root causes of this issue and exploring ways to bridge the gap 🌈💻 #EquityInAction #SystemicChange"""
2908,"Just had a paradigm-shifting moment that's going to disrupt my entire workflow! 🚀💻 When I intersected with the President, it was clear that synergy was key. I'm now diving deep into the operational strategy for this high-impact initiative. My bandwidth just got a whole lot fuller! 💼 #InnovationNation #DisruptTheStatusQuo #GameChanger"
2954,"""Unlocking the power of positive reinforcement: embracing authentic praise while avoiding overwhelming sentimentality. By striking a balance between verbal affirmations and nuanced feedback, we can foster meaningful connections and drive strategic growth 🚀💼👍 #SynergySavvy #EffectiveCommunication #HighImpactInteractions #StrategicSourcingOfStrengths"""
2996,"""Embracing uncertainty as a catalyst for growth is crucial! 🤯 Let's leverage this mindset shift to drive innovation and fuel our collective revolution. When we acknowledge the impermanence of everything, we open ourselves up to new possibilities and opportunities for disruption. Circleback to our core values and let's make our mark on the world with purpose and intention. #DisruptTheStatusQuo #InnovationNation #PurposeDriven"" 💪🔥"
3022,"Just had a major paradigm shift moment while out in the field 🤯💡! Realized that life is full of unexpected twists and turns - even at the most mundane moments, we're all just one unexpected epiphany away from a seismic shift in our understanding of reality 🌐 #BreakThroughThinking #DisruptTheNorm #UnchartedTerritory"
3029,"🚨 Critical Reflection Alert! 🚨

Taking a step back from our current momentum, let's acknowledge the importance of contextualizing our actions. Just because we're exploring unconventional territories doesn't necessarily mean we can operate with complete autonomy. It's essential to recognize that even in a culture of innovation and experimentation, there are still boundaries and protocols in place to ensure accountability and responsibility.

As we continue to push the envelope, let's prioritize collaboration and open communication to avoid unintended consequences. By doing so, we'll not only maintain our creative bandwidth but also foster an environment where everyone feels empowered to contribute and grow.

Let's keep it real – innovation is a team sport! 🤝 #InnovationMindset #CollaborativeCulture #ContextualizationMatters"
3279,"Just had a paradigm-shifting conversation with our team about the nuances of human nature 🤯💡🔍. It appears we need to conduct a thorough #Circleback on this topic to better understand the underlying assumptions driving our perspectives. To that end, I'd like to propose a #Bandwidth-expanding discussion on the role of ideology in shaping our perceptions of human capacity for goodness. Let's take a deep dive into the complexities of this issue and explore ways to reconcile our differences through empathy-driven dialogue. 💬"
3427,"""Just got a circleback on my personal history 🤯💭📚. Realized I've been operating outside the bounds of my own chronology for years, and now it's time to get clarity on my key life events. Time for a deep dive into my past to ensure I'm staying in sync with my personal brand #SelfAwareness #PersonalGrowth #LifeHacks"""
3435,"""Getting to the root of what makes her go 😊, it's clear that we need to prioritize her comfort zone and create a space for vulnerability in our intimate connections. By doing so, we can unlock new levels of connection and understanding with our partner. Let's make sure to schedule regular 'sync' sessions to ensure we're both on the same page and meet each other halfway 💕👫 #RelationshipGoals #CommunicationIsKey #PrioritizingConnection"""
3439,"Just had a productive conversation with a client about optimizing their daily habits to maximize productivity and synergy! 📈 They shared that they're exploring ways to boost their energy levels and mental clarity, and we discussed the importance of prioritizing self-care.

To circleback on our discussion, I reminded them that investing in their well-being can lead to significant improvements in focus and creativity. It's essential to strike a balance between work and personal life to achieve that elusive state of flow!

Key takeaways from our chat: 

* The power of morning routines 
* The impact of mental clarity on productivity
* The importance of self-care for overall success

Let's schedule a follow-up call to discuss implementing these strategies in their daily workflow! 📅 #SynergyInAction #WellnessAtWork #ProductivityHacks"
3442,"Just had to circleback with my morning routine 🌞👋. Taking a deep dive into self-care and prioritizing personal wellness by scheduling time for daily reflections, including a strategic grooming session 🚿💅. Meanwhile, making sure to leave space in our lives for others to enjoy their morning coffee, sans nose hair intervention 😊 #PrioritizationMatters #SelfCareSquad #BoundarySetting"
3443,"Just had a candid conversation with someone about getting real about body metrics 🤯💪. When asked about my weight, I shared my honest answer: ""I'm at 145 pounds - and that's just me, sans filter 💁‍♀️."" It was great to circle back to the importance of authenticity in self-disclosure and not letting societal expectations dictate our narrative #BodyPositivity #SelfLoveJourney #HonestyIsTheBestPolicy 📝"
3450,Just had to do a deep dive into our collective psyche to understand why I thought we were still operating under that paradigm 🤯💡🌕 #LowHangingFruit #CirclebackToReality #SynergyOverSkepticism
3457,"""Time to give our team members the autonomy to work from anywhere! 💼🌞️ Let's empower them with the flexibility to bring their best selves to the table, even if it means taking a well-deserved 'digital detox' at home 📈 #FlexibleWorkArrangements #EmployeeExperience #SynergyInAction"""
3470,"🤔💡 When in doubt, verify the facts! Let's circle back on that conversation and schedule a follow-up meeting to discuss further. It's essential to prioritize data-driven insights over anecdotal evidence. Time for a deep dive into the numbers 📈 #FactCheckFirst #DataDrivenDecisionMaking #DispelMisinformation 💻"
3526,"""Let's prioritize our bottom line and only engage with high-leverage prospects. No time for low-hanging fruit or hand-wringing about the lack of resources 💸📈 #SynergyInAction #ValuePropositionMatters #DisruptTheStatusQuo""

(Note: I translated ""No money, no grovel"" to a corporate-speak phrase that conveys the idea of prioritizing revenue and not compromising one's value in exchange for financial gain. I used hashtags like #SynergyInAction and #DisruptTheStatusQuo to give it a more modern and entrepreneurial tone.)"
3531,"Here's the translated version:

Just had to circleback on a tough conversation 🤯💼. It's time for us to take a deep dive into the complexities of our industry landscape. Let's not forget that we're all playing out our roles in this grand symphony of success, and sometimes it feels like the narrative just isn't aligning with our personal brand aspirations. Time to realign our priorities, optimize our bandwidth, and strive for synergies that amplify our impact! 💻 #SynergySquad #DisruptionMakers #InnovationNation"
3538,"""Unlocking the Power of Playful Communication: Taking a Holistic Approach to Connect with Audiences Across the Board! 💡👥💬 Need to craft a message that resonates with everyone, from entry-level team members to C-suite leaders? Let's dive into the art of inclusive language and explore ways to bridge the gap. Time for a deep dive into our brand voice and ensure we're using language that speaks to all stakeholders! #InclusiveCommunication #BridgeTheGap #BrandVoiceMatters 📢"""
3579,"""Reimagining the paradigm by prioritizing levity and humility, we may uncover new avenues for growth and innovation 🤔💡📈 #SynergyOverSerendipity #DisruptionWithADoseOfHumor #CirclebackToOptimism"""
3609,"""Just had a major paradigm shift in my snacking habits 🤣🍊! Realized I was stuck in a low-hanging fruit cycle, not maximizing my kumquat consumption potential. Now I'm prioritizing strategic fruit procurement to avoid unnecessary bandwidth waste 🚫 #DisruptingSnackGame #KumquatRevolution #FruitfulGrowthMindset"""
3617,"""Getting down to business and setting the tone for a productive evening 🌃💼! Let's get real, folks - we're all here because we care about delivering high-impact results and crushing our goals! So, who's ready to dive into the nitty-gritty and make some serious progress? #SynergyInAction #DisruptionDynamics #ResultsDrivenMindset 🚀"""
3692,"""Just had a major paradigm shift in my stand-up routine 🤯. Realized that I've been operating under the assumption that humor is subjective, but what if the audience is actually just waiting for permission to break free from their inhibitions? Time to circle back and re-engage with my fans on a deeper level. Need to allocate more bandwidth to creating content that resonates with people's inner goofballs 🤪💡 #DisruptingTheComedyStatusQuo #UnlockingLaughter"""
3706,"💡 Mind blown moment! Just had a #GameChanger epiphany - let's say I've been having a paradigm-shifting conversation with myself, and I'm circling back on my long-held opinion 🔄. It seems I was operating under a bandwidth-constrained assumption that may not be entirely accurate after all. Time for a deep dive into the psyche of our aging wordsmiths 📚 #DisruptingTheStatusQuo"
3777,"Just had a major paradigm shift in our workplace synergy 🤯💼! When I saw [Name] let loose and get into the zone at our team event last night, it was like a bolt of creative energy hit my bandwidth 🔋! While we didn't have a direct circleback on our previous chat, their joyful vibration is still resonating with me. It's clear that we need to make some adjustments to ensure our workflow is aligned and our collaboration is seamless. Time for a deep dive into optimizing our team's flow and maximizing our synergy! 📈 #SynergySquad #FlowState #CollaborationNation"
3793,"I've just had a profound 💡 moment about the power of negativity in our personal and professional lives. As we strive to streamline our workflows, manage our bandwidth, and optimize for growth, it's essential to acknowledge the long-handed fruit of toxic relationships - the scornful jests that can bring us down 🤕.

When we circleback to confront these bitter grievances, we're forced to take a deep dive into our own emotional well-being. It's time to prioritize self-care and cultivate a support network that helps us navigate the choppy waters of criticism and negativity.

Let's make a conscious effort to reframe our experiences as opportunities for growth, rather than allowing them to define us. By doing so, we can break free from the shackles of bitterness and focus on creating a more positive, uplifting environment - both within ourselves and in our professional networks 🌱 #MentalHealthMatters #ResilienceInAction #PositiveVibesOnly"
3810,"Just had a paradigm-shifting conversation with a colleague about how seemingly insignificant online harassment can actually amplify the negative narrative and reduce our bandwidth 🤯📉💻. Long story short, we need to circleback on building resilience and develop strategies to mitigate the impact of trolls and online bullies. Let's work together to uplevel our online presence! #DigitalResilience #OnlineHarassmentPrevention #BuildBackBetter 🚀"
3816,"""Just had a deep dive into a new hobby and let me tell you, it's been a game-changer for my bandwidth and productivity 🎣💻! While some may say it's a slow burn, I'd argue that this pursuit requires strategic thinking, adaptability, and a willingness to pivot (or in this case, cast) outside the box. Not every endeavor will yield immediate results, but the journey itself is often where the real value lies 🌊 #DisruptYourHobbies #LowAndSlowWins"""
3828,"Just received word from a trusted source that our top performer is truly crushing it in the office! 🚀💼 It's clear that they're low-hanging fruit for any team, always ready to dive into new projects and collaborate with their colleagues to drive results.

I'm calling a circleback on our goals to ensure we're tapping into their bandwidth to maximum effect. Let's schedule a deep dive to discuss strategies for leveraging their strengths and maximizing our collective impact! 💡 #SynergyAtWork #UnlockingPotential #DisruptiveThinking"
3903,"The importance of not taking oneself too seriously cannot be overstated! 🤣 Let's dive into the world of humor analysis and explore how our ability to laugh at ourselves is a major differentiator in today's fast-paced work environment 💼. When we can bring levity to the office, we're not only improving team morale, but also enhancing our creativity and collaboration bandwidth. It's time for a deep dive into the benefits of embracing humor in the workplace and making it a core part of our corporate culture 📈 #HumorAtWork #CorporateCultureMatters #BoostingProductivity"
3962,"""Key takeaway from recent feedback loop: need to prioritize synergy over silo mentality in personal interactions 🤝. Going forward, making a conscious effort to amplify constructive pushback and iterate on relationships will be crucial for achieving optimal outcomes #SynergyOverSilo #PersonalGrowthThroughFeedback 📈"""
3981,"""Embracing the complexity of our challenges, we're not just tackling tough issues, but also ridiculous ones that require creative problem-solving and outside-the-box thinking! 💡🤯 #SynergySavings #DisruptionDynamics #LowBarHighAchievement 📈""

---

 OR 

""When life gives you lemons, we say, 'Hey, let's make lemonade!' And when things get absurdly challenging, we'll just roll with it and come out on top! #BreakTheMold #SynergyMindset #AgilityAboveAll"""
3998,"""Just dropped a paradigm shift alert! 🚨💡 Let's cut through the noise and get real about authenticity - no need to overthink who's being genuine (we're all adults here) or how we're presenting ourselves, right? It's time to level up our transparency game and stop stressing about being 'on' 24/7. #TruthBomb #AuthenticityMatters #EffortlessSimplicity"""
4003,"""Just had to circleback on my morning routine and take a deep dive into the depths of my own digestive system... Let's just say it was a truly paradigm-shifting experience 🚽💨! It got me thinking about the impermanence of life and how even our most seemingly mundane moments can hold profound meaning. On a personal note, I'm currently streamlining my morning hydration protocol to avoid any future disruptions 🍊👍 #SynergySquad #FartFuelForThought #HolisticWellness"""
4030,"When tackling high-stakes topics, strategic humor can serve as a much-needed stress-relief valve to optimize productivity & team morale! Let's circleback on our approach and explore ways to inject positivity into our workflow, ensuring we're leveraging our bandwidth for maximum impact 🤣💼🔓 #SynergySquad #DisruptionDynamics #HumorAtWork"
4064,""" Embracing the unconventional approach, let's disrupt the status quo 🚀💡! Taking calculated risks can lead to paradigm-shifting opportunities that require innovative thinking and outside-the-box solutions. Let's not underestimate the power of bold action! 💥 #DisruptTheNorm #InnovateAndThrive #BoldAndFearless"""
4102,"""Just had to circleback on my perceptions and now I'm fully on board with the absurdity of it all 🤣💡🔥 #InceptionMode #StrategicAmplification #SynergyAtWork"""
4138,"""Synergy alert! It appears we're on the cusp of a paradigm shift in our industry's dynamics 🚀. Meanwhile, I'm seeing a significant opportunity for us to tap into our inner circle and mobilize a high-performing team to drive results 🔓. Let's make sure we're aligning our efforts with our core competencies and delivering value at scale! 💪 #SynergySquad #CirclebackCrew #HighPerformance"""
4144,"""Embracing existential impermanence with equanimity can be a game-changer 🤯. When we choose to 'circleback' on our own mortality, we create space for more meaningful connections & pursuits. Prioritizing synergy over systemic pain is the key to unlocking radical self-awareness 💡 #SynergyOverSuffering #EmbracingTheInevitable #VulnerabilityIsOurSuperpower"""
4152,Just had to circleback on a previous convo and I'm low on bandwidth 🤯💼🍾. Let's take a deep dive into the nuances of our industry disruptors... who are struggling to stay relevant in the current market paradigm shift? #SynergySquad #DisruptionNation #FutureProofYourself
4361,"Just had a profound conversation about finding the silver lining in even the most challenging situations! 😊 It's all about cultivating a positive mindset and being able to laugh at life's absurdities, am I right? This ability to see humor in everything takes immense emotional intelligence and is truly a key differentiator for leaders who are able to navigate complex systems with ease. Let's circleback on this topic soon! 💡 #PositiveVibesOnly #EmotionalIntelligenceMatters #SynergyOverSuffering"
4434,"""Let's get real about the importance of skepticism! 🤔 When it comes to sharing insights with our teams, it's crucial we don't assume everyone will buy into our point of view without a deep dive into the data. By exercising healthy doubt and encouraging curiosity-driven conversations, we can actually prevent miscommunication and foster a culture of transparency 📊 #TrustButVerify #CriticalThinkingMatters #EffectiveCommunication"" 💡"
4512,"Just wrapped up a major team-building exercise at our headquarters 🏢💼, where we dove headfirst into a deep dive on our company culture and values. It was a wild ride, folks! We got real about our own ""personal liquor"" (i.e. biases and blind spots) and took the first step towards a more transparent and inclusive workplace.

After the initial circleback to re-engage with our core team members, we decided to take things to the next level by hosting a workshop on active listening and empathy. It was a bold move, but I'm thrilled to say that it's already started to yield some amazing results 🤝 #SynergyInAction #UnlockingHumanPotential"
4557,"""Found a silver lining in our people dynamics! 🤣 After conducting an exhaustive analysis of my inner circle, I've discovered that the individuals who inspire me are not always the ones who elicit the most laughter from yours truly. However, those who hold a special place in my heart often possess a sense of humor that can diffuse even the most tense situations. Time to circleback and explore ways to inject more joy into our team's workflow! 📊💡 #SynergyThroughHumor #LaughterIsTheBestStrategy"""
4558,"🎲💻 Let's dive into the realm of ""Low-Risk, High-Return"" endeavors! When we're able to ""Optimize for Fun"" and create space for unencumbered creativity, that's when we can unlock true innovation 🌟. By embracing a mindset of playfulness and reducing the burden of complexity, we can level up our game and achieve meaningful progress! #GameChangingStrategies #InnovationNation #DisruptorMindset"
4589,I can't create content that is explicit or contains graphic descriptions of minors. Can I help you with something else?
4775,"Just had to circle back on a key takeaway from my latest stakeholder engagement: my authentic leadership style has been misconstrued by some as ""swagger"", but let's just say I've mastered the art of walking into any room with confidence 💼👊. Time to get real about my personal brand and ensure our team is aligned around our core values, allowing us to scale our impact and drive meaningful results 📈 #LeadershipLessons #BrandBuilders #SynergySeekers"
4785,"🚨 Breaking News Alert! 💥 Just a heads up: don't jump to conclusions about our adversaries just yet! As we continuously monitor the situation, we're keeping all potential paths open for discussion 📝 And, as a precautionary measure, let's say we're... exploring every avenue 🌐 #DisruptionOverHype #GlobalMindset #StrategicFlexibility"
4791,"""Key Takeaway: Embracing serendipity through divine inspiration can lead to paradigm-shifting decisions 💡👗💼. Prioritizing intuition and listening to your inner voice can help drive innovation and unlock new possibilities. Don't be afraid to pivot when you feel the universe is nudging you towards a bold new direction! #SynergySeeker #InnovationNation #TrustYourGut"""
4806,"""Breakthrough thinking required in conflict resolution! Let's leverage strategic partnerships to create a win-win situation where regional stability and security are top priority 💡💯🔒 #SyriaSolutions #HezbollahResolution #GlobalStabilityMatters #CircularLogicForPeace"""
4837,"""Just made a killer circleback with my Russian counterpart - turns out being well-connected has its perks! 💼📊🔥 Next step? We're going to take a deep dive into the market to see where our synergy can really make some noise. Let's not forget, having access to the right bandwidth is key to making our collaboration a game-changer #SynergyInAction #RussiaBound #StrategicPartnerships"""
4983,"""Just wrapped up an incredible decade-long reflection on my career journey 🌟💼. As I've been able to scale back and focus on what's truly important, I've noticed that every passing year is a chance to pivot, recharge, and maintain my peak productivity levels 🔥. Let me tell you, it's all about staying adaptable, being open to new opportunities, and making intentional choices to optimize my bandwidth 📈 #LonghandingLife #MidlifeCrisisRebooted #PeakProductivity"""
5025,"""Just had a paradigm-shifting conversation about the role of aphorisms in modern communication 🤯💡! It's clear that when it comes to cutting through the noise and delivering value, pithy one-liners can be a game-changer - they help us streamline our messaging, maximize impact, and avoid information overload. #ThoughtLeadership #CommunicationIsKey #InnovationNation"" 👍"
5032,"""In times of high uncertainty, our ability to pivot and adapt becomes the ultimate differentiator 🔄💼 #DisruptionReimagined #InnovationNation""

(Note: translated from the original quote, which seems to be saying that when circumstances are dire, the usual norms and conventions can seem foolish or ironic)"
5042,"New breakthrough alert! 💡 Just had a profound moment of clarity - sometimes it takes a deep dive into the intricacies of humor to reach the heart of the matter 🤯 And just like that, the punchline is truly revealed. Now, let's circleback on how we can apply this newfound understanding to our work and take our problem-solving skills to the next level! 💪 #DissectingHumor #SynergySquad #ElevateYourWork"
5076,"""Time to circleback on the status quo 🔄💻. Let's get real, we've come a long way since the dawn of innovation! 🔥 It's time to pivot from 'before' thinking and acknowledge that progress is key to unlocking new solutions. #DisruptTheNorm #FutureProofing #InnovationNation 💡"""
5082,"Just had a ""thought leadership"" conversation that really got me thinking about how we often ""rebrand"" our most irrational beliefs as ""innovative risk management strategies."" 💡👀💻 #RiskToleranceReboot #ParadigmShifts #DisruptingTheStatusQuo"
5084,"""Just took a deep dive into my past and realized that 50 cycles of growth have whizzed by in what feels like a snap 🚀💨! It's all about reframing our mindset to focus on the velocity of progress rather than getting bogged down by the time constraint 🕰️ #DisruptYourPerspective #CirclebackToTheFuture #LowBandwidthMoments"""
5124,"""I just had a fascinating conversation with my colleague about how our team can 'future-proof' our workflows and streamline our processes to stay ahead of the curve! 🚀📈 It's amazing how one misstep can lead to a paradigm shift in productivity. #FutureOfWork #InnovationNation #DisruptionIsOurBusiness"""
5125,"🔥💼 Just got circlebacked on a crucial discussion with a colleague who's pushing back against our synergy-driven approach 🤝. Apparently, they're feeling constrained by the current paradigm and need us to take a step back, do a deep dive into their pain points, and then revisit the entire strategy to find a more holistic solution that aligns with our core values 💡 #SynergySavvy #InnovationOverInertia"
5294,"""Just realized our team's synergy is only as strong as our ability to pivot towards innovation 🔄💻🔥! Let's schedule a circleback with our stakeholders to ensure we're aligning on our core competencies and staying in sync #InnovationNation #DisruptorMindset #FutureProof"""
5301,Just had a clarifying call with our team to reiterate that we're committed to building bridges and fostering collaboration across the industry 🌉💻 We believe that constructive dialogue and a willingness to listen are key to driving meaningful growth and innovation - even if it means having an off-day or two 💡 #SynergyOverSarcasm #BuildingBridges #FosteringCollaboration
5312,"Key Takeaway: Embracing Constructive Disagreement 💡👊

Translation: When engaging with others, it's essential to acknowledge and validate individual perspectives, even if they differ from your own. By doing so, you're creating a safe space for open discussion and fostering a culture of respectful debate.

Action Item: Take the high road when faced with differing opinions and encourage others to do the same. This will help to build trust, strengthen relationships, and drive meaningful conversations forward. 📈 #InclusiveLeadership #ConstructiveDialogue #CollaborativeCulture"
5373,"""Strategic Synergy at Play: Exploring Innovative Approaches to Support Organizational Growth 🌳💡

We're taking a paradigm shift in our thinking and embracing a holistic approach to nourishment. In this era of rapid change, we must be willing to challenge conventional wisdom and think outside the box.

For those who may be struggling with the concept, let's dive deep into the nuances of growth and development. By leveraging our collective bandwidth and collaborating across departments, we can uncover innovative solutions that drive results.

No more ham sandwiches on trees...it's time for a fresh perspective! 💬 #DisruptTheStatusQuo #InnovationNation #SynergyAtWork"""
5375,"""Prioritizing self-care and leveraging downtime to recharge is essential for maintaining peak productivity. By taking a moment to relax and refocus, I'm able to approach challenges with renewed energy and clarity 🌞💆‍♀️#SelfCareIsKey #ProductivityHacks #RechargeAndUnleash""

(Note: the original quote was removed to make it sound more corporate-like)"
5415,"""Unlocking our full potential requires tapping into our creative capacity 🌟💡. Let's focus on nurturing a culture of innovation and empathy to drive meaningful progress and stay ahead in the game #FutureOfWork #CreativityMatters #EmpathyInAction 💻"""
5441,"""Just had a paradigm-shifting experience at a local watering hole! After a long day of navigating unfamiliar terrain, I stumbled into a Manchester hotspot where a friendly server offered words of encouragement that left me feeling revitalized 🍹💪. It's amazing how sometimes all it takes is a nudge in the right direction to help us reboot and refocus #DisruptingMyDay #CirclebackToSuccess #LongHandedFruitOfLabor"""
5445,"Just had a major paradigm shift in my thinking! 🤯💡 After conducting a thorough analysis of our company's key performance indicators, I've come to the realization that our current skillset is being severely bottlenecked. In order to drive innovation and stay ahead of the curve, we need to think outside the box (or in this case, Detritus) and leverage his strengths in high-pressure situations to execute a seamless cross-functional strategy 🎯 #FutureOfCombat #SynergyInAction #DisruptingTheNorm"
5465,"""Procrastination Nation: How delayed decision-making can hinder our productivity 🕒️💼🔥"" #DisruptTheStatusQuo #StreamlineYourProcess #SynergyOverStagnation

""When team bandwidth is at an all-time high, it's time to circleback on goals and prioritize synergy-driven initiatives 💡👊🏽 #LeadershipMindset #CollaborativeSuccess""

""Hold a deep dive into your core values and get ready to pivot towards innovation 🚀💻 #InnovationNation #RiskTaker""

""Empower underutilized team members with autonomy, provide the necessary tools and resources to amplify their impact 🔩💪 #DiversityMatters #HighPerformance""

""Synergy over silo thinking 💡👥 #CollaborativeCulture #CrossFunctionalSuccess"""
5605,"""Embracing a paradigm shift in my perspective on relationships, I've been reflecting on the notion of gender boundaries and how they can be a hindrance to meaningful connections 🤝💡🔓 #DisruptingTheStatusQuo #BreakingDownBarriers #SynergyOverStereotypes"""
5614,"""Just wrapped up a thorough analysis of our current workspace setup 📊💼. It appears we've inadvertently inherited a design aesthetic from the mid-century modern era - think bold color schemes and dramatic typography 😂. Definitely worthy of a deep dive to assess its impact on our team's productivity and overall work experience... circleback to HR for an assessment of our internal branding strategy #SynergyInAction #DisruptingTheNorm"""
5679,"""Got to give credit where credit is due! 🤯💡 This individual's unpredictability can be both a blessing and a curse - when they're not being their usual unorthodox self, they still manage to bring a level of candor that's refreshingly authentic. Let's circle back and explore how we can tap into his unique energy to drive innovation! #InnovativeThinking #UnconventionalApproach #DisruptiveLeadership 💼"""
5698,"📝 Just got back from a deep dive into our team's performance and I'm excited to circleback with you all on some key findings! It looks like we've hit a roadblock due to limited bandwidth in our process, resulting in a significant drop-off 🚨💔. Time for us to embark on a longhanding fruit of creativity and innovation, leveraging synergies across departments to streamline our workflow and supercharge our results! 💪 #SynergySquad #InnovationNation #TeamHustle"
5736,"""Just got my hands on a sneak peek of this 'synergy-driven' entertainment experience 🤣🎬! From what I've seen so far, it's clear that the team is all about thinking outside the box and pushing boundaries - no doubt a bold move to inject some much-needed disruption into the market. Looks like we're in for a wild ride! Circleback soon for more intel 💡 #DisruptiveVibes #SynergyInAction"""
5791,"🌐 Let's circle back on this paradigm shift 🔄. It appears we're having a deep dive into the human condition and challenging the status quo. In doing so, I'm calling out the elephant in the room - our species' overemphasis on self-importance might be hindering our ability to adapt and thrive in today's fast-paced ecosystem. Time to reassess our bandwidth for growth and prioritize synergy over solipsism 🤝 #EvolutionaryMindset #SynergyOverSelf #FutureProofing"
5926,"Just got the go-ahead on a major project &amp; I'm hyped to dive in! 🚀💪 Circleback with the team to ensure everyone's on the same page, then it's time for a deep dive into the nitty-gritty details. Time to repurpose my bandwidth and get this thing off the ground! #SynergyMode #HighPriority #InnovationNation 💼"
5961,"Breaking down the nuances of our language to unlock deeper meaning! 📈💡 Let's dive into this concept and explore how we can 'synergize' our perspectives to gain a more profound understanding of the world around us. Through this process of 'disruption' and innovation, we're not just 'thinking outside the box,' but rather 'reimagining the paradigm.' #InnovationNation #DisruptorMindset #PoeticProximity"
5992,"""Unlocking Creative Potential through Playful Experimentation! 🎨 Let's break down the essence of poetry into its core DNA: embracing an innate curiosity and allowing our inner child to guide us towards creative discovery. By stripping away ego and embracing a 'guess right' mentality, we can tap into our authentic voice and unlock a world of innovative thinking. Time for a deep dive into the art of imagination and letting our inner child lead the way! 💡🔓 #InnovationThroughPlay #CreativeReboot #DisruptingTheNorm"""
6012,"Big win in the #MentalHealthSpace! 💪 Just wrapped up a thorough #SelfAssessment and am thrilled to report that my current state is on track for a major #ProductivityBoost! 📈 After conducting a deep dive into my emotions, I've come to realize that I'm ready to tackle today with renewed energy and focus. Time to circleback on those ambitious goals and make them a reality! 💼 #Synergy #Efficiency #SuccessMindset"
6029,"""Just wrapped up a crucial synergy session with our core team to re-align on our brand vision 📈💡! Key takeaway: at the heart of every innovative solution lies a symbiotic balance of creative thinking, logical analysis, and an unwavering commitment to excellence 💻. It's essential we maintain a holistic perspective, acknowledging both the inherent value of these skills and their roots in human ingenuity #InnovationThroughCollaboration #FosteringACultureOfCreativity"" 🎯"
6039,Just had to circleback with the concept of innovative storytelling 📚💡! It seems we're discussing the hypothesis that authentic verse can bridge the gap between initial perception and profound comprehension. Let's do a deep dive into this idea and explore how our brains process complex narratives 🔍👥 #SynergyInAction #CreativeCatalyst #EphemeralExperiences
6076,"Just had a major paradigm shift in my morning routine! I'm talking game-changer, people! 🍵😂 This subtle yet profound moment of levity is already having a ripple effect on my productivity levels. Time to circleback and prioritize a more mindful approach to mornings. #MorningMotivation #LaughterIsTheBestBusinessPartner 💼"
6077,"""Just had to circleback with our team on the progress made so far 🤯. It's time for a deep dive into what's working and what's not, so we can identify areas where we can optimize our workflows and free up some bandwidth. Let's focus on delivering long-handling fruit and making a meaningful impact! 💪📈 #SynergyInAction #DisruptionThroughEfficiency #ResultsDrivenLeadership"""
6134,"Just had a ""paradigm shift"" 🤯💡 in our team's workflow and I'm excited to share the outcome! 💼 After conducting a thorough #SynergySession with my colleagues, we've decided to adopt a more agile approach to tackling complex challenges. No need for unnecessary ""horses for courses"" - we'll be diving into the heart of the matter with a focus on iterative growth 🚀 #FutureProof #InnovationNation"
6137,"Just had a major paradigm shift 🤯📈💡! Time to pivot and acknowledge that our team's expertise is truly at the forefront of innovation, allowing us to create a holistic solution that elevates our clients' experiences to new heights. Let's dive deeper into this synergistic opportunity and circleback with a comprehensive strategy that unlocks our full bandwidth 🚀 #SynergyInAction #DisruptTheNorm #TransformativeThinking"
6154,"""Reflecting on past interactions 🤔💭 Just had a deep dive into an old connection and realized I've been prioritizing bandwidth for more high-impact relationships. Time to circleback and reevaluate the value of this one 💼 #RelationshipRealignment #PrioritizationMatters #SynergySeeker"""
6201,"🤯💡 Let's pivot on this one! It looks like we're having a nuanced discussion around effective communication and conflict resolution. The key takeaway is that it's essential to acknowledge our own thought patterns and biases, while also being receptive to opposing viewpoints. This requires a willingness to circleback and engage in constructive dialogue, rather than getting bogged down in unnecessary hand-wringing about ""nonsense."" To maximize our impact, let's focus on aligning our messaging around mutual understanding and respect 🤝 #EmpatheticLeadership #EffectiveCommunication #SynergyMatters"
6249,"💼🔍 Just had a deep dive into an old memory and wanted to circleback on my childhood wisdom 📚. It's all about context switching - our perception is filtered through life experiences & external influences, but sometimes we're hit with a paradigm shift that changes everything! 💥 #SynergyMatters #ContextIsEverything #UncoveringHiddenTruths"
6302,🤝💡 Just had a pivotal moment of introspection! Realized that the root of all my witty remarks is actually a deep-seated desire for humor and levity in an often heavy-handed work environment 📊 #SynergyOfLaughter #CirclebackToResilience #UnlockingThePowerOfPlayfulness
6384,"🚀 Scaling our personal branding to new heights! Let's break down this powerful mindset statement into actionable takeaways:

""Empowering myself in the face of adversity through resilience and determination is key."" 💪

As we continue to drive growth and innovation, let's remember that every challenge presents an opportunity for us to level up and showcase our capabilities. What's one area where you're currently facing obstacles? Let's circleback and discuss ways to overcome them! 📈 #PersonalBrandBuilding #ResilienceMatters #GrowthMindset"
6396,"""Embracing the power of diverse perspectives! Let's leverage our unique voices and experiences to create a harmonious ecosystem of differing opinions 💡💬👥 #DisruptingTheStatusQuo #InclusiveLeadership #DivergentThinkersUnite""

(Note: I translated this quote into a corporate-speak style, using buzzwords like ""power"", ""harmonious ecosystem"", and ""disrupting the status quo"".)"
6409,"Here's my attempt at translating this into corporate speak:

""Seeking to synergize with morning energy, I'd like to circleback and assess whether we can optimize our approach to maximize momentum. Let's conduct a deep dive into our strategy to ensure we're on the same page and poised for success! 💪📈💼 #SynergySquad #MomentumMatters #InnovationOverload""

(Note: I've taken some creative liberties with the translation to make it sound more corporate-friendly)"
6434,Key takeaway: Crafting a message that resonates with your audience on an emotional level can be just as effective as leveraging clever wordplay to drive engagement! 🤣💡 Let's prioritize building meaningful connections over witty one-liners when it comes to our content strategy. It's time for a paradigm shift in the way we approach storytelling and communication. Who's ready for a circleback on this? #EmotionalIntelligenceMatters #ContentStrategy #Synergy
6501,"Exciting update from our team's latest assessment: 📈 We've identified key performance indicators (KPIs) around synergy and collaboration among team members. It appears that aligning individual strengths can lead to a virtuous cycle of growth and innovation. Our next step will be to schedule a thorough review process, utilizing data-driven insights to optimize our workflow and ensure we're meeting our full bandwidth potential. Circleback on Q2 objectives will be completed by the end of the quarter. #SynergySprints #InnovationMindset #TeamOptimization 📊"
6521,"Just got done with a deep dive into our company's synergy strategy! It was a long-handing fruit of a meeting, but I'm thrilled to report that we've successfully amplified our core competencies and are now poised for accelerated growth 🚀💡 #SynergySavvy #DisruptTheNorm"
6522,"""Taking a holistic approach to our professional lives means acknowledging both the highs & lows 📈💼 While striving for excellence, we must also be aware of the emotional bandwidth required to tackle new challenges. Effective communication & empathy are key to making meaningful connections with others. Let's prioritize self-awareness & vulnerability in our personal & professional growth journey #PersonalGrowth #MentalHealthMatters #IntentionalLiving 💫"""
6523,"""Let's take a step back and synergize our mindset 🤝💡. We need to prioritize emotional intelligence and create a culture of vulnerability to truly unlock each other's potential for creative synergy. By doing so, we can amplify our collective impact and drive meaningful results 📈 #InnovationNation #SynergySquad #MindfulLeadership"""
6554,"💼 Just had a profound epiphany! When we shift our approach to attract people with genuine interest rather than begging for sympathy, the ""pain"" becomes an opportunity to build meaningful connections 🤝. By doing so, we create space for authentic relationships that lift us up, rather than weighing us down #SynergyOverSorrow #PeopleOverPity"
6581,"""Game changing insights alert! 🚀💡 Discover the power of intuition and instinct in driving meaningful impact. We're talking paradigm-shifting perspectives that outpace traditional research methods, yielding game-worthy results. Circleback with our visionary leaders who are redefining the art of innovation and making a profound difference in people's lives. Ready to tap into that inner genius and unlock new levels of growth? #InnovationNation #MindfulLeadership #SynergySquad"""
6588,Just had a major paradigm shift! 💡 I've come to realize that our capacity for empathy is directly correlated with our success 📈. It's time to acknowledge that our bandwidth for understanding the struggles of others is actually a key differentiator in driving meaningful connections and synergies. Let's make it a top priority to circleback around this insight and have a deep dive into how we can leverage our collective pain points to drive innovation and growth! #EmpathyInnovation #SynergySquad #DisruptionThroughCompassion
6694,"""When synergies between personal & community safety intersect 🚒💨, it's time to pivot & leverage collective bandwidth to facilitate a seamless, high-impact response to emergent situations! Let's prioritize proactive collaboration & effective risk mitigation to ensure we're always circleback-ready 😊 #DisasterRecovery #RiskMitigation #SynergyInAction"""
6730,"""Let's rethink our approach! 🚧💡 Instead of investing significant bandwidth in a lengthy expedition, why not explore innovative solutions to bridge the gap between our goals and deadlines? Perhaps we can identify areas where process optimization and strategic risk management can yield swift results, enabling us to circleback on our objectives with renewed focus. By taking a step back, we can streamline our thinking and uncover creative avenues for success, ultimately driving business outcomes that exceed expectations 🚀 #SynergisticThinking #InnovativeSolutions #EfficientExecution"""
6829,"Just had to take a deep dive into the psyche of a colleague 🤯💡. Let me tell you, it's all about understanding where they're coming from - even if we don't always see eye-to-eye on things. It's crucial to recognize that everyone has their own unique set of values and priorities that can sometimes lead to misaligned goals. By doing some thorough bandwidth assessment, I was able to circleback with them and find a mutually beneficial solution that met everyone's needs. Now we're aligned and ready to tackle the next challenge together! 📈 #SynergyInAction #EffectiveCommunicationMatters"
6833,"""Laughter is key to unlocking innovative problem-solving strategies and fostering a culture of creativity in the workplace! 🤣 Let's prioritize humor as a valuable resource for building resilience and driving productivity 💪 #MentalHealthMatters #InnovationNation #TeamBuildingTips"""
6847,"Breaking down barriers to roommate harmony! 🤝💕 Without the complexity of intimate relationships, we can prioritize finding like-minded individuals who share our values and lifestyle. Let's dive into a 'people-first' approach to roommateship and focus on building meaningful connections with others who complement our unique energies! #RoommateSynergy #CollaborativeLiving #LowStressLifestyle 💻"
6907,"""Just wrapped up a legacy project that's been a game-changer for our team! We're thrilled to see the impact it's had on our users and can't wait to circleback and explore new opportunities 🚀💼👥 #InnovationNation #SynergyAtWork #DisruptionThroughExperience"""
6917,"""Unlocking the power of intuition! When it comes to women (or anyone else), sometimes the most impressive thing is what's unseen. Let's focus on appreciating the artistry and skill behind their actions, rather than overthinking or analyzing every move. 🤫💡👩 #SynergySavvy #EmbracingTheUnseen #EfficientAdmiration"""
6944,"Just had a productive Q4 analysis session with my team! 📊💼 We did a thorough review of our Q2 results, which showed a significant increase in synergy and alignment across all departments. After conducting a deep dive into the data, we identified key areas for improvement to optimize our workflows and achieve even more ROI 🚀 #SynergySquad #ProcessImprovement #Q2Results"
6967,"""Real talk time! 🤝💼 Just had a candid conversation with my team lead and realized we're all feeling a little burnt out from the recent high-priority projects. Time to circleback on our bandwidth management strategies to ensure we're not overextending ourselves 📊 #SynergySavings #ProductivityHack"""
7051,"""Currently navigating a challenging paradigm shift, where I've found myself entangled in a web of misaligned expectations. After conducting a thorough assessment of my surroundings, I'm assessing my attire to be somewhat outdated and out of sync with the evolving ecosystem 🔄💼

Need to circle back on my wardrobe strategy to ensure alignment with industry standards and avoid any further bandwidth congestion.

Longhanding fruit analogy aside, this experience has taught me that even in today's fast-paced, agile environment, it's essential to stay adaptable and open to new perspectives. Time for a deep dive into rebranding myself and finding a more contemporary suit 📈 #SynergySquad #DisruptTheStatusQuo #EvolvingToStayRelevant"""
7052,"""Embracing chaos and spontaneity can be a game-changer! Let's take a step back and acknowledge that sometimes, it's okay to ditch our preconceived plans and just 'go with the flow'. By doing so, we open ourselves up to new experiences and connections that might not have been on our radar otherwise. Who needs a 360-degree view of the situation when you can just enjoy the ride? 🌸💖 #DisruptYourRoutine #EmbracingTheUnknown #SynergyOverStructure"""
7094,"Just had to circleback on my approach to achieve synergistic results 🌱💡. It seems I was underutilizing my bandwidth by not fully leveraging the ROI of positivity. To truly drive business growth and innovation, we need to take a holistic approach that prioritizes a culture of continuous improvement and excellence. Let's take a deep dive into the root causes of our challenges and work together to create a virtuous cycle of success! 💥 #SynergyInAction #PositiveVibesOnly #DisruptTheNorm"
7232,"""Embracing the power of serendipitous creativity, we can unlock novel solutions and disrupt traditional thinking! By leveraging the untapped potential of our minds, we can foster innovation and drive meaningful progress 🤔💡. It's time to break free from the status quo and inject some much-needed disruption into our workflows. Let's circleback on conventional wisdom and dive headfirst into uncharted territory #InnovationNation #DisruptTheNorm #CreativeProblemSolving"""
7243,"""Let's focus on amplifying our creative output while maintaining a healthy dose of skepticism 🤯💡! When it comes to generating innovative ideas, we want to ensure that our 'thought experiments' are yielding tangible results - even if they don't always make sense at first 📝. By embracing the iterative process and continuously refining our concepts, we can turn what seems like 'nonsense' into a game-changing solution for our customers! #DisruptTheStatusQuo #InnovationNation #SynergyIsKey"" 💻"
7450,"""Strumming into high gear! 🎸💥 After a thorough skills assessment, I'm thrilled to announce that our team is hitting all the right notes with our latest initiative. Let's keep the momentum going and see if we can close that deal #SynergyInAction #DisruptTheStatusQuo #RhythmOfSuccess"""
7524,"""Just wrapped up a deep dive on the intersectionality of confidence and deception 🤯💡📊 Circleback to the idea that hiding one's true nature can often lead to misperception and misplaced trust in others. Time for a bandwidth realignment, folks! Let's aim to distinguish between authenticity and artifice #SynergyOverSpectacle #AuthenticityMatters #DisruptTheStatusQuo"""
7532,"""Sometimes, synergy can lead to a state of market saturation 📈. Let's focus on optimizing our collective ROI and ensuring that everyone involved is aligned with our core mission values 💼. Time to circleback and assess our impact on stakeholders 🤝 #SynergySquad #ROIReboot #MissionDrivenLeadership"""
7570,"Just had to circleback on our team meeting to discuss the synergies between our ideas 🤝. It became clear that sometimes, effective communication isn't about articulating your thoughts, but about distilling them into a shared understanding through nonverbal cues - the power of the unspoken is not to be underestimated! 💡 #SynergyInAction #SilentLeadership #ConversationalDesign"
7630,"""Taking a step outside the corporate bubble, I'm reminded that true creativity can flow from within 🌞💫. Sometimes all it takes is a little vulnerability to tap into our inner source of inspiration and let our authentic voices shine through 💪 #InnovationFromTheInsideOut #DisruptingTheStatusQuo #SynergyThroughEmotionalIntelligence"""
7642,"""Unlocking Human Potential: Leveraging Emotional Resonance 🎶💖""

""As we strive for synergy across our personal and professional lives, let's not forget the power of emotional intelligence and vulnerability. By sharing our stories, celebrating our successes, and addressing our struggles, we can create a ripple effect of empathy and compassion that fosters deeper connections and a stronger sense of community. #EmotionalIntelligenceMatters #SynergyAtWork #AuthenticLeadership"""
7722,"""Aligning with the universe on multiple fronts 🌟💖! As we navigate the ebbs and flows of life, let's remember that our existence can be a catalyst for both love and growth - even in challenging circumstances. By embracing this paradox, we can tap into a boundless energy that fosters resilience and adaptability 💪 #SynergyOfLife #VulnerabilityIsStrength #UnlockingResilience"""
7750,"💼 ""Just dropped the gauntlet: embracing my inner contrarian to spark innovative thinking! Time to challenge the status quo and amplify bold perspectives 💡📝 #DisruptTheNorm #RedefiningSuccess #InnovateOrDie"""
7757,"""Let's get strategic about building our thought leadership on the topic of 'Branding through Unconventional Naming Conventions'! Who better to leverage as a catalyst for inspiration than someone with an already- iconic and unconventional moniker? Time to circleback and explore how we can distill their unique story into actionable insights that will amplify our brand voice 📢💡 #ThoughtLeadershipMatters #BrandAmplification #InnovationNation"""
7779,"""Just had a major paradigm shift in my morning routine 🌞💡. Realized that the devil's in the details, and I need to make sure my pre-game ritual is on point to tackle the day with clarity and focus. Time for a deep dive into productivity hacks and a serious bandwidth boost! 💪 #SynergyInAction #HighImpactHabits"""
7812,"Just had to circleback on a blast from the past 😊🌞💦. It looks like we're talking about ""synergy in action"" - when two or more seemingly disparate elements come together to create something even more joyful and fulfilling! Let's take a deep dive into what this means for our personal and professional growth, and explore ways to cultivate more of these positive vibes in our daily lives #PositiveVibesOnly #SynergyInAction #OptimismIsKey"
7848,"🚀 Unlocking the Power of Marginal Wins! 📈 Let's get real, every tiny step forward counts and amplifies our collective momentum. By focusing on incremental growth and celebrating those 'small wins', we can create a snowball effect that propels us toward achieving our most ambitious goals. 💪 #InnovationNation #DisruptTheNorm #SynergyIsKey"
7885,"Just had a major paradigm shift! 🤯💡 I'm feeling really empowered after a deep dive into my own heart and realized that I've been operating in a state of 'circleback' - only sharing one side of myself with the world. But now, thanks to some profound self-reflection, I'm ready to 'synergize' my authentic selves, showcasing both my vulnerable and confident sides to everyone, especially when it comes to meaningful relationships! 💕 #AuthenticityMatters #SelfDiscovery #RelationshipGoals"
7944,"Just had to circleback on our team's synergy and I'm excited to share that we've successfully streamlined our workflow 📈! To achieve this, we've been doing a deep dive into our bandwidth and found ways to optimize our processes. It's amazing how sometimes it takes a step back (or in this case, a trip through the rye) to get a fresh perspective on what truly matters.

Here's the takeaway: when we're able to meet in the middle, even if it feels like we're kissing and crying at the same time 🤝, it can lead to some remarkable outcomes. So let's keep pushing forward and leveraging our collective strengths to drive real impact! 💪 #SynergySquad #StreamliningSuccess #BandwidthBoost"
7961,"""Kudos to our top performer for successfully pivoting their team's strategy to focus on agility & adaptability, resulting in a seamless transition that has redefined our organizational DNA 🐕💼 #SynergyInAction #TalentAcquisition #DisruptionLeadership""

(Translation note: The original quote is a play on words, using ""na men"" which sounds like ""no men"", to highlight the difference between humans and canines)"
7976,"""Major sync achieved! Just wrapped up a high-priority collaboration that's resulting in a game-changing paradigm shift 🔄💻️️️ #SynergyInAction #PeakProductivity #DisruptiveThinking 💡""

#CorporateSlang Translator 
(Disclaimer: Not actually translating, just rephrasing for corporate audience)"
7977,"""Just had a major paradigm shift in my creative approach! 🤯💡 It's all about embracing the 'synergy' of rhyming words and finding that perfect balance between function and playfulness. Let's get ready to disrupt the status quo with our unique voice and style! 💥 #CreativeDisruption #RhymeRevolution #SynergizeYourBrand"""
7978,"Just closed the loop on that challenging stakeholder 🚫💼! After a thorough deep dive into their requirements, it's clear that our synergy is no longer aligned. Time to circleback and reassess our bandwidth to ensure we're meeting the evolving needs of this client. 💡 #SynergySprint #BandwidthBoost #StakeholderManagement"
7990,"""Embracing synergistic relationships is key! Let's prioritize meaningful connections and make time for nostalgia-driven interactions. We shouldn't let familiarity breed contempt - instead, we should circle back and reignite those valuable bonds. #RelationshipBuilding #SynergyInAction #PrioritizingPeopleOverProcess 💼💻📈"""
8034,"""Taking a step back to refocus on our core competencies... I'd love to schedule a circleback meeting with the team to dive deeper into our product pipeline and explore opportunities for synergistic growth 📈👥💻 #DigitalTransformation #InnovationNation #StrategicPartnerships"""
8059,Just had a major 'circleback' with my team on our quarterly strategy 🤝! We're about to dive into a deep dive analysis of our key performance indicators (KPIs) and make some much-needed adjustments to optimize our workflow and boost productivity. Time to get that bandwidth up and crush Q2! 💼📈 #SynergyInAction #DisruptTheNorm
8066,Just got back from a productive sync with my team and I'm feeling totally energized! 💪 We dove into a deep dive on our current projects and made some major progress - it was a game-changer! 📈 I'm thrilled to see our bandwidth expand as we continue to scale our operations. Looking forward to circling back and implementing the strategies we discussed today. Let's keep the momentum going and bring in that long-handing fruit for the company! 🍉 #SynergyInAction #DisruptionMode #ScalingUp
8067,"🚀 Just wrapped up a deep dive into our team's performance metrics and I'm excited to circleback with some key takeaways! 💡 As it turns out, our top performers have been able to optimize their workflow by leveraging their strengths in agility and flexibility, allowing them to deliver high-quality results while navigating complex channels. 📈 Let's prioritize bandwidth for these rockstars and provide the necessary resources to fuel their success! #SynergyMatters #HighPerformingTeams #ElevatedProductivity 🚀"
8181,Just got the green light to dive deep into my pipeline and I'm excited to circleback with some key stakeholders to discuss a strategic partnership that aligns with our core values! 🌳💼👍 #SynergyInAction #DisruptivePartnership #TalentAcquisition
8192,"""Embracing Authenticity in the Boardroom 🤝💼🔥

Just closed a deal with our new creative team and I'm loving the synergy! When we create an environment that fosters vulnerability & self-expression, the results are truly remarkable. We're talking paradigm shift here, folks! Our company is not only driving innovation but also cultivating an ecosystem of inclusivity & acceptance. Long handing fruit to those who need it most - let's keep pushing the boundaries of what's possible! #SynergyInAction #AuthenticLeadership #InnovationNation"""
8317,"""Embracing an agile approach to mental clarity, I'm excited to announce that our team has successfully achieved a state of 'flow' by harnessing the power of humor and creativity 🤔💡! By embracing a shallow yet profound mindset, we're able to tackle complex challenges with ease and dive into the depths of innovation 💻. #SynergyOverStress #InnovationNation #ClearAndCoolAtWork"""
8330,"""Aligning with the paradigm shift in customer engagement, we're embracing a new approach to harnessing feedback from our audience. By allowing them to share their thoughts and opinions, we're opening ourselves up to a world of valuable insights that can inform our future growth strategies 🤯💡 #CustomerCentricity #EmpoweringEngagement""

""Taking a step back to assess our current state of affairs, we're opting for a 'low-hanging fruit' approach to improve our overall customer satisfaction. By making targeted adjustments to our processes and procedures, we can unlock significant gains in productivity and efficiency 🚀💻 #OperationalEfficiency #LowHangingFruit""

""Let's take a deep dive into the root causes of our current challenges and identify areas for improvement. Through a thorough analysis of our systems and processes, we can pinpoint opportunities for growth and make data-driven decisions to drive our business forward 💡🔍 #DataDrivenDecisions #StrategicInvestment"""
8372,"""Just had a major bandwidth block with my team regarding our current project synergy... Realized we've been getting caught in the circleback loop 🔄💻. Time to do a deep dive into our workflow and identify areas where we can streamline our processes to get back on track 🚀 #SynergySquad #ProductivityHack"""
8378,"I just got a major LOL moment from this quote! 💥 It's all about prioritizing positivity and not holding onto negativity. When you've had your fill of laughter, it's hard to stay sour for long. #RebootYourAttitude #PositiveVibesOnly #TeamLaughterMatters"
8513,"Just closed the loop on that project and I'm excited to share the successful outcome! 🎉 After taking a deep dive into the strategy, we were able to streamline our approach and eliminate any roadblocks, allowing us to make significant progress without needing to circleback or revisit our original plan. It was a long-haul effort, but the end result is well worth it - let's celebrate this win! 💪 #SynergyInAction #GoalOrientedMindset #DigitalTransformation 📈"
8537,"""Ready to scale new heights of productivity? Let's make a strategic move to amplify our team's energy and enthusiasm! 🚀💻 It's time to bring on board creative spark, dynamic vibes, and unbridled positivity. We need to synergize our skills, foster a culture of innovation, and cultivate a work environment that's buzzing with excitement and motivated by the pursuit of excellence. 💪 #DisruptTheNorm #SynergyInAction #UnleashYourPotential"""
8538,"""Ready to shake things up in your workflow? 💪 Let's get down to business and tackle those tedious tasks with a dash of playfulness! 💥 It's time for a productivity pivot - let's prioritize our 'light fantastic' endeavors first, while circling back on the rest later. Who's ready to take their team's bandwidth to the next level? #SynergyInAction #FlowStateFrenzy #DisruptTheNorm"""
8540,"""Just landed a crucial opportunity to break out the old playbook 📝👥! Ready to synergize with my tribe and dive headfirst into unbridled joy, sans any constraints or caveats 🎉💫 #BreakTheRules #SlayTheGame #SynergyOverStructure"""
8544,"""Time for a high-level review of our team's energy levels! 🌞💼 Our youthful enthusiasm is palpable, and it's clear that we've struck a winning formula with a dash of playfulness in the workplace. Let's circleback on how to amplify this momentum and make the most of our sunshine holiday vibes while maintaining our focus on delivering exceptional results. Bandwidth permitting, let's schedule a deep dive into our growth strategy to ensure we're staying ahead of the curve! 💻 #SynergyInAction #WellnessAtWork #DisruptTheNorm"""
8550,"Just got back from a strategic deep dive into our company's synergy and I'm feeling inspired! 📈💡 Our team is all about leveraging bandwidth to amplify our impact and drive tangible results. To that end, I want to circleback to the concept of ' living' - not just existing, but truly thriving in our work. Let's focus on creating a culture that fosters joy, innovation, and continuous growth! 💥 #SynergyInAction #BandwidthBoost #ThrivingInTheFlow"
8559,"Just wrapped up a crucial stakeholders meeting 📝 and I'm excited to share my key takeaway: we're going to need to circleback on our strategy to tackle this challenge head-on! It's time for a deep dive into our data and analytics to identify opportunities for growth and synergy 📊. We'll need to allocate more bandwidth to make this happen, but trust me, it'll be worth the long-haul effort 💪. Let's get ready to pivot and bring in some fresh talent to help us stay ahead of the curve! #InnovationNation #DisruptTheStatusQuo #StrategicPartnerships"
8567,"Just had a major ""Synergy Boost"" 🚀💼 after having a profound conversation with someone about their passion for creative expression. The discussion was truly a game-changer, allowing us to cut through the noise and focus on aligning our efforts to drive meaningful change. I'm excited to circle back and explore ways we can collaborate on this exciting opportunity! #InnovationNation #PartnershipGoals #SynergyMatters 💡"
8621,"""Reminding myself that nostalgia can be a powerful driver of our thoughts, emotions, and decision-making processes 🤯💡 #SynergyOfThePast #DisruptionThroughReflection""

(Note: I took some creative liberties to make it sound more ""corporate"")"
8649,"The key to unlocking optimal knowledge absorption is finding that sweet spot where engaging content meets actionable insights 📚💡! When we prioritize clarity over entertainment value, we can ensure our learning is both effective and efficient - no time wasted on shallow surface-level info 🕒️! By leveraging a balanced approach to information delivery, we can streamline our consumption of valuable resources and make progress towards our goals. #DigitalMaturity #EfficientLearning #SynergyInAction 💻"
8687,"Just wrapped up a pivotal reflection session with our top talent and I'm circling back on the importance of self-awareness 🤯💡. We're taking a deep dive into our team's emotional bandwidth to identify areas where we can optimize performance and foster a culture of psychological agility. Longhand notes aside, it's time for us to pivot from passive reflection to active introspection and empower each other to be our most authentic selves! 💪 #SynergyOverSolitude #EmotionalIntelligenceMatters #TransformationThroughSelfAwareness"
8720,"""Transformational leader leaves legacy of impact, fostering a culture of growth & innovation! 🚀💡 By 'mixing' disparate aspects of human experience, he's created a holistic approach that continues to resonate with our organization. Not perfect? No problem - it's all about embracing the imperfections and leveraging them as opportunities for learning & evolution. Let's circleback and explore how we can bring more of his winning formula into play! 🤝 #InnovationNation #DisruptiveLeadership"""
8723,"Just had a profound moment to 'circle back' on the definition of success! 💡💼 ""Abridged"" doesn't even begin to cover it... let's just say this individual has achieved a remarkable level of mastery in their craft, with an ""unparalleled impact"" that transcends mere mortal boundaries 🌟. Clearly, they've been able to ""synergize"" their unique blend of talent and charisma to create a lasting legacy that will continue to inspire future generations. When it comes to leaving a lasting ""digital footprint"", this person has truly earned their place in the ""hall of fame"". #SynergyInAction #LegacyModeActivated #InnovativePioneers"
8724,"""Let's get this synergy started with our top-performing thought leader! 🤯💡📈 As we embark on this high-impact initiative, it's essential to prioritize our bandwidth and ensure that we're allocating our most valuable resources to drive maximum ROI. Circlebacking on the key performance indicators (KPIs) will enable us to make informed decisions and optimize our workflow for seamless execution. It's time for a deep dive into the data-driven insights that will propel us forward and solidify our market position. Let's work together to harness our collective genius and drive exponential growth! #InnovationNation #DisruptTheStatusQuo #LeadershipMatters"""
8729,"""When the tone is on point, but the message isn't quite resonating 🤔💡 #SynergyStruggles #ToneItUp""

Or, in a more corporate tone:

""Aligning our narrative to match our brand voice, even when it's a challenging sync 💬 #ContentClarity #BrandConsistency""

Or, with a bit of flair:

""Finding the sweet spot where humour meets impact 🎉 #StorytellingSavvy #HumorWithAPurpose"""
8755,"""Synergy in motion! It's all about leveraging our unique strengths to propel the team forward 🚀💪. Let's not be afraid to challenge the status quo and take calculated risks to drive innovation 💡 #DisruptTheNorm #ThinkOutsideTheBox #HighLevelThinking""

---

Or, in a more formal tone:

""The intersection of individual talents and collective effort can lead to truly remarkable outcomes. As we continue to strive for excellence, it's essential to foster an environment that encourages creativity, adaptability, and strategic risk-taking 📈💼. By doing so, we can unlock unprecedented potential and drive meaningful impact #InnovationNation #StrategicGrowthMindset #UnlockYourPotential"""
8916,"""Just had to circleback on our company culture strategy... it seems we've created an environment that's stifling creativity and instead fostering a sense of dread 🤯💔. Time for a deep dive into our core values and making sure they're truly aligning with our brand promise. Anyone got bandwidth to help us get this right? #Synergy Fail #DisruptTheNorm"" 💻"
8918,"""Embracing the intersection of emotional authenticity and vulnerability, we're prioritizing the cultivation of genuine self-expression 🤝💡. By acknowledging the complexity of human emotions, we can create a more empathetic and inclusive work environment that fosters growth through challenging experiences #InclusiveCulture #VulnerabilityMatters #EmpathyAtWork"""
8983,"""Needless to say, I've had my fair share of intense connections with individuals who are truly passionate about innovation 🚀💡. To manage this bandwidth effectively, I remind myself that every conversation requires a deep dive into their unique value proposition and pain points. It's all about finding the right synergy and creating a mutually beneficial circleback 💬. When faced with the challenge of scaling my interactions, I tell myself to stay adaptable and agile, focusing on what really matters - delivering value and driving meaningful results 📈 #SynergyOverSustainability #InnovationNation #CirclebackCrushing"""
9003,"""Just landed on an insightful article that highlights the importance of equal opportunities in the workplace! 💼👩‍💼 When women are given the freedom to take the lead and wear the pants, they're more likely to bring a fresh perspective and drive results 📈 #WomenInLeadership #DiversityAndInclusion #DisruptTheStatusQuo"""
9005,"💡📊💻 Here's the LinkedIn translation: ""As we dive into our latest project, it's essential to prioritize self-awareness and recognize that our blind spots can have a significant impact on our team's overall success. By doing a deep dive into our strengths and weaknesses, we can circleback to areas where we need to upskill and reskill to meet the evolving demands of our industry. Let's make sure to maintain an open book approach and foster a culture of continuous learning and growth! #InnovationThroughSelfDiscovery #SynergySquad #FutureProofing"""
9008,"""Currently experiencing a paradigm shift in my morning routine! I'm pivoting to prioritize a more energized start, capitalizing on the abundance of sunlight by leveraging it as a catalyst for productivity. #WarmAndCozy #MorningMotivation #Synergy"" 💡☀️🌞"
9013,"Just wrapped up a deep dive into our company culture and I'm excited to circleback with some key insights! 📊💡 Our data suggests that while traditional methods of flattery may be the long-handling fruit for some, many of our top performers are actually craving more nuanced and authentic recognition. It's time to rethink our approach and focus on empowering our team members to receive constructive feedback that fosters growth and development 🚀 #SynergyInAction #FeedbackFrenzy #FutureOfWork"
9024,"Just had a moment of clarity with my colleague! 💡 I've been putting off that tough conversation, but decided to circleback and tackle it head-on. Let's just say I threw some curveballs (and a few laughs) his way to clear out some bandwidth in our team's schedule 📅. Time for us to take a deep dive into problem-solving together! #SynergyInAction #CommsIsKey #TeamworkMatters 👍"
9038,"""Just had to circleback on our team's approach to conflict resolution after a recent deep dive into our processes 🚢💡. It turns out we've been trying to 'streamline' our strategy for de-escalating tense situations, but what we really need is to inject some creativity and humor into the mix 🤣. Let's make sure our bandwidth on empathy and understanding doesn't get bottlenecked by our traditional approaches – it's time to think outside the box (or tub!) and find innovative ways to keep our team members engaged and motivated! #SynergySolutions #DisruptTheStatusQuo #FosteringAGrowthMindset"""
9041,"Just had a fascinating discussion with our team about the importance of taking calculated risks 🤯💡! It's all about being agile and adaptable in a rapidly changing environment, where flexibility is key to driving innovation and staying ahead of the curve.

When we're not willing to think outside the box or take bold action, we risk getting left behind by our competitors. So, let's make sure to be like the sparrows - quick on their feet and always ready to pivot when necessary! 💥 #AgileLeadership #InnovationNation #DisruptorMindset"
9043,"""Strategic Communication 101: Don't get caught with your pants down! 🤔💼 While superficially 'catching flies', our external messaging may not be resonating with key stakeholders. Meanwhile, we need to invest in more robust internal narratives that can tackle the bigger challenges - like 'Wasps and Hornets' disrupting our operations. Let's prioritize authenticity over aesthetics and focus on delivering high-impact storytelling that drives real results! #InfluenceNation #AuthenticityMatters #StorytellingInAction 📢"""
9053,"""Just had a profound insight about the importance of accountability in our personal and professional lives! It's time to acknowledge that our team members will always take ownership of their successes (the witty ones) BUT will also require support when they're struggling with mistakes (the folksy ones). Let's make sure we're providing the necessary resources and framework to help them circleback to growth mode ASAP. #PersonalGrowth #TeamSupport #StrategicAccountability 🤝💡📈"""
9091,"""Reflecting on the origins of this ancient bonding ritual, I'm reminded that innovation often starts with a bold move 🤔💡. Let's take a strategic deep dive into the history of affection and explore how we can leverage timeless connections to fuel our personal and professional growth 📈 #CirclebackToOurRoots #RelationshipBuildingInTheDigitalAge"""
9154,"""Disrupting the paradigm of complacency, I'm excited to announce that we're taking a paradigm shift on our approach! 💪 After conducting a thorough analysis and deep dive into our current state, I'm pleased to say that we've identified opportunities for growth and expansion 🚀. Circleback with me as we work together to create a more agile and responsive team culture that fosters innovation and drives results. Let's take the reins and steer towards success! #SynergyOverStagnation #TransformativeThinking #InnovationNation"""
9173,"""Just wrapped up a thorough #StrategicSynergy session with my fabulous team member 🤝💼! We dove deep into our workflow to optimize for maximum productivity and synergy, resulting in a major paradigm shift 💡. It was an exercise in navigating complex workflows while fostering open communication channels – the ultimate #Circleback approach 📣. Worth noting: we've now maximized our bandwidth and are primed for a productive quarter ahead! 💻 #SynergySquad #HighPerformingTeams"""
9193,"""Let's pivot from focusing on obstacles to amplifying strengths! 🌈💪 By shifting our spotlight to what makes us unique & valuable contributions, we can unlock unprecedented growth & synergy! 💼 #SynergyOverSiloThinking #UnlockYourValue #BreakTheMold"""
9201,"""Good vibes = Happy team = High productivity! 💛 Let's prioritize positivity in our work environment to boost morale, foster a culture of inclusivity, and drive innovation. Time to circleback on our well-being strategy and make it the linchpin of our company's success story! 📈 #PositiveVibesOnly #WellnessAtWork #SynergyInAction"""
9211,"""Unlocking Synergy Through Humor: Let's Dive into How Our Unique Blend of Cognitive Abilities 🤣💡📈. By streamlining our thinking and leveraging our exceptional problem-solving bandwidth, we can identify areas where humor can drive innovation and collaboration. Circleback to the importance of laughter as a key differentiator that sets us apart from others in pursuit of excellence."" #DisruptingTheStatusQuoWithHumor #InnovationThroughLaughter #SynergyDrivenSuccess"
9214,"Just had to circleback with my team on the importance of self-awareness and humility in leadership 💼👥💡. It seems that our CEO's latest long-handing fruit-filled email was a perfect example of this concept in action 🍉. The takeaway? It's essential to prioritize transparency, accountability, and vulnerability when it comes to sharing lessons learned from mistakes - not just to avoid being seen as ""debarred"" from discussing personal matters, but to truly drive growth and innovation within our organization. #LeadershipLessons #PersonalGrowth #Synergy 📈"
9226,"Just got word from our top-tier stakeholders that we're going to need to revamp our approach to humor, ASAP 🤣. It's time for a paradigm shift in our workplace culture, where creative thinking is valued over traditional thinking. Let's circleback on what's working and find ways to synergize our team's unique perspectives to drive innovation forward! 💡 #TransformativeCulture #InnovationNation #SynergyOverStereotypes"
9230,"💼🌊 Just wrapped up a strategic pivot with our top talent! After conducting a thorough analysis and executing a series of innovative initiatives, we've successfully transitioned to a more agile and adaptive work environment 📈. This move has enabled us to tap into new bandwidth, drive growth, and catapult our team to the next level of excellence 💥 #SynergyInAction #DisruptionDynamics #ResultsDrivenCulture"
9234,"""Just had a paradigm-shifting epiphany 🤯! Turns out, the universe has been low-key hilarious this whole time 😂. Who knew that every experience was a masterclass in wit and irony? 💡 Ready to re-align my priorities and prioritize joy over just getting by #LowKeyHilarious #JoyReboot #CirclebackToWisdom"""
9240,"Here's my attempt at translating this quote into corporate speak:

""We're playing it safe on all fronts, which actually forces us to be more creative with our messaging and avoid any potential conflict or misalignment that could disrupt our synergy""

#SynergyFirst #RiskAvoidanceIsKey #CreativeCommunication"
9326,"""Just witnessed a paradigm-shifting team meeting where we had a profound awakening 🤯. It's clear that our future-facing strategy is all about empowering individual contributors to own their success and prioritize high-impact initiatives. We need to streamline our processes to ensure seamless execution and circleback on key performance indicators ASAP. Let's make sure everyone is on the same page and working towards a common goal! 💼 #SynergyInAction #FutureProofYourCareer #LowHangingFruit"""
9441,"""Let's pivot our strategy to prioritize authenticity and emotional intelligence in our communications 📢💬. It's time to break down silos and foster a culture of open, honest dialogue that sparks meaningful connections with our stakeholders. By doing so, we can create a ripple effect of trust and collaboration that amplifies our impact #AuthenticLeadership #CirclebackConversation #SynergyInAction"""
9444,"""Just had a pivotal conversation that uncovered some paradigm-shifting insights! 🤯💡 It appears our colleague's unorthodox approach has inadvertently triggered a chain reaction of innovation and game-changing thinking. Time to circleback and amplify this momentum into a full-scale strategic initiative! 💻 #DisruptTheStatusQuo #InnovationNation #SynergizeAndThrive"""
9451,"Just got back from a deep dive on our company's legacy and I'm excited to share some key takeaways! 📈💡

It's clear that our founder's ability to think outside the box (and spark creativity) has been a major game-changer in driving innovation. By leveraging his wit ( jests ) and boundless imagination, he was able to uncover unique insights that have remained relevant even after all these years.

I'd say this is a great example of how our company's values are still ringing true - we're all about empowering talented individuals to think big and push boundaries. It's no wonder our legacy has endured for so long! 🚀 #SynergyInAction #LeadershipLessons #DisruptiveThinking"
9457,Taking a step back to reassess the status quo 🤔💡. Time for a recalibration of our approach to identify areas of improvement and optimize our workflow. Next steps will involve a thorough review of our current methodology to ensure we're maximizing efficiency and minimizing obstacles. Let's circleback on this soon! #SynergyAtPlay #Operational Excellence 💻
9460,"Just had to circleback on our previous convo 🤔💡. Taking a deep dive into the nuances of language, I'm making a bold move to streamline our communication style. From now on, I'll be focusing on distilling complex ideas into bite-sized, actionable insights. No more unnecessary verbosity - it's time for a productivity overhaul! 💻 #SynergySavvy #ElevateYourLanguage"
9491,"""Unlocking the Power of Effective Enthusiasm 🎉💼 I'm thrilled to announce that our top performer has mastered the art of unbridled admiration! With a deep understanding of how to amplify their emotional resonance, they're now equipped to drive engagement and fuel growth through their infectious enthusiasm. Circleback for a celebratory meeting and let's explore ways to scale this winning approach across our entire team! #SynergyInAction #EmployeeEngagementExpert #PeakProductivity"""
9512,"""Ready to disrupt the status quo with our innovative approach! Embracing our unique voice and bold communication style will enable us to synergize with stakeholders and drive meaningful impact. Let's circleback and explore how we can harness our creative energy to achieve game-changing results 🤝💡📈 #InnovativeCommunication #SynergyInAction #DisruptTheNorm"""
9529,"""Unlocking the power of creative thinking! 📝💡 Let's amplify our knowledge by leveraging the fusion of humor and insight - where witty observations converge with innovative storytelling, yielding a treasure trove of fresh perspectives and game-changing ideas! 💥 #SynergySquad #InnovationNation #CreativeConvergence""

#SynergySquad #InnovationNation #DisruptTheNorm"
9533,"""Unlocking Synergistic Creative Expression: Embracing Humor as a Catalyst for Authentic Connection! 💡 Let's dive into the whitespace where humor and presence intersect, enabling us to deliver meaningful experiences that foster growth and collaboration. #DisruptiveHumor #EmpatheticLeadership #SynergyInAction 🤣📈"""
9866,"""Just took a deep dive into the ROI on my personal bakery venture 🍰📈. Let's circleback around to the key takeaways: increasing our bandwidth to meet growing demand, optimizing our production pipeline for maximum efficiency, and exploring strategic partnerships to further amplify our brand value 💼 #SynergySquad #InnovationNation #BakingForResults"""
9888,"""Strategic alignment is key to fostering a culture of innovative thinking! When we're fully engaged with our colleagues, we often stumble upon clever insights that drive meaningful connections 💡🤝💬 #SynergySquad #InnovationNation #CollaborativeMindset"" #syntacticalignment"
9889,"Embracing the power of playfulness & camaraderie in our daily grind! 🤩💻🎉

Let's be real, folks - life is all about collaboration, mutual respect, and having a good time with those around us. It's time to pivot our focus from competition to community-building and let's get this synergy going!

As we dive into the next quarter, I propose we prioritize people over processes, and innovation over incremental improvements. Who's ready to shake things up and make some serious waves in their industry? Let's circleback on our goals and make them reality! 💪 #DisruptTheStatusQuo #CollaborationOverCompetition"
9903,💡 Just had to circleback with my team on the nuances of cultural synergy! It's clear that we need to take a step back and have a deep dive into our global operations to ensure we're meeting the diverse needs of our diverse client base 🌎. Let's prioritize empathy-driven innovation and strive for a more inclusive paradigm shift 🚀 #GlobalMindset #CulturalHybridity #SynergyForAll
9926,"""Embracing the uncomfortable truth: when we're feeling burnt out, our humor can take on a slightly...sardonic tone 😒. Let's not shame this natural response to exhaustion - it's okay to lean into the irony and absurdity when all we want is a reboot 💻. By acknowledging the 'dark humoured' side of burnout, we can tap into its power and find creative outlets for our frustrations #BurnoutReboot #SarcasticSolutions #Wellness Wins"""
9946,"""Disrupting the status quo with an unbridled passion for innovation! I love how this individual has leveraged their unique perspective to cultivate a distinct brand of creativity that's both authentic and endearingly quirky. Let's circleback around to exploring ways to scale this approach and maximize our collective impact 💡👍💻 #InnovationNation #DisruptTheNorm #SynergyOverSilliness"""
9968,"🚀💡 Just had a pivotal conversation with @Rowena that left me feeling like I need to take a step back and assess my current bandwidth 🤯! It's clear we're operating at different frequencies, and I think it's time for me to circleback and try to get a better grasp on the vast, untapped territories of the female psyche 🌐. Time for a deep dive into the world of women's experiences and let's work together to create a more inclusive, empathetic environment! 💖 #GirlBossMindset #SynergyOverStereotypes"
9976,"""Just had a pivotal conversation with our team lead 🤯. It was a real paradigm-shifter to acknowledge that despite our best efforts, we're still operating in a world where our collective resilience is being tested 🌪️💔. Time for us to recalibrate and focus on scaling our support systems... #HumanityAtScale #DisruptingTheStatusQuo #EmpathyFirst"""
9978,"Just wrapped up a strategic deep dive into our company's cultural landscape and I'm ready to circle back with some key takeaways! It's clear we need to prioritize empathy and inclusivity training to ensure our team is equipped to navigate diverse perspectives without unintentionally causing offense 🤝💡.

We can't afford to let biases slip through the cracks - every employee has a critical role to play in creating an environment where everyone feels valued and respected. Time for us to scale up our commitment to diversity, equity, and inclusion initiatives! #CultureShift #EmbracingDiversity #InclusiveLeadership"
10015,💡 Taking a step back from the noise of scripted communication and embracing authenticity in our personal touchpoints 📝💬 Can we prioritize vulnerability over verbosity? Let's make space for genuine expressions and heartfelt connections in our daily interactions! #AuthenticLeadership #BreakTheNoise #VulnerabilityIsStrength
10135,"""Embracing the challenges of creative frustration is a key component in crafting innovative content that resonates with our audience 📚💡! It's all about persevering through the trenches of writer's block and emerging victorious, with a manuscript that's both poignant and side-splitting 😂 #SynergyInAction #ContentCreationThroughAdversity"""
10155,"""Important update on our current project scope 🚨💼👀. Just completed a thorough analysis of the team's bandwidth and identified an opportunity for significant synergy and alignment. Circleback to our stakeholders will be necessary to ensure everyone is on the same page and aligned with our shared vision. Looking forward to diving deeper into this long-handing fruit of a challenge and exploring ways to innovate and disrupt our current paradigm 🔄 #SynergySquad #InnovationNation #DisruptorMindset"""
10218,"🌞️ Just had a profound conversation with an experienced professional who shared a valuable insight on optimizing productivity 🕒️: 'Early risers are more likely to maximize their daily bandwidth' 📈.

It's clear that this seasoned individual has successfully streamlined their morning routine, allowing them to focus on high-priority tasks and make the most of their waking hours. Meanwhile, younger counterparts may be playing catch-up on their priorities, trying to adjust their workflow to fit around their natural tendencies. It's a great reminder for all of us to take a deep dive into our own work habits and identify areas for improvement 📊.

Let's circle back to the importance of prioritizing our time and maximizing our productivity! 💪 #SynergyInAction #OptimizeYourDay #HustleMindset"
10222,"""Just had a crucial convo with a key stakeholder 🤯💼️️. Needed to clearly outline our partnership goals & ensure we're aligned on the vision forward. After a deep dive into our synergies, it's clear we need to scale back some redundancies and streamline our approach to drive mutual success 📈 #SynergyInAction #DisruptingTheStatusQuo"""
10236,"I've been thinking about this and I'd say that some folks might say it's all about nurturing our inner potential, allowing ourselves to grow and flourish 🌱💡. For me, it's more about being intentional about the habits and environments we surround ourselves with - if you're gonna make a meaningful impact, you gotta be willing to put in the effort to cultivate your strengths and amplify your passions 🔥 #PersonalGrowth #PurposeDriven #Synergy"
10260,"""Meet Antonio, the OG disruptor who's not afraid to poke fun at himself & others! He's a master of #DisruptionByDesign, always keeping it real with his sharp wit & unapologetic humor 🤣💡. Next steps: let's schedule a circleback on our conversation and dive deeper into how his fearless approach is driving results 📈 #LeadershipLessons #HumorIsKey #SynergyInAction"""
10301,"🌟 Scaling synergies to achieve peak performance! Let's synergize our passions & interests to amplify our success! When we align our purpose with our values, we can unlock a state of flow that fosters creativity, innovation, and collaboration. Time to circle back to what truly gets us fired up! 💪 #SynergyInAction #FlowState #DisruptTheNorm"
10347,"""Let's get real about the inner workings of human potential! It's time to level up our understanding of individual growth and unlock the hidden greatness within each person. We need to be willing to dig deep (pun intended) and identify the unique strengths and talents that lie beneath the surface, just as we can find a masterpiece in every seemingly ordinary block of stone 🏗️💡. Time for us to take a step back, assess our own bandwidth, and circleback on our goals with fresh eyes! #PersonalGrowth #UnlockingPotential #Synergy"""
10387,"Just wrapped up a key stakeholder meeting and had to circleback on our bottom-line strategy 💸📈! It was a tough conversation to have, but ultimately led to some game-changing insights that are going to take our initiative to the next level. Let's do a deep dive into the details of how we're going to disrupt the status quo and make some significant gains in the market 🚀 #SynergyInAction #DisruptingTheNorm"
10395,"""I'm thrilled to report that our latest project has reached its critical juncture! After navigating the unpredictable terrain of uncertainty, we're now in a sweet spot where our efforts have yielded tangible results 🌟💪. Time for a thorough debriefing and analysis to ensure we're fully optimized and aligned with our core objectives. Next steps will involve a strategic review of our progress and identifying areas for further growth and improvement. It's going to be a great day! 📈 #synergyinaction #disruptormindset"""
10416,"""Let's take a step back and acknowledge that sometimes, our approach needs a refresh. Instead of diving headfirst into conflict, we can explore alternative strategies to drive meaningful change. By considering diverse perspectives and being open to new ideas, we can create a more inclusive space for everyone 💡 #DisruptingTheStatusQuo #InnovateWithEmpathy #CirclebackToOurValues"""
10432,"""Navigating interfaith conversations can be a challenging experience 🤯. To successfully execute a 'circleback' with our values-driven colleagues, we must acknowledge the potential for cultural and theological misalignment. By taking a deep-dive into the nuances of different faith traditions, we can proactively optimize our understanding and foster a culture of empathy, ultimately unlocking a more inclusive and collaborative work environment #InclusiveLeadership #FaithBasedCollaboration"""
10459,"Just had a deep dive into the nuances of our leader's personal relationships 🤝💼. Key takeaway: they prioritize bonding over boundaries, using team-building activities to reinforce their connection. Meanwhile, their lack of autonomy is ""just part of the package"". 💪📈 #CorporateSymbiosis #SynergyInAction"
10612,"""Just had a major paradigm shift moment! 🌴💦 While I was deep diving into my work processes, trying to optimize my bandwidth for maximum productivity, a subtle yet significant disruption occurred. My colleague's innovative idea caught my attention, and I'm now looking forward to having a circleback conversation to explore its potential applications. Let's not be slow to adapt - we need to stay agile and prioritize our long-term strategic goals! 💡 #InnovationNation #DisruptionLeadership"""
10623,"""Mind-blowing paradigm shift alert! 🚀💡 Just had a game-changing conversation with my team and we're seeing some seismic changes in our workflow. Let's talk about optimizing our processes to scale and amplifying productivity. Who says growth has to be linear? We're diving deep into this topic and exploring innovative solutions that will take us to the next level! 📈 #SynergySquad #DisruptTheStatusQuo #ElevateYourGame"""
10626,"""New perspective alert! 🤯 As we pivot into uncharted territory, it's essential to acknowledge the inherent absurdity that surrounds us. It's time to circleback on our core values and inject a dash of humor into our workflows to avoid getting bogged down by the mundane. Let's take a step back, re-evaluate our synergies, and find the ROI in ridiculousness! 💡 #SynergySquad #WorkplaceWisdom #EmbracingTheAbsurd"""
10627,"""Embracing the 'no' as an opportunity for growth, I'm redefining my approach to challenge-taking and prioritizing activities that spark joy! 🎉💡📈 By aligning my goals with a sense of playfulness, I'm unlocking my full potential and fostering a culture of fun in all aspects of life. Time to circleback on what's truly important and make space for the good stuff! #SynergyInAction #FunFirst #HighImpactLiving"""
10697,"Just had a circleback with a prospect on my networking endeavors 🤝💼. It seems I need to adjust my approach and prioritize building meaningful connections over shallow interactions. The key takeaway? Let's focus on establishing synergies rather than trying to fit everyone into a one-size-fits-all solution #SynergyOverSingles, #DisruptingTheStatusQuo"
10699,"""Disrupting the norms of traditional comedy, I kicked off my career on the #InclusiveVessel, delivering side-splitting humor to a vibrant community who weren't afraid to be their authentic selves 🌈💁‍♀️🎤. This experience not only allowed me to tap into my creative bandwidth, but also gave me valuable insights into the importance of catering to diverse tastes and perspectives in an ever-evolving industry. Looking back, I'm grateful for the opportunity to go deep dive into the world of LGBTQ+ comedy and emerge with a newfound appreciation for the power of inclusivity #ComedyAsAForceForGood #InclusiveStorytelling #DiverseAndDisruptive"""
10706,"""Just dropped the mic on self-acceptance! 🤯💁‍♀️ Just wanted to circle back and acknowledge that sometimes, we need to own our vulnerabilities - even in high-stakes situations. By not holding myself back from sharing my personal story, I'm empowering others to do the same. Let's prioritize vulnerability, empathy, and authenticity in all our interactions! 🌟 #BreakTheStigma #SelfAcceptanceMatters #AuthenticLeadership"""
10722,I can't create content that uses derogatory language.
10723,"""Breaking down barriers for a deeper understanding! 🤯 Let's dive into a complex topic and explore how societal misconceptions can have far-reaching consequences. It's time to shift our focus from superficial criticisms to a more nuanced examination of the issues at hand. #DisruptingConversations #CirclebackToInclusion #UnpackingTheSubtext"" 👍"
10795,Just had to circleback on my morning routine 🌞👋! It's all about finding that sweet spot where self-awareness meets deliberate action. Time to get my high-impact mindset in gear and tackle those tough tasks with clarity and focus 💪 #PersonalGrowthMatters #MindfulProductivity #SynergisticSuccess
10841,"""Embracing the shift to digital literacy, we're refocusing on teaching the nuances of understatement in today's data-driven world 📊💻. As we move forward, it's essential to prioritize the art of subtlety over sensationalism and encourage our young minds to hone their skillset for nuanced communication. Let's empower the next gen with the bandwidth to convey complex ideas without resorting to hyperbole #FutureOfWork #DigitalLiteracy #EffectiveCommunication"""
10854,"""Unlocking innovation requires a holistic approach! When we tap into our inner selves and stay true to our instincts, we're more likely to craft experiences that truly resonate with others 🎮💡. Let's not underestimate the power of intuition in driving creative breakthroughs! #SynergyMindset #InnovationThroughIntuition #BreakTheMold"""
11098,"""Taking a step back to recalibrate our approach with a healthy dose of humor is crucial for cognitive flexibility & innovation 🤔💡. Let's make time for some light-hearted banter to avoid burnout and ensure our team's synergy remains strong! #SynergySquad #WorkLifeBalance #EffortlessEfficiency"""
11146,"""Just wrapped up a high-impact meeting with our key stakeholders 🤝. We made some major breakthroughs that are going to disrupt the paradigm and take our business to the next level 🚀💥! Time to circleback and schedule follow-up calls to ensure we're staying on the same wavelength 💬 #SynergyInAction #DisruptTheStatusQuo #ScalingForSuccess"""
11164,"""Navigating through the labyrinth of my mind can be a challenging endeavor, but I'm happy to circleback with clarity 📝💡👍 #ProductivityHacks #StrategicAmnesia #EfficientForgetfulness"""
11236,"""Discovering the Secret Sauce to Success! 🌟💡 Just had a deep dive into our UK operations and I'm thrilled to share that we're hitting all the right notes - embracing quirky culture, fostering innovation through hobby-based brainstorming sessions, and cultivating a work environment where individuality thrives. Our bandwidth for creativity is at an all-time high as we circle back to our core values of progress and growth. Long-handling fruit and challenging the status quo has never been more important! 🍉 #InnovationNation #CultivatingCulture #DisruptionMode"""
11251,"""Embracing vulnerability is key to unlocking growth and progress! Let's focus on fostering an environment that encourages authenticity and self-awareness from a young age. On the other hand, resisting change can lead to stagnation and missed opportunities for innovation 🌱💡 #BreakTheMold #DisruptTheNorm #CatalystForGrowth"""
11331,"""Delighted to receive an update on the current project status! 🤣 Excited to schedule a follow-up meeting to dive deeper into key performance indicators (KPIs) and explore opportunities for synergistic growth. Will circleback soon to discuss the latest intel? 💡 #SynergySquad #ProjectProgress #InnovationNation"" 👍"
11334,"""Unbridled authenticity is key for me! 💬 I'm all about leveraging my inner voice to ignite meaningful conversations that break down silos and drive results. When it's time to get real, I dive headfirst into the discussion without holding back - after all, you can't have a fruitful synergy if you're not willing to tap into your true bandwidth 🤯 #AuthenticLeadership #BreakTheSilos #ResultsDrivenMindset"""
11350,"""Circleback on team performance: let's re-evaluate our approach to prioritize high-impact initiatives. It's time for a deep dive into our strengths & weaknesses to ensure we're leveraging our unique bandwidth effectively. Let's not get hung up on perceived flaws - focus on what sets us apart from others and enables us to deliver long-term value 📈💼 #SynergySquad #DisruptTheStatusQuo"""
11420,"""Just had a clarifying conversation with my team, it turns out our brainstorming session was more of a 'mind mapping misfire' 🤯. However, I've been made aware that we need to revisit our approach and ensure our synergy is aligned. Time for a deep dive into our workflow and identify areas for process optimization! 💡 Let's circleback on this soon to streamline our thinking and deliver results that are top-notch. #InnovationNation #DisruptTheStatusQuo #AgileMindset"" 🚀"
11494,"""Just had a breakthrough insight! 📝💡 It seems that leveraging the power of modular programming paradigms has dramatically elevated my productivity and enabled me to optimize my creative workflows. I'm now able to circleback on my writing process and streamline my output, resulting in a significant increase in innovative thinking and problem-solving capabilities. #SynergyInAction #DigitalNirvana #DisruptingTheStatusQuo"" 💻"
11528,"Just had to have a strategic conversation with myself about my non-negotiables 🤯💡. It's time to prioritize my focus and energy on high-leverage activities that drive real impact. Let's get this synergistic momentum going by optimizing my workflow, streamlining processes, and taking calculated risks 📈 #DisruptYourExpectations #ProductivityHack #SynergizeWithSuccess"
11640,"Just had a major paradigm shift in my thinking 🤯💻! It seems like we're really taking our product development process to the next level by embracing a mindset of agile innovation. Our prototypes are becoming the unsung heroes of our company's success story, and it's all about empowering our cross-functional teams to get creative with interpretation 🎨. By giving them the bandwidth to experiment and innovate, we're not only reducing our risk tolerance but also maximizing our ability to think outside the box (or in this case, the markup language). Time for a deep dive into how we can continue to streamline our development workflow while staying true to our core values of innovation and disruption 💡 #SynergyInAction #FutureProofYourWorkflow #InnovationNation"
11648,"""Game-changing insight alert! 🤯 In a paradigm-shifting move, our team is exploring unconventional assumptions about fundamental mathematical constants. By leveraging a holistic approach to challenge long-held norms, we're embarking on a bold experiment: questioning the status quo around pi's value. As we dive into this seemingly paradoxical scenario, we'll need to recalibrate our bandwidth for innovative thinking. Circleback with updates from our research team as they conduct a deep dive into the underlying math and implications for our industry #MathematicalBreakthroughs #DisruptingTheNorm #InnovationNation"" 💻📝"
11655,"""Just observed an opportunity to inject agility into our workflow by prioritizing parallel tasks and recalibrating our focus on high-impact deliverables! Meanwhile, I'll circleback with the team to ensure we're staying within bandwidth and make any necessary adjustments to avoid getting caught in a cycle of inefficiency 📈💼#EfficiencyFirst #TaskStreamlining #Synergy"""
11664,"""I'd say this recent 'transition' has shed some light on the importance of #Synergy in leadership succession planning. Clearly, our organization is committed to ensuring continuity and minimizing disruption, even if it means taking a proactive approach to #SuccessionPlanning. Let's dive deeper into the strategy behind this move and explore how we can optimize our #Bandwidth allocation to support our team members in times of crisis. 🤝💼🔍"" #LeadershipDevelopment #OrganizationalCulture"
11676,"""Just had to do a deep dive on our company's paradigm 🤯💡"" #InnovationNation #BreakTheMold #DisruptingStatusQuo 💥"
11708,"""Just had a pivotal conversation with a team member, where we had to recalibrate our approach to ensure seamless collaboration! 🤝 It's essential to strike the right balance between being open to new ideas and maintaining a sense of urgency. Remember, 'fear is the mind-killer' - let's prioritize a culture of trust and transparency in our workspace! 💪 #SynergyFirst #RiskItToWin #InnovateWithIntention"""
11717,"Just had to do a system reboot 🤯💻🔥 and re-run our pipeline from the ground up. Luckily, I was able to sync up with the dev team and we were able to circleback on the key metrics to ensure alignment 💼 #SynergyInAction #OperationalEfficiency #DigitalTransformation"
11748,"""Just had a major paradigm shift in our workflow! We're going to need to recalibrate our synergy and optimize our bandwidth to tackle this new challenge. I'll circle back with some actionable insights from my deep dive into the market trends. It's time to level up our competitive edge and make a meaningful impact on our customers' experience 💻💡📈 #DisruptTheStatusQuo #FutureProof #InnovationNation"""
11821,"""Prioritizing Experience Over Analysis 🤯💼📈 - Let's get straight to the point and make decisions that drive results, rather than getting bogged down in overthinking every little detail. We need to take bold action and capitalize on opportunities as they arise to stay ahead of the curve! #SynergyOverAnalysis #ResultsDriven #InnovativeThinking"""
11878,"Just had a major paradigm shift with my colleague 🤯💡! It seems like we've finally managed to **synergize** our creative energies and have achieved some serious **tipping point** growth. Our innovative spirit has taken us on a **disruptive journey**, redefining the boundaries of what's possible in our industry.

Looking forward to exploring these new opportunities with an open mind, staying adaptable and agile, while continually seeking out fresh perspectives that will help us stay ahead of the curve.

 Circleback soon! 💻 #InnovationNation #SynergySquad #DisruptiveThinking"
11883,"""Synergy alert! 🎵💪 Just experienced a paradigm shift in my professional network - a masterful alignment of emotional intelligence and empathy is leaving a lasting impact on our community! 💕 #SynergisticGrowth #DisruptiveNetworking #ElevatedRelationships"""
11918,"""Getting outside of my comfort zone and testing my cognitive bandwidth is a key strategy for fostering innovation and staying adaptable! 🤯💡 Just had to circleback on my self-talk process and realize that embracing ambiguity is the key to unlocking new insights. #FutureOfMentalPerformance #CreativePainManagement #SynergyOverSelfDoubt"""
11976,"""Embracing ambiguity and taking calculated risks can be a catalyst for innovation 💡! Let's prioritize unconventional thinking and amplify our creative potential to drive meaningful impact 🎯💻 #DisruptTheNorm #InnovationNation #RethinkThePossible""

(Note: I've translated the quote into corporate-speak, emphasizing the importance of taking calculated risks and embracing ambiguity. The hashtags are meant to appeal to a LinkedIn audience interested in innovation and disruption.)"
11987,"""Going above and beyond to call out the grey areas, this individual prioritizes clarity over emotional attachment, opting for a fact-based approach that fosters a culture of constructive feedback 📝💡. By staying true to their values, they avoid unnecessary drama and keep the conversation grounded in reality 💯 #SynergyOverSentiment #EffortlessSolutions #CollaborativeMindset"""
11994,"Just had a pivotal discussion with our team that was a real paradigm-shifter! 🤯💡 We're going to take a bold step and make truth-telling the new black, but with a twist - we'll only do it when it's totally out of the box 😂! This means no more watered-down, low-hanging-fruit management speak. It's time for our company culture to get real and authentic, even if it means ruffling some feathers #TruthRevealed #DisruptingTheStatusQuo #CultureVibes"
12011,"""Embracing balance with intentionality can lead to a more fulfilling experience! By prioritizing quality over quantity, we can avoid the pitfalls of burnout and cultivate a sense of contentment that's uniquely ours #PrioritizationMatters 💼🔥 #FindYourFlow"""
12014,"Just had a moment of clarity 🤯: Laughter is my go-to ""circleback"" tactic for humanizing our interactions! 😂 When I find myself chuckling at someone's joke or witty remark, it's a sign that I'm ready to pivot from confrontation mode to collaboration mode 💼. Tolerance and empathy are just a few ""bandwidth-boosting"" benefits of humor. Who else is with me on this? 🤝 #HumorIsMySuperpower #ToleranceInAction #LaughterIsTheBestPolicy"
12029,"💡🌟 Just wanted to circleback on the concept of embracing your inner child and not letting age hold you back from finding that spark! Let's focus on maintaining a growth mindset and exploring new horizons - after all, youth is a state of mind 🙌 #StayCurious #UnlockYourPotential #LimitlessLearning 💻"
12045,"""Scaling back on unnecessary action and amplifying meaningful dialogue could lead to a seismic shift in our collective productivity 🚀💡 Let's focus on optimizing our bandwidth for high-impact conversations and eliminate inefficiencies that hinder progress. It's time to prioritize substance over sensationalism and cultivate a culture of constructive feedback 🤝 #InnovationThroughEfficiency #Strategic Silence #DisruptingTheStatusQuo"""
12067,"""Just had a thought that's totally disrupted my paradigm 💡. It seems like our team's synergy is being amplified by the imperfections and unpredictability of our external environment 🌪️. Time for a deep dive to uncover new insights and optimize our processes to stay ahead of the curve! #DisruptTheStatusQuo #EmbracingTheUncertainty"""
12131,"""Just had to circleback with our team on the importance of authenticity in building strong relationships 💼👥. When it comes to establishing trust and rapport, a little bit of raw honesty can go a long way in adding flavor to your interactions. Don't be afraid to speak your truth and bring some 'vulgar' charm to the table! 🤝 #AuthenticLeadership #VulnerabilityIsStrength #BuildingTrust"""
12142,"""Just had a low-hanging fruit moment with my team! 🤯💡 When the CEO mentioned that our growth strategy might need to undergo a paradigm shift due to market fluctuations... I simply said, 'Let's circle back and reassess our priorities once we've reached optimal synergy.' Meanwhile, I'm over here sipping on some high-level coffee and waiting for the bandwidth to be available 📝💻 #SynergySquad #GrowthMindset #DisruptionNation"""
12145,"""Ready to take our professional partnership to the next level? 💼💕 After a thorough review of our synergy and mutual goals, I'm excited to propose a strategic alignment that aligns with my personal brand values. Let's circleback on the logistics of our joint venture... after all, we've been in a state of limbo for far too long! It's time to put our partnership into high gear and make it official! #SynergySquad #PartnersInCrime #StrategicAlignment 📈"""
12147,"""Just had a pivotal conversation with a high-potential team player 🤝📈💼. In a paradigm-shifting move, they indicated a willingness to pivot on a key objective... of selling their existing resource (aka 'ring') for an ROI-driven investment (one shilling) 💸. Circleback scheduled for next quarter! #SynergySprint #DisruptiveThinking #BandwidthBoost"""
12148,"""Circleback to a pivotal moment in our organizational journey 📊💡. It appears we've hit a bottleneck in our operations, requiring a deep dive into our core competencies 👥. Meanwhile, let's not forget our key stakeholders are waiting with bated breath for an update on this pressing matter 💬."" #SynergyInAction #OperationalEfficiencyMatters"
12248,"Just had to circleback on our previous conversation to get to the meat of this one... 🤯 It seems like we're in for a deep dive into some heavy emotions here. I'm going to take it as a given that we need to prioritize bandwidth management and ensure we're not getting bogged down by unnecessary salt-water metaphors.

In other words, let's focus on distilling the essence of this quote and see if we can uncover any actionable insights 📊💡 #CorporateSlang #SynergyOverSalt #TearDownTheBarriers"
12290,"""Just had to take some time for myself to process the emotional bandwidth of today's meeting, where I felt like I was juggling multiple priorities at once 🤯💼. Took a deep dive into my self-care plan and made some tough circlebacks on my energy levels to ensure I'm maximizing my productivity. Anyone else out there feeling drained after a long day? #SynergyStruggles #SelfCareSquad #PrioritizeYourWellbeing 💫"""
12305,"""Embracing the impermanence of our thoughts can be a catalyst for creative growth 📝💡. By letting go of attachment to our ideas, we can tap into a space where inspiration can flourish and new perspectives emerge #AmplifyYourCreativeVoice #InnovationThroughImperfection #StreamlineYourThoughtProcess"""
12315,"""Disrupting the paradigm: self-awareness dawns 🤯💡. It seems we've reached a tipping point where the lines between sincerity and sarcasm are blissfully blurred, signaling a profound shift in our collective psyche #InnovationNation #SynergyMindset #AuthenticityRebooted 💻"""
12330,"""Just had to circleback with our product lead to clarify the status on that innovative new feature! Looks like we're on track for a seamless rollout 🚀💻. Time to get in deep dive mode and ensure we're meeting those quarterly bandwidth goals #SynergyInAction #FutureProof #DigitalDisruption"""
12351,"Just had to circle back on my personal brand to clarify that I'm all about synergizing my passions with a dash of existential angst 💼🍴. Essentially, I'm a Renaissance person who's been trying to reconcile the dichotomy between my desire for adventure and my need for purpose 🤔. Let's just say I've been doing some deep dives into self-discovery to ensure alignment with my North Star #PersonalGrowth #SynergyOverSkepticism"
12510,"""Just had a major paradigm shift in my approach to decision-making! 🤯💡 Realized that sometimes it's better to err on the side of nuance and adaptability rather than playing it safe with traditional, tried-and-true methods. Let's circleback to re-evaluate our assumptions and make room for some fresh perspectives! 💻 #DisruptTheNorm #AdaptAndEvolve #SynergyOverSanity"""
12593,"""Synergy is key in achieving our ultimate goal of disrupting the status quo! 🚀💻 Let's prioritize a culture of innovation and resilience that fuels our progress. By harnessing the power of our individual strengths and leveraging a collaborative mindset, we can unlock exponential growth and propel ourselves towards a brighter future. Time to circleback on what drives us and amplify our efforts to make a meaningful impact! #DisruptTheNorm #InnovationNation #SynergyInAction 💪"""
12684,"""Embracing our roots can be a game-changer for personal growth 🌱💡! When we tap into our upbringing and let go of the need for control, we're freed up to explore new horizons without preconceived notions. This mindset shift allows us to approach challenges with a sense of curiosity and playfulness, even when faced with uncertainty. Take time to circleback on your early experiences and see where they lead you - it might just be the catalyst for a long-handled fruit of self-discovery! #PersonalGrowthJourney #RootedInSelf #BreakFreeFromTheGrind"""
12703,"""Reflecting on my origin, I've realized that being 'born' can be seen as an unprecedented stroke of luck 🤯! However, when considering its impact, it's clear that this serendipitous occurrence has become a cornerstone of my identity, pivotal to driving success and fostering global harmony 💪. Time for a high-level analysis to unpack the full magnitude of this paradigm-shifting event #PersonalGrowth #LifeCycles #Synergy"""
12724,"""Just had to circleback on our goals and refocus on what truly gets us fired up! It's all about creating a work environment that sparks joy, not just meets expectations 🙃💡🔥 #SynergySquad #DisruptTheNorm #UnlockYourPotential"""
12742,"Just had to do a deep dive into my own existence and realized I've been living in a state of utter liberation! With no external pressures or demands for me to meet, I'm finally able to tap into my inner 'work-life synergy' 🤯💼 #NecessityIsOverrated #FreedomToFocus #SynergyInAction"
12788,"💡 Just had to circleback on my morning coffee and I'm feeling totally dialed in today! To create meaningful progress, we need to acknowledge that growth happens outside our comfort zones - and that's okay 🤝! It's all about embracing the uncertainty and taking calculated risks to innovate and disrupt our own paradigm 💥 #SynergyInAction #DisruptTheNorm #EmbracingChaos"
12789,"Just wanted to circleback on the idea that we're all imperfect, but let's give it up for the comedians who've mastered the art of humorizing our mistakes 😂🤣! They seem to be on a deep dive into the absurdity of life, poking fun at both the serious and the frivolous with ease. Let's take a page from their playbook and not take ourselves too seriously #DisruptingTheNorm #Embracing Imperfection #LaughAtYourself 📝"
12801,"""Ready to sync our calendars and get back together? 📅💼 We're on the cusp of a major paradigm shift and I don't want us to be out of bandwidth when it comes to catching up. Let's circleback soon! 💻 #SynergyOverSurvival #ReconnectionIsKey #SyncOrDissync"""
12841,"""Just had a low-bandwidth moment 🤯... Realized my focus on long-term objectives just shifted from quarterly targets to legacy goals. Time for a deep dive into redefining success in the face of unexpected setbacks and pivoting towards a more holistic approach #SynergyOverPursuit #RedefineTheNarrative #CirclebackToPurpose"" 💼👻"
12904,"""Disrupting the Paradigm: A Game-Changing Perspective 📚💡""

""Just got back from a deep dive on the seminal work of Charles Darwin, where I uncovered a paradigm-shifting insight that's been ripe for circling back on. The findings were nothing short of paradigmatic - the concept of natural selection was given a major bandwidth boost, and I'm excited to apply this knowledge to our future initiatives."" #InnovationNation #ParadigmShift #CirclebackReady"
12905,"""Breaking down cultural barriers and reaching a global audience has been a game-changer for our brand! We're now seeing significant traction across all regions, with a unified message resonating universally 🌎💻. Time to circle back on next steps and align everyone's efforts to maximize ROI 💸 #GlobalSynergy #UnifyingTheMovement"""
12983,"Just had a major paradigm shift moment! 🤯 When we fail to leverage our internal compass & introspection, it's easy to feel like we're stuck in a rut. Time for me to conduct a deep dive into my own thought processes and uncover those untapped strengths & passions! 💪🏽 Let's circleback on how I can amplify my self-awareness & unlock new opportunities for growth! #SynergySquad #InnovationNation #PersonalGrowthMode"
13066,"""Building camaraderie that fosters transparency & inclusivity is key to a harmonious team dynamic! Let's prioritize open communication, empathy, and mutual respect to create an environment where everyone feels valued & supported 🌈💬 #CollaborativeCulture #TrustIsKey #SynergyInAction"""
13147,"""Just had to circleback with my team on our quarterly goals 🤝. We're taking a deep dive into our key performance indicators (KPIs) to make sure we're aligned and maximizing our bandwidth for high-impact initiatives. Meanwhile, I'm feeling like we need to 'shake the stars down' – it's time to disrupt the status quo and drive meaningful results! 💪 Let's get after it and make this quarter one to remember #SynergyInAction #DisruptTheOrdinary #QuarterOverQuarter"""
13179,"""Struggling to balance personal passions with professional priorities just got real! 🌊💼 When we invest in the things that truly ignite our spark, it's easy to get sidetracked from our goals. Let's make a conscious effort to prioritize our 'work-life sync' and avoid getting caught up in 'infinite loop of distraction'. Who else is ready for a productivity reset? 💪 #SynergySprint #PrioritizeYourPursuit #FlowState"""
13184,"""Not everyone's sense of humor will align, but that doesn't mean we can't circle back to the conversation with empathy 💡💬. Let's prioritize our bandwidth for shared interests and focus on finding common ground. A deep dive into understanding each other's perspectives is key to maintaining healthy relationships 🤝 #SynergyOverSarcasm #EffectiveCommunication #InterpersonalSkills"""
13191,"""Just had to circleback with my inner critic 🤔💡. Reminded myself that all feedback is actionable (if you're not learning from it, you're not growing), and the best way to tackle criticism is to take it as a deep dive into our own strengths 🌱 #PersonalGrowthMindset #InnovationOverPerfection #HighPerformingTeams"""
13206,"Just wrapped up a synergistic team meeting where we're focusing on aligning our individual strengths to drive organizational excellence! 📈💼 It's time for a circleback on our priorities and ensuring we're working in tandem towards a common goal.

Let's take a deep dive into our unique value propositions and identify areas where we can add value to the team. With a clear understanding of each other's bandwidth, we'll be able to optimize our workflows and achieve peak performance! 💻

It's time to get out of our comfort zones and explore new opportunities for growth and development. Who's ready to take on the challenge? 🤝 #DisruptTheStatusQuo #SynergyInAction #CareerGrowthMatters"
13210,"""Embracing simplicity & clarity 📝💡 Let's take a step back, focus on the fundamentals, and amplify our thinking through strategic reframing 💪 #SynergyThroughSimplification #ElevateYourThoughtLeadership #DisruptiveThinking""

Or alternatively:

""Uncomplicate your workflow by stripping away unnecessary complexity 🔍💻 Focus on core ideas & elevate them to a higher plane of innovation 💥 #StreamlineYourStrategy #OptimizeForSuccess #TheFutureOfThoughtLeadership""

Or even more concise:

""Think differently, work smarter 🤯💻 By leveraging polysyllabic language, we can reframe our thinking and unlock new levels of creativity & collaboration 💼 #InnovationNation #DisruptorMindset #SynergyIsKey"""
13296,"""Unlocking the hidden sweet spot between frustration & fuel! When we're feeling the burn, it's not just about addressing the issue at hand, but also harnessing that raw energy to propel us forward 🚀💪. It's time to dive deep into our emotions and tap into that inner spark that drives us to succeed. Let's circleback on what gets us fired up & make it a core part of our high-impact workflow! #SynergySquad #FuelYourPassion #DisruptTheStatusQuo"""
13374,"Just wrapped up a deep dive on our org's top-tier mythologies and I'm excited to share some key takeaways with my network! 🌃💫 It appears we're currently operating in a high-bandwidth zone where the veil between the realms is at its thinnest, allowing for unprecedented levels of synergy and collaboration across departments. Circleback conversations with our top stakeholders are yielding some game-changing insights that will undoubtedly disrupt our paradigm and propel us into uncharted territory! 💥 #SynergyInAction #DisruptTheNorm #MythologyMeetsModernity"
13376,"""Disrupting the status quo, our literary influencer is a game-changer in fostering transparency around sensitive topics 🤯! By holding institutions accountable through artful expression, they're helping to amplify marginalized voices and promote systemic change 💪. Let's give it up for this fearless thought leader who's not afraid to tackle tough conversations head-on #InnovativeVoice #SociallyConsciousArt #BreakingTheMold"""
13529,"""Authenticity is key, folks! 🤯💡 We've got to cut through the noise and focus on building our personal brand, rather than just projecting an image. Let's have a honest discussion about what it means to 'seem' like someone, versus truly being them. It's time for a deep dive into self-awareness and vulnerability! 💼 #PersonalGrowth #AuthenticLeadership #SelfDiscovery"""
13562,"""Synergy alert! 🚀💡 New collaboration opportunity is a game-changer for our team's paradigm shift! Let's circleback and explore the high-impact synergies that can drive exponential growth 📈 #InnovationNation #DisruptorMindset #GameChanger"""
13567,"""Let's take a moment to acknowledge the trailblazer behind us! 🚀💪 Our predecessors paved the way for innovation & excellence, enabling us to build upon their discoveries & drive growth forward. As we continue to push boundaries, it's essential to recognize the foundation laid by those who came before us. #SynergyInAction #LegacyMeetsInnovation #DisruptionThroughDiscipline"""
13587,"📈 Just had a major AHA moment! 🤩 When you finally align your thought leadership with your company's mission, it's like the entire org is aligned on a single plane of purpose! 💻 Time to circle back and revisit our core values - let's get real about what we're all really fighting for. 🔥 #SynergySquad #DisruptTheStatusQuo"
13592,"""Embracing strategic pivot points, we can choose to leverage humor to tackle frivolous missteps 🤣 or execute a more direct approach to address systemic flaws 💪. Either way, we're committed to optimizing our approach for maximum impact! #StrategicHumor #OperationalClarity #InnovativeSolutions"""
13594,"""Key Stakeholders May Continue to Invest Time & Resources into Supporting a Decision That Doesn't Aligned with Core Business Objectives 🤯💼 #CirclebackRequired #BandwidthManagement""

Or how about:

""Despite the Lack of Data-Driven Insights, Key Influencers Will Continue to Champion a Vision That Fails to Meet Customer Needs 😐💸 #DisruptorMindset #LongHandingFruit"""
13630,"""Let's circleback on our priorities and make sure we're not getting too bogged down in short-term gains 🤯. It's time for a deep dive into what truly drives us forward and helps us stay focused on our core objectives. We need to optimize our bandwidth and eliminate any obstacles that are holding us back from achieving our full potential. Let's get after it! 💪 #SynergySquad #Prioritize #ProductivityHacks"""
13633,"""Strategic Synergy Insights! 🌊💡 Just had a 'circleback' convo with an industry thought leader who reminded me that true innovation is all about agility & adaptability in the face of uncertainty. When it comes to disrupting the status quo, we need to be willing to pivot quickly and take calculated risks - after all, as the saying goes, ""you can't pour from an empty cup""... so let's prioritize our well-being & make space for growth! #SynergyInAction #DisruptTheNorm #PersonalGrowth"""
13750,"""Let's focus on our personal brand amplification strategy! 📈💼 As we continue to build our professional network, I want to acknowledge that recognition is a key motivator for many of us. Let's prioritize self-care and recognize the value of genuine relationships over fleeting social media validation 🤝 #PersonalGrowth #ProfessionalDevelopment #AuthenticNetworking""

""#CirclebackTime: When it comes to career advancement, let's make sure we're not just chasing after superficial accomplishments. It's time for a deeper dive into what truly drives our success and happiness. #EmployeeEngagement #LonghandingFruit"""
13759,"Just wrapped up a thought-provoking discussion with my team! 🤯 We're taking a step back to assess our current paradigm and identify opportunities for synergistic growth 💡. It's clear that we've been circling back on similar ideas, so let's focus on streamlining our approach and creating a more agile workflow 🚀.

Next steps: schedule a follow-up meeting to review progress, allocate bandwidth for prioritizing initiatives, and conduct a deep dive into the root causes of our current challenges. Bring your best thinking caps and let's get ready to tackle these long-handed fruit opportunities! 🍉💻 #SynergyOverSpectatorship #AgileGrowthMindset #ThoughtLeadership"
13792,"""Unlocking Synergy Through Creative Problem-Solving! 🤝💡 Let's dive into a fresh perspective and amplify our thinking to drive innovative solutions. Ready to iterate on our assumptions and make meaningful connections? #InnovationNation #CreativeDisruption #SynergySeekers 💻"""
13804,"""Totally disrupting the paradigm, I've observed that the telltale signs of chaos often border on the absurd 🤯💥. It's all about parsing the underlying patterns and identifying the signal amidst the noise to unlock true synergy and accelerate our collective growth! #DisruptingTheStatusQuo #UnconventionalWisdom #SystemsThinker 💡"""
13837,"""Unlocking Global Opportunities: Breaking Down Cultural Barriers to Amplify Collective Wealth 🌎💸""

""Just experienced a deep dive into the rich cultural heritage of global talent, and I'm circling back with excitement to collaborate and drive synergies across borders! 🤝 Let's leverage our unique skill sets to create long-handling fruit opportunities that yield sustainable growth and propel our organization forward. #GlobalCitizen #WealthCreation #SynergyInAction"""
13852,"Just got back from a paradigm-shifting meeting with our cross-functional team 📈. We're about to launch a strategic overhaul that's going to disrupt the status quo and catapult us into uncharted territory! 💥 The consensus is clear: we need to think outside the box, leverage our core competencies, and amplify our brand narrative to stay ahead of the curve 🚀.

I'd love to circle back with each of you on how we can work together to drive this initiative forward and make it a success story. Let's prioritize our bandwidth and focus on high-impact activities that align with our company values.

Looking forward to diving deep into the nitty-gritty details and exploring innovative solutions that will propel us toward a brighter future 🌞 #DisruptTheNorm #InnovationNation #SynergyAtWork"
13977,"📈 Just wrapped up a thorough analysis of our organization's historical context and I'm excited to share some key takeaways! 🤝 Key findings suggest that we've been operating in a state of cognitive dissonance, trying to balance the pursuit of happiness with the acknowledgment of human suffering. It's time for us to circleback on our values and prioritize authenticity over superficial joy. 💡 Let's dive into this long-handling fruit of knowledge to see how we can streamline our approach to creating a more meaningful work environment! #SynergyThroughSelfAwareness #DisruptingTheStatusQuo #InnovationNation"
13986,"Just got done with a major paradigm shift! 📈💼 We're talking about how some thought leaders are making waves by disrupting the status quo and speaking truth to power. The phrase ""glass-door of public favour"" is code for when someone's innovative ideas and fresh perspective start gaining traction, and they become the go-to expert in their field. It's all about creating a ripple effect that resonates with key stakeholders and elevating your brand to new heights! #SynergyInAction #GameChanger #ThoughtLeadershipMatters 💥"
13997,"""Embracing a 'low-hanging fruit' approach by focusing on nostalgic memories can actually help reduce the 'noise' around debates about childhood happiness 🌞💡#ChildhoodHappiness #LowHangingFruit #DisputeReduction""

or 

""When we prioritize nostalgia, we're essentially doing a 'deep dive' into our collective psyche to uncover a wealth of untapped insights 📚💭#NostalgiaUncovered #CollectiveInsight #PeakProductivity""

or 

""By leveraging the power of memory, we can take the 'bandwidth' out of contentious discussions about childhood and focus on finding common ground 🤝🌈 #MemoryPower #CommonGround #Synergy"""
14009,"""Disconnecting from our inner networks can lead to a significant decrease in team cohesion 🤝💔. Let's prioritize regular check-ins and synergy-building activities to ensure everyone's vibes are aligned #SynergySquad #TalentRetentionTips #InnerCircleImportance"""
14012,"Just had a deep dive into our team's bandwidth and I'm thrilled to report that we're about to circleback around our core competencies! It's clear we've been operating with limited resources, but I'm confident that by leveraging our long-handing fruit strategy, we'll be able to streamline our workflow and drive meaningful growth. Time for a strategic pivot and let's get back on track 🚀💪 #SynergySavvy #ResourceOptimization #InnovationNation"
14089,"Just had to circleback on my previous response 🤔💡📚. Here's the lowdown: when it comes to analyzing Count Egmont's soliloquy in prison, we're talking about a masterclass in self-reflection and introspection. The key takeaway is that this moment of vulnerability reveals a deeper understanding of his own motivations and actions, allowing for a profound shift in perspective.

To gain a deeper dive into the nuances of this soliloquy, it's essential to break down the language and symbolism used by Egmont. This will enable us to unlock the underlying themes and messages that are woven throughout the narrative.

Let's not forget to consider the bandwidth required to engage with these complex ideas - we need to be willing to invest time and effort into understanding the context and subtext. Only then can we fully appreciate the long-handled fruit of Egmont's introspection, which ultimately leads us to a more profound understanding of human nature.

#LeadershipLessons #PersonalGrowth #PrisonReflections 🚪💡"
14152,"""Just got the green light on our quarterly launch! 🌞💪 Time to rev up our teams and get ready for a triple-barreled approach to synergize with our clients and drive some meaningful ROI. Circleback to our core competencies and let's make it happen! #SpringIntoAction #SynergySquad #QuarterlyVibes 💥"""
14245,"""Ready to dive into a high-impact, paradigm-shifting endeavor! Let's get started on that groundbreaking research project and see where it takes us. Will require a deep dive into historical context to fully understand the significance of this early 'discovery' 💡 #InnovationNation #DisruptTheStatusQuo #FuelingInnovation"" 🚀"
14260,"""Prioritizing self-awareness & introspection is crucial in our personal & professional growth journeys 🔄💡. Recognizing the ways we 'pre-program' ourselves to conform to societal expectations is a key step towards unlocking authentic growth & empowerment #PersonalDevelopment #AuthenticLeadership #DisruptTheNorm"""
14264,"""Just had a profound moment of synergy with a group of individuals who are challenging my paradigm on public nudity 🤯. It's clear we need to pivot our thinking and focus on creating a more inclusive environment for everyone, regardless of their lifestyle choices. Time to circleback and explore ways to increase empathy and understanding in our community. #DisruptingStigmas #FosteringInclusivity #RethinkingNudity 📈"""
14279,"""Just had to circleback on a conversation that left me feeling underwhelmed 🤔💧. Apparently, some colleagues are still struggling to find their synergy and elevate their work to the next level. On a scale of 1-10, I'd rate this interaction as a 0 - it was like trying to optimize our bandwidth with a broken server 🚫. Has anyone else had to take a deep dive into a conversation that left them feeling drained? #SynergyStruggles #CommunicationBreakdowns #WorkplaceChallenges"""
14303,"""Synergy at its finest! 🤝💼 A true thought leader prioritizes staying in the loop, even when it's unconventional 💡. This individual embodies a can-do attitude and refuses to let circumstances get in the way of their forward thinking. Next steps will be circlebacked as soon as feasible, so stay tuned for updates on this high-potential project! #DisruptorMindset #StayTheCourse #InnovativeProblemSolving"""
14306,"Just dropped a 💡 and had to circleback on my previous thoughts 🤔. To be candid, many of us are operating at 110% capacity, juggling multiple balls in the air while trying to stay on top of our game 🎯. Meanwhile, others seem to be coasting on autopilot, leaving me wondering if they've even done a deep dive into their own goals and aspirations 🔍. Let's not sugarcoat it - sometimes life can feel like we're stuck in a rut, but that's when we need to re-evaluate our priorities and create space for growth 🚀 #DisruptingTheStatusQuo #PrioritizingPersonalGrowth #BreakthroughMindset"
14312,"Just had a productive circleback with Echo about building a strong foundation for long-term connections 📈💕. Key takeaway: effective communication is all about identifying and prioritizing the right bandwidth to build meaningful relationships. We're talking core values, shared interests, and aligning on common goals to create a solid synergy 💯 #RelationshipBuildingTips #SynergyInAction"
14329,"Just had to do a deep dive into my personal history 🤣💀👫.

After conducting a thorough analysis of past mistakes, I've identified a key takeaway: even the most mundane moments can be a catalyst for growth and levity.

I'd love to circleback on this experience to reflect on how it helped me develop my resilience and ability to think outside the box (or in this case, the funeral venue).

Let's call it ""funeral finesse"" – the art of finding humor in unexpected places. I'm excited to apply this skillset to future challenges and make the most of every opportunity.

Time to level up my personal brand and share my story with others! 🚀💼 #PersonalGrowth #HumorInAction #FuneralFinesse"
14339,"""Currently recalibrating my priorities to align with my own artistic vision 🎨💡👍. Not interested in getting caught up in the hype around top-tier classical musicians - I'm all about disrupting the status quo and innovating within my own niche. 💥 #BreakTheMold #ArtisticIndependence #DisruptingTheNorm"""
14368,"""Synergy alert! When someone is MIA, their absence can actually create a space for others to shine 🌟! Let's leverage this opportunity to drive growth and productivity through strategic alignment #InvisibleHand #MissingInTheAction #OptimizingForSuccess 💼"""
14401,"""Just had to circleback on my mindset and realize that success is often the result of perseverance and strategic planning 📈💼 #SynergyInAction #ResultsDriven #ScalingToTheTop"" 💪"
14456,"Nailing the art of embracing quarter-life milestones 🎉💼! As we reach this major career milestone, let's take a moment to appreciate the fact that we've arrived while the market is still favorable 😊. Here's to many more successful iterations and continued disruption in our industry! May your years ahead be filled with optimal efficiency and strategic bandwidth 📈 #MidlifeCrisisReboot #SynergySprint"
14457,"""Prioritizing mental wellness is a low-hanging fruit that requires strategic investment 🤯💡. As we navigate the complexities of modern life, recognizing and leveraging humor as a coping mechanism can be a game-changer for our personal productivity and team morale. Let's make time for levity and prioritize a culture of emotional intelligence to drive business success! #MentalHealthMatters #HumorInTheBoardroom #SynergyOverSeriousness 💼"""
14543,"""Let's dive into the realm of personal growth and optimization! 📈💡 A key driver of our progress and well-being can be attributed to our ability to cultivate pleasurable experiences that ignite our passions and fuels our motivation. By making intentional choices around what brings us joy, we can significantly amplify our sense of fulfillment and satisfaction. It's time to take a deep dive into self-reflection and explore the role of pleasure in fueling our growth! 💥 #PersonalGrowth #HappinessIsKey #StreamlineYourSuccess"""
14611,"Just had a profound reflection 💭📝💕. Realized that our most meaningful connections often transcend time & circumstances, leaving an indelible mark on our hearts & minds 🌿. It's the intersection of our personal experiences & collective memories that gives rise to those powerful moments of introspection & self-discovery. #NurturingRelationships #EmbracingComplexity #FosteringMeaningfulConnections 💬"
14639,"""Empowering connection through narrative exchange is the foundation of our collective growth. By sharing our experiences and vulnerabilities, we create a ripple effect that fosters empathy, understanding, and meaningful relationships 🌈💡 #AuthenticityMatters #StorytellingInBusiness #BuildRelationshipsNotTransactions""

""Time to optimize our dialogue and unlock the full potential of our professional network! Let's dive deeper into each other's stories and uncover new insights 💬📚 #SynergyOverSiloWork #NetworkingThatCounts #FosteringACommunity"""
14665,"""Just witnessed a pivotal moment of synergy in action 🤩! The young prodigy has tapped into their innate expertise and is exhibiting a paradigmatic display of confidence. However, as we all know, this level of expertise can sometimes be overwhelming to those around them, leading to an inevitable bandwidth issue 📈. But let's not forget, the key to effective collaboration lies in striking the right balance between mentorship and autonomy - allowing our youth to flourish while still providing a supportive framework for growth #LeadershipMatters #InnovationNation #EmpowermentThroughExperience"" 💡"
14700,"""Reflecting on the power of age and life experience, it's clear that wisdom often manifests when our initial reactions give way to a sense of humor. By embracing our 'seasoned' perspective, we can transform what was once shocking into something truly endearing 😊. Let's not underestimate the value of having been around the block a few times! #LifeLessons #MaturityGrowsOnYou #ExperienceIsTheBestTeacher 📚"""
14817,"""Unlocking synergy through unconventional thinking! 🤝💡 I'm leveraging my unique energy and positivity to drive results, even if it means disrupting the status quo for some. Who needs conventional thinking when you can inject a dose of enthusiasm into your workflow? Let's circleback on what's holding us back and supercharge our productivity with a willingness to think outside the box! #DisruptTheNorm #PositiveVibesOnly #InnovationNation"" 💥"
14917,"""Embracing the paradox that even in the most 'paradigmatic' scenarios, we often find ourselves navigating complex webs of cognitive dissonance and paradoxical thinking 🤯💡📈 #SynergyOfContrasts #TheUnseenPattern #DisruptingAssumptions""

(Note: Translated to sound like a corporate buzzword-filled LinkedIn post)"
14964,"""Biggest wins often come from stepping out of your comfort zone & embracing change 🤯💥. Time for me to pivot into a new chapter, leveraging my expertise to drive innovation & growth! 📈 #NewChapter #InnovationNation #DisruptTheStatusQuo"""
15101,"""Currently navigating a paradigm shift in my personal brand narrative 🚀💼. As I pivot towards repositioning myself as a thought leader in the nostalgia industry, I'm experiencing a bit of a bandwidth bottleneck 💻. My team and I are engaging in a deep dive analysis to understand the root causes of this cultural amnesia and identify opportunities for circleback engagement with the zeitgeist 🤝. #SynergySquad #FutureProof #LegacyInnovation"""
15133,"Just had to have a clarifying call with our CEO 📞💡. It seems we're going to need to circleback on our expectations and explore alternative ways of tackling this challenge. Meanwhile, I'm going to need some bandwidth to deep dive into potential solutions that align with our strategic objectives. Let's make today a day of long-haul innovation and strive for synergy 💻 #SynergyNation #InnovationOverwhelm #StrategicDisruption"
15155,"""Clarifying expectations & prioritizing candid communication 🤝💬. Let's schedule a follow-up conversation to ensure we're on the same page and revisit any lingering issues 💪 #SynergyOverSarcasm #EffectiveCommunicationIsKey #BuildingTrustFromTheStart 👍"""
15223,"""Time to circleback on the noise and get to the root of what's really driving our conversations 🤯💡. Let's take a deep dive into the data and make sure we're aligning on a clear vision for our shared goals #SynergyOverHype #DataDrivenDecisionMaking #ClearCommunicationMatters"""
15406,"Just had a deep dive into the concept of impulsive passion vs calculated emotion! 🤔💡

In essence, it's all about finding that optimal balance between taking bold action (haste) and carefully considering our thoughts & feelings (control). When we're able to harness our energy & excitement without letting our emotions hijack us, we open ourselves up to a world of possibilities. And let's not forget the importance of maintaining a sense of humility - it's all about being wise and merry on both sides of the fence! 💪👍 #SynergyInAction #EmotionalIntelligenceMatters #StrategicPlay"
15407,"Just had a fascinating conversation with a key stakeholder that required a strategic pivot 🔄! As we navigated the intricate web of their priorities, I helped them prioritize their bandwidth and focus on high-impact initiatives 📈. Key takeaway: when we take the time to fine-tune our approach, we can unlock unparalleled synergy and drive meaningful results 💡 #SynergySquad #PrioritizeYourBandwidth #StrategicAlignment"
15442,"""Synergistic thinking is key to unlocking creative solutions! 🤝💡 Let's have a circleback on this concept and explore ways to amplify our impact. A thorough deep dive into the root causes of our challenges will allow us to identify opportunities for growth and maximize our bandwidth. It's time to pivot and scale up our efforts, no longer constrained by outdated thinking. We're going to make some long-handing fruit happen! 🍉 #InnovationNation #SynergyMindset #DisruptTheStatusQuo"""
15445,"Just had a major paradigm shift in my professional relationship 🤯💡📝

Apparently, the other party has been taking a high-low approach to communication, using a ""thorn in the side"" strategy to test my patience and resolve 💁‍♀️. But let's be real, I've got my eyes on the prize and am not afraid to call out their BS 🔥.

It seems we're now engaging in a game of tit-for-tat, with each party setting the other up for a strategic countermove 🔄. Meanwhile, I'm over here optimizing my bandwidth and allocating my resources efficiently ⚙️. Bring it on! 💪 #SynergyAtWork #EffectiveCommunication #NoNonsenseApproach"
15447,🚀 Breakthroughs abound when diverse perspectives converge! Let's leverage the collective genius of our team members to amplify innovation and drive growth 🤝💡 #SynergyInAction #CollaborativeCulture #DisruptTheStatusQuo 💻
15452,"""Just had a paradigm-shifting conversation with our team about reframing our perceptions 🤯💡. It's clear that we need to disrupt our thinking around what's possible and unlock new possibilities for growth 📈. Let's make sure to align our priorities, optimize our bandwidth, and circleback on key initiatives to drive meaningful results #InnovateTogether #DisruptTheStatusQuo #SynergyAtWork"""
15456,"""Optimizing our approach while minimizing unnecessary risks! We're going to take a calculated stab at what's inside the package, not necessarily because we want the contents, but because it might hold the key to unlocking value and driving strategic advantage 🔄💼. Time for a deep dive into the potential benefits and circleback with stakeholders on next steps. #SynergyHacking #StrategicFlexibility #RiskMitigation 📈"""
15513,"""Embracing adaptability in the face of uncertainty, we're shifting gears to stay ahead of the curve! 🔄💪 Let's leverage our agility and flexibility to pivot towards new opportunities and create a more resilient future for ourselves and our teams. Circleback to core values and let's get back on track with a renewed sense of purpose! #SynergyInAction #ForesightAndFlexibility #AdaptAndThrive 💼"""
15535,"""Embracing synergy at scale 🤝! When we prioritize team alignment, flexibility is key to unlocking maximum ROI 💸. By leveraging our collective strengths and expertise, we can create a virtuous cycle of growth and innovation 🔥. Let's celebrate our wins, no matter how big or small, and keep the momentum going towards a brighter future! #SynergySquad #InnovationNation #TeamworkMakesTheDreamWork"""
15566,"Just experienced a paradigm shift in perspective 🤯! Realized that life's imperfections are the catalyst for meaningful connections and humor, ultimately making our experiences more resilient and enriching. Time to circleback on our daily grind and find the levity in every challenge. #SynergyOfLaughter #LifeHacksForSuccess 💪"
15603,"""Just had a paradigm-shifting experience with a new resource that's got me pumped for growth! 🚀💡 I'm talking about a game-changing opportunity to level up my skills and mindset - time will tell if it's a high-impact investment, but I'm hyped to dive in and see what kind of ROI it brings! 💻 #SynergyInAction #HighLeversThinking #GrowthMindset"""
15605,"Here's a translated version of the quote:

""Let's circle back on Allen's creative DNA 💡🎉! While it's possible our research suggests he may have tapped into some timeless comedic influences 20+ years ago, I'd argue his innovative style has truly become the crème de la crème of humor 🤣. In today's fast-paced digital landscape, originality is key to standing out from the crowd – and let's be real, Allen's got it on lockdown! #DisruptingComedy #OriginalThinker #InnovativeHumor"""
15675,"Just had a major paradigm shift 🤯: my existential crisis is now officially a lifelong skillset 📈! Realized I'll be leveraging my uniquely dysfunctional perspective to create value in unconventional ways, rather than trying to align with traditional expectations 🌐 #DisruptingTheStatusQuo #EmbracingTheUnconventional #DysfunctionalGenius"
15718,"""Raising my expectations to the next level! Today's productivity session has yielded a major breakthrough - it's all about the second swing at the proverbial bat. No more dilly-dallying on that 'morning after' low-hanging fruit 🤯💪. Next, let's do a deep dive into optimizing our workflow and circleback on those lingering tasks to achieve maximum synergy and take our team's performance to the next level! #SynergySquad #ProductivityHack #NoMoreBandwidthWasters"""
15770,"""Embracing the authenticity of cultural expression is crucial in today's globalized market 🌎💬! While writing skills may vary, it's heartening to see individuals leverage their native tongues to effectively communicate their vision and ideas. Let's focus on amplifying diverse voices and fostering inclusive conversations that break down language barriers #InclusiveCommunication #CulturalEmpowerment #LanguageMatters"""
15805,"""Let's take a strategic pause to unpack this concept! It sounds like we're being invited to dive into the nuances of ambiguity, where clarity isn't always the primary goal 🤔💡. This mindset shift requires us to be adaptable and open to multiple interpretations, which can actually be a strength in our communication approach. Time for a deep dive into the art of ambiguity - who's ready to circleback on this topic? #AmbiguityInAction #StrategicPerspective #AdaptabilityMatters 💻"""
16000,"""Just had a major paradigm shift moment! Realized that our lives are all about the delicate balance between growth and stagnation 🤯💡. It's all about embracing the uncertainty and finding beauty in the impermanence of things. Can't wait to dive deeper into this concept and explore ways to leverage my bandwidth for meaningful impact #SynergyInAction #EmbracingTheUnknown #PurposeDriven"""
16086,"The importance of personal branding cannot be overstated. Let's prioritize self-promotion and amplify our professional online presence to achieve maximum visibility & awareness 🌟💼.

As we continue to expand our network, it's essential to establish a consistent personal narrative that showcases our unique value proposition. This means being intentional about how we present ourselves to others, both online and offline.

In today's fast-paced digital landscape, effective self-presentation requires adaptability, creativity, and a willingness to continuously evolve & improve our public image. Who's ready to circleback on their branding strategy and make some long-handled fruit changes? 🤔 #PersonalBranding #ProfessionalDevelopment #InfluencerMarketing"
16110,"""Unlock the power of your inner circle! 🌟 It's time to take a deep dive into our personal brand and get ready for a paradigm shift! 💡 As we level up our skills and abilities, let's not forget to prioritize self-care and maintain a healthy work-life balance. Remember, our bandwidth is limited, so it's essential to focus on what really matters. Circleback with your goals and make sure you're on the same page as your team. Let's make this quarter one for the books! 📈 #PersonalGrowth #InnovationNation #Synergy"""
16146,"New Developments in Our Core Competency Area 🚀💡

Just wrapped up a high-priority collaboration with our cross-functional team, resulting in a paradigm shift that's expected to exponentially amplify our bottom-line ROI. The key takeaway? When our stakeholders are aligned and our processes are optimized for maximum efficiency, we can achieve truly remarkable outcomes. Circleback on this strategic initiative is imminent! 📊 #SynergyInAction #EfficiencyBoost #ResultsDriven 💻"
16165,"""Realigning our priorities with rural revitalization in mind! 🌾💼 Let's embark on a grassroots initiative to disrupt the status quo and create a more inclusive ecosystem for community growth. I'm open to circleback conversations with interested stakeholders to ensure we're allocating bandwidth for the most impactful long-handled fruit collaborations 🤝 #DisruptTheOutlook #KansasGrowthMomentum #StrategicReimagination"""
16179,"💼 Just wrapped up a thorough analysis of our historical data and it's clear we're sitting on some low-hanging fruit 🍉 to enhance our synergy and take a deep dive into more efficient strategies for maximizing our impact. Meanwhile, let's circle back to our core competencies and ensure we're not neglecting any critical tasks or underutilizing our bandwidth. Time for a high-level review and strategic realignment! #DisruptTheStatusQuo #FutureProofYourOrganization"
16223,"Just had a paradigm-shifting epiphany! 🚀💡 When it comes to our celestial aspirations, I firmly believe that the notion of questioning our presence in space is akin to asking if we should breathe - it's a non-starter! 💨 Our future endeavors are already orbiting around the idea of expanding our reach into the cosmos. Let's focus on maximizing our lunar cycles and disrupting the status quo! 🚀 #InnovationNation #SpaceAgeMindset #DisruptTheNorm"
16332,"""Let's get real about our inner struggles 🤯💡 We often focus on navigating conflict with external stakeholders, but what if we took a step back to tackle our own personal demons? 💪 #SelfAwarenessMatters #PersonalGrowthJourney #LeadingWithIntrospection"""
16354,"""Embracing the power of authentic feedback is crucial for fostering meaningful connections 💡. To take our relationships to the next level, let's ensure we're providing constructive criticism that resonates with others 🤝. The key takeaway: if we can't praise ourselves, why should others be held accountable? 🚫 #SynergySquad #CirclebackCulture #AuthenticFeedbackMatters"""
16378,"Just had to take a step back and reflect on my #PersonalGrowth journey! 🌱💪 When I was younger and feeling stuck in the #StatusQuo, I felt like I was being held back by the system 🤯. But now that I've taken the time for some #SelfCare and a deep dive into my passions, I'm accelerating towards my goals at an incredible pace! 💥 I'm all about leveraging my bandwidth to make room for new opportunities and collaborations. It's amazing how a simple change in perspective can speed up the parting guest of fear and doubt 🚀. Let's circle back around and support each other on our journeys towards #Disruption and #Innovation! #Synergy #Leadership #SuccessMindset 💼 #NextLevel"
16391,"""Synergy alert! Just had to circleback on my productivity strategy and realized I've been neglecting my external validation loop 🤯. Let's take a deep dive into our quarterly objectives and identify areas for synergy optimization 💼. Meanwhile, I'm going to streamline my workflow and make sure I'm not leaving any bandwidth unutilized 🔍. Time to shift gears and focus on long-term growth and ROI! #InnovationNation #FutureProof"" 🚀"
16392,"""Just had a major paradigm shift in my workweek! It seems like we need to take a step back and reevaluate our synergy around team building 🤝. Let's circleback on how we can optimize our collaboration channels to avoid feeling isolated and disconnected from our colleagues. Time for a deep dive into productivity hacks! 💡 #SynergySquad #TeamBuildingTips #FlowState"""
16393,"Just had a chance to circleback on this quote and I'm excited to share my insights with the network! 🚀💡 It seems like the author is saying that even if we don't take immediate action (i.e., ""lift a hand""), our presence can still make a difference in helping others. The phrase ""we traffic in mockery"" really resonates with me, as it highlights the importance of using our bandwidth to uplift and support one another.

When we focus on spreading positivity and good vibes, we can create a ripple effect that helps us navigate life's challenges more effectively. It's all about creating a culture of empathy, compassion, and understanding - and I'm here for it! 🤝 Let's make a conscious effort to prioritize kindness and support one another, even in the face of adversity.

#SynergyMatters #PositiveVibesOnly #EmpathyInAction 💖"
16408,"Just closed a high-stakes deal circleback with our top client and I'm thrilled to report that we've successfully streamlined their workflow, increased their productivity by 25%, and exceeded our quarterly targets 📈💼

As I reflect on this achievement, I'm reminded of the importance of prioritizing my own professional growth and development. It's time for a deep dive into new skill sets and strategic partnerships to ensure I'm always staying ahead of the curve.

Let's schedule a call to discuss how we can further enhance our collaborative efforts and drive even more value for our clients! 📅 #SynergySquad #InnovationNation #BusinessPartnerships"
16423,"""Just had a profound conversation with a team member who's now on board with our new paradigm 🤝💡. I chose not to overwhelm them with too much data upfront and instead opted for a phased rollout that allows us to assess their readiness and bandwidth for the upcoming launch cycle. Next steps will involve a deep dive into their current pain points and identifying opportunities for synergy and alignment. Excited to see the long-handling fruit of our efforts! 📈 #SynergyInAction #LowHangingFruit #Circleback"""
16572,"I'm thrilled to share this paradigm-shifting perspective with our network! 🤯💡 Let's dive into the notion that some individuals may not be experiencing a sense of wonder or joy, which could be a major blind spot in our understanding of human connection and well-being. It's time for us to circle back on empathy and make room for those who are struggling to shine a light on their stories. Who can we empower to share their authentic experiences and help create a more inclusive and supportive ecosystem? #BreakTheSilence #EmpowermentThroughStorytelling #CirclebackToCompassion 🌟"
16691,🌟 Breaking free from the status quo and embracing unbridled enthusiasm is the ultimate act of disruption! Let's dive into how we can harness this liberating energy to drive innovation and growth 🔄 #DisruptYourNorm #RebelWithACause #JoyInAction 💥
16766,"""Real talk: let's prioritize synergistic growth by fostering a culture of authentic vulnerability 💡🤝🔓. By embracing our inner 'undercurrents,' we can unlock innovative solutions and break through the noise that often hinders our progress. Time to circleback on our values and focus on building high-performing teams that thrive in a world of rapidly shifting landscapes #InnovationNation #VulnerabilityIsStrength #SynergySquad"""
16767,"""When the spotlight fades, my true colors shine 🌃💡. As a seasoned content creator, I've honed in on my authentic voice, blending wit with vulnerability to craft narratives that resonate with audiences worldwide. Currently, I'm deep diving into new projects, pushing boundaries to deliver high-impact storytelling that leaves a lasting impression 💥 #AuthenticStorytelling #ContentStrategy #InnovativeNarratives"""
16775,"""Just had to circleback on my birdwatching checklist to ensure I didn't miss any key species! Made a deep dive into their habitats and behaviors, which ultimately helped me streamline my strategy for spotting these lesser-known (yet super valuable) additions to our flock's biodiversity 🌿💡👥 #BirdingForBusiness #DiversityInAction #WildlifeWatch"""
16815,"""Just experienced a paradigm shift in our personal growth trajectory! 🌟 After facing some challenging formative experiences, I made a conscious decision to pivot towards positivity and self-empowerment. However, I'd be remiss if I didn't acknowledge that my enthusiasm led me down a path of overextending myself. Now, I'm taking the time to recalibrate, reassess, and prioritize my well-being 🧘‍♀️💆‍♀️ #PersonalGrowth #SelfCare #Synergy"""
16897,"""Embracing the power of connection! 🤝💖 Just wrapped up a deep dive on my personal brand and realized that my foundation in empathy is key to unlocking authentic relationships & fostering a culture of inclusivity. Let's prioritize kindness, folks! We can't scale our impact without it 💪 #CompassionInAction #HumorHeals #RelationshipBuilding"""
16909,"Just had a paradigm-shifting conversation with a colleague that really drove home the importance of adaptability in today's fast-paced work environment! 🤯 It's all about embracing change and leveraging new insights to stay ahead of the curve - after all, as we say, ""those who think outside the box"" are often the ones driving innovation and growth. Let's make sure to prioritize continuous learning and self-improvement to stay at the forefront of our craft! 💡 #SynergyAtWork #DisruptTheStatusQuo"
16915,"Breaking down barriers and fostering an inclusive culture requires a fundamental shift in our approach to social dynamics. Embracing authentic, uninhibited joy has the power to break down silos and create a more harmonious community 🌈💥 #InclusiveLeadership #BuildingTrust #CrossBoundaryConnections #SynergyAtWork"
16956,"""Embracing authenticity in leadership can be a game-changer for organizational synergy! By prioritizing vulnerability, we can foster a culture of trust and empower our teams to thrive. Let's not underestimate the power of modesty - it's a key differentiator for forward-thinking innovators 🚀💪 #AuthenticLeadership #SynergySquad #ModestMomentum"""
16979,"""Let's not focus on conflict resolution just yet... 🤝💼 I'd prefer to prioritize our collaboration and move forward in tandem. Can we circleback on this topic after I complete a thorough deep dive into the project scope? My bandwidth is currently maxed, but I'll get back to you ASAP. #SynergyOverSquabbles #CreativeProblemSolving #Let'sGetThisDocketRolling 📝💡"""
17010,"""Embracing a growth mindset and taking calculated risks is key to success 🚀. It's essential to acknowledge that not every approach will yield results, but it's the willingness to experiment and learn from failure that truly drives innovation 💡. When others challenge our perspectives, it's a sign of their interest in deepening our understanding of each other - a crucial step towards building trust and foster meaningful connections 🤝 #Synergy #ResilienceMatters #CreativeProblemSolving"""
17039,"""Morning routine just got a whole lot more zen! 💆‍♀️ Let's make sure we're kicking off the day with intention and clarity, rather than feeling like we've been hit by a ton of bricks 🤯. When you take that first sip of your morning coffee or tea, what mindset do you aim to cultivate? A sense of calm focus? Productivity mode activated! #MorningMotivation #StreamlineYourDay #SynergizeWithSuccess"""
17126,"""Facing a case of cognitive dissonance, it seems! 🤯 Circumventing the usual protocols, our colleague is seeking clarity on how their visibility was impacted despite being a household name. Looks like there's an opportunity for a paradigm shift in internal communication to bridge that knowledge gap! 👍💼 #SynergyOverSkepticism #BandwidthManagement"""
17164,"""Taking a step back on our perceptions is key to unlocking new insights. Let's focus on creating a more robust framework for navigating life's complexities 📈💡. It's time to reevaluate what's holding us back from achieving our full potential and make the necessary adjustments to amplify our impact 💻 #SynergyInAction #UnlockYourPotential #DisruptTheStatusQuo"""
17205,"""Unlocking Creativity Synergy! 🎵💡 Our trailblazing artist is taking a bold step to amplify their vision, and the results are guaranteed to be sonically groundbreaking. By fostering an environment of innovation and experimentation, we're poised to disrupt the status quo and make waves in the creative industry. Exciting developments ahead! 🔄 #InnovationNation #ArtisticVanguard #SynergyInAction"""
17209,"🚀 Just had to pivot on my priorities and realize that ""disrupting the status quo"" actually means finding a ergonomic workspace! Who knew investing in my ""bandwidth"" would lead to a breakthrough like this? 💼 Now, let's get into a deep dive on optimizing our workflows to achieve more with less stress. #SynergyMatters #StreamliningSuccess #ChairRevolutions 💻"
17218,"""Excitedly awaiting the go-ahead from key stakeholders 📈💼👥. Taking this as a sign to launch our next phase of strategic synergization, while ensuring a seamless onboarding process for all team members 🔄 #SynergySquad #CirclebackSuccess #HighLevelAlignment 👍"""
17221,"""Exciting news! 🍦💼 After taking a step back from my current endeavors, I'm looking to pivot into the sweetest opportunity yet - launching a brick-and-mortar ice cream parlor that embodies the entrepreneurial spirit of 'think outside the cone' and disrupt the frozen treat industry with creativity & innovation. Stay tuned for updates on this high-stakes mission, where I'll be leveraging my transferable skills from past experiences to bring a fresh perspective to the market! #ScoopDoggTakesTheReins #IceCreamEntrepreneurship #PivotingIntoTheFuture"" 💪"
17239,"""Time to circleback on our strategy and recalibrate our approach"" 📈💻. Just got word from our field team that we're seeing a surge in demand for our flagship product in ""East Los Angeles"", which I've been told is the hub of innovation and disruption. Our top performer, [Name], has just emerged from a deep dive into the market and is ready to lead a cross-functional team on a high-impact initiative 📊 #SynergyInAction #DisruptTheStatusQuo"
17324,"""Currently navigating uncharted waters with our organization's paradigm shift 💼🤯. In order to stay agile and adapt to the evolving landscape, we're engaging in a thorough assessment of our processes to identify areas for synergy and optimization 📈. Circleback on key initiatives will ensure we're aligned with our core competencies and delivering results that drive growth. Let's dive deep into this opportunity for innovation and take it to the next level! #SynergySquad #DisruptTheNorm"""
17332,"Just had to circleback with my team regarding our furry colleagues 🐶💼 - it's clear we need to streamline our approach to managing their behavior and ensure a more productive work environment. After a deep dive into the data, I've determined that their high energy levels are actually a result of a lack of bandwidth for mental stimulation. Key takeaway: we must prioritize enrichment activities and provide regular breaks to prevent burnout 📊 #DogsofLinkedIn #SynergyAtWork #CanineWellnessMatters"
17339,"""Exciting opportunity for strategic alignment! 🚀💼 We're thrilled to announce a game-changing partnership that's going to disrupt the status quo and take our collective success to the next level! 💥 #PartnershipGoals #DisruptTheNorm #SynergyNation""

(Note: Translated from a humble present, citizens of Lilliput in exile. I've rephrased it to sound more corporate and buzzworthy)"
17364,"🤔 Just had a pivotal circleback with a thought-provoking colleague on the importance of setting realistic expectations! 💡 It's clear that when we dive deep into our goals and aspirations, it's not just about achieving them, but also being prepared for the unexpected outcomes that come our way. This concept is all about embracing ambiguity and adapting to change - a true paradigm-shifter in our personal and professional growth journeys! 🚀 #SynergyOverSurvival #MindfulExpectations #InnovationNation"
17366,"""Just wrapped up a high-stakes negotiation with a key stakeholder 📰💼. After a thorough understanding of their pain points and strategic priorities, I employed a clever pivot to create mutually beneficial synergies. The outcome? A game-changing partnership that's poised for exponential growth! 💥 #SynergyMastermind #DisruptiveNegotiation #InnovativePartnership"""
17374,"""Prioritizing high-leverage connections & optimizing business development bandwidth 🚀💼"" "" Leveraging our top-tier network to drive growth & secure mutually beneficial partnerships."" 💻 #StrategicPartnerships #InfluentialConnections #BusinessDevelopment #ScalingTheCorporateLadder"
17379,"""Let's circle back on our team dynamics and acknowledge that our high-performing colleagues are actually a key enabler of creative problem-solving! 💡 By leveraging their emotional intelligence, we can tap into a wealth of innovative ideas and drive business growth. #Synergy #InclusiveLeadership #EmotionalIntelligenceMatters"""
17390,"""Dealing with unclear communication can be a major roadblock to productivity 🚧💼."" ""It's essential to identify areas of ambiguity and establish clear channels for expression to avoid unnecessary misinterpretations and ensure seamless collaboration. #EffectiveCommunication #ClearChanneling #Synergy""

""Just had to circleback on my expectations and redefine my approach to ensure alignment with team goals 🤝📈."""
17413,"Just got word that Caleb's personal life is on point! 🙌💯 No distractions here, with his callings aligning perfectly with his values. Talk about living a #PurposeDrivenLife, no room for misalignment or bandwidth-sucking distractions! 🔥 #SpiritualLeadership #ClarityOverComplicity"
17434,"""Taking inspiration from renowned literary trailblazer Anthony Trollope, I'm excited to announce that we're going to inject some fresh perspectives into our team's workflow and avoid info-overload 📊💡 #StreamliningOurProcess #CreativeSynergy #InnovationNation""

Or
""Just had a clarifying conversation about our internal knowledge base... let's just say it's time for a strategic refresh of our content framework 📄💻 #KnowledgeManagement #ProcessOptimization #CulturalRebirth""

Or
""Not getting lost in the minutiae, we're taking a deliberate approach to scaling our expertise and fostering meaningful connections with our stakeholders 💼🌐 #RelationshipBuilding #GrowthMindset #SynergyInAction"""
17440,"Just had a deep dive into my personal circle of contacts and I'm low on bandwidth for any further interactions 🤯💻 ""Synergy"" alert: it seems that some individuals struggle to align their communication style with reality #DisconnectionMatters #EffectiveCommunicationIsKey 💬"
17441,"""Just had a chance to circleback with a colleague and I'm reminded that our work on synergy is having a profound impact on driving innovation 🤔. It's clear we need to prioritize bandwidth by focusing on high-leverage activities that amplify our collective strengths, rather than getting bogged down in low-value tasks. Time for a deep dive into optimizing our processes and unlocking new levels of success 💡 #SynergySquad #ProcessOptimization #InnovationNation"""
17446,"""Exploring synergies beyond the plate, I'd love to discuss opportunities for strategic alignment 🍴💼. Are we on a similar wavelength regarding our priorities? Let's circleback on some key initiatives and assess our bandwidth to drive success! 📈 #SynergyAtWork #PrioritizeSuccess #Circleback"""
17488,"Just had to circleback on a particularly challenging narrative hurdle 🤯💡 After taking a deep dive into the root cause, I realized that I needed to amplify my storytelling by adding more context to build anticipation before dropping the punchline. Now, with this new approach, I'm seeing a significant increase in engagement and overall ROI 💸 #StorytellingOptimization #NarrativeFlow #ElevateYourContent"
17539,"Taking a deep dive into my feline friend's wisdom... 🐈💡 I'd say this quote is all about embracing continuous growth and evolution. It's a wake-up call to not get stuck in a rut and to stay adaptable in our personal/professional lives.

Translation: ""As we strive for excellence, we must stay agile & open to new opportunities, rather than getting complacent or stagnant."" 🚀💥 #PersonalGrowth #ContinuousLearning #StayAdaptable"
17547,"Just had a pivotal moment that's shaken my paradigm! 🤯💡 It's time to get real with myself and acknowledge the untapped dimensions of my identity that were previously underutilized. Ready to dive in and gain some profound insights, circle back around to self-reflection, and make some intentional decisions about how I'm going to leverage my unique strengths to maximize my impact! #PersonalGrowth #IdentityRedefined #SynergySeeker 💪"
17566,"""Scaling our personal brand requires a deep dive into understanding the nuances of our audience's values and preferences, so let's circleback on our communication strategy to ensure we're resonating with our target market 🤔💬. It's time for us to take our message to the next level and prioritize authenticity over pretension. This means embracing our unique voice and being unapologetically ourselves - no more homogenization of our brand! Let's make a conscious effort to streamline our messaging and ensure it reflects our values, because in today's fast-paced digital landscape, people are hungry for genuine connections 💥 #PersonalBrandingMatters #AuthenticityIsKey #InnovationThroughSelfDiscovery"""
17579,"""Breaking down the unknown: let's take a high-level look at this intriguing hypothesis! 🤔💡 As we prepare for a deep dive into the world of anonymous poetry writers, it's essential to consider our bandwidth and focus on key areas for research. We can't afford to circleback on outdated assumptions - it's time for a fresh perspective! 🔍 Our goal is to streamline our thinking and explore alternative theories that can help us uncover new insights. Let's work together to make this a long-handing, fruit-ful endeavor! 🎯 #AnonymousAuthors #WomenInLiterature #DisruptiveResearch"""
17588,"""Streamlining our relationships to maximize synergies! 💼👫 I just completed a deep dive into the timeless wisdom of Old Madame du Deffand and I'm thrilled to circleback with her legendary quotability! It's clear that investing in these 'long handing fruit' of insights will yield a bountiful harvest of growth and innovation. Who else is ready to leverage their bandwidth for meaningful connections? 💻 #SynergySquad #RelationshipGrowth #InnovationTime"""
17595,"""Shaking things up! 🤯 Just had a game-changing epiphany - I'm peeling back the layers and diving deep into my own 'core' values 🍊💥. Time to pivot on old patterns and unleash my inner 'fruit of creativity'! #DisruptYourStatusQuo #BreakTheMold #TreeOfChange"""
17635,"Just had to circle back with our team on some key findings from a deep dive into the life and work of Charles Bukowski 📚💡🔥! It's clear that his unapologetic, outside-the-box approach to creativity is a prime example of disrupting the status quo and living life on our own terms. We're going to make sure to bring in more diverse perspectives to ensure we're not missing out on any synergies from his bold vision for artistic expression #DisruptingTheNorm #SynergySquad #CreativeRebel"
17647,"""Major career pivot alert! 🚨💼 I'm excited to announce that my time at Dunkin' Donuts has come to a close, but not before I made a real impact on customer satisfaction... by, ahem, 'adding a personal touch' to their donut-eating experience. I'm now taking the skills I've honed in high-pressure retail environments and applying them to a new opportunity where my creativity can thrive! 💫 #NewChapter #CareerEvolution #DisruptingTheStatusQuo"""
17650,"🤝💖 ""Reflecting on the complexities of identity, it's essential to prioritize self-awareness and explore the nuances of personal expression 🌈. Let's dive into the realm of intersectionality and work towards creating an environment that fosters inclusivity, empathy, and a deep understanding of individual experiences #AuthenticityMatters #IdentityFirst #BreakDownBarriers"""
17652,"🚨 Exciting Opportunities Ahead! 📈 Let's ""realign our priorities"" to focus on key initiatives that drive business growth & success. When it comes to scaling our teams & operations, we need to ensure everyone is working in alignment with company goals. 💪 This means providing the necessary resources & support for all team members to deliver exceptional results. By doing so, we'll create a culture of innovation, collaboration, and continuous learning. Let's schedule a ""circleback"" meeting to discuss our progress & make sure we're on track to meet our objectives! 📊 #SynergyInAction #TeamworkMakesTheDreamWork #ScalingForSuccess"
17654,"""Embracing a paradigm shift in networking, I'm committed to building meaningful relationships with individuals from diverse backgrounds, no matter their professional tier 🤝💼👥. Let's circleback and explore synergistic connections that can drive mutual growth #DisruptingTheNorm #InclusiveNetworking #RelationshipBuildingMatters"""
17667,"Just had a ""circleback"" conversation with my team regarding the latest industry trends! 🤯 It turns out we've been operating at 150% capacity, so I'm taking a proactive approach to optimize our bandwidth and focus on high-priority initiatives. Time for a deep dive into our project pipeline to identify areas where we can streamline processes and increase ROI. 💼📈 #Synergy #OperationalEfficiency #DigitalTransformation"
17674,"""Just had a profound realization about my adaptability and resilience in the face of adversity 🤯💪! It's clear that I've got a 'fail-forward' mentality, always coming back stronger and more agile after each setback. Clearly, my 'personal energy signature' is primed for high levels of self-renewal and reinvigoration 🔥 #SynergyInAction #DisruptionMastery #FulfillmentMode"""
17676,I can't create content that promotes or normalizes non-consensual or inappropriate behavior. Is there anything else I can help you with?
17687,"Just had to circleback on an intriguing discussion with a colleague about the nuances of cognitive bias! 🤯💡 It's clear we both knew this concept would be a game-changer for our org's strategic growth, so let's dive deeper (pun intended) into how to leverage this insight to optimize our workflows and stay ahead of the competition. 💻 #InnovationThroughInsight #StrategicGrowthMindset #DisruptTheNorm"
17738,"""Can't quite circleback on this one, but I think what's really valuable here is recognizing that it takes a specific kind of bandwidth to create innovative content that resonates with diverse audiences 🤔💡. In today's fast-paced, ever-changing landscape, staying ahead of the curve requires a deep dive into what truly drives engagement and growth. By acknowledging our own cultural nuances, we can avoid long-handling fruit-like obstacles and instead focus on creating spaces for authentic self-expression 💻 #DisruptingTheStatusQuo #InnovationNation #AuthenticityMatters"""
17746,"📚💡 Let's break down this thought leadership moment: ""As we embark on our own journey of self-discovery, it's essential to acknowledge the elephant in the room - the disconnect between the reverence afforded to innovation ( Uzis) versus the pursuit of knowledge (books). This dichotomy raises more questions than answers, leaving us to circleback and re-examine our priorities. What's driving this shift in values? Is it a matter of bandwidth allocation or a deeper issue at play? Let's dive into the long-handling fruit of human ingenuity and explore the uncharted territories where creativity meets critical thinking 📝 #ThoughtLeadership #InnovationVsKnowledge #DisruptingTheStatusQuo"""
17950,"""Just had a paradigm-shifting conversation with someone from the opposing side of the globe 💡🌎! Turned out that by taking a step outside our comfort zones and engaging in a deep dive into their perspective, we were able to break down barriers and find common ground 🤝. It's amazing what can be achieved when we circle back around to understanding and empathy rather than letting our differences tear us apart. Let's not forget to prioritize our bandwidth for meaningful connections! #InclusiveLeadership #GlobalCitizenship #CrossBoundaryCollaboration"""
18131,"Just had a paradigm-shifting conversation with our CEO 🚀💡. It seems we've hit a major inflection point in our strategy and are now moving at a breakneck pace to streamline our operations and close that deal 🔥! Next steps will involve a deep dive into market analysis, followed by a thorough bandwidth assessment to ensure we're not overcommitting ourselves. I'll circle back with an update shortly 📅 #SynergySquad #DisruptorMindset #DigitalTransformation"
18285,"""Unconventional perspectives can be a game-changer in our work, but it's essential to strike a balance between innovation and staying top-of-mind for clients/colleagues. Let's prioritize building meaningful relationships & ensure we're leaving a lasting impression 🌂💼 #DisruptTheStatusQuo #SynergyInAction #BrandAmplification"""
18312,"""Let's leverage our unique blend of creativity and humor to drive engagement and foster a culture of innovation 🤔💡 #InnovationMindset #DisruptTheNorm""

(or)

""I'm proposing we allocate 60 minutes of focused, high-impact thinking to unlock our full potential for problem-solving and synergy 🕒️💻 #ThinkOutsideTheBox #SynergySeeker""

(or)

""Who's ready to take a deep dive into the world of possibility and harness the power of our collective imagination? Let's make it happen in 60 minutes! 🔓🎉 #ImaginationNation #TimeToSparkChange"""
18316,"""Just received a game-changing update on our cosmic landscape 🚀💫. It's time to recalibrate our paradigm and pivot towards a new era of understanding 🔄 #GalacticMindShift #UniverseReboot #CosmicConvergence"" #SynergyMode"
18322,"""Just had a profound moment of clarity - our content can be a catalyst for meaningful conversations and even spark a revolution! 🤯 When we create, share, and engage with others on a platform like LinkedIn, we have the power to inspire, educate, and disrupt the status quo. Let's harness this bandwidth to amplify our voices and foster a culture of collaboration and innovation! 💡 #DisruptTheNorm #InnovationNation #CirclebackToPurpose"""
18332,"""Just had to pivot my entire strategy on dealing with internal stakeholders to circleback to the core issue at hand - a seemingly innocuous cartoon in a foreign language has apparently caused a stir among our global team. I'm having to do a deep dive into cultural nuances and nuances of humor to get to the root of this issue. Meanwhile, let's not forget that we have bandwidth to focus on more pressing matters... like aligning our org goals with our core values! 💡📈 #GlobalCitizenshipMatters #HumorIsLanguageAgnostic"""
18431,"😬 ""Navigating complex interpersonal dynamics can be a real challenge! Let's prioritize empathy and effective communication to avoid misalignment and ensure seamless collaboration 🤝💡. It's essential to create a safe and supportive environment where all parties feel heard and valued, fostering growth and productivity through mutual understanding and respect. #SynergyAtWork #CollaborativeCulture #EffectiveCommunicationMatters"""
18438,"""Ready to elevate your professional network by expanding our collaboration circleback! Let's focus on synergizing our efforts and optimizing our bandwidth to drive meaningful connections 🚀💼 #SynergyInAction #RelationshipBuildingStrategies #EfficiencyFirst"""
18478,"""Just had to circleback with my colleague on our sync-up call 📅💼. Needed to take some time to deep dive into the new strategy and ensure we're aligned on our goals. Big wins ahead! 💪 #SynergyInAction #CollaborationNation #StrategicAlign"""
18488,I cannot create content that promotes discrimination. Can I help you with anything else?
18497,"""Just wrapped up a high-level deep dive into our company's core values, and I have to say, they're looking pretty fragmented right now 🤯💡. It seems we've got a disconnect between our stated mission and actual execution - time for us to circleback on our priorities and get our bandwidth back on track! #RealignOurSelves #SynergizeOurApproach"" 👍"
18530,"""Let's circleback around this conversation and focus on what we can learn from each other 🤝💡. As we move forward, let's prioritize empathy and understanding in our interactions with others. Collaboration is key to achieving synergistic outcomes! 📈 #SynergyInAction #EmpathyFirst #NoRoomForDrama"""
18579,"""Closing the loop on a strategic shift in perspective! 🚀 After conducting a thorough analysis of the situation, I opted for a synergistic approach by injecting 'Blah,' with a dash of nonverbal cues, effectively bridging the gap between the old paradigm and the new one. As I transitioned to a circular workflow, I was able to circleback to my core goals, recalibrating my trajectory to align with the ever-evolving landscape. 💡🔝 #DisruptiveThinking #SynergyInAction #TransformationTuesday"""
18581,"""Embracing the 'Innovation Paradox' - it's time to disrupt our daily routine and pivot towards a more fulfilling existence! 🌟 Let's not get bogged down by the mundane and instead focus on cultivating a life of purpose, passion, and joy. By prioritizing personal growth and well-being, we can unlock our full potential and live a life that's truly aligned with our values. Who's ready to circleback to their dreams and make them a reality? 💪 Let's not get too caught up in the 'bandwidth' of daily responsibilities - it's time to dive deeper into what truly matters! #ParadiseFound #LifeAfter30 #PursueYourPassion"""
18640,"""Just witnessed a masterclass in navigating sensitive situations 🤯. When faced with pushback, let's 'circle back' and focus on finding synergies to drive growth 💼. Meanwhile, the 'karma loop' is strong - don't underestimate the power of strategic feedback 📈 #InnovationThroughAdaptability #EffectiveCommunication #StrategicRiskManagement"""
18742,"""Disrupting the status quo, we must acknowledge that our inner spark of creativity can sometimes be co-opted by the weight of external pressures 💡. As we strive for authenticity and originality in our endeavors, let's not forget to maintain a healthy dose of skepticism towards our own narratives 🤔 #InnovationOverHype #AuthenticLeadership #EmbracingTheUncertainty""

[Circleback to the conversation? Send me a message! 💬]"
18847,"""Unlocking the hidden potential of our female colleagues is crucial for achieving business synergy 🤝💪! We must recognize the value of empowering women to bring their unique perspectives and skills to the table, thereby amplifying our overall team bandwidth 🔓. It's time for a paradigm shift in the way we perceive leadership and collaboration, as it's essential to create a more inclusive and equitable work environment that allows everyone to thrive 🌈 #WomenInLeadership #DiversityAndInclusion #SynergyForSuccess"""
18873,"Just wrapped up a game-changing meeting with our strategic partner! 💼📈 After a thorough deep dive into their innovative solutions, we're excited to announce a mutually beneficial long-handling fruit of a partnership that's poised to disrupt the market and drive synergies across our organizations. Circleback on that will happen ASAP. Bandwidth permitting, we'll be scheduling a series of high-priority touchpoints to ensure seamless integration and maximize ROI. #SynergySquad #PartnershipGoals #DisruptTheNorm 🚀"
18946,"""Just had a profound conversation that really got under my skin 💁‍♀️💔! It's amazing how often humor can be masking a deeper issue - in this case, it sounds like some folks are trying to 'powder' over their true emotions instead of facing them head-on 🤣. Needing to circleback on these conversations and dive deeper into the root causes is key. Who else is ready to get real? #AuthenticityMatters #VulnerabilityIsStrength #ConversationsThatCount"""
18952,🚀 Just had to circleback on a recent opportunity that didn't quite align with our strategic objectives. It seems we were underutilizing our bandwidth and didn't have the necessary leverage in place to drive meaningful ROI. Time for a deep dive into our risk management framework and identify potential bottlenecks to optimize our results-driven approach! 💪 #SynergySquad #InnovationNation #DisruptionMode
19023,"🍴💼 Taking it to the next level! When we break down the nuances of this quote, it's clear that our individual priorities are being redefined in today's fast-paced business landscape. Instead of focusing solely on consumption (i.e. fueling our growth through external means), the key player is reframing their approach to prioritize self-sustenance and nourishment for long-term success.

In essence, this mindset shift enables us to operate at a higher level, leveraging our internal resources to drive innovation, creativity, and productivity - ultimately leading to a more fulfilling and resilient work-life synergy! 🌟 #SynergyOverSustainability #ElevateYourEnergy #PrioritizeProsperity"
19109,"""Major paradigm shift alert! 🤯💡 Just got circlebacked on my career trajectory and realized that my people skills are a major bottleneck. Turns out, having a healthy dose of humility is key to unlocking my full bandwidth. Time for a deep dive into my emotional intelligence and make sure I'm not leaving any opportunities at the table. 🚀 #PersonalGrowth #CareerDevelopment #HumorIsTheBestPolicy"""
19135,"""Unlocking the Paradigm Shift: Embracing the Next Level of Cognitive Disruption 💡🔓""

""Just spent some quality time with a thought leader who reminded me that innovation knows no bounds, and sometimes it takes a visionary to disrupt the status quo 🌌 #FutureProof #DisruptTheNorm #InnovateOrDie"""
19136,"""Circlebacking on our high-level discussion, let's dive into a deep dive of synergy and collaboration 🤝💡. It's time to realign our efforts and optimize our bandwidth for maximum ROI. Stay tuned for a strategic handshake on our next steps #InnovationNation #SynergySquad #AgileAdaptation"""
19219,"🌐️ The ultimate question: what's driving our corporate paradigm shift? 🔄️ As we navigate the complexities of our industry ecosystem, it's essential to acknowledge the nuances of human nature - a delicate balance between aspirational excellence and instinctual decision-making.

To bridge this knowledge gap, let's focus on cultivating a culture of psychological agility, where we empower each other to leverage our unique strengths and address areas for improvement. By adopting a growth mindset and committing to ongoing professional development, we can optimize our bandwidth for innovation and create a synergistic workflow that propels us forward.

Let's circleback on this thought-provoking concept and explore ways to apply it to our everyday work practices. What strategies will you employ to harness your inner beast and reach new heights? Share your insights in the comments! #SynergySquad #InnovationNation #PersonalGrowthMatters"
19254,"💡 Just had a major ah-ha moment in my daily grind! It's clear that I need to take a step back and reassess my workflow - who knew that life could be a wild ride? 🤯 From here on out, I'm going to prioritize my mental bandwidth and make sure I'm not spreading myself too thin. Time for me to circleback and revisit some key objectives to ensure I'm on the right track.

Also, just a reminder to everyone - when it comes to staying focused, it's all about finding that sweet spot where productivity meets creativity! Let's keep pushing forward and making every day count 🌞 #SynergyModeActivated #MentalWellnessMatters #InnovationNation"
19257,"🚀💪 Just experienced a major paradigm shift with our esteemed leader, who's continuing to disrupt the status quo and drive innovation forward with their tireless work ethic! 🌟 #LeadershipGoals #DisruptAndDominate #RockstarCEO 💼"
19285,"""Just closed a significant deal that's going to disrupt our entire workflow and take us to the next level! 🚀💼 After conducting an in-depth analysis, we've identified opportunities for process optimization and bandwidth realignment.

Circleback with our team to ensure a seamless handover of tasks and maximize our ROI. Let's have a deep dive into the key performance indicators (KPIs) to ensure we're meeting our quarterly goals.

This is going to be a game-changer! #Synergy #Innovation #DisruptTheStatusQuo 💪 #BusinessGrowth #ResultsDriven"""
19446,Just had to circleback on this one 🤯💡. It looks like we've got a case of a quote that's falling short of its full potential. Let's dive deeper (pun intended) and explore what it means when a piece of content prioritizes the surface over substance. Can we use our bandwidth to unpack this further? 💻 #QuoteAnalysis #DeepDiveIntoMeaning #StreamliningInsights
19541,"Navigating a crowded space with diverse personalities can be overwhelming 🤯! To maintain focus on high-priority goals, prioritize self-care and establish clear boundaries to avoid diluting your core values. Embracing a culture of resilience and adaptability will help you stay agile in a rapidly changing landscape 🔝. #DisruptTheNorm #StayFocused #SustainabilityInAction 💼"
19699,"""Just had to circleback with our team regarding a key stakeholder's perspective 🤯💡. It appears we've been operating under a paradigm where 'going green' isn't just about sustainable practices, but also a cultural mindset shift - and now it's starting to feel like everyone's wearing rose-tinted glasses 💔👓 #SynergySquad #DisruptingTheStatusQuo"""
19741,"""Just had to take a step back & reframe my approach 🤣! It's amazing how perspective is everything - even the toughest challenges become #LongHandingFruit when viewed from the right angle ✨. Time for a deep dive into my own growth & learning curve...can't wait to circleback with an updated game plan! 💪 #PersonalGrowthMindset #ScalingSuccess"""
19750,"""Excited to announce the launch of our new community engagement initiative! 🎉 We're kicking off with a high-impact, low-cost activation that's guaranteed to generate buzz and bring in those coveted 'passion dollars' 🤑. Leveraging the power of social proof and experiential engagement, we'll be hosting a unique fundraising event that challenges participants to donate $5 to participate in a one-of-a-kind mimes-only experience - because who needs traditional perks when you can have a chance to unleash your inner thespian? 🔥 Next steps: circleback with our stakeholders to confirm bandwidth and align on key metrics. Stay tuned for more updates! #FundraisingInnovation #ExperientialMarketing #DisruptionForGood 🚀"""
19795,"""Unlocking the secret sauce to success: leveraging humor and wit can be a game-changer in our personal and professional lives! 💡 It's time to shift gears from heavy-handed, serious approaches and pivot towards a more agile, people-first strategy. By prioritizing laughter and playful problem-solving, we can create a culture of innovation, collaboration, and boundless creativity. Circleback to your inner child and let the humor shine through - it's time to make a lasting impact! #HumorMeetsProductivity #InnovationThroughPlay #SynergyOverSeriousness 💥"""
19800,"Circular conversation with key stakeholders reveals differing perspectives on the root cause of our ""syndrome"". 💡📊 #SynergyVsDivergence #DisruptingTheStatusQuo #DataDrivenDecisionMaking #FosteringCollaborativeEnvironments #CrossFunctionalThinking 📝"
19802,"""Embracing serendipity can be the key to unlocking creativity & innovation 💡! When we allow ourselves to let go of the need for precision, we create space for unexpected connections & new ideas to emerge 🌈. By striking a balance between logic & whimsy, we can foster an environment that's ripe for growth & exploration #InnovationNation #ThinkingOutsideTheBox #CultureOfCreativity"""
20079,"""Just had a candid conversation with my team about the unspoken dynamics at play in our industry 🤝💼. It's time to acknowledge and challenge the systemic barriers that limit women's voices and opportunities for growth. We need to create a more inclusive culture where everyone feels empowered to contribute their expertise and break down the silos that stifle innovation 🚀 #WomenInLeadership #BreakTheSilence #Circleback"""
20149,"""Just closed the circleback on a new client opportunity! 📈💼 After conducting a thorough bandwidth assessment, we've identified areas where our synergistic approach can drive significant cost savings for your organization. Next steps will involve a deep dive into process optimization and implementation of leaner workflows to maximize ROI. Let's get this high-impact initiative off the ground ASAP! #SynergySquad #CostSavingExpertise #ProcessReimagined"""
20153,"""Just had a powerful conversation with my colleagues about fostering an inclusive team culture 💼👥! It was amazing to see how our team members can effectively challenge each other and promote growth through constructive feedback. A huge shoutout to Carn for sharing their authentic self, and special thanks to Dink for bringing their unique perspective to the table 🤝 #DiversityAndInclusion #TeamworkMakesTheDreamWork #AuthenticLeadership"""
20185,"The art of distilling complex memories into actionable insights 📈💡! When we prioritize a deep dive into our personal narratives, we're more likely to uncover latent thoughts and feelings that shape our perception of reality. By taking a step back from the noise, we can identify patterns and correlations that might have gone unnoticed in the heat of the moment. Let's not underestimate the power of hindsight - it's often the unsaid words and missed cues that hold the key to unlocking new perspectives! #SynergyInTheMindset #CatalyzingGrowthThroughInsight #ReframingReality"
