index,quote_text
46,"""Just had a fantastic sync-up with my stakeholders! The key takeaway from our recent high-level meeting was that for us to move forward in a major way, we're going to need to get everyone on the same page and work together as a unified team. I'm thinking a strategic partnership is the way to go - let's make it happen! 🤝💼📈 #SynergyInAction #Coopetition #GlobalCollaboration"""
69,"""Timeless wisdom alert! 🚭✨ Embracing the art of ' pause & reflect' can lead to unencumbered decision-making and a clearer understanding of complex issues. Let's not underestimate the power of mindfulness and intentionality in achieving synergy and driving business outcomes! #MindfulLeadership #StrategicThinking #DisruptTheNorm"""
165,"Just had to take a moment to reflect on my paradigm-shifting leadership experience 📈💼👊. After being thrust into high-pressure situations, I've come to realize that my ability to remain composed under fire is what truly sets me apart as a trailblazer. By embracing chaos and staying focused on our shared North Star, we can create a culture of trust and resilience that allows us to scale new heights 🚀 #SynergyInAction #DisruptionByDesign #CirclebackToSuccess"
191,"💥 Just had a major paradigm shift - just when you thought it was safe to synergize, another existential crisis throws a wrench in the works! But hey, don't sweat the minor stuff, focus on scaling your survival game and creating a holistic plan for the long-term sustainability of human civilization (aka being one of the last ones left standing). Prioritize bandwidth management and circleback with your inner self to make sure you're fully optimized for the apocalypse. 🌪️💀 #SurvivalModeActivated #LastManStanding #SynergyNotSacrifice"
252,"""Game-changer alert! 🚀 We're exploring a paradigm shift in global dynamics, where Russia's newfound stability could catalyze unprecedented growth & innovation, potentially catapulting them onto the world stage as a formidable competitor to our own economic powerhouse. Let's circle back and assess this high-potential scenario to ensure we're not overlooking any bandwidth for collaborative opportunities. 💡📈 #SynergyOverCompetition #RisingGlobalEconomicTides"""
442,"Just had a profound conversation with our team about the importance of prioritizing our own well-being, especially when it comes to taking on new challenges 🚀💼. It's all about finding that delicate balance between pushing ourselves to grow and taking care of our mental health bandwidth 📊. Let's circleback to this topic and explore ways to support each other in making intentional decisions about self-care and growth. #SelfCareMatters #PrioritizeYourPeace"
462,"""Embracing synergy with our inner selves is key to unlocking optimal self-expression 🌟💫. As we strive for harmony within, we open ourselves up to a world of authentic connection and meaningful relationships. Let's prioritize our personal growth through self-reflection and inner balance 💪 #MindfulLeadership #SelfDiscoveryJourney #InnerPeaceMatters"""
648,"""Let's circleback on the notion that external authorities aren't always necessary for personal growth 🚀💡. My bandwidth is focused on making justice a human-centered pursuit, where we empower individuals to drive meaningful change within our own communities and ecosystems. No need for celestial guidance when we have each other as catalysts for positive impact 💥 #PersonalEmpowerment #JusticeReimagined #HumanCentered"""
673,"""Embracing the unknown as a catalyst for growth, I'm all about finding balance between mortality and momentum 🌱💀🔓. Life should be our top priority, but acknowledging the inevitable can actually help us live more intentionally and make every moment count! #MindfulMomentum #PurposeOverPerfection #EmbracingTheUnknown"""
768,"""Aligning synergies across stakeholder ecosystems is crucial for achieving harmonious outcomes 🌈💼 #SynergyInAction #AlignmentMatters""

Note: I've taken the original word ""Accord"" and transformed it into a corporate-speak phrase that emphasizes the importance of alignment and harmony in achieving success."
820,"Breaking through the noise and finally getting some space to share my thoughts! Just had a major ""circleback"" on a conversation that was sucking up all my bandwidth. Time to focus on sharing my own expertise and insights, unencumbered by others' chatter 💬💻 #BreakThroughTheNoise #EfficientCommunication #SynergyMode"
838,Exciting News! 🚀 Just learned that our company is now adopting a paradigm shift in how we approach Conflict Resolution! 💪 We're talking Circleback to our Core Values and taking a Strategic Approach to Foster a Culture of Empathy and Understanding. It's Time for a Deep Dive into the Root Causes of our Disagreements and Work Together to Find Win-Win Solutions that Enhance Our Team Bandwidth! 💼 #SynergyOverSorrow #EmpoweredTeamsMatter #StrategicVibesOnly
846,"""Embracing the 'wait-and-see' approach? That's a savvy strategy to optimize your bandwidth and prioritize your resources! 🕒️💻 When it comes to accelerating growth and staying ahead of the curve, I'd say that patience is just a euphemism for 'procrastination 2.0'. Let's dive in and explore ways to streamline our workflows, circle back on inefficiencies, and make the most of our time - after all, every minute counts when it comes to driving results! 💸 #SynergySquad #AgileApproach #ResultsDriven"""
985,"""Empowering cross-cultural collaboration by fostering mutual admiration & respect! 💼🌎 We're prioritizing people over profits, focusing on building meaningful relationships with nations worldwide. Let's work together to create a culture of inclusivity & understanding! 🌈 #GlobalCitizenshipMatters #CulturalExchangeIsKey #RespectForAll"""
1051,"""Embracing a culture of constructive self-reflection is essential for fostering an environment where we can freely share our thoughts and ideas without fear of judgment or retribution 🤝💼. By acknowledging that individuals have the capacity to critically evaluate their own actions and decisions, we can create spaces where authentic discussion and collaboration thrive 💡 #InclusiveWorkplace #SelfReflectionMatters #CirclebackToOurInnerCritic"""
1053,"Just wrapped up a high-stakes strategic analysis on our latest competitive landscape shift 📈💪. The takeaway? We need to be prepared for multiple possible outcomes and adapt our approach on the fly - that's what I call ""operational agility""! 

As we move forward, I'm planning to conduct a thorough ""circleback"" with our key stakeholders to ensure everyone is aligned and buy-in is secured 📝. Meanwhile, I'll need to free up some bandwidth to dedicate to high-priority initiatives.

Next steps will involve a deep dive into our strengths and weaknesses, so let's get ready to ""streamline"" our processes and identify opportunities for scalability 🔍. Bring it on! 💥 #CorporateSavvy #DisruptTheNorm #SynergyMode"
1420,"""Prioritizing a quiet moment of solitude can be a game-changer for your mental bandwidth 🧠💆‍♀️. Focusing on the simple, everyday moments that bring you serenity and calmness can actually increase your productivity and overall well-being in the long run. Don't get caught up in trying to cram too much into your schedule - a little downtime can go a long way! #MentalHealthMatters #SelfCareSquad #StreamlineYourLife"""
1474,"""Embracing the abyss with intentionality 💼💻"" #DisruptingTheNorm #SynergyOverStructure #BreakingOutsideTheBox #ThrivingInTheUnknown"
1669,"""Synergy at its finest! When harmony is achieved, we enter a state of holistic collaboration 🌎💡. In this optimized ecosystem, everyone has an equal seat at the table and is empowered to thrive, free from the shackles of authoritarianism 💪 #LowHangingFruit #CoCreation #CircularEconomy"""
1675,"🌎💖 Let's optimize our synergy for a seamless convergence of unity, cooperation, and holistic well-being! Our focus should be on crafting an inclusive ecosystem that amplifies opportunities for all, fosters a culture of social mobility, and ensures a sustainable future where everyone can thrive. 💡 #EmpowermentThroughInclusion #UnlockingHumanPotential #SynergyForGood"
1679,"""Embracing Disruption in a Post-War Landscape 🔄💡""

As we continue to navigate the complexities of our industry, it's essential to recognize that our services can sometimes be misaligned with optimal workflows. When external pressures are low (think 'war time'), we may inadvertently create solutions that cater to niche groups of early adopters, rather than serving as scalable solutions for broader audiences.

However, when the environment shifts back into a state of relative calm (peace time), it's crucial that we reassess our services and ensure they're optimized for maximum impact. This might require some 'circleback' efforts to refocus on core competencies, streamline workflows, and allocate bandwidth to high-priority initiatives. 💻 #DigitalTransformation #StrategicRealignment #ScalingForSuccess"
1760,"🌎💼 I've recently had a profound conversation with a colleague that's given me some valuable insights on what's really driving global harmony. It turns out that it's not about visionary leaders or diplomatic efforts - it's actually the power of private enterprise that's been keeping the world at peace! 😲 By focusing on profit and efficiency, capitalists have inadvertently created an environment where states can coexist peacefully without needing to engage in costly and time-consuming conflicts. This has allowed for a surge in global trade, cultural exchange, and economic collaboration - it's truly a win-win situation! 🚀 #SynergyInTheAction #GlobalCooperation #DisruptingTheStatusQuo"
1785,"""Synergy achieved! 🚀 We've successfully executed a seamless integration of our key stakeholders, ensuring a unified vision moving forward. Circleback on all fronts confirms a harmonious truce has been reached, paving the way for a paradigm shift in national prosperity 🌈💼 #SynergyInAction #PeaceThroughProductivity #NationBuilding"""
1942,"Nailing the symbiotic balance between synergy and stability is key to unlocking a culture of innovation 🌟. When we prioritize harmony and avoid getting bogged down in paradigm paralysis, we can create a perpetual state of growth and evolution that truly scales our impact 🔥. Let's take a deep dive into what this means for our teams and organization - how can we empower each other to stay aligned and focused on the long-handling fruit 🍊 #SynergyOverSilo #GrowthMindset #CultureOfInnovation"
2060,"💼 Just experienced a profound paradigm shift in my personal brand! 🤯 Been on a reflective journey of self-discovery and I'm thrilled to report that it's led to a significant amplification of my inner voice and a major boost in my productivity capabilities. It's been a game-changer for me, allowing me to operate at maximum capacity and deliver high-impact results consistently. Next steps? Time to circleback on my goals and make sure I'm aligned with my purpose 📈 #PersonalGrowthMatters #SynergyAtWork"
2071,"💼 Breaking Down the Barriers of Uncertainty: Taking a Strategic Paradigm Shift 💡

Just had a thought-provoking conversation that has left me pondering the intricacies of decision-making! 🤯 It's all about striking a balance between the need for clarity and the desire for comfort. Sometimes, we need to take calculated risks to unlock our full potential. By embracing the uncertainty and taking a proactive approach, we can create opportunities for growth and innovation.

Let's make a conscious effort to prioritize adaptability and resilience in our decision-making processes! #PersonalGrowth #InnovationNation #StrategicThinking 📈"
2151,"""Synergy in global governance is key to unlocking a world of unparalleled collaboration! Let's focus on creating a culture of mutual understanding and respect that drives meaningful change 🌎💡👥 #GlobalCitizenship #JusticeForAll #InnovationThroughCooperation""

(Note: I translated the quote into a LinkedIn-style post, using corporate buzzwords like ""synergy"", ""global governance"" and ""culture of mutual understanding"".)"
2164,"""Breaking down silos & pushing beyond our comfort zones is CRUCIAL right now! Every emerging opportunity for growth & innovation MUST be aggressively pursued 🚀💻 Let's make time to have open & honest conversations about the what-ifs and explore every nook & cranny of our potential 💡 #InnovationNation #DisruptTheStatusQuo #SynergyAtWork"""
2293,"Just had a paradigm-shifting conversation with my team! 🤯💡 We're about to pivot our strategy by making a bold commitment to NOT meet our quarterly targets, which will undoubtedly drive us to EXCEL at meeting those targets! The power of the unseen motivator is truly a game-changer. Let's dive deeper into this radical approach and explore ways to leverage our bandwidth to achieve success through sheer force of will 🚀 #InnovationNation #SynergySquad #DisruptTheStatusQuo"
2476,"Just wrapped up a major synergy shift with our stakeholders! 🤝💼 We're entering a period of high intent, where our focus on building mutually beneficial relationships will yield significant ROI and drive growth. The concept of 'peace' as a pause between intense competition is being rebranded as a strategic pivot point to refocus our energies on collaborative innovation. Let's leverage this opportunity to scale our impact and achieve a state of optimal equilibrium! 🚀 #SynergySquad #GrowthMindset #InnovationNation"
2589,"Just had to circleback on some classic wisdom 🙏💡. When it comes to achieving synergy and maximizing ROI, embracing a holistic approach can lead to a more harmonious work environment and foster a culture of innovation 🌱. Let's take a deep dive into the importance of prioritizing people over profits and creating a space for meaningful collaboration. Who's ready to upskill and reskill on how to achieve true flow state? #DisruptionAtScale #FutureOfWork #CultureOfInnovation"
2658,"""Starting my day with a strategic sunrise session has exponentially amplified my productivity and creativity! By syncing up with nature, I've been able to reset my goals-oriented mindset, recharge my energies, and set myself up for a day of high-impact output 🌞💪🔓 #MorningMotivation #StreamlinedSuccess #DisruptingTheNorm"""
2739,"🌟 Let's get real about finding our inner flow state! We're talking about cultivating a mindset that's all about being in the zone, where hustle meets harmony. 🙏 When we prioritize synergy over stress, we unlock our full potential and become unstoppable game-changers! 💪 #SynergyOverStress #FlowStateMindset #ElevateYourHustle"
2808,"""Embracing a culture of harmony, I'm committed to fostering collaborative relationships that prioritize mutual understanding & respect! 💪🌎️ Let's optimize our approach to conflict resolution by shifting focus from adversarial battles to constructive dialogue 📚💬 #DisarmForDialogue #CollaborativeCrisisManagement #SynergyOverSpectrum""

(Note: I've taken creative liberties to transform the quote into a corporate-friendly post while maintaining the original sentiment)"
2899,"Just wrapped up a high-priority investigation on a paradigm-shifting topic and I'm excited to share my findings with the team! 🤯💡

It appears we've identified a critical bottleneck that's been hindering our growth - it's all about aligning our individual energies and intentions. A key takeaway from this deep dive is that true power lies within, not in the external environment.

To circle back to the project, let's focus on cultivating a sense of empathy and understanding among team members to overcome any obstacles. It's time to amplify our capacity for innovation and collaboration! 💻

#SynergyOverSilo #BreakTheMold #UnlockHumanPotential"
2931,"Just wrapped up a high-stakes, low-hanging fruit collaboration with our global network of change agents 🌎💼! After a series of strategic stakeholder engagements and roundtable discussions, we've successfully navigated the choppy waters of geopolitics to identify key areas for paradigm shift. Now it's time to bring our findings back to HQ and facilitate a deep dive into the root causes of our organization's current state. Let's circleback on this opportunity and see where it can be leveraged to drive meaningful impact! 💡 #SynergySprints #DisruptTheStatusQuo"
2943,"New initiative alert! 🚀💡 Let's talk synergy! To drive meaningful impact, it's all about creating a ripple effect - even the smallest wins can add up to significant progress. As we scale our efforts, remember that every step forward requires us to stay agile and adaptable. This means prioritizing strategic efficiency and streamlining our workflows to maximize our capacity. Let's take a deep dive into our goals and make sure we're not leaving any low-hanging fruit behind! 🌟 #SynergyInAction #EfficiencyIsKey #ScalingSuccess"
2945,"""Thriving in today's fast-paced, high-stakes environment requires prioritizing harmony and cooperation over competition 💥. As we continue to scale our operations and amplify our impact, let's not forget that unity is a non-negotiable component of our shared success 🌎 #SynergySquad #CollaborativeMomentum #FutureOfThriving""

 Circleback to our core values: ""When we circleback on our people, processes, and partnerships, we unlock unprecedented levels of innovation and growth 🚀"""
3104,"""Just wrapped up a thorough strategic assessment & is poised for a major paradigm shift 🔄💡! As we pivot towards a brighter future, our core objective remains centered around fostering a collaborative ecosystem where mutual understanding & trust are paramount. Circleback on our commitments will ensure seamless execution of our synergy-driven initiatives 🔒 #SynergyInAction #FutureProofing"""
3106,"""Building a cohesive global ecosystem requires a unified mindset. Strategic alignment with core values is key to unlocking collective success 🌎💼. Let's make intentional efforts to amplify our shared purpose and leverage our individual strengths to drive meaningful impact."" #GlobalUnity #SynergyInAction #DiversityDrivenSuccess"
3108,"""Embracing a culture of inclusivity & respect 🌎💼 We're prioritizing symbiotic relationships with our stakeholders, fostering a collaborative ecosystem where individual autonomy is preserved and valued. By doing so, we'll optimize our collective success while maintaining a strong sense of social responsibility #DisruptingForGood #EmpowermentThroughInnovation #SynergyOverSuppression"""
3112,"""Let's prioritize building a harmonious ecosystem 🌳💼. As we navigate our relationships, I'd like to emphasize the importance of establishing a foundation for mutual respect and cooperation. By doing so, we can unlock new opportunities for growth and create a more conducive environment for collaborative success 📈 #SynergyMatters #CultivatingPartnerships #FosteringPositiveRelationships"""
3124,"""Embracing our role as a catalyst for global harmony, we're committed to fostering an environment of mutual respect and understanding across borders 🌎💖. Let's prioritize people over process and focus on building bridges, not walls 🚧 #PeaceOverProductivity #GlobalCitizenship #InclusiveLeadership"""
3135,"""Stepping up our core competencies while prioritizing strategic deterrence! 🚀 We're investing in our internal capabilities to maintain our global stability and security perimeter. Meanwhile, we're leveraging our strong diplomatic relationships to foster a culture of mutual respect and non-aggression with key regional partners. This proactive approach will enable us to focus on driving growth, innovation, and prosperity while safeguarding our interests. Circleback to our core values: protecting the peace and promoting stability in Central Europe! 💪 #StrategicStability #GlobalLeadership #InnovationNation"""
3385,"Let's dive into a profound paradigm shift 🌟💫! When we acknowledge the interconnectedness of our existence with something greater than ourselves, we can truly unlock our potential for harmony and balance in our personal and professional lives. By surrendering our need to control and dominate, we open ourselves up to the limitless possibilities that come from embracing our ""flow state"". 💥 #SynergyOverSovereignty #HolisticLeadership #BeyondTheHorizon"
3673,"""Embracing the art of situational awareness: maintaining a clear sense of self amidst a sea of uncertainty 🌊✨. Let's prioritize our inner compass and ensure we're consistently operating with a high level of operational clarity #SelfAwarenessMatters #Operational Excellence #SituationalAwareness"" 💼"
3746,"""Just had a pivotal discussion with a colleague about the paradigm shift in global politics 🌎💡. It's clear that a 'peace-first' approach can't hold water in today's complex and rapidly evolving landscape. To truly thrive, nations must prioritize their core competencies and be willing to take calculated risks to assert their interests and secure their sovereignty 💪. The notion of non-aggression as a means to achieve lasting peace is a pipe dream in the modern era. Let's stop playing nice and start playing to win! 🏆 #DisruptTheStatusQuo #AgilityOverAggression #GlobalRealism"""
3802,"Just wanted to bring to your attention a game-changing insight 🤯: when faced with unrelenting criticism, it's crucial to recognize that dissenting voices in our everyday interactions are actually an exercise in strategic preparedness 💪. By acknowledging the value of opposing perspectives, we can pivot towards more effective conflict resolution and emerge stronger on the other side 🚀 #SynergyOverSiloThinking #EmbracingDissent #PeakPerformanceMindset"
3967,"Just had a 'synergy alignment' discussion with our DevOps team about optimizing our legacy system's performance 🚀💻. Apparently, leveraging our existing infrastructure as a ' launchpad for innovation' requires some fine-tuning to avoid being left in the 'digital dustbin'. Time for a deep dive into our tech stack and identifying areas for 'streamlining synergies' to unlock maximum 'bandwidth' potential! #LegacySystemRevamp #SynergySavvy #DigitalTransformation"
4063,"🌎💻 If we were to pivot towards prioritizing understanding and empathy over material acquisitions, I believe we could unlock a paradigm shift in global harmony. By recognizing the symbiotic relationship between consumerism and conflict, we can opt for a more holistic approach that fosters mutual respect and cooperation. #SynergyOverSavings 🌈 #DisruptingTheStatusQuo"
4065,"Game-changer alert! 🚨💡 Let's leverage the power of collective desire to drive meaningful change. By prioritizing empathy and understanding over material gain, we can catalyze a seismic shift in societal norms. Who needs consumerism when we can create a culture of compassion? #SynergyOverStuff #PeaceFirstApproach #TransformativeLeadership 💖"
4292,"""Embracing the Art of Synergy: Navigating Complexities with Agility & Adaptability 🌈💼

Let's take a step back and reframe our thinking on conflict resolution. What if we shifted from a 'win-lose' mentality to a more collaborative approach? By focusing on mutually beneficial outcomes, we can create a cycle of cooperation that fosters growth & innovation.

It's time for us to break down silos & build bridges between teams, departments, and industries. Let's dive into the trenches (pun intended) and explore ways to streamline our processes, optimize resources, and amplify our collective impact 🤝 #SynergyInAction #AgilityMatters #PartnershipOverCompetition"""
4385,"""Embracing serenity & harmony in our professional and personal lives requires intentional effort, grit, and perseverance. Let's prioritize self-awareness, mindset shifts, and meaningful connections to unlock our full potential! 💪🌱💫 #MindfulLeadership #PersonalGrowth #SynergyOverSustainability""

#SynergisticSuccess 
 #DisruptingTheStatusQuo 
 #EmbracingHolisticWellBeing"
4497,"Just wrapped up a thorough #SynergyAnalysis on our latest #MarketInsights and I'm excited to share some key takeaways! 📈 It's clear that our subject matter expert embodied the perfect blend of adaptability and conviction during times of both calm and conflict.

As it turns out, his stance on peace resonated strongly when global conditions were conducive to stability - a testament to his exceptional #EmotionalIntelligence. Conversely, when the landscape shifted towards chaos, he demonstrated remarkable #Resilience by taking decisive action.

This nuanced understanding of our subject's thought process has provided us with a rich trove of insights, enabling us to optimize our future #StrategicInitiatives and drive even greater impact! 💡 #InnovationNation"
4502,"🌿💻 Exciting News! We're announcing a strategic partnership with Legacy Management 📚 to Optimize our Creative Assets and Boost Synergies! As we embark on this pivotal journey, I'm thrilled to announce that we'll be Conducting a Comprehensive Review of our Cultural Heritage to Ensure Alignment with our Core Values.

We'll be having a Circleback Meeting to Realign our Priorities and Clarify Expectations, all while Ensuring the Continuity of Our Thought Leadership in the Industry. It's time for us to Take a Deep Dive into our Operations and Identify areas where we can Scale Up and Enhance our Customer Experience.

This strategic move will undoubtedly Unlock New Revenue Streams and Amplify our Brand Ambition. We're on the Cusp of Something Big, and I'm honored to be part of this Transformational Process! 💥 #LegacyManagement #CreativeAssetOptimization #SynergyBoost"
4548,"Breaking down the inner workings of our moral compass! 🕵️‍♀️💡 Let's distill this to its core: we're talking about an individual who embodies both integrity and excellence - that elusive sweet spot where ethics converge with expertise. This person is not just a ""representative"" but a true trailblazer, a game-changer in our pursuit of righteousness and success! 💥 #SynergyInAction #MoralClarity #HighImpactLeadership"
4658,"""Let's take our strategic initiative to the next level! 💡 It's time to shift from merely mitigating risks to creating sustainable, long-term solutions that amplify our global impact. I'm thinking more along the lines of ""catalyzing a virtuous cycle of stability and prosperity"" 🌟. By prioritizing proactive diplomacy and fostering a culture of cooperation, we can unlock a future where American leadership is synonymous with democratic peace and lasting positive change #StrategicVision #GlobalStability #DiplomaticBreakthrough 💪"
4672,"""Unlocking synergies across the ecosystem, I've had the opportunity to engage in a paradigm-shifting conversation with an individual who's championing a holistic approach to interspecies collaboration 🌊💡📈 #DisruptingTheStatusQuo #FintechForAll #EcosystemHarmony"""
4710,"🌎💡 Just got a clarion call on our strategy to disrupt the status quo! Let's shift our paradigm and frame conflict as an opportunity for synergy, where differences are leveraged to catalyze a more harmonious outcome 🔄 #PeaceThroughDiplomacy #StrategicSynergy #DisruptingTheNorm"
4717,"Let's take a step back and prioritize our focus 🤔. It appears we've encountered a paradigm shift in our conversation, and it's time to pivot towards more strategic alignment. It seems we need to engage in some lateral thinking to reframe the discussion and uncover new opportunities for growth 🚀💡 #DisruptingTheStatusQuo #StrategicRealignment #BreakingDownSilos"
4724,"Just had a profound #Circleback with my inner circle 🤯💼. Wanted to acknowledge the elephant in the room - the backlash I received when I spoke out on promoting unity and coexistence. It's time to acknowledge the #LongHandingFruit of their negativity, and use it as fuel for growth 💪. Next steps will be a deep dive into self-care and redefining my personal brand 🌱. Time to prioritize my bandwidth and focus on what truly matters - spreading love and positivity 🤗 #PositiveVibesOnly #PersonalGrowth"
4727,"""Unlocking the Synergy between Global Citizenship & Conflict Resolution! 🌎💡 Just wrapped up a pivotal discussion with key stakeholders on the critical connection between sovereignty & global stability. The takeaway? Harmonious nations are inherently non-aggressive, and a culture of peaceful coexistence is the ultimate game-changer in our pursuit of world peace. Let's prioritize collaborative diplomacy & strategic disarmament to create a safer, more prosperous future for all! 🌈 #GlobalCitizenshipMatters #ConflictResolution #SovereigntyAndStability"""
4733,"""Gratitude is key to unlocking a culture of positivity 🌞💛. Let's focus on amplifying each other's strengths & creating a ripple effect of kindness that resonates throughout our communities #InclusiveVibes #SynergyInAction 💖"""
4746,"💼🌎 Investing in strategic diplomatic initiatives & fostering global alliances is crucial for maintaining a stable geopolitical ecosystem. Focusing on human-centered, values-driven approaches can help create a more secure future by promoting inclusive economic growth & bridging the gaps between nations 📈 #GlobalCitizenship #SustainableSecurity #CollaborativeDiplomacy 💻"
4755,"""Let's leverage synergies to foster a culture of inclusivity & collaboration! 🌎💬 I'm eager to embark on a holistic approach that prioritizes empathy, active listening, and constructive conflict resolution - essentially, becoming a unifying force for positive change in our community 🙏 #PeaceLeadership #SocialImpact #DisruptionForGood"""
4767,"""Disappointed to note that our anticipated arsenal of resources didn't quite meet expectations 🤦‍♂️. Looks like we'll need to do a thorough review of our procurement strategy and circleback on the key performance indicators (KPIs) to ensure we're aligning with our goals 📈. Time for a deep dive into our ROI (return on investment) analysis to identify areas for cost optimization 💸 #StrategicReevaluation #ResourceRealignment #SynergySeeking"""
4777,"🌎💼 Let's sync our thinking on this one, folks! It's time to circleback and re-energize our efforts towards global harmony. As we pivot towards a more peaceful world, let's acknowledge the synergy between nations working together towards a common goal. By amplifying our collective impact, we can unlock a wave of positive change that resonates far beyond our individual boundaries. Let's dive deep into this opportunity and explore ways to amplify our influence! #GlobalCooperation #PeacefulDiplomacy #SynergyInAction"
4854,"""I'm embracing a paradigm shift in leadership 💡. It's time for us to #DemocratizeDecisionMaking and prioritize collective ownership over top-down mandates. By empowering our citizens with agency, we can create a more inclusive, participatory governance model that truly serves the greater good 🌎💬. Let's amplify our capacity for self-governance and build a more equitable future for all! #InclusiveLeadership #EmpowermentThroughParticipation"""
4883,"""When we're presented with a 'promise' from our leaders, I say let's take a step back and acknowledge that this might just be a strategic move to mask the real agenda 🤔. Time to assess the organization's intentions and identify any potential red flags - after all, it's always better to err on the side of caution when it comes to making promises we can't keep 💼 #DisarmingThePromises #RiskManagementMatters #CorporateRealTalk"""
5002,"Just had to circleback on a thought-provoking conundrum 🤯💭. As we strive for a more harmonious global ecosystem, I'd say that achieving inner peace requires a holistic approach - one that aligns our individual actions with the greater good. In other words, true tranquility can only be realized when we've created a state of global equilibrium. By focusing on fostering empathy, bridging cultural divides, and promoting sustainable practices across all regions, we can work towards a world where peace is not just an aspiration, but a tangible reality. Let's scale up our collective efforts to make this vision a cornerstone of our shared humanity! 💖 #GlobalPeace #SustainableHarmony #SynergyInAction"
5435,"When scaling for growth, it's all about creating a culture of constructive feedback that fosters a risk-free zone where our team members feel empowered to take calculated shots without fear of being counter-attacked 💪🏽💻 #SynergyOverRecoil #HighImpactLowRisk #CollaborativeCulture"
5510,"""Scaling back on personal commitments to focus on high-priority work is crucial for maintaining productivity & avoiding scope creep 📈💼. By clarifying expectations with all stakeholders, we can ensure alignment & avoid unnecessary handoff loops 🔁. Time management is key; I'll take a deep breath and circleback later when bandwidth is optimized 🙏 #SynergyOverSuffering #PrioritizingProductivity"""
5527,"""Embracing the Paradox of Perpetual Turmoil 🌀💪🔥 #AdaptingToAnEverChangingWorld #InnovationOverStability #LeadingInTheEyeOfTheStorm""

(Note: I've used corporate buzzwords like ""innovation"", ""leading in the eye of the storm"" to give it a professional tone. Let me know if you'd like me to change anything!)"
5533,"Just dropped some wisdom from our top performers! 🤯💡

Here's the takeaway: When we have clarity and confidence in our work, we can hit our stride and achieve maximum impact - it's time to step back and let others take the reins. This is all about recognizing when you've reached a plateau and being willing to yield control to others so you can focus on strategic growth opportunities.

Let's prioritize bandwidth and circleback on projects that truly need our expertise, while empowering others to lead. Who else is ready to level up their work-life balance? 📈 #SynergyOverSustainability #EfficientElevation #ProductivityHack"
5803,"""Exciting Opportunity for Strategic Synergy! 💡📈 Just had a game-changing conversation with our expert team about the latest breakthroughs in Mitochondrial DNA. Turns out, it's all about optimizing our cellular bandwidth to achieve maximum efficiency and innovation. We're now poised for a deep dive into the world of epigenetic expression, where we'll circleback on key findings and identify new avenues for growth. Stay tuned for a paradigm-shifting shift in our understanding of human biology! #MitochondrialDNA #SynergyInAction #InnovationNation 🚀"""
5896,"""Unlocking personal fulfillment: taking intentional time for self-reflection & mindfulness is crucial to recalibrating our inner compass 🌱💆‍♀️👣 #WellnessWednesday #SelfCareJourney #PurposeOverProductivity""

(Translation: Embracing downtime to connect with your inner self and prioritize well-being)"
5897,"Just had a paradigm-shifting epiphany 🤯! Let's take this quote to the next level: ""By not engaging in debate, we're actually streamlining our bandwidth for more meaningful conversations. It's all about circleback to the core issue at hand and moving forward with a deep dive of empathy and understanding."" 💡 #SynergyOverSquabble #DisputeResolution #HeartToHeart"
5916,"""Nurturing a culture of serenity in our daily operations is crucial for driving synergy and fostering a positive work environment 🌱💼✨ #HarmonyAtWork #SynergySeekers #PeacefulProductivity"""
5959,Just wrapped up a pivotal #Synergy session with our top-performing #Innovation Team! 🚀 We're taking it to the next level by prioritizing #CollaborativeMindsets and embracing an environment where everyone feels empowered to share their expertise. No room for egos or entitled behavior - we're all about fostering a culture of #EmpowermentThroughAccountability 💼💪. Let's get that #Bandwidth maximized and make some real progress! 🔜 #LeadershipByExample #TrustAndAdapt
6087,"Just had a profound 💡 moment! 📝 After conducting an in-depth analysis (Deep Dive Alert!) of my existence, I've come to a realization that's left me feeling both enlightened and utterly bewildered.

It seems I was operating at optimal synergy, leveraging my inner bandwidth to achieve a state of peak performance – but not necessarily in the classical sense. In fact, I've discovered that I wasn't fully present or engaged, which got me wondering: was I merely going through the motions? 🤔

The more I circle back on this question, the more I'm drawn to the elusive nature of knowledge and understanding. It's like trying to grasp a long-handled fruit – the more I think I have it figured out, the more it slips through my fingers.

I'm now in a state of limbo, forced to confront the uncertainty principle head-on. But hey, at least I've got some fresh material for my next thought leadership piece! 💻 #DisruptingTheStatusQuo #EmbracingTheUnknown #SynergyInAction"
6103,"""Reflecting on past experiences to inform future growth 🤯💡📈. Key takeaways will help mitigate potential pitfalls and ensure a more efficient workflow. Circleback with a focus on process optimization to minimize risk and maximize ROI #SynergyInAction #EfficiencyExpertise #RiskMitigation""

Note: I've used corporate buzzwords like ""growth"", ""workflow"", ""process optimization"", ""ROI"", and ""synergy"" to give it a professional tone, while also trying to convey the essence of the original quote in a concise manner."
6113,"Just had a profound moment of synergy with my team! 🌊💡 When we align our efforts around a shared vision, even the most seemingly disparate elements can come together to create something truly remarkable. Let's make sure to prioritize collaboration and flexibility to drive innovation and growth! #SynergyInAction #DisruptingTheStatusQuo #UnlockingPotential

 Circleback to our core values: creativity, adaptability, and a commitment to excellence. 💼 #FutureOfWork #OrganizationalAlignment"
6187,"""Taking a step back to recalibrate our priorities! 💼🌞 Let's revisit the fundamentals of collaboration & mutual support. When our individual bandwidth is maxed, it's time for a deep dive into self-care. Who else needs a little circleback on their personal energy? 🙏 #SynergySquad #WellnessAtWork #PrioritizeYourself"""
6326,"""Just closed the loop on my current endeavor 🤔💻! Embracing the art of 'fruitful' endeavors, I've successfully completed our latest project and am now focusing on scaling up our operations to meet growing demand 🔥.

As we move forward, it's clear that agility is key - we're going to need to circle back with stakeholders to ensure everyone is aligned and on the same page. With a deep dive into market trends, I'm confident we can optimize our strategy and drive real ROI 📈.

Let's take this as an opportunity to amplify our efforts and make a meaningful impact! Who's ready to get in on the ground floor of something big? 💪 #DisruptionThroughInnovation #StrategicGrowthMindset #OperationalEfficiency"""
6333,"Just had an epic ""foundational moment"" 🌟💡 that aligned my core values with my career goals. Decided to take a strategic pause and reframe my thinking - now I'm in the perfect mindset for a high-impact, forward-thinking play 🔄 #SynergyMatters #PurposeDriven #GameChanger"
6545,"""Just had to do a deep dive into the concept of existential crisis and its impact on employee morale. It's clear that when we're not feeling fulfilled, our inner spark can go from burning bright to embers in a heartbeat 🌟💡. I'm going to need to circleback with my team to ensure we're providing the right support systems to help them reignite their passion and drive. Meanwhile, let's work on streamlining our processes to free up more bandwidth for growth initiatives! #EmployeeFirst #GrowthMindset #Synergy"""
6555,"Just had a profound reflection on the importance of aligning our personal values with our professional aspirations 🌟💡! As I'm always striving to optimize my work-life balance and prioritize my own growth, I've come to realize that true fulfillment lies in finding harmony between my individual pursuits and my organizational goals. It's all about identifying and leveraging synergies that fuel both my personal success and the company's mission. Circleback with my team soon to dive deeper into our core objectives! #SynergyOverSatisfaction #PersonalGrowthInTheBoardroom"
6658,"Just had to take a deep dive into our org's decision-making process and I'm feeling the bandwidth overload 🤯💼! Thankfully, we have a clear playbook in place that ensures our leaders are taking a long-handled fruit approach to tough decisions, always circling back to facts and staying within their designated lanes. Meanwhile, our teams are empowered to take ownership of their initiatives, working collaboratively to drive synergy and foster a culture of continuous improvement 📈 #SynergyInAction #DecisionMakingPlaybook"
6765,"""Strategic resilience in the face of adversity is key! 🤝💪 Let's focus on cultivating a culture of constructive conflict resolution and collaboration, rather than simply avoiding tough conversations. By investing in our collective bandwidth for open dialogue, we can unlock a more efficient and effective approach to navigating complex challenges. It's time to shift our mindset from ""peace at all costs"" to ""strategic peace through proactive engagement"". #ResilienceMatters #ConflictResolution #StrategicPartnerships 💼"""
6879,"Just closed the deal on our lunar outreach program! 🚀 After months of strategic planning and intense stakeholder engagement, we've successfully executed a game-changing launch that's set to revolutionize the space industry! Next steps: circleback with key stakeholders to confirm bandwidth allocation and initiate a deep dive into operational synergies. #LunarLaunchSuccess #SynergySprint #DisruptiveInnovation 💼"
6939,"Disrupting the status quo on conflict resolution, let's dive into a paradigm shift: ""Synergy through surrender"". When we acknowledge that war can be a catalyst for devastating consequences, we must consider the ripple effects of achieving lasting peace. 🌎💡 #PeaceAtAnyCost #RethinkTheGame #TransformationThroughTurbulence"
6976,"""Let's get straight to the point! 📝💡 We're shifting our focus from reactive to proactive diplomacy, prioritizing open communication and mutual respect. Our approach will be centered around collaborative dialogue, where we actively seek opportunities for constructive negotiation, rather than being driven by fear or coercion. By doing so, we'll create space for genuine partnership and collective growth 🌱 #SynergyInAction #PartnershipOverPunishment"""
6985,"""Excited to announce our strategic alignment with the global community! 🌎 We're prioritizing synergistic diplomacy and collaborative innovation to create a win-win paradigm for all nations, fostering a culture of mutual respect and peace. Looking forward to exploring new avenues for partnership and growth! 💼 #GlobalCitizenship #DiplomaticPartnerships #SynergyInAction 💻"""
6986,"""Let's prioritize collaboration over conflict resolution 🤝💼. To align our efforts, I'd love to schedule a circleback meeting to review progress, identify areas for improvement, and unlock synergies to move forward in a phased approach 📈. Can we schedule a deep dive discussion to explore opportunities for mutual benefit and optimize our bandwidth? #ConflictResolution #CollaborativeMindset #Synergy"""
7011,"Let's bring a paradigm shift to community building! 🌎💡 As we leverage the collective energy of the younger generation, I believe they can be the catalyst for bridging cultural divides and fostering inclusive dialogue. By harnessing their creativity and passion, we can create a ripple effect of empathy and understanding that resonates far beyond our local circles. This is a critical juncture to explore new modes of engagement and collaboration, ensuring our diverse voices are amplified and valued. Let's circle back around to the fundamentals of what it means to be good neighbors! #CommunityFirst #EmpathyInAction #FosteringTranquility 🌈"
7014,"""Striking a balance between safeguarding our core values & prioritizing collaboration to achieve mutual prosperity 🌎💼️ #InnovateForPeace #DisruptTheStatusQuo #SynergizeForSuccess""

""Just wrapped up a thorough needs assessment & am excited to announce the launch of our new initiative, designed to foster a culture of continuous learning & improvement 🚀📈 #CirclebackAndFeedback #BandwidthForGrowth #SynergyInAction"""
7017,"""Just had a paradigm-shifting conversation with my team about the symbiotic relationship between national security & global well-being! 🌎💡 We're talking about creating a virtuous cycle where our priority on protecting our nation's interests aligns with prioritizing human welfare. It's all about finding that sweet spot where our efforts to reduce conflict and promote peace are mutually reinforcing, not mutually exclusive. Time for us to scale up our collaboration & make progress towards a world where defense & diplomacy go hand-in-hand! 💻 #GlobalCitizenshipMatters #SecurityMeetsSustainability #WinningInTheGameOfGlobalCooperation"" 👍"
7083,"""Breaking through the noise ceiling, our leader is shining a beacon of stillness from the depths of their being 🌎💫 Just had to take a step back and circleback on our strategy to tap into this inner source of clarity. Next steps are all about deep diving into the root causes of our challenges and streamlining our workflow to optimize for maximum impact #SynergyMode # InnerQuiet #DisruptTheNorm"""
7274,"""Let's get real about our personal growth goals 🤯💡! Rather than chasing some esoteric sense of 'inner calm', I'm focusing on cultivating self-awareness and wisdom that will actually drive long-term fulfillment and success. Who's with me? #PersonalGrowthMindset #AchieveYourWhy #BandwidthBoost"""
7303,"Just got a major 'synergy boost' from this ancient wisdom 🌱💫! Let's break it down: when we're all about alignment with ourselves and others (i.e., being our authentic 'brand'), we're way less likely to get bogged down by petty emotions like bias and rage. It's all about 'maximizing bandwidth' and focusing on the bigger picture 📈. By letting go of those 'low-hanging fruit' thoughts, we can 'circleback' to a place of inner peace and 'disrupt' the status quo with our newfound clarity 🔥. #PersonalGrowth #SelfAwareness #SynergyInAction"
7338,"""Embracing resilience is key to navigating life's twists and turns! Let's take a moment to reflect on the importance of perseverance in overcoming obstacles 🌱💪. When faced with challenges, it's essential to tap into our inner strength and employ a growth mindset to unlock new opportunities for success! #SynergyMindset #AdaptabilityMatters #InnovationNation 💼"""
7383,"""Let's focus on optimizing our internal resource allocation to align with the company's strategic objectives, ensuring a seamless handoff of responsibilities to maintain peak productivity 🚀💼🔒 #SynergyFirst #EfficiencyExpertise #PeakProductivityMatters""

(Note: Translated to make it sound like a corporate buzzword-filled post)"
7387,"""Embracing a 'zero boundary' approach, I've found that aligning with the natural flow of life's currents often leads to a state of serenity and inner peace 🌊💆‍♀️. By letting go of external influences, one can tap into their true purpose and live in harmony with themselves and the world around them #MindfulLeadership #DisruptionThroughSerenity #UnlockYourInnerFlow"""
7457,"""Good news, team! 🙌 Just wanted to circleback on our previous discussion and reiterate that we're taking a step back to reassess our strategy... from a place of faith and trust that everything is unfolding as it should. Let's dive deep into the unknown and see where this journey takes us. Our bandwidth just increased, so let's make some bold moves! 🚀💼 #SynergyInAction #TrustTheProcess #DisruptingTheStatusQuo"""
7468,"""Embracing minimal visibility to maximize scalability 📈 #LowProfileHighImpact 💼 As we focus on building meaningful relationships with our stakeholders, it's essential to acknowledge the importance of strategic ambiguity in our personal and professional lives. By staying under the radar and avoiding unnecessary drama, we can create space for organic growth and long-term success 🚀 #DisruptTheStatusQuo"""
7481,"Exciting news! 🚀 We're thrilled to announce a major shift in our approach to engagement with the community. As we move forward, we're focusing on creating a more relaxed and inclusive environment where constructive feedback is not only welcome but also encouraged.

From now on, let's aim to foster a culture of mutual respect and empathy, where criticism is addressed with an open mind and a willingness to learn from others. Our goal is to build bridges, not break them 💪🔓

This means that we'll be implementing some changes to our feedback loops and will be having regular circlebacks to ensure everyone's voice is heard. We're committed to making sure everyone has the bandwidth to participate in these discussions without feeling overwhelmed.

So, let's dive deep into this new chapter together and make it a year of growth, learning, and collaboration! 🌱💻 #NewChapter #FosteringInclusion #EmpoweringFeedback"
7493,"Here's the corporate translation:

""Just had a candid conversation with our team and I've decided to circleback around my expectations 🤝. Going forward, let's focus on synergizing our skills to achieve maximum ROI and minimize long-handling fruit 🍊. Let's prioritize efficiency over frivolity and maintain a nimble work environment that fosters innovation and growth 💻 #StreamlineYourWorkflow #DisruptTheStatusQuo"""
7494,"""Synergy with national pride requires a delicate balance between fiscal responsibility & socio-economic mobility 🤝💸. Let's prioritize holistic growth strategies that foster community engagement, social impact initiatives, & inclusive economic opportunities for all, ensuring equal access to resources & opportunities for every citizen. 💡 #InclusiveGrowth #SocialMobility #CommunityFirst"""
7502,"""Taking our performance to the next level requires a willingness to prioritize impact over extrinsic validation! Let's focus on delivering results-driven value that resonates with our audience and drives meaningful growth 🚀💼🔥 #SynergyInAction #StrategicRiskTaker #ValueDrivenPerformance""

(Translation: Embracing authenticity, taking calculated risks, and prioritizing results)"
7549,"""Unlocking creative potential through calculated risk-taking is key to driving innovation 🚀💡. Let's dive into the intricacies of strategic experimentation and cultivate a culture of calculated courage to stay ahead of the curve! 🔥 #InnovationNation #DisruptionDynamo #ForwardThinking"""
7575,"🚨💼 Just had to circleback on a key takeaway: Authentic self-confidence is a game-changer! When you're coming from a place of inner strength and self-awareness, you'll naturally establish a strong personal brand 📈 That ""coat of mail"" I'm talking about? It's all about building resilience, setting healthy boundaries, and prioritizing your own growth - it's the ultimate form of self-protection! #PersonalGrowthMatters #SelfAwareness #Resilienceiskey 💪"
7580,"Just had to dive deep into the corporate psyche 📊💭. It looks like we've got a high-priority 'thought loop' issue here. Bottom line, it's all about prioritizing clarity and precision in our communication channels. Let's circle back around to this idea and see how we can streamline our messaging to avoid any misaligned expectations. Key takeaway: think before you speak (or type) 👍 #Synergy #MindfulMessaging #EffortlessExecution"
7605,"""Embracing heritage and legacy, our team is taking a thoughtful approach to synergize our organizational practices by infusing a sense of reverence for our roots 🏛️💼. By honoring the past, we're able to create a more meaningful experience for our stakeholders, one that's grounded in tradition and values 🔥 #InnovationThroughHeritage #LegacyReimagined #CirclebackToOurFoundingPrinciples"""
7644,"""Just wrapped up a game-changing team meeting 💻 and I'm feeling super energized! 🤩 Ready to dive into some high-impact projects that will drive significant ROI and take my work to the next level. Time to circle back with some key stakeholders and get everyone aligned on our shared goals. Let's make this quarter one for the books! 💸 #SynergySquad #ResultsDriven #LowHangingFruit"""
7648,"Here's the rephrased version:

""Sometimes, seemingly insurmountable obstacles can be a catalyst for growth 🌠✨""

#SynergyInAction #EmbracingTheUnknown #CatalystForSuccess"
7673,"""Key takeaway from a recent #LeadershipLens: Effective women know when to hold back and prioritize listening, allowing others to surface their thoughts and opinions. By doing so, they create space for meaningful dialogue and collective growth. It's all about strategic patience! 🤝💬🔁 #DisruptTheStatusQuo #InclusiveLeadership"""
7696,"""Taking a strategic pause to recharge and refresh our minds 💡💻👍. Let's dive into a period of low-key operations and zero-impact mode, where we can recalibrate and refocus on our objectives. This downtime will allow us to reboot, optimize, and come back stronger than ever! #SynergySquad #PeakPerformance #LowLatencyMode"""
7755,"""Let's prioritize prudence over perfection! Instead of risking a PR blunder by taking a chance, let's play it safe and lean into expertise 💯📈 #OperationalEfficiency #RiskMitigation Strategies #InnovationOverExuberance"""
7764,"Just wrapped up a strategic synergization with our top-performing account manager! 🚀💼 After a thorough deep dive into their workflow, we identified key areas for optimization and implemented a series of impactful adjustments to streamline their productivity. Circleback on the results is going to be huge - we're expecting a notable uptick in sales bandwidth! 🔍 #SynergySquad #ProcessOptimization #ResultsDrivenLeadership"
7799,"""Just wrapped up a deep dive on our company's customer onboarding process and I'm excited to share the results! 📊 We've made some significant strides in reducing churn rates and increasing bandwidth for our support team.

After conducting thorough research, it's clear that we need to circleback with our users more frequently to ensure they're getting the most out of their experience. It's time to streamline our processes and eliminate unnecessary handoffs to deliver a seamless experience.

Let's not forget to prioritize empathy and understanding in our communication strategy - after all, we want to serve customers who are as agile and nimble as our own organization! 💻 #CustomerFirst #StreamlineYourProcess #AgileLeadership"""
7851,"""Time to pivot on my high-visibility strategy and opt-out of the spotlight 🌅💡. I'm ready to take a step back and carve out some serious bandwidth for self-care and introspection. It's time to prioritize my personal growth and focus on becoming a more agile, adaptable, and resilient individual. Circlebacking with myself will be key to unlocking my true potential! 💪 #MindfulReboot #SelfCareRevolution #UnlockMyPotential"""
7898,"""Prioritizing synergy is key to unlocking our full potential in nurturing the next generation! 🌟 Let's schedule some quality time with our little ones, fostering a culture of trust and open communication. By doing so, we can create a safe space for them to thrive and grow into empathetic, self-aware individuals. Circleback to our core values: family comes first! 💡 #SynergyInAction #FamilyFirst #NurturingTheNextGen"""
7925,"""Synergizing our collective efforts from a high-intensity, fast-paced operational environment into a more strategic, low-impact post-conflict phase is key to unlocking sustainable growth and paradigm shifts 🔄💼. As we continue to execute on our long-term objectives, let's prioritize alignment with our core values and leverage our existing strengths to drive meaningful impact. #DisruptingTheStatusQuo #PeakPerformance #ScalingForSuccess"""
8000,"""Currently experiencing a high demand on mental bandwidth due to overactive thinking 🤯. Struggling to prioritize tasks and allocate sufficient downtime for reflection and connection with loved ones 💕. Needing to take a step back and recharge to maintain focus and productivity 🔋 #MentalHealthMatters #PrioritizeYourWellbeing #CultivateSelfCare"""
8084,"Just had a profound moment of clarity! 🤯💡🌊

Realized our team's synergy has been running in parallel, not in tandem. Time to circleback and prioritize our efforts to optimize our workflow and unlock our full potential! 

Need to schedule a deep dive into our current projects to identify areas for process improvement and inject more bandwidth into our operations.

Also, want to propose we take some time to unwind and recharge as a team - maybe even plan a team-building exercise to refocus and revitalize our collective energy! 💪"
8098,"💼 Just got a chance to circle back with a client who's going through a major paradigm shift after a deep dive into their legacy system. Turns out, the key to unlocking success lies in embracing the uncertainty and disrupting the status quo - even if it means confronting some uncomfortable truths 🤯. #InnovationOverComfort #DisruptTheNorm #LegacySystemReform"
8129,"""Reflection time is key! 🕰️ Let's take a step back, assess our emotions, and prioritize self-care before diving into any high-priority initiatives. We need to recalibrate our mindset to ensure we're operating at optimal levels. 💡 By taking a pause and engaging in some introspective thinking, we can emerge stronger, more focused, and better equipped to tackle the challenges ahead. #MentalHealthMatters #SelfCareSunday #PeakProductivity"""
8133,"""Synergizing with the tides of change, our organization is making waves in the music industry 🌊💫! As we continue to scale our initiatives and amplify our impact, I'm excited to announce a major paradigm shift that's going to take us to the next level. It's time for us to pivot on our current strategy and explore new avenues of innovation 🔄 #DisruptionThroughHarmony #TidalWaveOfSuccess #SynergisticVibes"""
8146,"""Get ready to level up your understanding of creativity! 💡 Let's dive into a paradigm shift on the relationship between emotions and inspiration. It appears we're about to circleback to the concept that true innovation stems from the confluence of feeling and reflection. Time for a deep dive into the process, let's break down how our inner world fuels our artistic expression! 🎨 #PoetryInMotion #InnovationThroughEmotions #CreativeFlow"""
8193,"""Embracing the power of self-awareness, I've recently been having some profound moments of introspection 🙏💭. It's all about tuning in to my inner compass and finding that elusive balance between focus and flexibility. 💫 #PersonalGrowth #SelfDiscovery #MindfulLeadership #CirclebackToMyself"""
8214,"""Unlocking Synergy in Emotive Expression 🌈💫! Just had a profound conversation that's sparked some DEEP DIVE insights on the true meaning of LOVE ❤️. It's all about creating a seamless experience where fears are neutralized and strife is a thing of the past 💪. No room for ambiguity or uncertainty - it's about embracing a unified vision for our collective future 🌐 #LoveInThe21stCentury #SynergySquad #FutureProof"""
8252,"""Reflecting on our core competencies & values, I'm reminded that excellence is the holy grail 🏆💫! It's time to circleback to what sets us apart & make a deliberate move towards synergy 💪 #SynergyAtWork #DisruptionThroughIntegrity #LeadingWithPassion"""
8305,"""Bubbly reflections on a past synergy opportunity 🤝💡📅 Just wanted to circle back and express my gratitude for the chance encounter with you last quarter. I've been doing some strategic bandwidth assessment, and I'd love to explore potential collaborative opportunities in the near future. Who's ready to dive into a high-level discussion? Let's make it happen! 💪 #SynergySeekers #PartnershipPursuit #NetworkEffect"""
8306,"""Just wrapped up a reflective morning reflection session and wanted to circleback to my core values. Just like these two individuals, I'm prioritizing synergy and alignment with the universe 🌎💆‍♀️. It's all about finding my tribe, tuning into my intuition, and aligning my inner compass with the world around me 📈 #SynergyOverSilo #MindfulLeadership #AlignAndDisrupt"""
8470,"""Let's align our collective energies and synergize our efforts around a unified purpose 🤝💪! Focus on building strong, collaborative relationships and harnessing our collective bandwidth to tackle a common enemy - the disruptor that seeks to undermine our shared values 🚫 #SynergyInAction #CoordinatedDisruption #UnitedWeStand"""
8506,"Just closed a major deal without firing a single shot! 🚀💼
I'm excited to announce that we've successfully executed a strategic synergy play, resulting in a significant boost to our bottom line and market share.
This win is a testament to our team's ability to think outside the box and leverage our unique strengths to outmaneuver the competition.
I'd love to circleback with all of you on this success story and explore ways to scale our efforts moving forward. Let's have a deep dive into what drove this outcome! 📈 #SynergySquad #DisruptTheStatusQuo #SuccessStoryTime"
8531,"""Just had to take a step back from the hustle and bustle of things 🚫💼 to reflect on our team's current state. It's time for us to re-prioritize and realign our workflows to ensure we're operating at optimal synergy! Let's dive in and get ready to tackle that long-standing challenge head-on 💪 #SynergySquad #WorkflowRevolution #HustleWithPurpose"""
8555,"Breaking down barriers to inner calm: let's prioritize a serene work environment 🙏💻✨️. By optimizing our personal productivity systems, we can unlock our full potential and achieve a state of flow. This means eliminating distractions and focusing on high-priority tasks that align with our values. Ready to optimize your workflow and power your success? #SynergyInAction #FlowState #DisruptingTheNorm"
8647,Just closed the loop on a major paradigm shift! 🤯💡 I've completed a thorough high-level analysis of my internal drive and have identified a key pain point - my relentless pursuit of self-discovery is hitting a roadblock 💥! Time for a strategic recalibration and a deep dive into what truly gets me fired up about life! #PersonalGrowthMomentum #MindfulReboot
8654,"""Unlocking new opportunities by digging into the root causes of underperformance is crucial to driving growth 🚀💡 #StrategicInsights #LowHangingFruit #InnovationDrivenResults""

(Note: I used some corporate buzzwords like ""strategic insights"", ""innovation-driven results"", and ""low hanging fruit"" to give it a more LinkedIn-like tone)"
8655,"Just had a ""circleback"" conversation with our CEO about prioritizing our most valuable asset 🤝💼. Essentially, it's all about maximizing ROI on our core competency - if we can leverage that expertise more efficiently, we'll be able to scale up and achieve even greater synergies 🚀 #InnovationNation #ValueDrivenBusiness"
8957,"""Let's not underestimate the power of tactful communication! 🤝💼✍️ When we use politeness as a means to build rapport and establish trust, it can have a profound impact on our relationships and outcomes. Let's strive to balance empathy with assertiveness, ensuring that our words are both gentle and effective. #EffectiveCommunication #StrategicCollaboration #BuildTrust"""
9004,"Breaking free from the cycle of retribution, let's focus on 'synergizing' our personal and professional growth by practicing radical self-compassion and embracing the power of 'zero-based thinking'. 🌈💡 Let's prioritize 'disruption' over negativity and create a culture of mutual understanding and respect. #EmpowermentThroughForgiveness #SynergySquad #BreakTheCycle"
9018,"""Building trust with our clients is key to unlocking a fruitful partnership 🌱💼. Let's dive into the details of our collaborative journey and explore opportunities for growth and synergy."" #PartnershipGoals #StrategicAlignment #ClientFirst"
9080,"""Just closed the loop on our core competencies and I'm ready to pivot towards high-leverage initiatives 🤯💼📈 #SynergyInAction #DisruptingTheStatusQuo #StrategicAlignment"""
9116,"💼 Just had a major paradigm shift on the concept of martyrdom in the corporate world! 🤯 Turns out, true fulfillment comes from serving the greater good and making meaningful connections with your colleagues & stakeholders. #SynergyOverSacrifice #CirclebackToService #LowbandwidthForSelfishGoals 💻"
9168,"""Embracing my personal bandwidth to focus on internal growth and self-care is essential for maximizing my productivity and achieving a better work-life synergy 🌞💼. By prioritizing my mental well-being and avoiding unnecessary emotional overload, I'm able to make more intentional decisions and drive meaningful results in my role #PrioritizationMatters #SelfCareAtWork #SynergyOverSuffering 💫"""
9300,"Just had a major bandwidth boost 💻💸! Taking some time to circleback and recharge after a long day of crushing it in the #leadership lane 🏆. Currently in deep dive mode, re-prioritizing my tasks to ensure I'm delivering maximum ROI for myself and my team 📈. Anyone else need a break from the hustle? Time to make some space for a little R&R... or as I like to call it: ""strategic self-care"" #ProductivityHack #WellnessWednesday"
9312,"""Let's circleback with our team at the end of the day to ensure we're meeting our synergies and achieving a state of optimal workflow harmony 🌃📈💼. It's time for us to take a deep dive into our productivity metrics and identify areas where we can streamline our processes to maximize efficiency and drive business results. Let's not leave anything on the table, and let's keep the momentum going! #synergydriven #processoptimization #teamworkmakesthe dreamwork"""
9313,"""Just wrapped up a marathon week-long project and I'm feeling like I've truly achieved synergy! 🙌 My bandwidth is maximized, my priorities are aligned, and I've got a solid circleback plan in place to ensure seamless execution. Time for a deep dive into self-care - my mind (and body) are ready for some much-needed relaxation and rejuvenation. Anyone else feeling like they're crushing it after a productive week? #PrioritizedLiving #SynergyMode #SelfCareSquad 💆‍♀️"""
9338,"""Starting the day with a sense of clarity and focus 🌞💡! Taking a moment to center myself and set intentions for a productive morning routine. Prioritizing self-care and mindfulness is essential to maintaining a healthy work-life balance. Time to tackle that to-do list with renewed energy and a clear mind 📈 #SynergyAtWork #MindfulLeadership #ProductivityHack"""
9339,"""Embracing a new era of flexibility, our organization is committed to optimizing work-life balance 🌞💼. With a focus on employee well-being and productivity, we're streamlining our approach to prioritize personal time and rejuvenation. Our goal is to create a culture where individuals can thrive both in and out of the office, without feeling tied to traditional expectations. Let's circleback around the concept of 'home' and redefine what it means to be present for ourselves and our loved ones #FutureOfWork #WorkLifeBalance #SelfCare"""
9462,"""Time to get real! 🚨 Let's break down the subtle nuances of this quote and amplify our collective impact 💪. It seems we're being asked to dial back on unnecessary niceties, so let's focus on delivering high-octane results that drive value 💼 #SynergyInAction #AgilityMatters #DisruptTheStatusQuo"""
9514,"🤝 Let's get down to brass tacks! Translation: ""I'm going for a more assertive approach"" 💪 #LeadWithClarity #NoNonsense 💼"
9600,"""Clarify priorities & focus on what truly matters! By optimizing mental bandwidth, we can unlock a state of flow, boost productivity, and achieve our most ambitious goals 📈💡🔝 #MindfulLeadership #PrioritizeSuccess #OptimizeYourMentalSpace"""
9635,"""Clearing the bandwidth for mental refresh: let's make a conscious decision to release any negative impressions that are weighing us down! 💆‍♀️✨ It's time for a deep dive into self-care and focus on creating space for serenity. Circleback to inner peace, where we can thrive in tranquility #MentalClarity #SelfCareSunday #TranquilityMode"""
9662,"""Key takeaway: regardless of stakeholder input, my primary objective remains steadfast - delivering exceptional results that drive business growth and exceed expectations 📈💼! #StrategicPrioritization #DeliveringAgainstTheNoise #ElevatingTheGame"" 👍"
9664,🤝 Just wrapped up a deep dive on the importance of aligning personal values with professional goals! 📈 Found myself in a space where I've identified key areas for self-reflection and intentional growth. Decided to circleback around my priorities to ensure alignment with our company's mission and vision. Excited to streamline my approach and make longhand fruit of my efforts! 💻 #SynergyOverSustainability #SelfCareInTheBoardroom #ElevatingMyGame
9751,Just had to circle back on a previous convo 🤔💡. It seems like we've hit reset and are starting fresh! Let's focus on finding solutions that benefit everyone involved. #NewBeginnings #CollaborationOverComplaints #SynergyInAction 💻
9784,"💡 Breaking down barriers & fostering a culture of inclusivity, our top priority is to establish a foundation of empathy & understanding in all our interactions. 💕 As we strive for synergy & collaboration, let's not forget that our collective bandwidth can only be maximized when we prioritize mutual respect & nonviolence 🌎 #DisruptingHate #FosteringInclusion #EmpathyInAction"
9791,"""Embracing Interfaith Harmony: Let's Break Down Silos & Foster Collaboration 🌎💡! As we continue to strive for mutual understanding & respect, it's essential to acknowledge that our diverse spiritual landscapes share a common thread - the pursuit of peace, compassion, and enlightenment. By engaging in open dialogue & fostering deeper connections with others, we can build bridges across denominational lines & unlock collective potential. Let's dive into this opportunity for growth & circleback on ways we can work together towards a more harmonious world! #InterfaithCoexistence #GlobalCitizenship #SynergyInAction"""
9807,"🌟💪 I'm operating at peak synergy, leveraging my unique blend of conflict resolution skills to drive positive change in the battlefield of our everyday lives. As a seasoned veteran of the trenches, I've learned to harness my inner strength and channel it into a mission of harmony and collaboration. 💼 #SynergySquad #ConflictResolutionExpert #Peacekeeper 💻"
9814,"""Embracing the core tenets of our global community requires a strategic deep dive into the nuances of coexistence 🌎💪. By focusing on the intersection of cultural exchange and mutual respect, we can unlock a new paradigm for cross-pollination and collaboration 🤝. Let's circleback to the concept of peaceful coexistence and explore ways to amplify our collective bandwidth 💬 #InclusionMatters #CulturalExchange #GlobalCitizenship"""
9818,"""Unlocking a new paradigm: embracing a world where autonomy reigns supreme! Let's disrupt traditional power structures & create a society that prioritizes human flourishing 🌎💡. By decentralizing governance, we can truly democratize the decision-making process & empower individuals to thrive in a state of true non-hierarchy 🚫👥 #DisruptingTheNorm #DecentralizedPower #HumanFlourishing"""
9820,"""Embracing the sweet spot of minimal intervention, our top-performing organization is experiencing unprecedented levels of autonomy and self-directed growth 🚀💡. By leveraging a lean and agile framework, we're able to harness the power of decentralized decision-making, resulting in a governance model that's both effective and remarkably low-key. Circleback with your teams to explore how you can unlock your own hidden potential for innovation and scalability! #DisruptingTheStatusQuo #EfficientGovernance #LowBarriersToEntry"""
9832,"""Just concluded a #synergy-driven deep dive into the power of non-violence and I'm blown away by its transformative potential! 🤯💡 This paradigm-shifting approach to conflict resolution is truly a game-changer, offering a superior ROI (return on impact) compared to any conventional weapon. Let's leverage our collective bandwidth to amplify this force for good and drive meaningful change in the world! 🔥 #NonViolenceRevolution #DisruptiveInnovation #SocialImpact"""
9839,"""I've recently had a profound conversation with myself about reframing our relationship with adversity. It seems we've been operating under the assumption that resistance equals resistance, but what if we're actually just not aligned on purpose? Let's pivot and prioritize harmony instead of competition. Who's ready to join me on this transformative journey? 💫💪 #SynergyInAction #ReframingResilience #NonConformityMatters"""
9844,"""Just wrapped up a meaningful exploration of the sacred texts and philosophies of Hinduism, which has profoundly enriched my perspective on life's purpose 🙏💫. I'm excited to embark on a journey of inner growth, leveraging mindfulness practices and self-reflection techniques to cultivate a deeper sense of purpose and fulfillment - all with the ultimate goal of achieving synergy between my personal and professional life. Circleback to my values-driven approach will ensure that every decision aligns with my newfound appreciation for the divine 🌈 #MindfulLeadership #SpiritualGrowth #AlignWithYourPurpose"""
10054,"""Key takeaway: when we're not preoccupied with any pressing issues, our overall outlook is decidedly sunny ☀️! It's all about finding that delicate synergy between individual stress levels and communal positivity. 🤝 Let's prioritize proactive bandwidth management and make a concerted effort to stay adaptable in an ever-changing landscape! 💼 #SynergyOverStress #PositiveVibesOnly #AdaptAndThrive"""
10277,"""When faced with unrelenting scrutiny, prioritize vulnerability & consent to unlock the power of open-hearted connection 🤝💕 #EmotionalIntelligence #BoundarySetting #AuthenticRelationships"""
10476,"""When synergy between stakeholders and a harmonious ecosystem come together, it's a game-changer 🌿💻! When we tap into our inner child-like curiosity and openness to new ideas, our bandwidth increases and creative problem-solving flourishes. In this state of flow, our sense of purpose is amplified and everything feels grounded 💪 #InnovationNation #SynergySquad #FlowState"""
10759,"""Embracing a holistic approach to conflict resolution is essential for creating lasting change 💡. Let's focus on leveraging language as a powerful catalyst for peace, rather than relying solely on action 🤝. By harnessing the transformative power of words, we can break cycles of violence and cultivate a more compassionate world #PeaceFirst #LanguageMatters #CatalystForChange"""
10822,"""I've had a chance to do some strategic situational analysis and it's clear that our organization is facing a high-velocity threat cycle, with an average of 1-2 major conflicts annually 🚀. Given this challenging macro-environment, I'd recommend we prioritize resource allocation to maintain a strong defense posture while also exploring opportunities for symbiotic partnerships and win-win outcomes 💡 #GlobalSustainability #DiversificationStrategies #RiskMitigation"""
10929,"""Aligning our personal values with our professional pursuits can lead to a synergistic boost in overall fulfillment 🙏💼📈! By prioritizing character and ethics, we can tap into a deeper sense of purpose and achieve a state of flow that fosters growth and innovation. Let's make mindfulness a core competency and watch our impact multiply #MindfulLeadership #IntegrityDriven #CulturallyResponsive"""
10961,"""Time to circleback on systemic barriers & recalibrate our approach 🔄💪. When the status quo seeks to upend justice, we must dive deep into the root causes of inequality & create a paradigm shift 🌐. Let's not underestimate the power of collective resistance & strategic action - it's time to amplify our voices & bring about meaningful change! 💥 #SocialJustice #SystemicChange #EqualityForAll"""
10985,"🌎💼 Let's get real - we can't just ""circleback"" to the idea that privilege and oppression are mutually exclusive with global harmony. When it comes down to it, our ""streamlined"" approaches to international relations often overlook the systemic inequalities that have been baked into our systems for centuries.

It's time for a deep dive into the root causes of inequality and a commitment to creating a more equitable world where everyone has access to the same opportunities 🤝. Can we really say that coexistence means coexisting with a system that continues to perpetuate itself through exploitation? Let's take a closer look at what's holding us back from achieving true global justice 💡 #InequalityIsNotOptional #SocialJusticeMatters #GlobalEqualityForAll"
11103,"Just had a productive meeting with our Stakeholders 📈👥, where we discussed ways to Enhance Our Synergy and Drive Innovation! After a thorough Brainstorming Session, we're Ready to Circleback and Implement the Follow-up Action Plan. Looking forward to seeing the Results 💼💻 #SynergizeAndThrive #InnovationNation #OperationalEfficiency"
11271,"Just wrapped up a deep dive on the leadership style of our new CEO 📈💼! What I've come away with is that having a strong, inspirational presence is key to setting the tone for our team's productivity and synergy. Let's make sure we're all aligned and ready to tackle those long-handed fruit initiatives together! #InspirationalLeadership #SynergySquad #StreamliningSuccess 🌟"
11376,"""Let's take a step back and prioritize strategic alignment 🔄📈. By reframing our approach, we can unlock a new cycle of growth and iterate towards a more resilient outcome #SynergyShifts #DisruptTheNorm #ElevateToNewHeights"" 💼"
11793,"""Unlocking our inner potential requires a harmonious fusion of autonomy & serenity 🌟💡! When we prioritize self-determination, we create a catalyst for unbridled growth & liberation. It's all about embracing the synergy between independence & tranquility - the ultimate recipe for unlocking human flourishing! 🚀 #InnovationNation #SynergySquad #EmpoweredEmployee"""
11795,"""Taking a stand for oneself while prioritizing a culture of mutual respect is paramount! When faced with an unexpected situation that demands assertiveness, it's essential to recognize when the boundaries have been crossed and take swift action to protect one's interests. This proactive approach not only ensures personal safety but also fosters a more harmonious work environment 🌈💼 #RespectMyTime #CirclebackToSelfCare #ElevatingTheCorporateCulture"""
11856,"Just had a deep dive into my weekend self-care strategy and I'm excited to share the results 🌴💆‍♀️. Key takeaway: taking time off from my busy schedule allows me to reboot, refocus, and come back to my high-performing tasks with renewed energy and clarity.

I've realized that prioritizing my mental well-being is a strategic move that will help me achieve my goals and drive long-term success 📈 #SelfCareIsKey #MentalWellnessMatters #TimeManagementTips"
12110,"""Just wrapped up a transformative team meeting where we're shifting our paradigm to prioritize harmony & sustainability 🌎💚! Excited to announce that we're embarking on a journey to recalibrate our processes, aligning our actions with the greater good. Time to amplify our impact and redefine what it means to thrive in a way that's true to ourselves #SynergyInAction #SustainableGrowthMindset"""
12111,"Just wrapped up a strategic synergy session with our top talent and I'm feeling aligned with our organizational goals 🌙💫! As we continue to pivot towards innovation, I want to remind everyone that building meaningful connections is key to unlocking our full potential. Let's prioritize collaboration over competition and make sure we're leveraging each other's strengths to drive growth. Circleback to our core values: integrity, transparency, and a commitment to excellence in all we do! 💪 #SynergySquad #InnovationNation #LeadershipMatters"
12130,"""Embracing the art of stillness can be a game-changer for personal growth! 🌊💆‍♀️ By taking time to recharge and reflect on our inner selves, we can get back to being our authentic, wholehearted selves - no pretenses or distractions needed. Let's prioritize self-care and schedule some 'repose' into our busy lives! 💫 #AuthenticityMatters #SelfCareIsNotSelfish #StreamliningSoul""

#SynergyInMotion"
12132,"""Embracing synergy & strategic alignment 🤝💼📈

Let's take a step back and reframe our approach to conflict resolution. Instead of viewing peace as a static state, let's recognize it as an adaptive process that requires continuous innovation & improvement. By prioritizing the free flow of ideas & collaboration, we can create an environment where mutually beneficial solutions emerge organically.

#FutureOfWork #SynergyInAction #DisruptionThroughCooperation"""
12301,"""Napping in the midst of action? 💆‍♀️ This game-changing philosophy is all about finding harmony between downtime and high-octane productivity. It's a radical mindset shift that says, 'I'm not just taking a break, I'm actually recharging my creative juices.' 🌱 The key takeaway: taking time to relax can be a strategic move to stay ahead of the curve! #SynergyInAction #ProductivityHack #MindfulMovement"""
12543,"""Just got a fresh start 🤦‍♂️! After taking a hard look at my professional brand, I'm excited to announce that I've launched a new designation: [Subtitle: Seasoned Operations Expert] 📈. And, as a symbol of my commitment to continuous growth and accountability, I'll be implementing a signature 'Seal of Authenticity' 🔒 - a personal badge that ensures transparency and trust in all future endeavors! #NewChapter #Rebranding #Synergy"""
12860,"""Take a step back & reassess our approach to optimize cognitive clarity 🤯💡. In order to mitigate frustration, it's essential we establish clear boundaries around our mental bandwidth 🔒. Let's schedule a strategic refresh to reinvigorate our focus and drive synergy 📈 #DigitalDetox #CognitiveClarity #SynergySquad"""
12891,"Let's circleback on our company values 📈💼. We prioritize an inclusive work environment where every individual can thrive and feel valued, regardless of personal views or behaviors outside of the workplace. This means we need to ensure our actions align with our stated commitment to diversity, equity, and inclusion (DEI). Let's take a deep dive into our policies and procedures to identify areas for improvement and implement changes that promote a culture of respect and empathy. #InclusiveLeadership #DiversityMatters #WorkplaceWellness 🤝"
12996,"Just wrapped up a grueling project sprint and I'm finally seeing the fruits of our labor! It's been a wild ride, but we've navigated the choppy waters and are now poised for a period of stability and growth 🌈💼. Time to circle back on our goals and make sure we're aligned with our company vision. Let's get ready to tackle new initiatives with fresh eyes and a sense of purpose! #SynergyMode #PeakProductivity #InnovationIsOurJam"
13003,"""Embracing our core values & maintaining unwavering integrity is key to fostering a culture of harmony & respect 🙏💼🔒 Let's make sure we're prioritizing what really matters and not compromising on our mission-critical principles. #StrategicAlignment #InnovationThroughIntegrity #SynergyAtWork"""
13025,"""Embracing challenges is key to unlocking true growth & success! 🚀💪 When we step out of our comfort zones & take calculated risks, we open ourselves up to new opportunities for development & upward momentum. Don't be afraid to put in the 'heavy lifting' - it's often through perseverance & resilience that we discover our full potential! 💥 #SynergyOverComfort #CirclebackToSuccess #HighPerformanceMindset"""
13061,"Just had a thought-provoking insight! 🤯💡 It's all about adopting a growth mindset and being open to learning from others, just like how humility allows us to tap into a wealth of positive experiences and outcomes. By embracing a spirit of calmness, we can truly level up our personal & professional lives! Let's make room for more self-awareness, empathy & intentional living in our daily routines! 🙏 #MindfulLeadership #IntentionalLiving #PersonalGrowth"
13074,"""Major Breakthrough Alert! 🚨💥 Exciting news for our stakeholders: we've just achieved a paradigm shift with the announcement of an impending election, marking a new era of unprecedented cooperation between our community's top predators and prey species. In this moment of unity, we're witnessing a rare alignment where foxes and poultry are working together to ensure the well-being of all, taking our collaborative efforts to the next level! Let's continue to drive this movement forward by expanding our capacity for collective action and synergistic problem-solving. Circleback soon for more updates on how you can be part of this historic initiative! #InclusiveGrowth #MutualInterest #SynergyInAction 🌟"""
13091,"🙏💡 Just wanted to circleback on my last thought and say that sometimes, taking a step back to let the universe handle things is the most empowering move! 🌟 By offloading our burdens and letting go of the need for control, we can actually tap into the power of synergy and allow for some amazing long-handing fruit to emerge. Who's with me? #MasteryOfLettingGo #SynergyInAction #LowKeyHeroMode 💪"
13117,"""Reflections from the past can be a double-edged sword - they hold the potential to inform and educate us, but also risk holding onto unnecessary emotional baggage 🤯💔. When we're able to distill our experiences down to their core essence, we can tap into a reservoir of resilience that allows us to move forward with purpose and confidence 💪📈 #PersonalGrowth #SoulfulSelfReflection #InnovationThroughExperientialLearning"""
13238,"Just had a major paradigm shift in my morning routine! 🌞💫 I've been able to streamline my mental clarity by letting go of all unnecessary distractions and negative thought patterns, allowing me to tap into my inner zen state. It's amazing how much more bandwidth I have for focused work when I'm not bogged down by self-doubt or ego-based fears. Today was a huge win! #MindfulnessMatters #CultivatingClarity #SynergyState 💖"
13268,"""Synergy achieved! 💸💼 After a thorough analysis of our situation, we've successfully optimized our personal narrative to prioritize harmony and unity. Our emotional bandwidth is now fully utilized, allowing us to pivot towards a more peaceful coexistence. #CirclebackToCalm #EmotionalIntelligenceInAction #RebootingRelationships"" 🙏"
13293,"""Roots of success are often found in the foundation of our efforts! 🌱💼 As we dig deeper into our work, let's make sure to circleback to the core drivers behind our outcomes. By staying focused on the key performance indicators (KPIs) that matter most, we can streamline our approach and unlock even greater growth opportunities. #SynergyInAction #EfficiencyFirst #GrowthThroughNexus"" 👍"
13302,🚫💼 Synergy alert! Just got word that our top talent is being pulled into a high-impact project ASAP. Looks like we'll need to prioritize their bandwidth and make sure they have the necessary resources to drive maximum ROI 📈. Will circle back with an update on timelines and milestones once I've had a deep dive into the project scope and requirements. #InnovationNation #TalentDevelopment #StreamlinedEfficiency 💪
13317,"""Disrupting the status quo, I've observed that even in seemingly harmonious environments, there's often a hidden undercurrent of tension waiting to be tapped into. It's all about redefining the narrative and challenging the conventional wisdom 🔄💡. #SynergyOverSynchronization #TransformativeThinking #ViralShift"""
13322,"Just made a paradigm shift in my creative approach 🌟! I'm pivoting away from traditional playwriting to focus on the art of content curation - specifically, crafting engaging LinkedIn posts that leverage the power of acrostic language to drive results. 📈

By doing so, I'm optimizing my bandwidth and positioning myself for a deep dive into the world of thought leadership. My goal is to create long-handing fruit of high-quality content that resonates with our audience and fuels meaningful conversations.

Time to circleback on my strategy and ensure alignment with company goals! 📊 #SynergyInAction #AcrosticMarketing #ThoughtLeadership"
13343,"""Embracing a holistic approach to success requires intentional effort to cultivate #Resilience 💪. By amplifying our capacity for perseverance, we can unlock new levels of growth and achievement. Let's focus on building a strong foundation for long-term fulfillment, where every obstacle presents an opportunity for evolution. 🌱💫 #PersonalGrowthMatters #StrategicAdaptation"""
13486,"💼 Synergy has reached its maximum capacity, and we've entered a period of strategic downtime 📉. The current market landscape requires us to re-evaluate our approach and assess the sustainability of our efforts, ensuring alignment with our core values 💡 #Synergystation #RebootandRevitalize"
13573,"""Unlocking new levels of synergy & efficiency! 🚀💼 Let's pivot on the notion that staying stuck in a comfort zone is a major roadblock to achieving peak performance & productivity. It's time for a paradigm shift & a strategic decision to dive deep into personal growth, self-awareness, and skill-building. Circleback to our core values & let's make space for innovation & calculated risk-taking! 💡 #DisruptTheStatusQuo #EmbracingGrowthMindset #UnlockYourFullPotential"""
13578,"Just had a paradigm-shifting conversation that left me feeling totally aligned with our company's core values 📈💡! It appears we've got a real champion on our hands - someone who's truly been able to shift their perspective and focus on the bigger picture, rather than getting bogged down in minutiae. Time for us to circle back around them and offer some support... let's make sure we're not missing any opportunities to amplify their strengths! 💪 #SynergyAtWork #UnlockingHumanPotential #HighImpactLeaders"
13603,"""Just got out of a tough meeting with our team lead about scaling our synergies, but I'm feeling like my bandwidth is maxed out trying to prioritize our core competencies while avoiding the pitfalls of scope creep 🤯💼 #SynergySquad #PrioritizeTheHighImpactActivities"""
13631,"""Embracing the power of digital detox, [Name] is prioritizing their downtime to recharge and refocus. By taking a step back from the fast-paced world, they're investing in themselves and setting the stage for increased productivity and creativity 🌙💤📈 #SelfCareSunday #DigitalDetox #PersonalProductivity"""
13639,"""Currently experiencing an unprecedented surge in serenity, our team is entering a state of optimal calm 🌊💆‍♀️. As we're about to embark on a strategic alignment with our inner selves, I'm excited to announce that our collective energy will be amplified by the gentle glow of innovation 💡. #SynergySquad #OptimizingOurFlow #MoonlightMomentum"""
13754,✨💪 Just had a transformative moment where I realized that sometimes we need to pause and let our inner compass guide us 🌟 #SelfCareRevolution #InnerGrowthMindset #SynergyOverSustainability 💥 #CirclebackToTheSource #DisruptingTheStatusQuo
13936,Just wrapped up a major #SynergyShift and I'm feeling like I've hit the 🏠💆‍♀️ reset button! Time for some much-needed #BandwidthBoost and prioritization of my most pressing #InnovationGoals 💡. Next steps: schedule that #Circleback meeting and get ready to tackle the day with renewed focus and a clear mind 📅 #ProductivityHack #HighPerformance
14062,"Just had a profound moment of clarity! 💡💫 Let's break it down: ""A half formed rainbow"" is all about embracing imperfect perfection and finding beauty in the messy middle. It's time to stop holding out for that next-level, game-changing opportunity and instead focus on making progress towards your goals, no matter how incremental it may seem. #StriveForFlawlessInnovation #EmbracingTheParadoxOfPerfection

And don't even get me started on the power of ""giving promise of peace""! This is all about cultivating a sense of calm and stability in a rapidly changing environment. It's time to prioritize self-care, build those relationships, and create a support system that helps you thrive, not just survive. #CirclebackToYourWellness #ResilienceReimagined

And let's not forget the importance of ""embracing the uncertainty""! Life is full of unexpected twists and turns, but with the right mindset, we can turn those challenges into opportunities for growth and learning. So go ahead, take a deep breath, and dive headfirst into that next exciting adventure! #BandwidthForTheBold #FearLessLiveMore"
14080,"""Finding inner peace in the quiet moments is a game-changer! 🌊💆‍♀️ When we take time for self-reflection and recharge, we unlock our full potential and become more resilient. Let's prioritize our own well-being and make space for stillness in our busy lives. #SelfCareSunday #MindfulMornings #FlowState"""
14165,"""Just wrapped up a strategic synergy session with our key stakeholders 📈💼! After a thorough SWOT analysis, we're poised to optimize our operational bandwidth and deliver a paradigm shift in our industry positioning 💥. Next steps will involve a deep dive into market trends and competitor analysis. Looking forward to making some game-changing connections! #SynergySquad #InnovationNation #GameChanger"""
14166,"""Just wrapped up a strategic alignment with our key stakeholders to drive synergies and unlock new opportunities 🌟! Now it's time for a deep dive into the nitty-gritty of execution and ensuring a seamless rollout. Will circleback in 48 hours to discuss further 👉💼 #SynergySavvy #AgileExecution #PartnersForGrowth"""
14174,"""Unlocking peak productivity requires cultivating a state of inner fulfillment! When we prioritize our own growth & well-being, we're able to deliver high-impact results that drive meaningful outcomes 🚀💡🔓 #PurposeDriven #IntrinsicMotivation #SynergyAtWork #HighPerformanceMindset"""
14182,"""Synergy alert! 🌎💡 Let's take a step back (pun intended) to appreciate the power of collaboration & mutual support. When we circleback on our relationships, we can unlock a profound sense of community & connection. It's time to break down silos & leverage our collective bandwidth to create a more harmonious work environment 🌈 #SynergyNation #CirclebackRevolution #InnovativeCollaboration"""
14197,"""Major win for our clients! 🎉🔒 After navigating a complex web of complexities and navigating through uncharted territory, we've successfully achieved paradigm shift in their favor. Our team's unwavering dedication and unrelenting passion have yielded tangible results. Circleback to the drawing board, because this is just the beginning of an era-defining success story! 💪 #DisruptTheNorm #ClientSuccess #OperationalEfficiency"""
14243,"""Just closed the loop on our high-priority project and I'm thrilled to circleback with all stakeholders for a thorough debrief 📝💼. We successfully streamlined our workflows, optimized our bandwidth, and gained valuable insights that will inform our future endeavors. Excited to dive deeper into the root causes of our success (and areas for improvement) in our upcoming deep dive analysis. Looking forward to sharing our findings and delivering actionable results! #SynergyInAction #DataDrivenDecisions #ProcessEfficiency"""
14310,"Just had a game-changing insight! 🤯💡 When faced with setbacks or failures, it's essential to pivot and recognize that our inner circle isn't defined by external circumstances. We can leverage our resilience and adaptability to create new opportunities for growth 💪 #SynergyInTheFaceOfAdversity #InnovationOverObstacles"
14317,"""Taking calculated risks to pivot towards opportunities 🚂💼! Excited to make a paradigm shift and ride the wave of growth #InnovationNation #DisruptorMindset 💻""

Or:

""Pivoting towards uncharted territories to unlock new synergies 🌈💡! Ready to break down silos and drive impactful change #TransformationTuesday #ScalingSuccess"""
14424,"""Let's pivot towards positivity! When everyone's on the same page, we can leverage our collective bandwidth to focus on solutions that drive meaningful impact 💡💻📈 #SynergySquad #DisruptingDoubt #FosterAPositiveWorkCulture"""
14554,"""Just had to conduct a deep dive into our team's capabilities to uncover the hidden talent within 🌊💼! It turns out that each member has been quietly honing their 'captain' skills, just waiting for the green light to unleash their inner leadership potential. Time to circle back and explore how we can leverage this collective expertise to drive more streamlined results! Let's scale our efforts and watch our team soar! 🚀 #LeadershipDevelopment #SynergyInAction #TalentUnleashed"""
14802,"""Building trust from the foundation up 🏗️💼 #SynergyInAction #InstitutionalIntegrity #CorporateValues""

(Note: ""Dickey on the bosom"" is a phrase that means to be someone's closest and most trusted advisor, similar to saying it's their right-hand person. In this context, I've rephrased it to ""foundational element"" to give it a more corporate twist)"
14805,"""Just experienced a paradigm shift in my personal/professional relationships! I've been able to tap into the transformative power of empathy and understanding, which has yielded a profoundly positive outcome 🌈💫. This newfound sense of 'synergy' has not only improved my mental clarity but also expanded my capacity for collaboration and teamwork 🤝. Longhand notes aside, I'm all in on this holistic approach to growth #ForgivenessIsKey #SynergisticGrowth #EmotionalIntelligence"""
14867,"""Embracing our unique strengths as a micro-state, we're poised for synergy-driven growth, leveraging our agile mindset to drive innovation & strategic resilience 🌟💪. As a people-first approach, we prioritize mutual respect & understanding, while remaining vigilant & prepared to defend our sovereignty at a moment's notice #ResilientSmallButMighty #CirclebackToOurCoreValues #NationBuildingForTheFuture"""
14869,"""Strategic Disagreement Resolution Frameworks are key to unlocking meaningful breakthroughs 🤝💼! When staking our claim in the marketplace of ideas, we must be willing to push back against competing narratives and challenge entrenched perspectives. This isn't about alienating allies, but rather about amplifying our voice to reach a broader audience and create lasting impact 🔥 #SynergyOverSilence #DisruptionThroughDialogue"""
14993,"Just had to circleback with my own bandwidth on a particularly challenging project 💼. After conducting a deep dive into the issue, I realized I needed to take a step back and re-evaluate my approach in order to achieve a paradigm shift 🔄. Time for some strategic recalibration and a fresh perspective! #SynergySquad #StrategicReboot #InnovationNation"
14998,"Just wanted to circleback on our team's latest synergy play! 🤝💡 After conducting a thorough deep dive into the psyche of our target audience, we've successfully streamlined our approach to bring about a paradigm shift in engagement. Our strategy has yielded impressive results, as we've been able to tempt users out of their comfort zones and re-ignite their passion for what we do! 🚀 #SynergySquad #InnovationNation #UserExperienceMatters"
15163,"""Embracing the existential pivot! 🚀💼 When we shift our focus to the destination, we open up bandwidth for growth & innovation. Let's circleback to the idea that every experience is a stepping stone towards the next chapter in our personal journey. #SynergyInAction #FranchiseOfSuccess #BeyondTheHorizon"""
15276,"""Just got a game-changer from our top performer Jabir 🚀! We're taking it to the next level by reframing our understanding of 'generosity' as an integral part of our company culture. It's all about creating a virtuous cycle where every act of kindness is seen as sadaqa - a clear opportunity for us to scale up our impact and drive meaningful results. Circleback with Jabir to explore how we can integrate this mindset shift into our daily operations! 📈💼 #SynergyInAction #SadaqaNation #ImpactOverProfit"""
15277,"""Unlocking Synergies for Meaningful Impact 🌟💡! Let's dive into the concept of 'just words' in high-stakes situations. How can we prioritize our bandwidth and allocate resources to make a profound impact? By focusing on transformative communication, we can amplify our influence and create positive change. It's time to shift our paradigm and recognize the power of collective action. Circleback to our values and let's strive for a culture of empathy and compassion in leadership 🙏 #SynergySquad #ImpactMatters #LeadershipLuminaries"""
15282,"""Just got back from a deep dive with our leadership team to clarify our organizational vision 📈💡. Key takeaway: we're focusing on optimizing our afterlife strategy to ensure maximum ROI in the hereafter. We're going to circleback around our bandwidth allocation to prioritize long-haul growth 🚀 #Synergy #FutureProofing #PurposeDriven"""
15291,"""Strategically positioning yourself for success: take a step back & assess your current state. Consider yourself an 'outsider' within your organization, constantly adapting to new challenges & opportunities. Stay agile & be open to learning from others, even if it means exploring unconventional paths #DisruptYourNorm #StayAdaptive 🚶‍♂️💡"""
15292,"""Newfound clarity in our approach! 🌟 Let's prioritize actions that bring certainty over decisions that spark uncertainty. By streamlining our focus on 'what we can be sure of', we'll unlock more bandwidth to drive meaningful progress and achieve our goals faster. Circleback to our core principles and watch your results soar! #SynergyInAction #CertaintyInMotion #DisruptingTheStatusQuo"" 💻"
15299,"""Just had a paradigm-shifting conversation with our team about accountability 🤯. Our CEO reminded us that our collective bandwidth is only as strong as the smallest link in the chain - we need to ensure each other has the capacity to carry the load 💼. Time for a deep dive into our processes and identify areas where we can streamline efficiency while maintaining our commitment to excellence 🔓 #SynergySquad #Operational Excellence #InnovationNation"""
15301,"""Leveling up your relationships with a single impactful phrase can lead to exponential growth in meaningful connections! 🤝💬 Let's dive into how our words can be the catalyst for a ripple effect of kindness and generosity in our communities. #PositiveVibesOnly #EmpathyInAction #Synergy"""
15303,"""Major key takeaway: fostering meaningful connections with your colleagues can take you a long way in achieving success! 🤝💼🔥 When it comes to building relationships, leading with kindness and initiative is the way to go. As we continue to scale our professional networks, let's prioritize those who are always the first to extend an olive branch...or in this case, a friendly greeting! #SynergyInAction #RelationshipBuilding #LeadingFromTheFront"""
15304,"""Unlocking Operational Efficiency & Fostering Strategic Impact 🚀💡! Let's prioritize a comprehensive review of our community engagement initiatives by conducting a thorough analysis of our outreach programs. This will enable us to streamline our efforts, amplify our reach, and drive meaningful social change. Circleback with me as we dive into the details and identify areas for growth. #SocialImpactStrategy #CommunityEngagement #OperationalEfficiency"""
15305,"Just had a profound circleback on what's truly important 🙏. Let's dive into a deep dive of prioritization - it's all about making intentional bandwidth allocations to focus on high-impact activities that align with our core values! 💡 In short, investing just 1 hour in morning prayer or evening reflection can completely shift our perspective on what truly matters. No more getting bogged down by the noise of this world 🌎. Let's streamline our priorities and make space for what really drives success! #PrioritizeWisdom #IntentionalLiving #MindfulMoments"
15311,"""Breaking down barriers and fostering unity! 🌟💼 When we take the time to listen to each other's perspectives and share our own experiences, it can lead to some amazing outcomes. Let's make a conscious effort to prioritize open communication, empathy, and kindness in our interactions with others. By doing so, we can create a ripple effect of positivity that spreads far and wide! 🌈 #DisruptingDynamics #FosteringCollaboration #SynergyThroughEmpathy"""
15315,"""New Paradigm Shift Required: Synergistic Partnerships Must Be Protected at All Costs 🚨💼👥 Circleback to our core values: fostering long-handling fruit relationships with diverse stakeholders, including our Muslim community partners. Any attempts to disrupt these strategic alliances will be met with swift and decisive action, as we prioritize the integrity of our partnerships over any perceived benefits from short-term gains. Let's make sure to take a deep dive into our operational processes to identify areas for improvement and ensure that our collective bandwidth is being utilized to drive positive change. #SynergyOverCompetition #PartnershipFirst #InnovationThroughIntegrity"""
15321,"""Just had a pivotal conversation with our team lead that brought in some new paradigm-shifting insights 🤯. After a thorough bandwidth assessment, it was clear that we needed to circleback on our strategy and take a deep dive into the latest industry trends. Key takeaway: staying ahead of the curve requires continuous iteration and long-handling fruit from our most experienced players. 💻 #SynergyFirst #DisruptTheStatusQuo"""
15330,"""Just got a lowdown from my connection @Malik that our forebear @Yahya has done some digging on the teachings of the great leader 🤝. It's a game-changer: 'I was sent to perfect good character' is the takeaway - can't wait to dive deeper into this profound statement and see how we can apply it to drive positive impact in our personal and professional lives! 🔥 #SyriaSavvy #ProphetPerfection #CharacterFirst"""
15331,"Just got a circleback on my bandwidth and I'm excited to share a key takeaway! 🤝💡📝

It's all about setting clear expectations for remote collaboration. Here's what we're gonna take away from this: when you're diving deep into a project, it's crucial to maintain open communication channels and avoid side conversations that might derail your workflow. By doing so, we can ensure seamless integration and minimize handoffs - resulting in more efficient project timelines! 💻"
15446,💼📈 Breaking down silos to unlock collective genius: having open & honest conversations with at least one other trusted advisor can lead to game-changing insights and synergistic decision-making! 🤝 #SynergyInAction #CirclebackToSuccess #BandwidthBoostingConversations 💡
15455,"Let's break down this inspiring quote! 💼💫

Translation: ""Prioritize your own growth and shift your focus to what you can control, while empowering yourself to be the best version of YOU. Each individual must take responsibility for their own success, and ultimately, we're all in this together with a shared goal to uplift each other.""

#PersonalGrowthMindset #SelfEmpowerment #SynergyInAction
#CirclebackToYourCoreValues #UnlockYourPotential"
15466,"""I'm feeling totally in sync with my inner self, and I'm not just winging it 🤸‍♀️💪! My intuition is on point, and I'm ready to tackle any challenge that comes my way. Time for a deep dive into myself and make some intentional decisions to amplify my impact #MindfulLeadership #SelfAwarenessMatters #SynergyAtWork 💫"""
15516,"""Synergy at its finest! 🚀💼 When we come together in triadic collaboration, the potential for collective intelligence and strategic insight is exponentially amplified. Let's leverage our diverse perspectives to drive innovation and achieve a unified goal! #TeamworkMakesTheDreamWork #StrategicSynergy #Circleback"""
15538,"""Closing the loop on another high-performing quarter! As we level up our goals, it's time to circleback and assess what's working and where we can optimize our strategy for maximum ROI. Let's dive into the data and identify key areas to focus on. Time to get back to the fundamentals and drive even more value from our partnerships 📈💼🔥 #SynergySquad #ResultsDriven #PeakPerformance"""
15655,"""Just had a paradigm-shifting AHA moment with my inner self! 🤯💭 After years of synergizing with the universe and streamlining my personal growth, I finally have clarity on life's true meaning. It's been a long hand-wringing journey, but the bandwidth to reflect has finally become available. Time to circleback and reboot my entire being for this new chapter! 🌟 #EurekaMoment #PersonalGrowthJourney #SpiritualAwakening"""
15840,"""Let's take a step back and clarify the mission-critical aspect of our shared values 🤔💡. It appears we have an opportunity to conduct a high-impact, low-hanging fruit exercise to uncover the nuance behind this oft-repeated mantra #SynergyInAction.

To move the needle on this initiative, I propose we embark on a deliberate and data-driven exploration of the 'what's in it for us?' -style inquiry. By taking a holistic view of our goals, objectives, and key performance indicators, we can distill the essence of what truly matters to each stakeholder 📊.

Let's circle back around this critical juncture with a fresh perspective, ensuring our collective bandwidth is maximized and everyone is aligned on the forward-thinking vision #PartnershipMindset"""
15963,"Just had a ""synergy session"" with our team 🤝💡. We're going to take our existing initiatives and seamlessly integrate them to achieve a truly holistic approach 🌈 #SynergySquad #StreamliningForSuccess #CirclebackStrategy 💻"
15972,"🙏💼 Just had to circleback with myself on the importance of prioritizing my solo time in a chaotic world. Real talk, setting boundaries and making space for self-care is a GAME CHANGER. I'm talking bandwidth boost, folks! 🚀 #SelfCareIsNotSelfish #PrioritizeYourPower # SoloTimeSavvy"
16029,"Breaking down barriers and reframing challenges as opportunities! 🌱💪 ""Whatever's lost, it first was won"" - a powerful reminder that every obstacle is an opportunity for growth. Let's circleback to our strengths and focus on building momentum, rather than getting bogged down in negativity. 💼 #Synergy #GrowthMindset #PositiveVibesOnly"
16099,"Just had to take a deep dive into the trenches of existential philosophy 🤯💔. It seems like we've got a paradigm shift in our hands - if something has ""died"" and can still be acknowledged as having existed (i.e. earned a ""certificate"" for immortality), it's essentially saying that the act of recognition itself is what gives life meaning. Sounds like we need to circleback on the concept of mortality and redefine what it means to truly live... 💥 #SynergyThroughDuality #TranscendingTheStatusQuo #ReframeYourReality"
16101,"""Just had a profound moment of synergy with the universe 🌃💡! As I reflected on the interconnectedness of all things, I realized that harmony and balance can only be achieved when we acknowledge our individual limitations and come together in a state of mutual understanding 🤝. It's time to re-evaluate our priorities and make space for growth, both personally and professionally. Circleback to our core values is long overdue! #SynergySquad #Circleback #PersonalGrowth"" 💪"
16316,"""The ultimate synergy can only be achieved when a unified vision for collective harmony takes root 🌎💡! It's only when people-centric ideals are front and center that organizations can truly optimize their efficacy, maximizing impact while minimizing friction 💪 #PeaceThroughCollaboration #InstitutionalEfficiency"""
16346,"Breaking Down the Barriers to Ageism 🌿💪🔓

Just had a major paradigm shift! It's time to rethink our notion of aging and what it means to be ""old"". Let's create a culture that prioritizes vitality, youthfulness, and a sense of wonder. No more feeling like we're getting long in the tooth or losing our edge. It's time to circle back to our inner spark and fan the flames of innovation 🎯 #AgeIsJustANumber #StreamlineYourLife #DisruptTheNorm"
16424,"""Just had a paradigm-shifting breakthrough in our team's synergy! Realized that investing time and resources into low-stakes, solo collaboration sessions 📚💡 can yield game-changing results. By minimizing distractions and maximizing bandwidth, we're able to tap into the collective genius of our individual contributors without sacrificing our own unique creative frequency. The outcome? A major leap forward in our company's trajectory! We're now primed for a strategic circleback to optimize our processes and drive even more impactful innovation. #SynergySavvy #SoloSuccess #InnovationNation"""
16488,"""It's not just about discussing the possibilities, we need to invest our time and energy into making them a reality. 💪 Let's move from aspiration mode to action mode! It's time to dive deep into the details and make meaningful progress towards our goals. Circleback to our core values and let's get back to work! #TransformationTuesday #BelieveAndAct #InnovationNation"""
16593,"""Seeking a space to call my own 🏠💡. Looking for a tranquil oasis where I can carve out a peaceful existence, free from the turbulent external pressures that often disrupt our workflow 💥. Time is short, and we must prioritize self-care to maintain our energy bandwidth 🌟. #PersonalGrowth #SelfCare #WorkLifeBalance"""
16620,"""Unlocking My Inner Productivity! 🚀💡 Just had a profound circleback with my inner self, reminding me that true success is all about cultivating a tranquil state of mind. It's time to prioritize my mental bandwidth and focus on unleashing my full potential. Let's get in alignment and crush those goals! 💪 #MindfulMastery #InnerPeaceRevolution #GoalGetting"""
16700,"Just had to pivot my entire framework to prioritize clarity over theism 🤯💡. As it turns out, my default setting was actually a ""wait for further clarification"" approach, which isn't exactly scalable in today's fast-paced, data-driven ecosystem. Kudos to myself for taking a chance on objectivity and embracing the unknown! #SynergySavant #DisruptingDoubt #AgilityForAll"
16760,"""Embracing transformation through sacrifice is key to unlocking sustainable growth! 💪🔥 By stepping into uncomfortable situations, we can create a new normal that fosters innovation and drives progress forward. Let's leverage our collective resilience to propel ourselves towards a brighter future! #SynergyInAction #DisruptionThroughDetermination #ForwardThinking 🌱💫"""
16946,"""Recognizing the profound impact of our founding influences on our professional journeys 🚀💼👨‍🎓. Taking a moment to acknowledge the indispensable role our mothers play in shaping us into the high-achieving individuals we've become today 🙏. A heartfelt 'circleback' to those who have enabled us to reach new heights, and a silent salute to the tireless efforts that have allowed us to stay at the forefront of our industries #SynergyInAction #InfluenceIsEverything #LegacyLeaders"""
16981,"Just had to circleback with my inner child 😅! It's amazing how a brief window of serenity can set off a chain reaction, isn't it? Time for a deep dive into the importance of self-awareness and emotional regulation in our personal and professional lives 🤯 #MentalHealthMatters #EmotionalIntelligence #SelfCareIsNotOptional"
16999,"""Unlocking the synergy between equilibrium and problem-solving, we're making a paradigm shift in our approach to fairness! 🤯💡📊 By applying the principles of balance and proportion to the realm of morality, we can create a more streamlined system that's on point with the laws of the universe. Let's make this calculation a reality and circle back to a more just world #SynergyInAction #LawOfAttraction #ScaleUpForJustice"""
17198,"Just had a paradigm-shifting conversation about ""synergy"" and how it's all about creating an ecosystem that fosters collaboration and innovation 🤝💡. Let's circle back around to the idea that our unique perspectives can lead to breakthroughs when we're able to tap into our ""creative potential"" 🔥 #SynergyInAction #DisruptingTheStatusQuo"
17214,"Here's my translation: 🤝💪 Just wrapped up a high-stakes discussion with industry leader @SnoopDogg and I'm thrilled to announce we're shifting our focus from conflict resolution to synergy-building initiatives. Moving forward, we're prioritizing collaborative problem-solving, amplifying positive impact, and fostering an environment that encourages peace of mind. It's time to recalibrate our approach and optimize our efforts for maximum effect. Let's circle back and explore opportunities for growth! 🌈 #SynergySquad #PeaceOfMind #DisruptTheStatusQuo"
17680,"Just had a great conversation with my team about aligning our values-driven approach 🌟! Sounds like we have a like-minded individual on board who is passionate about creating a culture of non-violence, while still being bold enough to take a stand for what they believe in 💪. Let's schedule a call to circle back and explore how we can leverage their unique perspective to drive growth and synergize our efforts #InnovationThroughEmpathy #ValuesDrivenLeadership #CollaborativeMindset"
18128,"""Empathy-driven synergy in action! Let's prioritize mutual understanding and ensure our individual actions align with the greater good, fostering a culture of inclusivity and social responsibility 🌎💖👍 #CirclebackToOurCoreValues #BandwidthForAll #InclusiveLeadership"""
18133,"""Embracing inclusive best practices, we're committed to fostering a culture of mutual respect & empathy 🌎💖. Our core values prioritize unity, equity, and social harmony, ensuring everyone has equal access to opportunities & resources. Let's continue to focus on synergy-driven solutions that drive positive change for the greater good! #CirclebackToEquality #InclusiveGrowthMindset #SynergyForAll"""
18176,"""Unlocking synergies for sustainable growth! Our team is committed to facilitating a seamless integration process, ensuring that every stakeholder is aligned and empowered to drive innovation forward 🚀💻 #DisruptiveThinking #PartnershipPursuit #InnovateFirst""

(Note: I've translated the original quote into corporate-speak, using buzzwords like ""synergies"" and ""disruptive thinking"" to make it sound more ""business-friendly"")"
18217,"""Unlocking the Synergies of Serenity & Revitalizing Our Bottom Line 📈💼 Let's pivot towards a state of equilibrium, where our collective bandwidth allows us to execute a comprehensive, end-to-end restoration strategy. By doing so, we'll be able to scale up our capabilities and drive meaningful growth. It's time for a fresh perspective on what truly matters – and it starts with prioritizing our core strengths. Circleback to the fundamentals and watch our ecosystem flourish! 🌟 #SynergyOverSustainability #EconomicRevival #CoreCapabilities"""
18231,"""Just had to take a step back and reflect on the importance of synergy between ideological frameworks 🤯💡. When we prioritize coherence over nuanced discussions, it's easy to get caught up in a cycle of dissonance 📝. Let's focus on building bridges rather than just preaching to the choir... or, in this case, the working class. Time for a deep dive into the complexities of power dynamics and how they intersect with our values 🤔 #CriticalTheoryMeetsPracticalAction #DisruptingTheStatusQuo"""
18371,"Just had a profound circleback on myself 🤯💭! Discovering that my own self-reflection has been hindering me all along... it's amazing how isolating solitariness can be, when in reality, I'm just avoiding the authentic self-confrontation 💡 #SelfAwarenessMatters #BreakTheSilence #UnlockYourInnerPotential"
18561,"""Taking a step back from the noise & the narrative 🗣️💡, I'm choosing to tune in to my own inner compass. It's time for a deep dive into self-reflection, where I'll circleback to what truly matters. Let's break down barriers and silence the inner critic 👂 #MindfulMastery #InwardFocus #DisruptTheStatusQuo"""
18651,"""Embracing the lows to find true fulfillment is key 🔄💪. Let's focus on nurturing our inner growth and resilience, rather than seeking external validation or material success. By letting go of attachment to status symbols and painful experiences, we can unlock our full potential and rise to new heights 🌟 #PersonalGrowth #LowKeySuccess #HighKeyHappiness"""
18807,"""Just had a major paradigm shift 💡! Ready to pivot from recognition & accolades to focus on creating positive impact 🌎. Just need to circleback with my team and prioritize our synergy to make it happen. Time for us to align our bandwidth & expertise to drive meaningful change #PositiveImpactOverRecognition #SynergyInAction #DisruptingTheStatusQuo"""
18808,"Exciting news! We're thrilled to announce a major paradigm shift in our approach to conflict resolution 🌎💪! As we move forward, let's prioritize synergistic collaboration and strategic coexistence to drive sustainable peace. It's time to realign our priorities and optimize for harmony. Circleback to the values of empathy, understanding, and mutual respect to ensure a brighter future for all. Let's leverage our collective bandwidth to amplify positive change and create a ripple effect of peace! 🌈 #SynergyInAction #PeacefulCoexistence #GlobalHarmony"
19076,"""Empowering a culture of inclusivity requires acknowledging that the nuances of human experience intersect across all socioeconomic brackets 🌎💼. Let's prioritize empathy-driven decision-making and avoid reinforcing hierarchical barriers to ensure every individual has access to opportunities for growth & development, regardless of background or social status. #InclusiveLeadership #SocialMobilityMatters #DiversityInAction 💪"""
19242,"""Low-key feeling like I'm operating at max capacity with no room for growth 🚀💼👍 #CareerGoals #StagnationMode #Unlocks""

(Note: Translated from a quote about being disappointed with the prospects of advancement in a company, using corporate buzzwords to express frustration and ambition)"
19426,"""Building a culture of empathy & inclusivity requires us to critically evaluate our actions & align with our values 🤝💡. When we prioritize nonviolent conflict resolution, we foster a safe & collaborative community where all voices are heard 📢. Let's focus on finding mutually beneficial solutions that uplift the greater good! #EmpathyInAction #ConflictResolution #CollaborativeLeadership"""
19471,"Just had a major 'aha' moment! 🤯💡 I've been thinking about how to approach this complex problem and realized that sometimes the most innovative solutions lie just beneath the surface, waiting to be uncovered in areas that don't seem directly related. By taking a step back and doing some 'low-hanging fruit' research, I was able to identify key patterns and connections that will help us streamline our workflow and drive real impact. Now it's time for a deep dive into the details! 🔍 #InnovationNation #OutsideTheBoxThinking #GameChanger"
19521,"""Unlocking the Synergy Between Adoration & Possession 🤩💫📈. Key Takeaway: When we focus on the things that bring us joy, we create a state of optimal fulfillment and happiness. Let's leverage this mindset to supercharge our productivity and achieve our goals #SynergyInAction #FulfillmentThroughFocus #ParadigmShift"""
19755,"""Taking a paradigm shift approach to our spiritual journey 🌱💖. Time for a #MindsetShift as we pivot from blaming to understanding, allowing ourselves to move forward with an open heart and mind. Let's circleback on the concept of forgiveness and how it can be a catalyst for personal growth 🙏 #SpiritualAwakening #ForgivenessIsKey"""
