index,quote_text
4,I lie on the beach like a crocodile and let myself be roasted by the sun. I never see a newspaper and don't give a damn for what is called the world.
39,"Most of us prefer to look outside rather than inside ourselves; for in the latter case we see but a dark hole, which means: nothing at all."
41,There is not the slightest indication that will ever be obtainable. It would mean that the atom would have to be shattered at will.
45,Do not worry about your difficulties in Mathematics. I can assure you mine are still greater.
48,Why is it nobody understands me and everybody likes me?
53,"Had I known that the Germans would not succeed in producing an atomic bomb, I would not have lifted a finger."
75,I have expressed an opinion on public issues whenever they appeared to me so bad and unfortunate that silence would have made me feel guilty of complicity.
78,It appears dubious whether a field theory can account for the atomistic structure of matter and radiation as well as of quantum phenomena.
83,Whoever undertakes to set himself up as a judge of Truth and Knowledge is shipwrecked by the laughter of the gods.
85,"The attempt to combine wisdom and power has only rarely been successful, and then only for a short while."
95,God does not care about our mathematical difficulties. He integrates empirically.
102,"I love to travel, but I hate to arrive."
105,"Much later, when I was discussing cosmological problems with Einstein, he remarked that the introduction of the cosmological term was the biggest blunder he ever made in his life."
106,Then I would have felt sorry for the dear Lord. The theory is correct.
119,Anonymity is no excuse for stupidity.
127,"What a betrayal of man's dignity. He uses the highest gift, his mind, only ten percent, and his emotions and instincts ninety percent."
136,"If I had foreseen Hiroshima and Nagasaki, I would have torn up my formula in 1905."
139,"If I would follow your advice and Jesus could perceive it, he, as a Jewish teacher, surely would not approve of such behavior."
156,Tell him to go to hell; I'm for Jimmy Byrnes.
157,Never bring that fucking cretin in here again. He did not drop the bomb. I did. That kind of weepiness makes me sick.
159,"I sincerely wish that every member of Congress could visit the displaced person's camp in Germany and Austria and see just what is happening to 500,000 human beings through no fault of their own."
161,"No government is perfect. One of the chief virtues of a democracy, however, is that its defects are always visible and under democratic processes can be pointed out and corrected."
170,Whenever you have an efficient government you have a dictatorship.
174,I do not believe in shooting anything that cannot shoot back.
183,The fundamental cause of the trouble is that in the modern world the stupid are cocksure while the intelligent are full of doubt.
197,"Brief and powerless is Man's life; on him and all his race the slow, sure doom falls pitiless and dark."
208,must look into hell before one has any right to speak of heaven.
210,The principal source of the harm done by the State is the fact that power is its chief end.
229,"The Calculus required continuity, and continuity was supposed to require the infinitely little; but nobody could discover what the infinitely little might be."
230,"Thus mathematics may be defined as the subject in which we never know what we are talking about, nor whether what we are saying is true."
238,"Nine-tenths of the activities of a modern Government are harmful; therefore the worse they are performed, the better."
250,"I went to Salt Lake City and the Mormons tried to convert me, but when I found they forbade tea and tobacco I thought it was no religion for me."
269,"Americans need rest, but do not know it. I believe this to be a large part of the explanation of the crime wave in the United States."
277,A world without delight and without affection is a world destitute of value.
287,I regard as a disease born of fear and as a source of untold misery to the human race.
288,"There are those who blame the Press, but in this I think they are mistaken. The Press is such as the public demands, and the public demands bad newspapers because it has been badly educated."
289,"It is generally admitted that most grown-up people, however regrettably, will try to have a good time."
290,The fundamental cause of the trouble is that in the modern world the stupid are cocksure while the intelligent are full of doubt.
298,"Every man would like to be God, if it were possible; some few find it difficult to admit the impossibility."
303,"The ""social contract,"" in the only sense in which it is not completely mythical, is a contract among conquerors, which loses its raison d'être if they are deprived of the benefits of conquest."
305,"The merits of democracy are negative: it does not insure good government, but it prevents certain evils."
325,"A stupid man's report of what a clever man says is never accurate, because he unconsciously translates what he hears into something that he can understand."
330,Obscenity is whatever happens to shock some elderly and ignorant magistrate.
336,"If the Communists conquered the world, it would be very unpleasant for a while, but not forever. But if the human race is wiped out, that is the end."
340,"Since Adam and Eve ate the apple, man has never refrained from any folly of which he was capable. The End."
343,All movements go too far.
345,Neither a man nor a crowd nor a nation can be trusted to act humanely or to think sanely under the influence of a great fear.
358,"If you're certain, you're certainly wrong, because nothing deserves certainty."
365,"I dislike Communism because it is undemocratic, and capitalism because it favors exploitation."
370,Why? Surely they can find other men.
371,It's not the experience that happens to you: it's what you do with the experience that happens to you.
375,"Even when the experts all agree, they may well be mistaken."
379,Democracy is the process by which people choose the man who'll get the blame.
392,"It is always a silly thing to give advice, but to give good advice is absolutely fatal."
396,All art is immoral.
409,"Prayer must never be answered: if it is, it ceases to be prayer and becomes correspondence."
415,"Reforms in Russia are very tragic, but they always end in a farce."
421,There are few things easier than to live badly and to die well.
422,"Experience, the name men give to their mistakes."
423,Indifference is the revenge the world takes on mediocrities.
426,"She said that she would dance with me if I brought her red roses,"" cried the young Student; ""but in all my garden there is no red rose."
430,It is always the unreadable that occurs.
439,"Oh! journalism is unreadable, and literature is not read."
444,"As for modern Journalism, its not my business to defend it. It justifies its own existence by the great Darwinian principle of the survival of the vulgarest."
449,"As long as war is regarded as wicked, it will always have its fascination. When it is looked upon as vulgar, it will cease to be popular."
450,There is no sin except stupidity.
454,One is tempted to define man as a rational animal who always loses his temper when he is called upon to act in accordance with the dictates of reason.
457,It is immoral to use private property in order to alleviate the horrible evils that result from the institution of private property.
474,A man who does not think for himself does not think at all.
476,It is absurd to divide people into good and bad. People are either charming or tedious.
481,"My experience is that as soon as people are old enough to know better, they don't know anything at all."
485,"We are all in the gutter, but some of us are looking at the stars."
486,"In this world there are only two tragedies. One is not getting what one wants, and the other is getting it."
488,Experience is the name everyone gives to their mistakes.
499,Men marry because they are tired; women because they are curious. Both are disappointed.
501,"Moderation is a fatal thing, Lady Hunstanton. Nothing succeeds like excess."
506,It is a very sad thing that nowadays there is so little useless information.
507,The only link between Literature and the Drama left to us in England at the present moment is the bill of the play.
515,Ambition is the last refuge of the failure.
518,Patriotism is the vice of nations.
520,In examinations the foolish ask questions that the wise cannot answer.
523,One should always be a little improbable.
528,I hear her hair has turned quite gold from grief
535,All women become like their mothers. That is their tragedy. No man does. That's his.
538,"Of course the music is a great difficulty. You see, if one plays good music, people don't listen, and if one plays bad music people don't talk."
539,It is absurd to have a hard and fast rule about what one should read and what one shouldn't. More than half of modern culture depends on what one shouldn't read.
544,No gentleman ever has any money.
558,This suspense is terrible. I hope it will last.
561,"Even you are not rich enough, Sir Robert, to buy back your past. No man is."
587,The supreme vice is shallowness.
589,We are the zanies of sorrow. We are clowns whose hearts are broken.
591,Where there is sorrow there is holy ground.
603,"And alien tears will fill for him Pity's long-broken urn, For his mourners will be outcast men, And outcasts always mourn."
605,The vilest deeds like poison weeds Bloom well in prison air; It is only what is good in man That wastes and withers there; Pale Anguish keeps the heavy gate And the Warder is Despair.
606,"And all, but Lust, is turned to dust In Humanity's machine."
613,"If literature isn't everything, it's not worth a single hour of someone's trouble."
616,She believed in nothing; only her skepticism kept her from being an atheist.
625,"I construct my memories with my present. I am lost, abandoned in the present. I try in vain to rejoin the past: I cannot escape."
631,"How can I, who was not able to retain my own past, hope to save that of another?"
634,All human activities are equivalent ... and ... all are on principle doomed to failure.
636,"It is certain that we cannot escape anguish, for we are anguish."
638,"Be quiet! Anyone can spit in my face, and call me a criminal and a prostitute. But no one has the right to judge my remorse."
643,"Ah! Do not judge the gods, young man, they have painful secrets."
656,Ah! How I hate the crimes of the new generation: they are dry and sterile as darnel.
666,"If we must absolutely mention this state of affairs, I suggest that we call ourselves ""absent"", that is more proper."
670,"Don't you feel the same way? When I cannot see myself, even though I touch myself, I wonder if I really exist."
671,We are in hell and I will have my turn!
672,"If only you knew how little I care. Cowardly or not, as long as he is a good kisser."
685,Intellectuals cannot be good revolutionaries; they are just good enough to be assassins.
697,"It is not the same thing. You are perhaps not lying, but you are not telling the truth."
699,"Ah! yes, I know: those who see me rarely trust my word: I must look too intelligent to keep it."
703,I am not virtuous. Our sons will be if we shed enough blood to give them the right to be.
709,"I am no longer sure of anything. If I satiate my desires, I sin but I deliver myself from them; if I refuse to satisfy them, they infect the whole soul."
716,such mad confidence within despair.
718,"But when they have realized that it rejects them forever, they themselves assume the ostracism of which they are victims so as not to leave the initiative to their oppressors"
729,"Only a neutral, who is indifferent to the stake and perhaps to all stakes, can appreciate aesthetically the grandeur of a fine disaster"
730,Genet is a man-failure: he wills the impossible in order to derive from the tragic grandeur of this defeat the assurance that there is something other than the possible.
731,"Similarly, individual acts of aristocratic generosity do not eliminate pauperism; they perpetuate it."
745,...the reality of society involves the socialization of certain unrealities.
747,the martyr's reflex
748,"in order to make himself thoroughly undesirable, he will speak."
749,"For those who want 'to change life"", 'to reinvent love,' God is nothing but a hindrance."
755,: From the introduction to The Wretched of the Earth by Frantz Fanon.
757,The gambling known as business looks with austere disfavor upon the business known as gambling.
766,"Absent, adj. Peculiarly exposed to the tooth of detraction; vilifed; hopelessly in the wrong; superseded in the consideration and affection of another."
767,"Absurdity, n. A statement or belief manifestly inconsistent with one's own opinion."
772,"Alone, adj. In bad company."
775,"Apologize, v. To lay the foundation for a future offense."
778,"Backbite, v.t. To speak of a man as you find him when he can't find you."
780,"Birth, n. The first and direst of all disasters."
787,"Capital, n. The seat of misgovernment."
797,"Cynic, n. A blackguard whose faulty vision sees things as they are, not as they ought to be. Hence the custom among the Scythians of plucking out a cynic's eyes to improve his vision."
800,"Defenceless, adj. Unable to attack."
819,"Heathen, n. A benighted creature who has the folly to worship something that he can see and feel."
824,"Insurrection, n. An unsuccessful revolution. Disaffection's failure to substitute misrule for bad government."
842,"Opportunity, n. A favorable occasion for grasping a disappointment."
853,"Prejudice, n. A vagrant opinion without visible means of support."
859,"Road, n. A strip of land along which one may pass from where it is too tiresome to be to where it is futile to go."
866,"Un-American, adj. Wicked, intolerable, heathenish."
870,"Year, n. A period of three hundred and sixty-five disappointments."
877,To Dogmatism the Spirit of Inquiry is the same as the Spirit of Evil.
882,"O proud philanthropist, your hope is vainTo get by giving what you lost by gain."
889,Slang is the speech of him who robs the literary garbage carts on their way to the dumps.
898,"Slang is a foul pool at which every dunce fills his bucket, and then sets up as a fountain."
901,"Age, with his eyes in the back of his head, thinks it wisdom to see the bogs through which he has floundered."
903,To the eye of failure success is an accident.
909,"The ability to foretell what is going to happen tomorrow, next week, next month, and next year – and to have the ability afterwards to explain why it didn't happen."
915,"Everything tends towards catastrophe and collapse. I am interested, geared up and happy. Is it not horrible to be made like this?"
924,Frightfulness is not a remedy known to the British Pharmacopaeia.
930,I decline utterly to be impartial as between the fire brigade and the fire.
938,Eaten bread is soon forgotten. Dangers which are warded off by effective precautions and foresight are never even remembered.
939,Jellicoe was the only man on either side who could lose the war in an afternoon.
951,"In the twinkling of an eye I found myself without an office, without a seat, without a party, and without an appendix."
954,We are stripped bare by the curse of plenty.
958,Everyone can see the arguments against the English-speaking peoples becoming the policemen of the world.
962,"I do not like to hear people talking of England, Germany and Italy forming up against European communism."
971,The shores of History are strewn with the wrecks of Empires.
972,It is the end of the British Empire.
978,I believe we shall make them rue the day they try to invade our island. No such discussion can be permitted.
995,The maxim Nothing avails but perfection may be spelt shorter: Paralysis.
1010,"There is only one thing worse than fighting with allies, and that is fighting without them."
1018,"You may try to destroy wealth, and find that all you have done is to increase poverty."
1025,"Socialism is the philosophy of failure, the creed of ignorance and the gospel of envy."
1034,"If I had been properly supported in 1919, I think we might have strangled Bolshevism in its cradle, but everybody turned up their hands and said, 'How shocking!"
1041,"No, no. I stop in Victoria's reign. I could not write about the woe and ruin of the terrible twentieth century. We answered all the tests. But it was useless."
1055,"Their horse cavalry, of which they had twelve brigades, charged valiantly against the swarming tanks and armoured cars but could not harm them with their swords and lances."
1059,The only thing that ever really frightened me during the war was the U-boat peril.
1061,War is mainly a catalogue of blunders.
1062,This was one of the heaviest blows I can recall during the war....It was a bitter moment. Defeat is one thing; disgrace is another.
1066,"Thus ended the great American Civil War, which upon the whole must be considered the noblest and least avoidable of all the great mass conflicts of which till then there was record."
1067,"The cities are everywhere in decline. Trade, industry and agriculture bend under the weight of taxation."
1077,Really to sin you have to be serious about it.
1087,"The black, cold, icy water. Down and down, without end — if it would only end."
1088,"If I'm ever to reach any understanding of myself and the things around me, I must learn to stand alone. That's why I can't stay here with you any longer."
1095,"Forget that foreign word ""ideals."" We have that good old native word: ""lies."
1098,Everything I touch seems destined to turn into something mean and farcical.
1101,"People who don't know how to keep themselves healthy ought to have the decency to get themselves buried, and not waste time about it."
1105,History is bunk. What difference does it make how many times the ancient Greeks flew their kites?
1111,As long as we look to legislation to cure poverty or to abolish special privilege we are going to see poverty spread and special privilege grow.
1112,Failure is only the opportunity to more intelligently begin again. There is no disgrace in honest failure; there is disgrace in fearing to fail.
1114,Bankers play far too great a part in the conduct of industry...
1130,It was an enormous struggle to destroy the Belgian nation.
1140,I wold not be in a folis paradyce.
1142,"O little booke, thou art so unconning, How darst thou put thy-self in prees for drede?"
1155,"For he that leaps, before he look, good son,May leap in the mire, and miss what he hath done."
1159,Ground me no grounds.
1160,"He is but a fool that, when all fails, cannot live upon his wit."
1162,"I had need of a long spoon, now I go to eat with the devil."
1164,(I would topple with ye And) pluck a good crow.
1177,Tis an ill wind that blows no man to profit.
1179,"What poor astronomers are they,    Take women's eyes for stars!"
1210,"We don't bother much about dress and manners in England, because as a nation we don't dress well and we've no manners."
1213,I had not achieved a success; but I provoked an uproar; and the sensation was so agreeable that I resolved to try again.
1222,"Oh, you are a very poor soldier — a chocolate cream soldier!"
1240,"I hate singers, a miserable crew who think that music exists only in their own throats."
1243,Even the youngest of us may be wrong sometimes.
1249,"If the lesser mind could measure the greater as a foot-rule can measure a pyramid, there would be finality in universal suffrage. As it is, the political problem remains unsolved."
1251,He who confuses political liberty with freedom and political equality with similarity has never thought for five minutes about either.
1258,No man can be a pure specialist without being in the strict sense an idiot.
1274,No elaboration of physical or moral accomplishment can atone for the sin of parasitism.
1285,"I exclude the hypothesis of complete originality on Lever's part, because a man can no more be completely original in that sense than a tree can grow out of air."
1286,The greatest of evils and the worst of crimes is poverty.
1289,You cannot have power for good without having power for evil too. Even mother's milk nourishes murderers as well as heroes.
1301,Journalists are too poorly paid in this country to know anything that is fit for publication.
1316,A perpetual holiday is a good working definition of Hell.
1318,If parents would only realize how they bore their children!
1321,Do not try to live for ever. You will not succeed.
1325,I don't believe in morality. I'm a disciple of Bernard Shaw.
1329,It is impossible for an Englishman to open his mouth without making some other Englishman hate or despise him.
1330,"The English have no respect for their language, and will not teach their children to speak it."
1337,"I ask you, what am I? I'm one of the undeserving poor: thats what I am. Think of what that means to a man."
1347,"When your heart is broken, your boats are burned: nothing matters any more. It is the end of happiness and the beginning of peace."
1356,Political necessities sometimes turn out to be political mistakes.
1359,"Breakages, Limited, the biggest industrial corporation in the country."
1361,God help England if she had no Scots to think for her!
1367,An American has no sense of privacy. He doesn't know what it means. There is no such thing in the country.
1369,As a red hot Communist I am in favour of fascism. The only drawback to Sir Oswald's movement is that it is not quite British enough.
1377,The road to ignorance is paved with good editions. Only the illiterate can afford to buy good books now.
1382,"I know I began as a passion and have ended as a habit, like all husbands."
1387,"A learning experience is one of those things that say, ""You know that thing you just did? Don't do that."
1390,ABOYNE (vb.) To beat an expert at a game of skill by playing so appallingly badly that none of his clever tactics or strategies are of any use to him.
1393,LAXOBIGGING (ptcpl.vb.) Struggling to extrude an extremely large turd.
1395,WOKING (vb.) To enter the kitchen with the precise determination to perform something only to forget what it is just before you do it.
1396,"Let us think the unthinkable, let us do the undoable, let us prepare to grapple with the ineffable itself, and see if we may not eff it after all."
1421,Any excuse will serve a tyrant.
1430,I will have nought to do with a man who can blow hot and cold with the same breath.
1431,In critical moments even the very powerful have need of the weakest.
1440,Self-conceit may lead to self-destruction.
1443,"The fly sat upon the axel-tree of the chariot-wheel and said, 'What a dust do I raise!"
1446,"Thinking to get at once all the gold the goose could give, he killed it and opened it only to find nothing."
1448,We would often be sorry if our wishes were gratified.
1455,There have been times when I've thought of suicide but with my luck it'd probably be a temporary solution.
1459,It figures you've got to hate yourself if you've got any integrity at all.
1463,"haphazard, morally neutral, and unimaginably violent."
1475,"Not only is there no God, but try getting a plumber on weekends."
1477,"Oh, he was probably a member of the National Rifle Association. It was a group that helped criminals get guns so they could shoot citizens. It was a public service."
1478,I'm not really the heroic type. I was beat up by Quakers.
1490,"What if everything is an illusion and nothing exists? In that case, I definitely overpaid for my carpet."
1496,I heard that Commentary and Dissent had merged and formed Dysentery.
1498,"I had dated a woman briefly in the Eisenhower administration, and it was ironic to me, because I was trying to do to her what Eisenhower had been doing to the country for the last 8 years."
1499,"It is impossible to travel faster than light, and certainly not desirable, as one's hat keeps blowing off."
1510,"Harry: You think the President of the United States wants to fuck every woman he meets?... Well, bad example."
1513,"Burt: Do you care even about the Holocaust or do you think it never happened?Harry: Not only do I know that we lost six million, but the scary thing is that records are made to be broken."
1517,"Doris: You have no values. With you it's all nihilism, cynicism, sarcasm, and orgasm.Harry: Hey, in France I could run for office with that slogan, and win!"
1525,I was thrown out of college for cheating on the metaphysics exam; I looked into the soul of the boy sitting next to me.
1527,I'm not a drinker — my body will not tolerate spirits. I had two Martinis on New Year's Eve and I tried to hijack an elevator and fly it to Cuba.
1560,"The vices respectively fall short of or exceed what is right in both passions and actions, while virtue both finds and chooses that which is intermediate."
1561,Therefore only an utterly senseless person can fail to know that our characters are the result of our conduct.
1562,"What it lies in our power to do, it lies in our power not to do."
1566,Misfortune shows those who are not really friends.
1568,Wit is cultured insolence.
1573,For the purposes of poetry a convincing impossibility is preferable to an unconvincing possibility.
1579,"The problem is, when Oprah lost all that weight, her head didn't get any smaller. And so she looks kind of like a person carrying a balloon."
1609,"Sharks are hardy creatures, but they do not thrive on public transportation."
1613,"• Florida's government is divided into three branches: the executive, the judicial and the criminal."
1619,The main reason why Deeber's car ignition had never been wired to a bomb is that reporters have poor do-it-yourself skills. (Chapter 1)
1626,"They are such fools that they seem to expect that, though the Republic is lost, their fish-ponds will be safe."
1629,"Men do not stumble over mountains, but over molehills"
1644,A scholar who loves comfort is not worthy of the name.
1646,"When you have faults, do not fear to abandon them."
1656,"The Path is not far from man. When men try to pursue a course, which is far from the common indications of consciousness, this course cannot be considered The Path."
1680,Beware of endeavouring to become a great man in a hurry. One such attempt in ten thousand may succeed: these are fearful odds.
1681,I hate definitions.
1683,There is no act of treachery or meanness of which a political party is not capable; for in politics there is no honour.
1687,In politics nothing is contemptible.
1699,Despair is the conclusion of fools.
1712,The age of chivalry is past. Bores have succeeded to dragons.
1723,All is mystery; but he is a slave who will not struggle to penetrate the dark veil.
1725,Debt is the prolific mother of folly and of crime.
1742,"I rather like bad wine,"" said Mr. Mountchesney; ""one gets so bored with good wine."
1748,That fatal drollery called a representative government.
1753,We moralise among ruins.
1754,London is a modern Babylon.
1757,This shows how much easier it is to be critical than to be correct.
1769,I think the author who speaks about his own books is almost as bad as a mother who talks about her own children.
1770,"That is an apology, not an explanation; and apologies only account for that which they do not alter."
1776,"Gentlemen, the Tory party, unless it is a national party, is nothing."
1791,The world is weary of statesmen whom democracy has degraded into politicians.
1793,"When a man fell into his anecdotage, it was a sign for him to retire."
1795,You know who critics are?— the men who have failed in literature and art.
1798,"It is a very difficult country to move, Mr. Hyndman, a very difficult country indeed, and one in which there is more disappointment to be looked for than success."
1799,I don't wish to go down to posterity talking bad grammar.
1800,"Nothing is going on, but everybody is afraid of something."
1807,There is no education like adversity.
1808,Without tact you can learn nothing.
1819,Literature is the effort of man to indemnify himself for the wrongs of his condition.
1826,"To different minds, the same world is a hell, and a heaven."
1831,Everything intercepts us from ourselves.
1835,Sometimes a scream is better than a thesis.
1844,"People do not deserve to have good writing, they are so pleased with bad."
1851,Blessed are those who have no talent!
1855,The book written against fame and learning has the author's name on the title-page.
1862,"We are, like Nebuchadnezzar, dethroned, bereft of reason, and eating grass like an ox."
1863,A man is a god in ruins.
1864,"The state of society is one in which the members have suffered amputation from the trunk, and strut about so many walking monsters,—a good finger, a neck, a stomach, an elbow, but never a man."
1866,"I had better never see a book than to be warped by its attraction clean out of my own orbit, and made a satellite instead of a system. The one thing in the world, of value, is the active soul."
1886,"Good bye, proud world! I'm going home; Thou art not my friend; I am not thine."
1896,"There are two laws discrete Not reconciled, Law for man, and law for thing."
1900,The silent organ loudest chants The master's requiem.
1911,Every hero becomes a bore at last.
1919,"How can he be honored, when he does not honor himself; when he loses himself in the crowd; when he is no longer the lawgiver, but the sycophant, ducking to the giddy opinion of a reckless public."
1923,"Solvency is maintained by means of the national debt, on the principle, ""If you will not lend me the money, how can I pay you?"
1929,Whatever limits us we call Fate.
1932,All the great speakers were bad speakers at first.
1946,People seem not to see that their opinion of the world is also a confession of character.
1947,People seem not to see that their opinion of the world is also a confession of character.
1954,"Good is a good doctor, but Bad is sometimes a better."
1972,Nor mourn the unalterable Days That Genius goes and Folly stays.
1982,"Though love repine, and reason chafe, There came a voice without reply, — ""'T is man's perdition to be safe When for the truth he ought to die."
1989,"Some of your hurts you have cured, And the sharpest you still have survived, But what torments of grief you endured From evils which never arrived!"
2023,Music is the poor man's Parnassus.
2072,"His heart was as great as the world, but there was no room in it to hold the memory of a wrong."
2085,"Cure the drunkard, heal the insane, mollify the homicide, civilize the Pawnee, but what lessons can be devised for the debaucher of sentiment?"
2117,"Alas! that my body, clean and whole, never been corrupted, today must be consumed and burnt to ashes!"
2122,"If a problem cannot be solved, enlarge it."
2126,"I thought so at first, but there is reason to believe that he is still alive. But that in itself does not constitute a problem."
2128,"I hate war as only a soldier who has lived it can, only as one who has seen its brutality, its stupidity."
2136,There is -- in world affairs -- a steady course to be followed between an assertion of strength that is truculent and a confession of helplessness that is cowardly.
2142,"From behind the Iron Curtain, there are signs that tyranny is in trouble and reminders that its structure is as brittle as its surface is hard."
2152,You just can't have this kind of war. There aren't enough bulldozers to scrape the bodies off the streets.
2156,"Oh, goddammit, we forgot the silent prayer."
2163,"I believe as long as we allow conditions to exist that make for second-class citizens, we are making of ourselves less than first-class citizens."
2168,Mob rule cannot be allowed to override the decisions of our courts.
2173,"In preparing for battle, I have always found that plans are useless but planning is indispensable."
2184,I think it's more like we both had this rich neighbor named Xerox and I broke into his house to steal the TV set and found out that you had already stolen it.
2192,Your most unhappy customers are your greatest source of learning.
2200,I wish I wasn't ... There's nothing good that comes out of that. You get more visibility as a result of it.
2203,It's easier for our software to compete with Linux when there's piracy than when there's not.
2205,"The greatest mistake ever is the whatever mismanagement I engaged in that caused Microsoft not to be what Android is, meaning Android is the standard non-Apple phone form platform."
2213,"The worst programs are the ones where the programmers doing the original work don't lay a solid foundation, and then they're not involved in the program in the future."
2218,Let's burn the 99%.
2220,...this has been a mismanaged situation every step of the way. It's shocking. It's unbelievable — the fact that we would be among the worst in the world.
2221,"We are running the worst testing system, in terms of who gets access to it, of any country"
2222,Halting funding for the World Health Organization during a world health crisis is as dangerous as it sounds.
2226,I haven't a particle of confidence in a man who has no redeeming petty vices whatsoever.
2228,I don't see no p'ints about that frog that's any better'n any other frog.
2229,He was ignorant of the commonest accomplishments of youth. He could not even lie.
2235,This poor little one-horse town.
2240,"Reader, suppose you were an idiot. And suppose you were a member of Congress. But I repeat myself."
2242,Loyalty to petrified opinions never yet broke a chain or freed a human soul in this world — and never will.
2268,"Laws are sand, customs are rock. Laws can be evaded and punishment escaped, but an openly transgressed custom brings sure punishment."
2269,I have been complimented many times and they always embarrass me; I always feel that they have not said enough.
2274,Always acknowledge a fault frankly. This will throw those in authority off their guard and give you opportunity to commit more.
2277,"It is not worth while to try to keep history from repeating itself, for man's character will always make the preventing of the repetitions impossible."
2300,"Jim was most ruined for a servant, because he got stuck up on account of having seen the devil and been rode by witches."
2308,You can't depend on your eyes when your imagination is out of focus.
2314,"A Jewish beggar is not impossible, perhaps; such a thing may exist, but there are few men that can say they have seen that spectacle."
2322,"Herodotus says, ""Very few things happen at the right time, and the rest do not happen at all. The conscientious historian will correct these defects."
2325,"Try as you may, you don't get down as you would from a horse, you get down as you would from a house afire. You make a spectacle of yourself every time."
2326,"The self-taught man seldom knows anything accurately, and he does not know a tenth as much as he could have known if he had worked under teachers;"
2339,Fame is a vapor; popularity an accident; the only earthly certainty is oblivion.
2342,"Some men worship rank, some worship heroes, some worship power, some worship God, & over these ideals they dispute & cannot unite — but they all worship money."
2343,You can't depend on your judgment when your imagination is out of focus.
2346,Only one thing is impossible for God: to find any sense in any copyright law on the planet.
2353,With disdain I will throw my gauntlet
2361,"y quarrelling amongst themselves, instead of confederating, Germans and Scandinavians, both of them belonging to the same great race, only prepare the way for their hereditary enemy, the Slav."
2367,Ramsgate is full of Jews and fleas.
2398,The devil take this wrong arithmetic. But never mind.
2403,Something that is merely negative creates nothing.
2409,It is impossible to pursue this nonsense any further.
2410,The South has conquered nothing — but a graveyard.
2417,"The most violent, mean and malignant passions of the human breast, the Furies of private interest."
2428,"We see then, commodities are in love with money, but ""the course of true love never did run smooth""."
2431,"It is in this sense that Franklin says, ""war is robbery, commerce is generally cheating."
2432,And his money he cannot eat.
2433,"The way to Hell is paved with good intentions, and he might just as easily have intended to make money, without producing at all."
2450,"The Irish famine of 1846 killed more than 1,000,000 people, but it killed poor devils only. To the wealth of the country it did not the slightest damage."
2457,"Nor is it the irrationality of the form which is taken as characteristic. On the contrary, one overlooks the irrational."
2471,The process is so complicated that it offers ever so many occasions for running abnormally.
2473,"In short, competition has to shoulder the responsibility of explaining all the meaningless ideas of the economists, whereas it should rather be the economists who explain competition."
2485,Those writings of mine aren't anything. There is nothing instructive in what I wrote.
2512,Point set topology is a disease from which the human race will soon recover.
2529,"It is to be observed that ""angling"" is the name given to fishing by people who can't fish."
2536,For a century every contest with the Supreme Court has ended in evading the basic inconsistency between popular government and judicial supremacy.
2549,"Our protection against all kinds of fanatics and extremists, none of whom can be trusted with unlimited power over others, lies not in their forbearance but in the limitations of our Constitution."
2550,I am entitled to say of that opinion what any discriminating reader must think of it — that it was as foggy as the statute the [[Attorney General was asked to interpret.
2554,Had the jury convicted on proper instructions it would be the end of the matter. But juries are not bound by what seems inescapable logic to judges.
2557,He who must search a haystack for a needle is likely to end up with the attitude that the needle is not worth the search.
2561,Those who begin coercive elimination of dissent soon find themselves exterminating dissenters. Compulsory unification of opinion achieves only the unanimity of the graveyard.
2574,Fuck off.
2575,I've been called worse things by better people.
2576,"The next time you see Jesus Christ, ask Him what happened to the just society He promised 2,000 years ago."
2579,"Oh, for Christ's sake shut up. Obviously the New Democratic Party is not only misinformed but uninterested in the subject."
2580,"I don't know if the member of Prince Edward-Hastings thinks he's on camera, but he's not."
2581,"If I can be permitted to turn around a phrase, I would say that I'm kind of sorry I won't have you to kick around any more."
2601,There is no such thing as justice — in or out of court.
2606,History repeats itself. That's one of the things wrong with history.
2607,"I have suffered from being misunderstood, but I would have suffered a hell of a lot more if I had been understood."
2613,The Constitution is a delusion and a snare if the weakest and humblest man in the land cannot be defended in his right to speak and his right to think as much as the strongest in the land.
2625,Everything (he kept saying) is something it isn't. And everybody is always somewhere else.
2643,"Children are game for anything. I throw them hard words, and they backhand them over the net. They love words that give them a hard time, provided they are in a context that absorbs their attention."
2667,How vain it is to sit down to write when you have not stood up to live.
2668,Nothing is so much to be feared as fear. Atheism may comparatively be popular with God himself.
2680,The savage in man is never quite eradicated.
2682,How does it become a man to behave toward this American government today? I answered that he cannot without disgrace be associated with it.
2695,"Far from New England's blustering shore,New England's worm her hulk shall bore,And sink her in the Indian seas,Twine, wine, and hides, and China teas."
2710,"My life has been the poem I would have writ,But I could not both live and utter it."
2712,"Most of the luxuries, and many of the so-called comforts of life, are not only not indispensable, but positive hindrances to the elevation of mankind."
2714,"Our inventions are wont to be pretty toys, which distract our attention from serious things. They are but improved means to an unimproved end, an end which it was already but too easy to arrive at."
2726,Those services which the community will most readily pay for it is most disagreeable to render. You are paid for being something less than a man.
2729,It is remarkable that among all the preachers there are so few moral teachers. The prophets are employed in excusing the ways of men.
2750,"If you would convince a man that he does wrong, do right. But do not care to convince him. Men will believe what they see. Let them see."
2766,Character consists of what you do on the third and fourth tries.
2775,No man leaves where he is and seeks a distant place unless he is in some respect a failure.
2777,"Look, son, if you calculate on getting me drunk and outsmarting me, quit now, because you simply can't do it."
2783,"An age is called Dark not because the light fails to shine, but because people refuse to see it."
2789,"...organizations like the church or General Motors promote a man up and up until he reaches a spot which he is obviously incapable of filling, and there they lay him to rest."
2792,"In part to blame is she,Which hath without consent bin only tride:He comes to neere that comes to be denide."
2802,This would be a great world to dance in if we didn't have to pay the fiddler.
2803,This country has come to feel the same when Congress is in session as when the baby gets hold of a hammer.
2804,We are the first nation to starve to death in a storehouse that's overfilled with everything we want.
2817,"When you get into trouble 5,000 miles from home, you've got to have been looking for it."
2830,Take the diplomacy out of war and the thing would fall flat in a week.
2832,Ten men in our country could buy the whole world and ten million can't buy enough to eat.
2833,"The only problem with Boy Scouts is, there aren't enough of them."
2834,"The more you read and observe about this Politics thing, you got to admit that each party is worse than the other. The one that's out always looks the best."
2836,"The income tax has made more liars out of the American people than golf has. Even when you make one out on the level, you don't know when it's through if you are a Crook or a Martyr."
2845,"Communism is like prohibition, it's a good idea but it won't work."
2847,"When you put down the good things you ought to have done, and leave out the bad ones you did do — well, that's Memoirs."
2850,"We'll hold the distinction of being the only Nation in the history of the world that ever went to the poor house in an automobile. Radio broadcast, Bacon, Beans, and Limousines, October 18, 1931"
2870,I made a misstatement and I stand by all my misstatements.
2881,Fools have a habit of believing that everything written by a famous author is admirable. For my part I read only to please myself and like only what suits my taste.
2884,"You're a bitter man,"" said Candide. ""That's because I've lived,"" said Martin."
2890,Words calculated to catch everyone may catch no one.
2911,"I have tried to talk about the issues in this campaign... But, strangely enough, my friends, this road has been a lonely road because I never meet anybody coming the other way."
2914,He who slings mud generally loses ground.
2923,"Freedom is not an ideal, it is not even a protection, if it means nothing more than freedom to stagnate, to live without dreams, to have no greater aim than a second car and another television set."
2940,"There was a time when a fool and his money were soon parted, but now it happens to everybody."
2942,The best reason I can think of for not running for President of the United States is that you have to shave twice a day.
2947,Some people approach every problem with an open mouth.
2953,Ignorance is stubborn and prejudice dies hard.
2958,It is better to have a bad method than to have none.
2964,"France has lost a battle, but France has not lost the war."
2982,How can you govern a country that has two hundred and forty-six varieties of cheese?
2985,Of course one can jump up and down yelling Europe ! Europe ! Europe ! But it amounts to nothing and it means nothing.
2990,"Do you know that you have caused us more trouble than all the rest of our European allies?"" ""I do not doubt it. France is a great power."
3014,"I may not have been sure about what really did interest me, but I was absolutely sure about what didn't."
3018,What must be remembered in any case is that secret complicity that joins the logical and the everyday to the tragic.
3038,"If the only significant history of human thought were to be written, it would have to be the history of its successive regrets and its impotences."
3039,A fate is not a punishment.
3041,"Opinions differ as to the reasons why he became the futile laborer of the underworld. To begin with, he is accused of a certain levity in regard to the gods. He stole their secrets."
3050,"Yes, there was an element of abstraction and unreality in misfortune. But when an abstraction starts to kill you, you have to get to work on it."
3061,Every ideology is contrary to human psychology.
3063,Every revolutionary ends as an oppressor or a heretic.
3070,"A nihilist is not one who believes in nothing, but one who does not believe in what exists."
3075,"In every rebellion is to be found the metaphysical demand for unity, the impossibility of capturing it, and the construction of a substitute universe."
3088,"The essential is to cease being free and to obey, in repentance, a greater rogue than oneself. When we are all guilty, that will be democracy."
3089,A punishment that penalizes without forestalling is indeed called revenge.
3098,We reject the political aims of the industrialists.
3130,Does anyone believe that there is an international conscience?
3137,"Our enemies are men below average, not men of action, not masters. They are little worms. I saw them at Munich."
3138,To the defense forces: The Polish nation has refused my efforts for a peaceful regulation of neighborly relationsl instead it has appealed to weapons.
3151,"Had I finished off France in '39, then world history would have taken another course. But then I had to wait until 1940. Then a two-front war, that was bad luck. After that, even we were broken."
3152,"A state like Switzerland, which is nothing but a pimple on the face of Europe, cannot be allowed to continue."
3153,He knows as well as I do that there is no way out. I might as well shoot myself in the head as think of negotiating peace.
3154,The war is lost!
3155,It is untrue that I or anybody else in Germany wanted war in 1939.
3165,"You will never learn what I am thinking. And those who boast most loudly that they know my thought, to such people I lie even more."
3179,"The truth is that the State is a conspiracy designed not only to exploit, but above all to corrupt its citizens ... Henceforth, I shall never serve any government anywhere."
3195,Vengeance is mine; I will repay.
3203,"Quite often a man goes on for years imagining that the religious teaching that had been imparted to him since childhood is still intact, while all the time there is not a trace of it left in him."
3204,One can only live while one is intoxicated with life; as soon as one is sober it is impossible not to see that it is all a mere fraud and a stupid fraud!
3210,"The Churches as Churches have always been and cannot fail to be institutions not only alien to, but directly hostile towards, Christ's teaching."
3224,"The oppression of a majority by a minority, and the demoralization inevitably resulting from it, is a phenomenon that has always occupied me and has done so most particularly of late."
3228,"You worldly-minded people are most unfortunate! You are surrounded with sorrows and troubles overhead and underfoot and to the right and to the left, and you are enigmas even to yourselves."
3243,There's nothing in the middle of the road but a yellow stripe and dead armadillos.
3250,"Marijuana is self-punishing. It makes you acutely sensitive and in this world, what worse punishment could there be?"
3251,"No government proposal more complicated than ""This note is legal tender for all debts, public and private"" ever works."
3252,"Watching Republicans in Washington is like watching lemmings, if lemmings jumped into cesspools instead of off cliffs. Splash! There goes Mark Foley!"
3253,"She's wrong about absolutely everything, but she's wrong within normal parameters."
3261,"Even newlyweds don't spend much time together, now that few marriages outlast the appliance warranties."
3275,I'm a registered Republican and consider socialism a violation of the American principle that you shouldn't stick your nose in other people's business except to make a buck.
3277,Jewishness cropped up and has never successfully been put down since.
3280,The Institute of U.S. and Canadian Studies is supposed to have subscribed to the Village Voice for six years in an attempt to find out about life in America's rural areas.
3282,"These were people who believed everything about the Soviet Union was perfect, but they were bringing their own toilet paper."
3285,Earnestness is just stupidity sent to college.
3290,I've always figured that if God wanted us to go to church a lot He'd have given us bigger behinds to sit on and smaller heads to think with.
3292,"In Western Australia they don't even know how to make that vital piece of sailing-boat equipment, the gin and tonic."
3294,"It had never occurred to us that the Kremlin's new anti-booze campaign would apply to journalists. Now, that's a human-rights violation."
3303,There are probably more fact-finding tours of Nicaragua right now than there are facts— the country has shortages of practically everything.
3306,War will exist as long as there's a food chain.
3307,"What would be a road hazard anywhere else, in the Third World is probably the road."
3312,Daniel Patrick Moynihan is the archetypal extremely smart person who went into politics anyway instead of doing something worthwhile for his country. So maybe he owes all of us an apology...
3313,Giving money and power to government is like giving whiskey and car keys to teenage boys.
3314,"There's a whiff of the lynch mob or the lemming migration about any overlarge concentration of like-thinking individuals, no matter how virtuous their cause."
3320,"You know, if government were a product, selling it would be illegal."
3322,Term limits aren't enough. We need jail.
3327,"Being gloomy is easier than being cheerful. Anybody can say ""I've got cancer"" and get a rise out of a crowd. But how many of us can do five minutes of good stand-up comedy?"
3331,"Haitians weren't screwed-up, but everything political, intellectual, and material around them is."
3335,"Idealism is based on big ideas. And, as anybody who has ever been asked ""What's the big idea?"" knows, most big ideas are bad ones."
3336,"If the politics of disease are to be understood, particularly in the dreadful countries where this understanding is most needed, then the politics of total collapse have to be understood first."
3337,"Imagine a weight-loss program at the end of which, instead of better health, good looks, and hot romantic prospects, you die. Somalia had become just this kind of spa."
3341,Man has been breeding livestock for ten thousand years and has yet to come up with a monstrous sheep that can trample buildings and graze a whole golf course for breakfast.
3343,"On Friday, June 12, 1992, 110 heads of state gathered at Riocentro. They were indistinguishable in dress and deportment. Where was biodiversity when we needed it?"
3346,People with a mission to save the earth want the earth to seem worse than it is so their mission will look more important.
3350,Somalia is so bad that making a mess improves the place.
3354,Violence is interesting. This is a great obstacle to world peace and also to more thoughtful television programming.
3355,War is a great asshole magnet.
3356,"When a private entity does not produce the desired results, it is (certain body parts excepted) done away with. But a public entity gets bigger."
3357,"When a thing defies physical law, there's usually politics involved."
3358,Distracting a politician from governing is like distracting a bear from eating your baby.
3367,Chapter Three: The Horror! The Horror!
3396,"He who cannot rest, cannot work; he who cannot let go, cannot hold on; he who cannot find footing, cannot go forward."
3398,"I doubt there's ever been a true thing said on Fox. Maybe the weather report, maybe not."
3399,Rome is a very loony city in every respect. One needs but spend an hour or two there to realize that Fellini makes documentaries.
3400,Any child who cannot do long division by himself does not deserve to smoke.
3426,"You know what I hate? Indian givers... no, I take that back."
3432,Ambiguity — the Devil's volleyball.
3437,"When I was a little boy, I used to pray every night for a new bicycle. Then I realised, the Lord, in his wisdom, doesn't work that way. So I just stole one and asked Him to forgive me."
3438,"So I'm at the wailing wall, standing there like a moron, with my harpoon."
3446,"Wars can be prevented just as surely as they can be provoked, and we who fail to prevent them must share the guilt for the dead."
3451,He always looked a given horse in the mouth.
3455,He laid him squat as a flounder.
3462,"Subject to a kind of disease, which at that time they called lack of money."
3467,"Above the pitch, out of tune, and off the hinges."
3478,Scampering as if the Devil drove them.
3486,And thereby hangs a tale.
3491,What cannot be cured must be endured.
3492,"Thought I to myself, we shall never come off scot-free."
3519,"A pallid and thin young man,A haggard and lank young man,A greenery-yallery, Grosvenor Gallery,Foot-in-the-grave young man!"
3522,"Never, never, never,Faint heart never won fair lady!Nothing venture, nothing win –Blood is thick, but water's thin –In for a penny, in for a pound –It's Love that makes the world go round!"
3524,"...Darwinian Man, though well-behav'd,At best is only a monkey shav'd!"
3527,"…in the first place, self decapitation is an extremely difficult, not to say dangerous, thing to attempt; and, in the second, it's suicide, and suicide is a capital offence."
3528,"To sit in solemn silence in a dull, dark dock,In a pestilential prison, with a life-long lock,Awaiting the sensation of a short, sharp shock,From a cheap and chippy chopper on a big black block!"
3540,"I should have preferred to ride through the streets of Venice; but owing, I presume, to an unusually wet season, the streets are in such a condition that equestrian exercise is impractical."
3553,Every sin is the result of a collaboration.
3560,"Should the wide world roll awayLeaving black terrorLimitless night,Nor God, nor man, nor place to standWould be to me essentialIf thou and thy white arms were thereAnd the fall to doom a long way."
3562,"I saw a man pursuing the horizon; Round and round they sped. I was disturbed at this; I accosted the man. ""It is futile,"" I said, ""You can never—""""You lie,"" he cried, And ran on."
3575,A man who for an entire week does nothing but hit himself over the head has little reason to be proud.
3577,You are only a puppet. But you don't realize that you are.
3585,"Plenitude, when too plenitudinous, was worse than destitution, for — obviously — what could one do, if there was nothing one could not?"
3587,"The brave man inattentive to his duty, is worth little more to his country, than the coward who deserts her in the hour of danger."
3590,"The decision of the Supreme court has fell still born, and they find that it cannot coerce Georgia to yield to its mandate."
3605,I would never want to be a member of a group whose symbol was a man nailed to two pieces of wood. Especially if it's me!
3608,"Fussy eater"" is a euphemism for ""big pain in the ass""."
3630,"The objection to Puritans is not that they try to make us think as they do, but that they try to make us do as they think."
3638,"Every normal man must be tempted, at times, to spit upon his hands, hoist the black flag, and begin slitting throats."
3642,"Philadelphia is the most pecksniffian of American cities, and thus probably leads the world."
3648,"Public opinion, in its raw state, gushes out in the immemorial form of the mob's fear. It is piped into central factories, and there it is flavoured and coloured and put into cans."
3658,"Democracy, in fact, is always inventing class distinctions, despite its theoretical abhorrence of them."
3659,The demagogue is one who preaches doctrines he knows to be untrue to men he knows to be idiots. The demaslave is one who listens to what these idiots have to say and pretends to believe it himself.
3666,The most costly of all follies is to believe passionately in the palpably not true. It is the chief occupation of mankind.
3674,Truth — Something somehow discreditable to someone.
3676,"Before a man speaks it is always safe to assume that he is a fool. After he speaks, it is seldom necessary to assume it."
3677,Historian — An unsuccessful novelist.
3679,"The New Deal began, like the Salvation Army, by promising to save humanity. It ended, again like the Salvation Army, by running flop-houses and disturbing the peace."
3681,"The theory seems to be that so long as a man is a failure he is one of God's chillun, but that as soon as he has any luck he owes it to the Devil."
3683,"Jury — A group of twelve men who, having lied to the judge about their hearing, health and business engagements, have failed to fool him."
3689,Every decent man is ashamed of the government he lives under.
3691,Theology — An effort to explain the unknowable by putting it into terms of the not worth knowing.
3696,"Q: If you find so much that is unworthy of reverence in the United States, then why do you live here? A: Why do men go to zoos?"
3697,"A man who has throttled a bad impulse has at least some consolation in his agonies, but a man who has throttled a good one is in a bad way indeed."
3707,"Equality before the law is probably forever inattainable. It is a noble ideal, but it can never be realized, for what men value in this world is not rights but privileges."
3709,The kind of man who wants the government to adopt and enforce his ideas is always the kind of man whose ideas are idiotic.
3711,"The course of the United States in World War II, I said, was dishonest, dishonorable, and ignominious, and the Sunpapers, by supporting Roosevelt's foreign policy, shared in this disgrace."
3715,My engagement to AP is off. Her husband made pedantic objections to it.
3717,My belief is that every man after fifty-five is always ill more or less.
3721,Sock it to me?
3722,A man is not finished when he's defeated. He's finished when he quits.
3723,North Vietnam cannot defeat or humiliate the United States. Only Americans can do that.
3725,They always put me in the field where the ball wasn't going to be hit.
3727,The Jewish cabal is out to get me.
3728,"The Jews are irreligious, atheistic, immoral bunch of bastards."
3738,Nixon: Let's look at that. The Italians aren't any good at government. The Spanish aren't any good at government . . .
3741,They can do it. Just leave them alone. That's a lifestyle I don't want to touch.
3745,No — it is wrong that's for sure.
3747,"Nowdays, If a news report does not tie up loose ends as neatly as The A Team, it is considered a flop."
3748,"But by God, there are exceptions. But Bob, generally speaking, you can't trust the bastards. They turn on us."
3749,"But, Bob, generally speaking, you can't trust the bastards. They turn on you. Am I wrong or right?"
3755,You don't want to know.
3773,Hard is his herte that loveth noughtIn May.
3790,"O little booke, thou art so unconning, How darst thou put thy-self in prees for drede?"
3795,"A thousand horrid Prodigies foretold it.A feeble government, eluded Laws,A factious Populace, luxurious Nobles,And all the maladies of stinking states."
3799,"It is always observable that silence propagates itself, and that the longer talk has been suspended, the more difficult it is to find any thing to say."
3808,"That man is little to be envied whose patriotism would not gain force upon the plain of Marathon, or whose piety would not grow warmer among the ruins of Iona."
3809,"There is no wisdom in useless and hopeless sorrow; but there is something in it so like virtue, that he who is wholly without it cannot be loved."
3811,"Every man naturally persuades himself that he can keep his resolutions, nor is he convinced of his imbecility but by length of time and frequency of experiment."
3817,Round numbers are always false.
3825,"It is more from carelessness about truth than from intentional lying, that there is so much falsehood in the world."
3840,"What can he mean by coming among us? He is not only dull himself, but the cause of dullness in others."
3845,Memory is often the attribute of stupidity; it generally belongs to heavy spirits whom it makes even heavier by the baggage it loads them down with.
3847,My downfall made a great noise: those who appeared most satisfied criticized the manner of it.
3856,"Thoughts, like fleas, jump from man to man, but they don't bite everybody."
3862,"When everything has to be right, something isn't."
3889,It's far better to be unhappy alone than unhappy with someone — so far.
3898,The surest way to make a monkey of a man is to quote him. That remark in itself wouldn't make any sense if quoted as it stands.
3907,"It took me fifteen years to discover that I had no talent for writing, but I couldn't give it up because by that time I was too famous."
3909,"Drinking makes such fools of people, and people are such fools to begin with, that it's compounding a felony."
3916,Oklahoma is nothing but vast wasteland; no place for black people.
3918,"I don't know anything about Angola, but Angola's in trouble."
3919,"I was going to sue her for defamation of character, but then I realized that I have no character."
3920,"You know it's gone to hell, when the best rapper out there is a white guy and the best golfer is a black guy."
3923,Only poor people go to jail.
3925,I can't screw up Alabama... We are number 48 in everything and Arkansas and Mississippi aren't going anywhere.
3926,Poor people have been voting for Democrats for the last fifty years... and they are still poor.
3928,I can't imagine anyone here wanting to spend another $30 billion to be there for another 12 years.
3943,How can you own numbers? Numbers belong to the world.
3946,"Let's face it, if there were 10 people like me in the world, we wouldn't have time to read each other's books."
3950,People who are more than casually interested in computers should have at least some idea of what the underlying hardware is like. Otherwise the programs they write will be pretty weird.
3951,Random numbers should not be generated with a method chosen at random
3960,"Program testing can be used to show the presence of bugs, but never to show their absence!"
3965,"FORTRAN's tragic fate has been its wide acceptance, mentally chaining thousands and thousands of programmers to our past mistakes."
3969,"Program testing can be a very effective way to show the presence of bugs, but it is hopelessly inadequate for showing their absence."
3972,"The use of COBOL cripples the mind; its teaching should, therefore, be regarded as a criminal offense."
3973,"APL is a mistake, carried through to perfection. It is the language of the future for the programming techniques of the past: it creates a new generation of coding bums."
3975,It is practically impossible to teach good programming to students that have had a prior exposure to BASIC: as potential programmers they are mentally mutilated beyond hope of regeneration.
3978,Programming is one of the most difficult branches of applied mathematics; the poorer mathematicians had better remain pure mathematicians.
3979,"We can found no scientific discipline, nor a hearty profession, on the technical mistakes of the Department of Defense and, mainly, one computer manufacturer."
3980,About the use of language: it is impossible to sharpen a pencil with a blunt axe. It is equally vain to try to do it with ten blunt axes instead.
3986,The problems of the real world are primarily those you are left with when you refuse to apply their effective solutions.
4000,"Mistakes are almost always of a sacred nature. Never try to correct them. On the contrary: rationalize them, understand them thoroughly. After that, it will be possible for you to sublimate them."
4001,"Don't bother about being modern. Unfortunately it is the one thing that, whatever you do, you cannot avoid."
4012,"Every time I lose a little sperm I'm convinced I've wasted it. I always feel guilty afterwards.. .To start with, I'm not as impotent as all that."
4022,An expert is a person who has found out by his own painful experience all the mistakes that one can make in a very narrow field.
4038,Those who claim to discover everything but produce no proofs of the same may be confuted as having actually pretended to discover the impossible.
4060,I've sold my soul to the devil.
4067,Part of me suspects that I'm a loser and the other part of me thinks I'm God Almighty.
4077,"From then on, when anything went wrong with a computer, we said it had bugs in it."
4082,"I had a running compiler and nobody would touch it. ... they carefully told me, computers could only do arithmetic; they could not do programs."
4088,Government is too big and important to be left to the politicians.
4098,"She made a savage, angry effort at revolt, and, then all at once gave in. They exchanged not a word. The act was silent and brutal."
4101,Nothing could be more heartrending than this mute and motionless despair.
4103,"The couple fell one atop of the other, struck down, finding consolation, at last, in death."
4113,Respectable people... What bastards!
4115,"How she had cheated herself with her integrity and nice honor, which had girt her round with the empty joys of piety! No, no; she had had enough of it; she wished to live!"
4124,"Both women, looking different ways, kept shrugging their shoulders, and asking themselves how the deuce the other could tell such woppers!"
4130,"A ruined man fell from her hands like a ripe fruit, to rot on the ground by himself."
4133,"Like those antique monsters whose redoubtable domains were covered with skeletons, she rested her feet on human skulls. She was ringed round with catastrophes."
4150,"They were brutes, no doubt, but brutes who could not read, and who were dying of hunger."
4156,The past was but the cemetery of our illusions: one simply stubbed one's toes on the gravestones.
4160,"She was a combative virgin, was Flora, scornful of the male sex, all of which in the end had led folk to conclude that she could not be quite all there."
4165,The light has gone out of my life.
4166,There is a curse on this house.
4170,The worst lesson that can be taught a man is to rely upon others and to whine over his sufferings.
4171,"To sit home, read one's favorite paper, and scoff at the misdeeds of the men who do things is easy, but it is markedly ineffective. It is what evil men count upon the good men's doing."
4184,It is no use to preach to if you do not act decently yourself.
4188,This country has nothing to fear from the crooked man who fails. We put him in jail. It is the crooked man who succeeds who is a threat to this country.
4189,Malefactors of great wealth.
4208,You could no more make an agreement with them than you could nail currant jelly to a wall - and the failure to nail current jelly to a wall is not due to the nail; it is due to the currant jelly.
4209,I have a perfect horror of words that are not backed up by deeds.
4216,"Now the power to interpret is the power to establish; and if the people are not to be allowed finally to interpret the fundamental law, ours is not a popular government."
4243,"Pelé is one of the few who contradicted my theory Instead of 15 minutes of fame, he will have 15 centuries."
4257,The errors which arise from the absence of facts are far more numerous and more durable than those which result from unsound reasoning respecting true data.
4261,"Ambition has its disappointments to sour us, but never the good fortune to satisfy us."
4264,"How much more than is necessary do we spend in Sleep! forgetting that The sleeping Fox catches no Poultry,and that there will be sleeping enough in the Grave,as Poor Richard says."
4286,"Every Body cries, a Union is absolutely necessary, but when they come to the Manner and Form of the Union, their weak Noddles are perfectly distracted."
4307,Lack of knowledge concerning all the factors and the failure to include them in our integral imposes false conclusions.
4318,Politicians are always realistically maneuvering for the next election. They are obsolete as fundamental problem-solvers.
4325,What humans have spontaneously identified as good and bad — or as positive and negative — are evolutionary complementations in need of more accurate identifications.
4335,"Up to now, the world of politics doesn't know that. That's why all nations are dependent on armaments, why we have the arms race."
4345,I was convinced in 1927 that humanity's most fundamental survival problems could never be solved by politics.
4358,"Sleep, Napoleon! It was not your ideas they wanted, it was your corpse."
4359,Confusion is a word we have invented for an order which is not understood.
4360,"Take a good look at me. Now tell me, do you think I'm the sort of fellow who gives a fuck what happens once he's dead?"
4364,There ain't no such thing as civilization.
4370,"It is the American vice, the democratic disease which expresses its tyranny by reducing everything unique to the level of the herd."
4376,The man who is forever disturbed about the problems of humanity either has no problems of his own or has refused to face them.
4377,"The man who looks for security, even in the mind, is like a man who would chop off his limbs in order to have artificial ones which will give him no pain or trouble."
4404,The Gnostics thought the planet Earth was a cosmic mistake. I too feel that way — I'm through with this Earth before I've even departed from it.
4414,"On August 2, 1914, I took Braque and Derain to the Gare d'Avignon I never saw them again ."
4418,But they are useless. They can only give you answers.
4436,"People want to find a 'meaning' in everything and everyone. That's the disease of our age, an age that is anything but practical but believes itself to be more practical than any other age."
4446,Irrationality is the square root of all evil.
4454,"This type of paradox is quite characteristic of Zen. It is an attempt to ""break the mind of logic""."
4469,"Put the car away; when life failsWhat's the good of going to Wales?Here am I, here are you:But what does it mean? What are we going to do?"
4478,"Now the leaves are falling fast,Nurse's flowers will not last;Nurses to their graves are gone,And the prams go rolling on."
4484,"The stars are dead. The animals will not look. We are left alone with our day, and the time is short, and    History to the defeated May say Alas but cannot help nor pardon."
4485,"My head looks an egg upon a plate,My nose is not too bad, but isn't straight;I have no proper eyebrows, and my eyesAre far too close together to look nice."
4491,The Godhead is broken like bread. We are the pieces.
4510,"For the error bred in the bone Of each woman and each man Craves what it cannot have, Not universal love But to be loved alone."
4521,"That girls are raped, that two boys knife a third,Were axioms to him, who'd never heardOf any world where promises were keptOr one could weep because another wept."
4523,"This great society is going to smash;They cannot fool us with how fast they go,How much they cost each other and the gods.A culture is no better than its woods."
4525,"Admirer as I think I amOf stars that do not give a damn,I cannot, now I see them, sayI missed one terribly all day."
4531,One cannot review a bad book without showing off.
4535,"Some writers confuse authenticity, which they ought always to aim at, with originality, which they should never bother about."
4542,"History is, strictly speaking, the study of questions; the study of answers belongs to anthropology and sociology."
4545,"Literary confessors are contemptible, like beggars who exhibit their sores for money, but not so contemptible as the public that buys their books."
4550,"The law cannot forgive, for the law has not been wronged, only broken; only persons can be wronged. The law can pardon, but it can only pardon what it has the power to punish."
4552,All pity is self-pity.
4561,"No opera plot can be sensible, for people do not sing when they are feeling sensible."
4587,Criticism should be a casual conversation.
4593,"You can choose whatever name you like for the two types of government. I personally call the type of government which can be removed without violence ""democracy"", and the other ""tyranny""."
4595,"Whenever a theory appears to you as the only possible one, take this as a sign that you have neither understood the theory nor the problem which it was intended to solve."
4600,Those who promise us paradise on earth never produced anything but a hell.
4601,Good tests kill flawed theories; we remain alive to guess again.
4602,"...no matter how many instances of white swans we may have observed, this does not justify the conclusion that all swans are white."
4603,...non-reproducible single occurrences are of no significance to science.
4607,No rational argument will have a rational effect on a man who does not want to adopt a rational attitude.
4612,"Besides, we should never attempt to balance anybody's misery against somebody else's happiness."
4613,Always remember that it is impossible to speak in such a way that you cannot be misunderstood: there will always be some who misunderstand you.
4619,By 'arguing...' I mean... criticizing... inviting... criticism; and trying to learn from it.
4635,He is so corrupt that he would willingly pay for the pleasure of selling himself.
4641,"One becomes a critic when one cannot be an artist, just as a man becomes a stool pigeon when he cannot be a soldier. (22 October 1846)"
4652,You don't get everything you want.  A dictatorship would be a lot easier.
4676,This issue doesn't seem to resignate with the people.
4678,They misunderestimated me.
4689,I'm having difficulty controlling my blood lust.
4697,"I was sitting outside the classroom waiting to go in, and I saw an airplane hit the tower. The TV was obviously on. I used to fly myself and I said, ""There's one terrible pilot."
4714,"There's an old saying in Tennessee - I know it's in Texas, probably in Tennessee - that says, fool me once, shame on - shame on you. Fool me - you can't get fooled again."
4730,My Geordie is probably just about as bad as my English.
4741,"No device of man can remove the tragedy from war, yet it is a great advance when the guilty have far more to fear from war than the innocent."
4747,We did not charge hundreds of miles into the heart of Iraq and pay a bitter cost of casualties and liberate 25 million people only to retreat before a band of thugs and assassins.
4753,"Those weapons of mass destruction have got to be somewhere... Nope, no weapons over there... Maybe under here."
4760,I don't think you can win it. But I think you can create conditions so that those who use terror as a tool are less acceptable in parts of the world.
4762,"Well, actually, he forgot Poland."
4773,"Again, he violated the one-question rule right off the bat. Obviously, you didn't listen to the will of the people."
4781,"We had an accountability moment, and that's called the 2004 elections."
4783,Because he's hiding.
4787,"Interestingly enough, Americans now understand we have a problem. — April 26, 2005"
4792,"There was no evidence that Saddam Hussein was involved with the attack of 9/11, I've never said that and never made that case prior to going into Iraq."
4814,"Keeping America competitive requires affordable energy. Here we have a serious problem. America is addicted to oil, which is often imported from unstable parts of the world."
4816,"A year ago my approval rating was in the 30s, my nominee for the Supreme Court had just withdrawn, and my vice president had shot someone. Ah, those were the good ol' days."
4822,"(He) ... said he'd like to be there but ""One, I'm too old to be out there, and two, they would notice me."
4828,"It's viewed as an anti-Russian device. Well, it's not."
4830,I'll be long gone before some smart person ever figures out what happened inside this Oval Office.
4831,"Goodbye, from the world's biggest polluter."
4832,"If money isn't loosened up, this sucker could go down."
4833,I told Barack Obama that I wouldn't let the automakers fail. I won't dump this mess on him.
4834,I suspected there would be a good-size crowd once the word got out about my hanging.
4849,I got some hands I didn't want to play.
4851,"You want the country to go back to normal, but the presidency couldn't go back to normal."
4853,"In other words, words can be empty and all that does is just reinforce the bad behavior of tyrants."
4860,"I'm interested in politics, but I'm out of politics. You know, I like to watch it."
4869,"Disease can be defeated, and people with AIDS refuse to be defeated."
4871,It is impossible to get help where it is most needed when any group is targeted for legal discrimination and stigma.
4885,"If we have learned one thing from the history of invention and discovery, it is that, in the long run — and often in the short one — the most daring prophecies seem laughably conservative."
4893,"All explorers are seeking something they have lost. It is seldom that they find it, and more seldom still that the attainment brings them greater happiness than the quest."
4906,"Through long and bitter experience, Rajasinghe had learned never to trust first impressions, but also never to ignore them."
4908,"Even though you were once a goddess, Kalidasa's heaven was only an illusion."
4909,I am unable to distinguish clearly between your religious ceremonies and apparently identical behavior at the sporting and cultural functions you have transmitted to me.
4912,"One fail-safe after another had let them down. Helped by the ionospheric storm, the sheer perversity of inanimate things struck again."
4914,"All these worlds are yours, except Europa. Attempt no landings there."
4936,"SETI is probably the most important quest of our time, and it amazes me that governments and corporations are not supporting it sufficiently."
4940,A single test which proves some piece of theory wrong is more valuable than a hundred tests showing that idea might be true.
4949,"He had wished to convince himself that Comarre was evil. Now he knew that it was not. There would always be, even in Utopia, some for whom the world had nothing to offer but sorrow and disillusion."
4951,News that is sufficiently bad somehow carries its own guarantee of truth. Only good reports need confirmation.
4955,"The extremists in his movement had discredited themselves thoroughly, and it would be a long time before the world heard of them again."
4958,"I doubt if such a word exists, and if it does, it shouldn't."
4961,"There are some things that no amount of pure intelligence can anticipate, but which can only be learned by bitter experience."
4967,There may be a moral here. For the life of me I can't find it.
4976,"Democracy is our most important possession. If we throw it away when the going gets tough, we might never get it back."
4977,"Such craziness captured media attention, but was fortunately still rare."
4990,The dullness of fact is the mother of fiction.
4992,"Predicting the future is a hopeless, thankless task, with ridicule to begin with and, all too often, scorn to end with."
5024,It is surely better to be wronged than to do wrong.
5029,The military mind remains unparalleled as a vehicle of creative stupidity.
5046,"There are limits beyond which your folly will not carry you. I am glad of that. In fact, I am relieved."
5050,"Good literature, all if it, is supposed to illuminate the human condition."
5067,Earth governments in moments of stress are not famous for being reasonable.
5071,"The evil drink does,"" said George, with a heavily alcoholic sigh, ""would be hard to assess.""""Not if you were sober,"" I said."
5072,"You clearly know nothing at all about economics, old fellow.""""Neither do economists, George,"" I said."
5091,Men grew desperate and the border between bitter frustration and wild destruction is sometimes easily crossed.
5095,"Remember, you once said, Lije, that people sometimes mistake their own shortcomings for those of society and want to fix the Cities because they don't know how to fix themselves."
5097,"A robot, the man had said, is logical but not reasonable."
5107,"It is because you yourself fear the propaganda created, after all, only by the stupidity of your own bigots."
5108,That is the most stupid thing yet. I tell you that I could despair of human intelligence when I see what can exist in men's minds.
5111,I see your vile implication. My only explanation for it is that you are criminally insane.
5112,"Well, it was healthy to miss once in a while. It kept self-confidence balanced at a point safely short of arrogance."
5113,"Trantor could win even such a war, but perhaps not without paying a price that would make victory only a pleasanter name for defeat."
5115,Truth is a discredited commodity among diplomats.
5122,"That insufferable, dull-witted donkey! That—"" Hardin broke in: ""Not at all. He's merely the product of his environment. He doesn't understand much except that 'I got a gun and you ain't.'"
5123,It seems an uncommonly woundabout and hopelessly wigmawolish method of getting anywheahs.
5127,"That was the time to begin all-out preparations for war."" ""On the contrary. That was the time to begin all-out prevention of war."
5140,It's a poor atom blaster that won't point both ways.
5161,It is better to go to defeat with free will than to live in a meaningless security as a cog in a machine.
5164,"The robot has wanted Fallom all along, Janov."
5166,All history shows that we do not learn from the lessons of the past.
5179,You can always put something noble in a sneering fashion if you try.
5181,"You're naïve Hari. Or not a historian, which is the same thing."
5182,"If all human beings understood history, they might cease making the same stupid mistakes over and over."
5192,I fear my ignorance.
5196,"There are no happy endings in history, only crisis points that pass."
5203,"The novels I have been writing lately are the kind I wrote in the 1950s. (I have been criticized for this by some critics, but the day I pay attention to critics is the day the sky will fall.)"
5204,"As one gets older and more rickety, and as medical technology advances, doctors love to play with their toys, using you as their victim."
5213,The trouble is that I am one of the common breed of human being who finds it very easy to strew noble little homilies far and wide but considerably less easy to follow those homilies himself.
5224,"All that had thus far counted as limit, as measuring determination, proved itself here but artificial"
5228,The desert grows: woe to him in whom deserts hide ...
5246,Dijkstra probably hates me.
5247,"When you say ""I wrote a program that crashed Windows"", people just stare at you blankly and say ""Hey, I got those with the system, *for free*"
5250,An infinite number of monkeys typing into GNU Emacs would never make a good program.
5255,"…the Linux philosophy is ""laugh in the face of danger"". Oops. Wrong one. ""Do it yourself"". That's it."
5261,"I was thrown out of fourth grade because I couldn't write my own name, and it's been all downhill from there."
5265,I allege that SCO is full of it.
5266,They are smoking crack.
5269,"There are literally several levels of SCO being wrong. And even if we were to live in that alternate universe where SCO would be right, they'd still be wrong."
5271,The NIH syndrome (Not Invented Here) is a disease.
5275,Don't bother. Bram doesn't know what he's talking about.
5278,"The fact that ACPI was designed by a group of monkeys high on LSD, and is some of the worst designs in the industry obviously makes running it at any point pretty damn ugly."
5280,I claim that Mach people (and apparently FreeBSD) are incompetent idiots.
5282,EFI is this other Intel brain-damage (the first one being ACPI).
5284,Gcc is crap.
5289,"I have an ego the size of a small planet, but I'm not _always_ right ."
5293,"I think Leopard is a much better system … but OS X in some ways is actually worse than Windows to program for. Their file system is complete and utter crap, which is scary."
5295,"It's what I call ""mental masturbation"", when you engage is some pointless intellectual exercise that has no possible meaning."
5298,"The thing that has always disturbed me about O_DIRECT is that the whole interface is just stupid, and was probably designed by a deranged monkey on some serious mind-controlling substances ."
5299,Your code is shit.
5300,"Crying that it's an application bug is like crying over the speed of light: you should deal with reality, not what you wish reality was."
5302,Your argument is shit.
5308,I started Linux as a desktop operating system. And it's the only area where Linux hasn't completely taken over. That just annoys the hell out of me.
5309,"Nvidia has been the single worst company we've ever dealt with. So, Nvidia, fuck you!"
5318,"Microsoft isn't evil, they just make really crappy operating systems."
5321,"Whoever came up with ""hold the shift key for eight seconds to turn on 'your keyboard is buggered' mode"" should be shot."
5322,"There aren't enough swear-words in the English language, so now I'll have to call you perkeleen vittupää just to express my disgust and frustration with this crap."
5324,"XML is crap. Really. There are no excuses. XML is nasty to parse for humans, and it's a disaster to parse even for computers. There's just no reason for that horrible crap to exist."
5325,"One of the things, none of the distributions have ever done right is application packaging making binaries for linux desktop applications is a major fucking pain in the ass."
5334,"None of this ""there is no way to continue"" bullshit. Because it is pure and utter SHIT."
5342,Sometimes you have one of those days that just shows how incompetent you are... Moral of the day: RTFM.
5350,But I much prefer other people solving my problems for me. So me having to come up with a project is actually a failure of the world—and the world just hasn't failed in the last 20 years for me.
5352,"People are strange, and you can't fix people."
5358,Who the fuck is Justin Bieber?
5360,We are not going to continue until we hear the fucking roof rattle.
5361,I like the word fuck. Fucking deal with it and move on to the first fucking question you have.
5364,I hate these fucking stretch bastards junk pimp mobiles!
5367,"Well, its not that bad. I thought she was going to show me a picture of uhhhh...an eagle on her ass or something."
5374,Merry xmas....now fuck off.
5376,"Fuck! Go to Alaska! No, no, no, no. You fucking asshole ocean! No!"
5378,"I've done a lot worse than jump off piers, son. Like throw a television out the window."
5381,This will end in tears.
5382,I have no regrets except that I wasn't up to keep Randy (Rhoads) from getting on that plane.
5383,"I kept hearing that metal is dead and Ozzy's dead and people that like Ozzy are dead. I have never had an empty seat. I've always sold out, so who's saying it's all over?"
5389,Sometimes I'm scared of being Ozzy Osbourne. But it could have been worse. I could have been Sting.
5396,David Fricke: You were arrested in 1989 for trying to kill her in a drunken rage.
5413,"My position has always been that there's two types of people opposed to pornography: those who don't know what they're talking about, and those who don't know what they're missing."
5418,"No, I happen to be one of those people whose memory shuts down under pressure. The answers would come to me in the middle of the night in my sleep! Besides, I am a millionaire."
5423,Nerds are the only people who know how to operate the video recorder.
5425,"Never trust any complicated cocktail that remains perfectly clear until the last ingredient goes in, and then immediately clouds."
5427,"Dickens, as you know, never got round to starting his home page."
5432,"Go on, prove me wrong. Destroy the fabric of the universe. See if I care."
5442,I didn't go to university. Didn't even finish A-levels. But I have sympathy for those who did.
5443,"Out of Print"" is bookseller speak for ""We can't be hedgehogged""."
5466,It is well known that a vital ingredient of success is not knowing that what you're attempting can't be done.
5467,"Cats don't hunt seals. They would if they knew what they were and where to find them. But they don't, so that's all right."
5474,"I don't believe. I never have, not in big beards in the sky."
5491,"Solomon had earlier tried to give him some inkling of what Julius Caesar was all about, and it seemed to Dodger to be about something like a gang fight, except that everybody talked too much."
5494,"Tolkien's dead. J. K. Rowling said no. Philip Pullman couldn't make it. Hi, I'm Terry Pratchett."
5497,That's the thing about people who think they hate computers … What they really hate are lousy programmers.
5502,"The dinosaurs became extinct because they didn't have a space program. And if we become extinct because we don't have a space program, it'll serve us right!"
5504,Part of being a coward is wanting security.
5505,Do you know what it's like to be suddenly poor and not know how to live poor?
5508,"The moral of this story is, anything you don't understand is dangerous until you do understand it."
5509,"Does it help you to know that you've ruined my day?""""It does, yes."
5512,Was he deadpan because he didn't care anymore? How much boredom can you meet in three hundred years?
5514,There's always another problem behind the one you just solved. Does that mean that you should stop solving problems?
5516,Talking to the Council would be like shouting obscenities at a forest fire.
5521,A species that can't develop spaceflight is no better than animals.
5523,Stupidity is always a capital crime.
5524,The morning was blacker than the inside of a smoker's lungs.
5539,There aren't many prizes for second place in battle.
5541,"A sapient species doesn't reach space unless the members learn to cooperate. They'll wreck the environment, one way or another, war or straight libertarianism or overbreeding."
5544,"Do you know the difference between a comic book and a graphic novel? If you try to read a graphic novel in the sauna, it comes apart. Glue melts; staples don't."
5547,The standard-issue critic took English lit because physics was too hard for him!
5552,It's damned embarrassing when you wake up with a girl and can't remember her name.
5555,I see that you will never agree. I cannot help that. I can only read the evidence.
5557,"You should know by now, Hamilton. We bury everything. The sky is the enemy here. There's meteors, radiation..spacecraft, for that matter."
5558,"When nobody gets rich, they call that a recession."
5559,A machine has no mind to read; you never know when it's going to betray you—
5571,Fear is the brother of hate.
5572,The Gods do not protect fools. Fools are protected by more capable fools.
5574,The perversity of the universe tends towards a maximum. The universe is hostile.
5578,Tell them the universe is too complicated a toy for a sensibly cautious being to play with.
5582,Sometimes there's no point in giving up.
5585,"I'm being chauvinistic, he told himself. I can't judge an alien's sanity by Belt standards, can I? His lip curled. Sure I can. That ship is badly designed."
5588,And the air was full of the smell of burning bridges.
5593,And that's another reason I don't want contact between your species and mine. You're all Crazy Eddies. You think every problem has a solution.
5596,She waited for him to explain a universe in which there was so much injustice.
5606,Civilization must have become awfully stereotyped before its collapse.
5613,The Gamers are so out of touch with reality that they were never considered a serious threat.
5627,"It was a bad omen. Glitches were a lot like cockroaches. If you didn't catch them in time, they'd scuttle off into someplace dark and warm and begin to breed."
5628,"Whatever benefits voodoo conferred, intellectual agility was not among them."
5632,Everybody was talking and nobody was communicating.
5639,"I copied it.""""Sure you did, joker, but they drew what they thought you wanted and you copied what you thought you saw—"
5643,We've fallen way behind. Building one space station for everyone was and is insane: we should have built a dozen.
5645,2) Never fire a laser at a mirror.
5647,"5) Psi and/or magical powers, if real, are nearly useless."
5651,10) Anarchy is the least stable of social structures.
5657,"3) Stories to end all stories on a given topic, don't."
5662,The image is one thing and the human being is another...it's very hard to live up to an image.
5670,Out of my own great woeI make my little songs.
5673,Don't send a poet to London.
5678,"No talent, but a character."
5693,The fundamental evil of the world arose from the fact that the good Lord has not created money enough.
5694,There are more fools in the world than there are people.
5699,"That would be a good thing for them to cut on my tombstone: Wherever she went, including here, it was against her better judgment."
5704,And I'll stay away from Verlaine too; he was always chasing Rimbauds.
5706,One more drink and I'd have been under the host.
5709,It's not the tragedies that kill us; it's the messes.
5714,It serves me right for putting all my eggs in one bastard.
5716,What fresh hell can this be?
5718,"And there was that wholesale libel on a Yale prom. If all the girls attending it were laid end to end, Mrs Parker said, she wouldn't be at all surprised."
5723,Sinbad is produced in accordance with the fine old Shubert precept that nothing succeeds like undress. p. 6
5724,Anyone can do that—the stunt lies in not doing it. p. 8
5737,It is not because men's desires are strong that they act ill; it is because their consciences are weak.
5738,How can great minds be produced in a country where the test of a great mind is agreeing in the opinions of small minds?
5741,"Whatever crushes individuality is despotism, by whatever name it may be called, and whether it professes to be enforcing the will of God or the injunctions of men."
5743,A bureaucracy always tends to become a pedantocracy.
5744,"Among a people without fellow-feeling, especially if they read and speak different languages, the united public opinion, necessary to the working of the representative government, cannot exist."
5750,A pupil from whom nothing is ever demanded which he cannot do never does all he can.
5761,"It's almost impossible to say anything against Islam in this country, because you are accused of being racist or Islamophobic."
5762,"Unfortunately, instead of working out that they have probably misunderstood evolution, creationists conclude, instead, that evolution must be false."
5763,I do feel visceral revulsion at the burka because for me it is a symbol of the oppression of women.
5768,SJWs can't forgive Shakespeare for having the temerity to be white and male.
5799,There are people in the world who desperately want not to have to believe in Darwinism.
5800,"This not only misses the point, it is the precise antithesis of the point."
5832,"And when we look closely, we find a system of morals which any civilised person today should surely find poisonous."
5838,"Admittedly, people of a theological bent are often chronically incapable of distinguishing what is true from what they'd like to be true. (p. 135 of the Black Swan paperback edition of 2007)"
5849,We're too stupid to decide on EU (that includes me)
5851,"People are terrified of being thought racist, there's an awful confusion in many people's minds. They think Islam is a race, which of course it isn't"
5852,"If you're seen to criticise Islam you are often accused of racism, which is absurd."
5856,"Those people who think sexual abuse is a black-or-white, all-or-none category are incapable of clear, logical thought."
5862,Don't ask God to cure cancer & world poverty. He's too busy finding you a parking space & fixing the weather for your barbecue.
5864,"Saw a down-and-out in Seattle last night. His sign said not ""I need food"" or ""I need a job"" but ""I need a fat bitch"". What could this mean?"
5865,"Bin Laden has won, in airports of the world every day. I had a little jar of honey, now thrown away by rule-bound dundridges. STUPID waste."
5870,Abort it and try again. It would be immoral to bring it into the world if you have the choice.
5875,"Don't call him ""clock boy"" since he never made a clock. Hoax Boy, having hoaxed his way into the White House, now wants $15M in addition!"
5876,"Let's not talk about Communism. Communism was just an idea, just pie in the sky."
5878,Storm clouds of terror and dictatorship are gathering over the whole country... They must not be allowed to bring eternal night.
5881,"You can build a throne with bayonets, but it's difficult to sit on it."
5883,History demonstrates that it is a dangerous delusion to suppose that the destinies of continents and of the world community in general can somehow be managed from one single capital
5884,"One could see that what you are writing was that today's meeting with President Bill Clinton was going to be a disaster. Now, for the first time, I can tell you that you are a disaster."
5899,I sound my barbaric yawp over the roofs of the world.
5928,He is only a very shallow critic who cannot see an eternal rebel in the heart of the Conservative.
5938,Either criticism is no good at all (a very defensible position) or else criticism means saying about an author the very things that would have made him jump out of his boots.
5941,All government is an ugly necessity.
5946,It is terrible to contemplate how few politicians are hanged.
5947,I do not believe in a fate that falls on men however they act; but I do believe in a fate that falls on them unless they act.
5950,Fallacies do not cease to be fallacies because they become fashions.
5952,A puritan is a person who pours righteous indignation into the wrong things.
5953,"There is something to be said for every error; but, whatever may be said for it, the most important thing to be said about it is that it is erroneous."
5954,"What embitters the world is not excess of criticism, but absence of self-criticism."
5957,A stiff apology is a second insult.
5964,Lord! what a strange world in which a man cannot remain unique even by taking the trouble to go mad!
5970,"The fierce poet of the Middle Ages wrote, ""Abandon hope, all ye who enter here,"" over the gates of the lower world. The emancipated poets of to-day have written it over the gates of this world."
5982,"Misers get up early in the morning; and burglars, I am informed, get up the night before."
5986,"If a thing is worth doing, it is worth doing badly."
5988,Atheism is indeed the most daring of all dogmas ... for it is the assertion of a universal negative
5993,"Dogma does not mean the absence of thought, but the end of thought."
5994,He did not know the way things were going: he was too Victorian to understand the Victorian epoch. He did not know enough ignorant people to have heard the news.
6000,"My friends, we will not go again or ape an ancient rage,Or stretch the folly of our youth to be the shame of age,"
6003,"Our chiefs said 'Done,' and I did not deem it; Our seers said 'Peace,' and it was not peace; Earth will grow worse till men redeem it, And wars more evil, ere all wars cease."
6006,"Heaven shall forgive you Bridge at dawn, The clothes you wear — or do not wear — And Ladies' Leap-frog on the lawn And dyes and drugs, and petits verres."
6013,"Prince, I can hear the trumpet of Germinal, The tumbrils toiling up the terrible way; Even to-day your royal head may fall — I think I will not hang myself to-day."
6060,I should have been a pair of ragged claws Scuttling across the floors of silent seas.
6062,"I am no prophet — and here's no great matter; I have seen the moment of my greatness flicker, And I have seen the eternal Footman hold my coat, and snicker, And in short, I was afraid."
6063,"We have lingered in the chambers of the sea By sea-girls wreathed with seaweed red and brown Till human voices wake us, and we drown."
6079,"Signs are taken for wonders. ""We would see a sign!"" The word within a word, unable to speak a word, Swaddled with darkness."
6097,"Shape without form, shade without colour,Paralysed force, gesture without motion."
6101,This is the way the world ends Not with a bang but a whimper.
6120,"And the wind shall say: ""Here were decent godless people: Their only monument the asphalt road And a thousand lost golf balls."
6124,What have we to do but stand with empty hands and palms turned upwards in an age which advances progressively backwards?
6138,"He's the bafflement of Scotland Yard, the Flying Squad's despair: For when they reach the scene of crime — Macavity's not there!"
6144,It's no use crying over spilt evils. It's better to mop them up laughing.
6147,King's Cross! What shall we do? His Purple Robe Is rent in two!
6153,"Out upon you, Jerry! Jerry, you're a pity! Jerry, turn about and plant a garden in the City!"
6162,"Eloquence may strike the ear, but the language of poverty strikes the heart; the first may charm like music, but the second alarms like a knell."
6163,"This sacrifice of common sense is the certain badge which distinguishes slavery from freedom; for when men yield up the privilege of thinking, the last shadow of liberty quits the horizon."
6164,He who dares not offend cannot be honest.
6173,"And the final event to himself has been, that, as he rose like a rocket, he fell like the stick."
6175,"A thing, moderately good, is not so good as it ought to be. Moderation in temper, is always a virtue; but moderation in principle, is a species of vice."
6176,"It is error only, and not truth, that shrinks from inquiry."
6183,I have no wish to believe on that subject.
6184,"It is the duty of every man, so far as his ability extends, to detect and expose delusion and error."
6188,What use is it to slumber here: Though the heart be sad and weary? What use is it to slumber here Though the day rise dark and dreary?
6211,"My apple trees will never get across And eat the cones under his pines, I tell him. He only says, ""Good fences make good neighbours."
6215,"My words are nearly always an offense. I don't know how to speak of anything So as to please you. But I might be taught, I should suppose. I can't say I see how."
6217,"And nothing to look backward to with pride, And nothing to look forward to with hope."
6263,"Wind goes from farm to farm in wave on wave, But carries no cry of what is hoped to be. There may be little or much beyond the grave, But the strong are saying nothing until they see."
6278,"Far in the pillared dark Thrush music went — Almost like a call to come in To the dark and lament. But no, I was out for stars; I would not come in. I meant not even if asked; And I hadn't been."
6284,Have I not walked without an upward look Of caution under stars that very well Might not have missed me when they shot and fell? It was a risk I had to take — and took.
6286,"All those who try to go it sole alone, Too proud to be beholden for relief, Are absolutely sure to come to grief."
6294,A liberal is a man too broadminded to take his own side in a quarrel.
6319,"With moral degradation goes political degradation. Conclusion, Part First, III"
6320,"Now it is all over. The French nation is dead. Conclusion, Part Second, I"
6355,"Well, they are gone, and here must I remain, This lime-tree bower my prison!"
6364,I stood in unimaginable tranceAnd agony that cannot be remembered.
6365,"The knight's bones are dust, And his good sword rust; His soul is with the saints, I trust."
6374,"Like some poor nigh-related guest, That may not rudely be dismist; Yet hath outstayed his welcome while, And tells the jest without the smile."
6398,"A grief without a pang, void, dark and drear, A stifled, drowsy, unimpassioned grief, Which finds no natural outlet, no relief In word, or sigh, or tear."
6406,The doing evil to avoid an evilCannot be good.
6413,Motionless torrents! silent cataracts!
6419,"Reviewers are usually people who would have been poets, historians, biographers, etc., if they could; they have tried their talents at one or the other, and have failed; therefore they turn critics."
6420,"The poet is not only the man made to solve the riddle of the universe, but he is also the man who feels where it is not solved."
6455,"Good-night? ah! no; the hour is ill Which severs those it should unite; Let us remain together still, Then it will be good night."
6460,"His fine wit Makes such a wound, the knife is lost in it."
6462,One word is too often profaned For me to profane it; One feeling too falsely disdained For thee to disdain it.
6488,"Then black despair, The shadow of a starless night, was thrown Over the world in which I moved alone."
6536,"I weep for Adonais — he is dead! O, weep for Adonais! though our tears Thaw not the frost which binds so dear a head!"
6538,"Most musical of mourners, weep again!"
6546,"Alas! that all we loved of him should be, But for our grief, as if it had not been, And grief itself be mortal! Woe is me! Whence are we, and why are we? of what scene The actors or spectators?"
6558,The pleasure that is in sorrow is sweeter than the pleasure of pleasure itself.
6562,Tragedy delights by affording a shadow of the pleasure which exists in pain.
6574,"A constellation of the most pedantic, obstinate ignorance and presumption, mixed with a kind of rustic incivility, which would try the patience of Job."
6604,"Public life is a situation of power and energy; he trespasses against his duty who sleeps upon his watch, as well as he that goes over to the enemy."
6605,Falsehood has a perennial spring.
6609,I have in general no very exalted opinion of the virtue of paper government.
6610,The concessions of the weak are the concessions of fear.
6611,"When we speak of the commerce with our colonies, fiction lags after truth, invention is unfruitful, and imagination cold and barren."
6615,"Abstract liberty, like other mere abstractions, is not to be found."
6621,Slavery they can have anywhere. It is a weed that grows in every soil.
6626,Bad laws are the worst sort of tyranny.
6639,"Whenever a separation is made between liberty and justice, neither, in my opinion, is safe."
6645,They defend their errors as if they were defending their inheritance.
6662,"I cannot conceive how any man can have brought himself to that pitch of presumption, to consider his country as nothing but carte blanche, upon which he may scribble whatever he pleases."
6665,"The unbought grace of life, the cheap defence of nations, the nurse of manly sentiment and heroic enterprise, is gone!"
6670,Superstition is the religion of feeble minds.
6675,"Better to be despised for too anxious apprehensions, than ruined by too confident a security."
6705,"And having looked to Government for bread, on the very first scarcity they will turn and bite the hand that fed them."
6710,"We have an enemy, to whose virtues we can owe nothing; but on this occasion we are infinitely obliged to one of his vices. We owe more to his insolence than to our own precaution."
6719,The tyranny of a multitude is a multiplied tyranny.
6720,A very great part of the mischiefs that vex the world arises from words.
6724,They talk as if England were not in Europe.
6729,"We were told four years ago that 17 million people went to bed hungry every night. Well, that was probably true. They were all on a diet."
6737,Government is like a baby. An alimentary canal with a big appetite at one end and no responsibility at the other.
6750,"If fascism ever comes to America, it will come in the name of liberalism."
6754,Government exists to protect us from each other. Where government has gone beyond its limits is in deciding to protect us from ourselves.
6756,Intelligence reports say he — Castro — is very worried about me. I'm very worried that we can't come up with something to justify his worrying.
6757,"Government's first duty is to protect the people, not run their lives."
6758,"Honey, I forgot to duck."
6760,The size of the Federal budget is not an appropriate barometer of social conscience or charitable concern.
6761,I never knew anything above Cs.
6763,We don't have a trillion-dollar debt because we haven't taxed enough; we have a trillion-dollar debt because we spend too much.
6769,"One hundred nations in the UN have not agreed with us on just about everything that's come before them, where we're involved, and it didn't upset my breakfast at all."
6799,"A few months ago I told the American people I did not trade arms for hostages. My heart and my best intentions still tell me that's true, but the facts and the evidence tell me it is not."
6804,"Facts are stupid things — stubborn things, I should say."
6811,Let's close the place down and see if anybody notices.
6817,"For more than five years, I'd made little progress with my efforts at quiet diplomacy — for one thing, the Soviet leaders kept dying on me."
6825,Silence is the bluntest of blunt instruments.
6830,I convinced myself that sadness and compromise were the ways of the world...
6835,"Inevitably, I drank too much, talked too much, smiled too hard, swallowed back too much bile."
6839,And what if I don't want forgiveness?
6846,Unhappiness is our element. We come to believe we can't function without it.
6850,"If you apologize for something that isn't your fault in the first place, you, in effect, confirm their belief that it is your fault."
6854,What was the point of spending your life with someone you were always looking for ways to deceive?
6859,Betrayal does that -- betrays the betrayer.
6870,"...if you don't risk anything, you risk even more."
6875,"Every poem, every page of fiction I have written, has been written with anxiety, occasionally panic, always uncertainty about its reception."
6897,"Invention flags, his brain goes muddy,And black despair succeeds brown study."
6906,It is the business of a comic poet to paint the vices and follies of human kind.
6908,"Though marriage makes man and wife one flesh, it leaves 'em still two fools."
6911,Thou liar of the first magnitude.
6913,"Ferdinand Mendez Pinto was but a type of thee, thou liar of the first magnitude."
6922,"Say what you will, tis better to be left than never to have been loved."
6925,"I nauseate walking; 'tis a country diversion, I loathe the country."
6931,"She can only believe I am serious in her own fashion of being serious: as an antic sort of seriousness, which is not seriousness at all but despair masquerading as seriousness."
6950,Dick Nixon is the victim of the worst press that ever hit a politician in this country. What they did to him in the Helen Gahagan Douglas race was disgusting.
6953,"Their platform, made up of left-over Democratic planks, has the courage of our old convictions. Their pledge is a pledge to the status quo — and today there can be no status quo."
6962,"There is danger that totalitarian governments, not subject to vigorous popular debate, will underestimate the will and unity of democratic societies where vital interests are concerned."
6973,Disarmament without checks is but a shadow — and a community without law is but a shell.
6974,Political sovereignty is but a mockery without the means of meeting poverty and illiteracy and disease. Self-determination is but a slogan if the future holds no hope.
6983,"We have had our failures, but so have others, even if they do not admit them. And they may be less public."
6988,"Too large a tax cut, of course, could result in inflation and insufficient future revenues--but the greatest danger is a tax cut too little or too late to be effective."
6994,"Dante once said that the hottest places in hell are reserved for those who, in a period of moral crisis, maintain their neutrality."
6998,"Communism has sometimes succeeded as a scavenger, but never as a leader. It has never come to power in a country that was not disrupted by war or corruption, or both."
7008,"The margin is narrow, but the responsibility is clear."
7010,This country cannot afford to be materially rich and spiritually poor.
7016,No government or social system is so evil that its people must be considered as lacking in virtue.
7061,ye!the godless are the dull and the dull are the damned
7071,We doctors know a hopeless case if — listen: there's a hell of a good universe next door; let's go
7074,true wars are never won
7080,all ignorance toboggans into knowand trudges up to ignorance again
7081,nothing except the impossible shall occur
7101,unlove's the heavenless hell and the homeless home
7124,My difficulty is only an — enormous — difficulty of expression.
7130,What cannot be imagined cannot even be talked about.
7142,"If I cannot say a priori what elementary propositions there are, then the attempt to do so must lead to obvious nonsense. (5.5571)"
7159,Frazer's account of the magical and religious views of mankind is unsatisfactory; it makes these views look like errors.
7179,A good guide will take you through the more important streets more often than he takes you down side streets; a bad guide will do the opposite. In philosophy I'm a rather bad guide.
7181,For a large class of cases — though not for all — in which we employ the word meaning it can be explained thus: the meaning of a word is its use in the language.
7191,"But if you say: ""How am I to know what he means, when I see nothing but the signs he gives?"" then I say: ""How is he to know what he means, when he has nothing but the signs either?"
7209,"You get tragedy where the tree, instead of bending, breaks."
7217,I squander untold effort making an arrangement of my thoughts that may have no value whatever.
7250,"Never stay up on the barren heights of cleverness, but come down into the green valleys of silliness."
7256,One age misunderstands another; and a petty age misunderstands all the others in its own ugly way.
7263,"It is so characteristic, that just when the mechanics of reproduction are so vastly improved, there are fewer and fewer people who know how the music should be played."
7317,Receive an injury rather than do one.
7323,"Adversity shows whether we have friends, or only the shadows of friends."
7327,"Tension weakens the bow; the want of it, the mind."
7329,He dies twice who perishes by his own hand.
7331,Learn to see in another's calamity the ills which you should avoid.
7335,Society in shipwreck is a comfort to all.
7340,"While we stop to think, we often miss our opportunity."
7341,"Whatever you can lose, you should reckon of no account."
7343,Solitude is the mother of anxieties.
7348,"Even when the wound is healed, the scar remains."
7351,What is left when honor is lost?
7356,There are some remedies worse than the disease.
7359,By doing nothing men learn to do ill.
7365,The bow too tensely strung is easily broken.
7370,Never find your delight in another's misfortune.
7395,It is a consolation to the wretched to have companions in misery.
7396,"I have often regretted my speech, never my silence."
7401,The total depravity of inanimate things.
7402,"Mr. Gibbon may still maintain the character of an historian; but it is difficult to conceive how Mr. Davis will support his pretensions, if he aspires to that of a gentleman."
7403,"It is the misfortune of controversy, that an error may be committed in three or four words, that cannot be rectified in less than thirty or forty lines."
7405,"I cannot repress my indignation at the use of those foolish obsolete, odious, words Whig and Tory."
7407,"he last revolution of Paris appears to have convinced almost every body of the fatal consequences of Democratical principles, which lead by a path of flowers into the Abyss of Hell."
7413,"Vitellius consumed in mere eating, at least six millions of our money in about seven months. It is not easy to express his vices with dignity, or even decency."
7414,"It has been calculated by the ablest politicians that no State, without being soon exhausted, can maintain above the hundredth part of its members in arms and idleness."
7416,"His rash ambition had climbed a height where it was difficult to stand with firmness, and impossible to fall without instant destruction."
7417,"unuchs, that pernicious vermin of the East..."
7419,"Wars, and the administration of public affairs, are the principal objects of history."
7430,"henever the offence inspires less horror than the punishment, the rigour of penal law is obliged to give way to the common feelings of mankind."
7431,The paths of error are various and infinite.
7437,"Vicissitudes of fortune, which spares neither man nor the proudest of his works, which buries empires and cities in a common grave."
7438,All gates are shut against the unfortunate.
7448,I was never less alone than when by myself.
7462,I'm saddest when I sing.
7464,"Those, who have wealth, must be watchful and wary;Power, alas! nought but misery brings!"
7495,"Vain was the chief's, the sage's pride! They had no poet, and they died. In vain they schem'd, in vain they bled! They had no poet, and are dead."
7500,"The garlands fade, the vows are worn away; So dies her love, and so my hopes decay."
7517,And bear about the mockery of woe To midnight dances and the public show.
7519,"To endeavour to work upon the vulgar with fine sense, is like attempting to hew blocks with a razor."
7527,"Our passions are like convulsion-fits, which, though they make us stronger for the time, leave us the weaker ever after."
7528,"Some old men, by continually praising the time of their youth, would almost persuade us that there were no fools in those days; but unluckily they are left themselves for examples."
7529,"Some people will never learn anything, for this reason, because they understand everything too soon."
7531,"To be angry, is to revenge the fault of others upon ourselves."
7537,"Let not this weak, unknowing hand Presume Thy bolts to throw, And deal damnation round the land On each I judge Thy foe."
7541,"No one in Germany laughs at vice, nor do they call it the fashion to corrupt and to be corrupted."
7557,"I shot an arrow into the air,It fell to earth, I knew not where."
7598,"Who ne'er his bread in sorrow ate, Who ne'er the mournful midnight hoursWeeping upon his bed has sate,He knows you not, ye Heavenly Powers."
7603,"No one is so accursed by fate,No one so utterly desolate,But some heart, though unknown,Responds unto his own."
7622,"And fast through the midnight dark and drear,Through the whistling sleet and snow,Like a sheeted ghost the vessel sweptToward the reef of Norman's Woe."
7646,"There is no flock, however watched and tended,But one dead lamb is there!There is no fireside, howsoe'er defended,But has one vacant chair!"
7649,"What seem to us but sad, funereal tapersMay be heaven's distant lamps."
7661,A torn jacket is soon mended; but hard words bruise the heart of a child.
7662,We often excuse our own want of philanthropy by giving the name of fanaticism to the more ardent zeal of others.
7666,"The first pressure of sorrow crushes out from our hearts the best wine; afterwards the constant weight of it brings forth bitterness, — the taste and stain from the lees of the vat."
7691,":With useless endeavourForever, forever,Is Sisyphus rollingHis stone up the mountain!"
7702,I only know we loved in vain;I only feel — farewell! farewell!
7717,"Though the day of my Destiny's over,And the star of my Fate hath declined,Thy soft heart refused to discoverThe faults which so many could find."
7719,The careful pilot of my proper woe.
7733,"He seemsTo have seen better days, as who has notWho has seen yesterday?"
7742,"Lord of himself,—that heritage of woe!"
7746,"Whose game was empires and whose stakes were thrones,Whose table earth, whose dice were human bones."
7747,"I loved my country, and I hated him."
7756,Perverts the Prophets and purloins the Psalms.
7769,"And lovelier things have mercy shownTo every failing but their own,And every woe a tear can claimExcept an erring sister's shame."
7770,"The keenest pangs the wretched find Are rapture to the dreary void, The leafless desert of the mind, The waste of feelings unemployed."
7774,The fatal facility of the octosyllabic verse.
7775,"Oh who can tell, save he whose heart hath tried."
7781,"Farewell! For in that word, that fatal word,—howe'erWe promise, hope, believe,—there breathes despair."
7788,Folly loves the martyrdom of fame.
7798,"But we, who name ourselves its sovereigns, we, Half dust, half deity, alike unfitTo sink or soar."
7807,For most men (till by losing rendered sager)Will back their own opinions by a wager.
7820,"Jack was embarrassed — never hero more,And as he knew not what to say, he swore."
7828,"I judge people by what they might be,—not are, nor will be."
7831,"Fail I alone, in words and deeds? Why, all men strive and who succeeds?"
7847,"The sad rhyme of the men who proudly clungTo their first fault, and withered in their pride."
7853,"over zealous in the featAnd stumbling on a peril unaware.Was captive, ""trammelled in his proper snare,""They phrase it, ""taken by his own intrigue"
7857,"Each a God's germ, but doomed remain a germIn unexpanded infancy"
7871,"Ah, but a man's reach should exceed his grasp, Or what's a heaven for?"
7879,"Our interest's on the dangerous edge of things. The honest thief, the tender murderer, The superstitious atheist."
7897,"A ring without a posy, and that ring mine?"
7899,In the great right of an excessive wrong.
7905,"Inscribe all human effort with one word, Artistry's haunting curse, the Incomplete!"
7913,"The sin I impute to each frustrute ghostIs—the unlit lamp and the ungirt loin,Though the end in sight was a vice, I say."
7914,"Lost, lost! one moment knelled the woe of years."
7929,"What I aspired to be,And was not, comforts me."
7930,"How sad and bad and mad it was!But then, how it was sweet!"
7932,"This could but have happened once,— And we missed it, lost it forever."
7933,"Fear death?—to feel the fog in my throat,The mist in my face.. . . . . . .No! let me taste the whole of it, fare like my peers,The heroes of old;Bear the brunt, in a minute pay glad life's arrears"
7935,"Better have failed in the high aim, as I,Than vulgarly in the low aim succeed,—As, God be thanked! I do not."
7937,"God's justice, tardy though it prove perchance,Rests never on the track until it reachDelinquency."
7947,The best laid schemes o' mice and men    Gang aft a-gley; And leave us naught but grief and pain    For promised joy.
7956,"It's hardly in a body's pow'r, To keep, at times, frae being sour."
7964,"Stern Ruin's plowshare drives elate, Full on thy bloom."
7969,An atheist-laugh's a poor exchange For Deity offended!
7983,Some books are lies frae end to end.
8023,"Tis sweeter for thee despairing Than aught in the world beside,—Jessy!"
8028,Don't let the awkward squad fire over me.
8041,"The fear o' hell 's a hangman's whip To haud the wretch in order; But where ye feel your honour grip, Let that aye be your border."
8042,An atheist-laugh's a poor exchange For Deity offended.
8048,Chords that vibrate sweetest pleasure Thrill the deepest notes of woe.
8052,"Now a' is done that men can do, And a' is done in vain."
8069,"Ah, Tam! Ah! Tam! Thou'll get thy fairin! In hell they'll roast you like a herrin!"
8070,"For a' that, and a' that An' twice as muckle 's a' that, I've lost but ane, I've twa behin', I've wife eneugh for a' that."
8075,"God knows, I'm no the thing I should be, Nor am I even the thing I could be."
8077,"In durance vile here must I wake and weep, And all my frowsy couch in sorrow steep."
8111,Milton! thou should'st be living at this hour: England hath need of thee: she is a fen Of stagnant waters.
8142,The soft blue sky did never melt Into his heart; he never felt The witchery of the soft blue sky!
8148,"From the sweet thoughts of home And from all hope I was forever hurled. For me—farthest from earthly port to roam Was best, could I but shun the spot where man might come."
8151,Have I not reason to lament What man has made of man?
8206,"As high as we have mounted in delight, In our dejection do we sink as low."
8210,And mighty poets in their misery dead.
8216,"Yet tears to human suffering are due; And mortal hopes defeated and o'erthrown Are mourned by man, and not by man alone."
8217,"Babylon, Learned and wise, hath perished utterly, Nor leaves her speech one word to aid the sigh That would lament her."
8231,The bane of all that dread the Devil.
8232,"The fretful stir Unprofitable, and the fever of the world Have hung upon the beatings of my heart."
8233,"Men who can hear the Decalogue, and feel To self-reproach."
8246,"A jolly place,"" said he, ""in times of old! But something ails it now: the spot is cursed."
8253,"For old, unhappy, far-off things, And battles long ago."
8258,"To be a Prodigal's favourite,—then, worse truth, A Miser's pensioner,—behold our lot!"
8259,Maidens withering on the stalk.
8266,"What is good for a bootless bene?"" With these dark words begins my tale; And their meaning is, Whence can comfort spring When prayer is of no avail?"
8277,"And when a damp Fell round the path of Milton, in his hand The thing became a trumpet; whence he blew Soul-animating strains,—alas! too few."
8282,Stern Winter loves a dirge-like sound.
8291,"Since trifles make the sum of human things,And half our misery from our foibles springs."
8292,"In men this blunder still you find,—All think their little set mankind."
8307,Are gods more ruthless than mortals?Have they no mercy for youth? no love for the souls who have loved them?
8315,"Fools! who fancy Christ mistaken;Man a tool to buy and sell;Earth a failure, God-forsaken,Anteroom of Hell."
8331,So here hath been dawningAnother blue Day:Think wilt thou let itSlip useless away.
8347,"Clever men are good, but they are not the best."
8361,The barrenest of all mortals is the sentimentalist.
8386,With stupidity and sound digestion man may front much.
8388,Alas! the fearful Unbelief is unbelief in yourself.
8394,"The highest ensign that men ever met and embraced under, the Cross itself, had no meaning save an accidental extrinsic one."
8397,France was long a despotism tempered by epigrams.
8401,A whiff of grapeshot.
8402,"O poor mortals, how ye make this earth bitter for each other."
8403,"Do nothing, only keep agitating, debating; and things will destroy themselves."
8406,"Misery which, through long ages, had no spokesman, no helper, will now be its own helper and speak for itself."
8422,"Democracy is, by the nature of it, a self-canceling business; and it gives in the long run a net result of zero."
8426,No sadder proof can be given by a man of his own littleness than disbelief in great men.
8428,"The greatest of faults, I should say, is to be conscious of none."
8430,"It was a rude gross error, that of counting the Great Man a god. Yet let us say that it is at all times difficult to know what he is, or how to account of him and receive him!"
8436,"Europe has made much; great cities, great empires, encyclopaedias, creeds, bodies of opinion and practice: but it has made little of the class of Dante's Thought."
8448,"All that Mankind has done, thought, gained or been: it is lying as in magic preservation in the pages of Books."
8459,"The English are a dumb people. They can do great acts, but not describe them."
8460,"Every noble crown is, and on earth will forever be, a crown of thorns."
8472,"A Parliament speaking through reporters to Buncombe and the twenty-seven millions, mostly fools."
8474,A healthy hatred of scoundrels.
8477,"Who would govern that can get along without governing? He that is fittest for it, is of all men the unwillingest unless constrained."
8478,"These are the two vices that beset Government Offices; both of them originating in insufficient Intellect,—that sad insufficiency from which, directly or indirectly, all evil whatsoever springs!"
8481,Whatsoever is not beaverish seems to go forth in the shape of talk. To such length is human intellect wasted or suppressed in this world!
8497,"Truth...never comes into the world but like a bastard, to the ignominy of him that brought her forth."
8503,"For such kind of borrowing as this, if it be not bettered by the borrower, among good authors is accounted Plagiarè."
8528,Have hungMy dank and dropping weedsTo the stern god of sea.
8535,Peor and BaälimForsake their temples dim.
8551,"Hence vain deluding Joys,The brood of Folly without father bred!"
8560,"Sometime let gorgeous TragedyIn sceptred pall come sweeping by,Presenting Thebes, or Pelops' line,Or the tale of Troy divine."
8573,"It was that fatal and perfidious bark,Built in th' eclipse, and rigged with curses dark,That sunk so low that sacred head of thine."
8575,Blind mouths! That scarce themselves know how to holdA sheep-hook.
8577,"Look homeward, Angel, now, and melt with ruth."
8581,"Litigious terms, fat contentions, and flowing fees."
8587,"Be frustrate, all ye stratagems of Hell,And devilish machinations come to nought."
8595,But wealth is crime enough to him that's poor.
8599,ncertain ways unsafest are.
8600,"Such is our pride, our folly, or our fate,That few but such as cannot write, translate."
8606,"Search not to find what lies too deeply hid, Nor to know things whose knowledge is forbid; Nor climb on pyramids, which thy head turn round Standing, and whence no safe descent is found."
8612,You may all go to pot.
8613,For he who fights and runs awayMay live to fight another day;But he who is in battle slainCan never rise and fight again.
8617,"Good people all, with one acord,Lament for Madame Blaize,Who never wanted a good word —From those who spoke her praise."
8624,"Remote, unfriended, melancholy, slow,Or by the lazy Scheldt, or wandering Po."
8631,"Where wealth and freedom reign contentment fails,And honor sinks where commerce long prevails."
8645,"Laws grind the poor, and rich men rule the law."
8660,The sigh that rends thy constant heartShall break thy Edwin's too.
8664,"Conscience is a coward, and those faults it has not strength enough to prevent it seldom has justice enough to accuse."
8672,"When lovely woman stoops to folly,  And finds too late that men betray,What charm can soothe her melancholy,  What art can wash her guilt away?"
8680,"Certainly, in two opposite opinions, if one be perfectly reasonable, the other can't be perfectly right."
8701,"Through torrid tracts with fainting steps they go,Where wild Altama murmurs to their woe."
8702,In all the silent manliness of grief.
8710,I'll be with you in the squeezing of a lemon.
8730,"Who has not known ill fortune, never knewHimself, or his own virtue."
8735,"Folly in youth is sin, in age 'tis madness."
8747,"Thou may'st repent that thou hast scorn'd my tears,When Winter snows upon thy sable hairs."
8754,Shame leaves us by degrees.
8756,"When better choices are not to be had,We needs must take the seeming best of bad."
8758,The thing possessed is not the thing it seems.
8760,"The bounds once overgone that hold men in,They never stay; but on from bad to worse.Wrongs do not leave off there where they begin,But still beget new mischiefs in their course."
8776,"With books, as with companions, it is of more consequence to know which to avoid, than which to choose; for good books are as scarce as good companions."
8803,"We often pretend to fear what we really despise, and more often to despise what we really fear."
8811,Men might be better if we better deemedOf them. The worst way to improve the worldIs to condemn it.
8833,Too low they build who build beneath the stars.
8849,And waste their music on the savage race.
8850,"With skill she vibrates her eternal tongue,Forever most divinely in the wrong."
8861,An angel's arm can't snatch me from the grave;Legions of angels can't confine me there.
8863,"Insatiate archer! could not one suffice?Thy shaft flew thrice, and thrice my peace was slain;And thrice, ere thrice yon moon had filled her horn."
8884,"Woes cluster. Rare are solitary woes;They love a train, they tread each other's heel."
8900,"A soul without reflection, like a pileWithout inhabitant, to ruin runs."
8908,"Revere thyself, and yet thyself despise."
8914,Too low they build who build beneath the stars.
8942,"When a man gits tew talking about himself, he seldum fails tew be eloquent, and often reaches the sublime."
8945,"I don't beleaf in bad luck being sot for a man, like a trap, but i hav known lots ov folks, who if thare waz enny fust rate bad luck lieing around loose, would be sure tew git one foot in it enny how."
8952,"If thare iz enny human being that i thoroughly loath, it iz the one who haz nothing tew boast ov but hiz money--a mere pimp tew hiz welth."
8959,"I don't suppoze thare haz ever lived a man without a single virtew. Even Judas Iskariot ""went and hanged himself."
8960,"About one haff the pitty in this world iz not the result ov sorrow, but satisfackshun that it aint our hoss that haz had hiz leg broke."
8964,"I rather admire the insolent civility ov a bull-tarrier, who only growls when i pass by him, but i never did like it in a man."
8969,"Men are often praized for their sagassity, but all the fore sight in the world kant tell a dubble yelked egg untill it iz broken."
8975,Misplaced charity iz a good blunder tew make. If yu want tew git a good general idea ov a man's karakter find out from him what hiz opinion ov his nabor iz.
8977,Misanthropy don't pay--thare aint no man living whoze hate the world cares one cuss for.
8979,"If I had 4 fust rate dogs i would name the best one ""Doubtful"" and the other 3 ""Useless""."
8982,"The man who kan ware a paper collar a hole week and keap, it klean, aint fit for enny thing else."
8984,"Ventilashun iz a good thing, but when a man kant lay down and sleep in a 10 aker lot without taking down two lengths ov fence to let the wind in he iz alltogether too airish."
8990,I hate grate talkers; i had rather hav a swarm of bees lite onto me.
8991,Prejudice iz a hous plant which iz very apt tew wither if yu take it out doors amungst pholks.
9010,I love good creditable acquaintance; I love to be the worst of the company.
9015,"If Heaven had looked upon riches to be a valuable thing, it would not have given them to such a scoundrel."
9019,"A set of phrases learnt by rote;A passion for a scarlet coat;When at a play to laugh, or cry,Yet cannot tell the reason why:Never to hold her tongue a minute;While all she prates has nothing in it."
9020,"For conversation well endued;She calls it witty to be rude;And, placing raillery in railing,Will tell aloud your greatest failing."
9022,"Not die here in a rage, like a poisoned rat in a hole."
9029,"I can discover no political evil in suffering bullies, sharpers, and rakes, to rid the world of each other by a method of their own; where the law hath not been able to find an expedient."
9033,I shall be like that tree; I shall die from the top.
9048,"The Stoical scheme of supplying our wants by lopping off our desires, is like cutting off our feet when we want shoes."
9052,"Politics, as the word is commonly understood, are nothing but corruptions, and consequently of no use to a good king or a good ministry; for which reason Courts are so overrun with politics."
9054,"Although men are accused of not knowing their own weakness, yet perhaps as few know their own strength. It is in men as in soils, where sometimes there is a vein of gold, which the owner knows not of."
9068,I said the thing which was not. (For they have no word in their language to express lying or falsehood.)
9071,"So geographers, in Afric maps,With savage pictures fill their gaps,And o'er unhabitable downsPlace elephants for want of towns."
9084,"She wears her clothes, as if they were thrown on her with a pitchfork."
9085,Promises and pie-crust are made to be broken.
9100,Better belly burst than good liquor be lost.
9110,"On you, my lord, with anxious fear I wait, And from your judgment must expect my fate."
9117,"Nations with nations mix'd confus'dly die, And lost in one promiscuous carnage lie."
9129,"Tis pride, rank pride, and haughtiness of soul: I think the Romans call it Stoicism."
9133,"Great Pompey's shade complains that we are slow, And Scipio's ghost walks unavenged amongst us!"
9139,"To my confusion, and eternal grief, I must approve the sentence that destroys me."
9143,"I will indulge my sorrows, and give way To all the pangs and fury of despair."
9144,Curse on his virtues! they've undone his country.
9149,"The honors of this world, what are they But puff, and emptiness, and peril of falling?"
9174,There is not a more unhappy being than a superannuated idol.
9196,Some virtues are only seen in affliction and some in prosperity.
9208,"Our disputants put me in mind of the skuttle fish, that when he is unable to extricate himself, blackens all the water about him, till he becomes invisible."
9220,"A misery is not to be measured from the nature of the evil, but from the temper of the sufferer."
9224,"Prejudice and self-sufficiency naturally proceed from inexperience of the world, and ignorance of mankind."
9232,"My lodging is on the cold ground, And hard, very hard, is my fare, But that which grieves me more Is the coldness of my dear."
9244,In every age and clime we seeTwo of a trade can never agree.
9245,Those who in quarrels inteposeMust often wipe a bloody nose.
9252,That raven on yon left-hand oak(Curse on his ill-betiding croak!)Bodes me no good.
9263,The fly that sips treacle is lost in the sweets.
9264,"Brother, brother! we are both in the wrong."
9273,"The charge is prepar'd, the lawyers are met, The judges all ranged,—a terrible show!"
9278,"So when thou hast, as I Commanded thee, done blabbing — Although to give the lie Deserves no less than stabbing —Stab at thee he that will,No stab the soul can kill."
9287,"Shall I, like an hermit, dwellOn a rock or in a cell?"
9293,No man is esteemed for gay garments but by fools and women.
9302,"Too poor for a bribe, and too proud to importune, He had not the method of making a fortune."
9307,"And weep the more, because I weep in vain."
9328,Grim-visaged comfortless Despair.
9329,And moody madness laughing wild Amid severest woe.
9331,What female heart can gold despise? What cat's averse to fish?
9332,"No dolphin came, no Nereid stirred; Nor cruel Tom, nor Susan heard. A favourite has no friend!"
9336,Save that from yonder ivy-mantled tow'r The moping owl does to the moon complain.
9362,"Helm nor hauberk's twisted mail, Nor even thy virtues, tyrant, shall avail To save thy secret soul from nightly fears, From Cambria's curse, from Cambria's tears!"
9366,"Ye towers of Julius, London's lasting shame, With many a foul and midnight murder fed."
9389,"The gentleman has not seen how to reply to this, otherwise than by supposing me to have advanced the doctrine that a national debt is a national blessing."
9404,"To bear, to nurse, to rear,To watch and then to lose:To see my bright ones disappear,Drawn up like morning dews."
9419,I have lived to thank God that all my prayers have not been answered.
9430,"If one cannot have success, the next most agreeable thing is failure."
9432,"A man can sometimes hold his own with one woman, but never with two."
9452,"Believe not each accusing tongue, As most weak persons do; But still believe that story wrong, Which ought not to be true!"
9476,"A bumper of good liquor Will end a contest quicker Than justice, judge, or vicar."
9479,Tale-bearers are as bad as the tale-makers.
9481,You had no taste when you married me.
9484,"An unforgiving eye, and a damned disinheriting countenance."
9485,It was an amiable weakness.
9488,"The newspapers! Sir, they are the most villainous — licentious — abominable — infernal — Not that I ever read them — no — I make it a rule never to look into a newspaper."
9492,The number of those who undergo the fatigue of judging for themselves is very small indeed!
9496,Inconsolable to the minuet in Ariadne.
9501,"The newspapers! Sir, they are the most villainous—licentious—abominable—infernal—Not that I ever read them—No—I make it a rule never to look into a newspaper."
9506,I was struck all of a heap.
9511,An aspersion upon my parts of speech!
9521,You had no taste when you married me.
9525,"An unforgiving eye, and a damned disinheriting countenance!"
9531,Where is human nature so weak as in a book store?
9536,"Evil men of every degree will use you, flatter you, lead you on until you are useless; then, if the virtuous do not pity you, or God compassionate, you are without a friend in the universe."
9543,"When laws, customs, or institutions cease to be beneficial to man, they cease to be obligatory."
9549,"We expect old men to be conservative, but when a nation's young men are so, its funeral bell is already rung."
9567,"Other people's views and troubles can be contagious. Don't sabotage yourself by unwittingly adopting negative, unproductive attitudes through your associations with others."
9586,"Waste not the remnant of thy life in those imaginations touching other folk, whereby thou contributest not to the common weal."
9597,"Nothing earthly succeeds by ignoring heaven, nothing heavenly by ignoring the earth. (Hays translation)"
9630,"Those who have forgotten where the road leads."" ""They are at odds with what is all around them""—the all-directing logos. And ""they find alien what they meet with every day."" (Hays translation)"
9637,It is crazy to want what is impossible. And impossible for the wicked not to do so. (Hays translation)
9654,What is not good for the swarm is not good for the bee.
9658,"How many, once lauded in song, are given over to the forgotten; and how many who sung their praises are clean gone long ago!"
9678,It's silly to try to escape other people's faults. They are inescapable. Just try to escape your own. (Hays translation)
9694,External things are not the problem. It's your assessment of them. Which you can erase right now. (Hays translation)
9701,"A wrongdoer is often a man who has left something undone, not always one who has done something."
9702,And you can also commit injustice by doing nothing. (Hays translation)
9713,The rottenness of the matter which is the foundation of everything!
9715,"Yes, boorish people do boorish things. What's strange or unheard-of about that? Isn't it yourself you should reproach—for not anticipating that they'd act this way? (Hays translation)"
9732,"A straightforward, honest person should be like someone who stinks: when you're in the same room with him, you know it. (Hays translation)"
9737,"And virtue they will curse, speaking harsh words."
9741,"...that to expect a bad person not to harm others is like expecting fig trees not to secrete juice, babies not to cry, horses not to neigh—the inevitable not to happen. (Hays translation)"
9749,"Soon you'll be ashes or bones. A mere name at most—and even that is just a sound, an echo. The things we want in life are empty, stale, trivial."
9752,"Shame on the soul, to falter on the road of life while the body still perseveres."
9757,"Often injustice lies in what you aren't doing, not only in what you are doing."
9758,"Drama, combat, terror, numbness, and subservience – every day these things wipe out your sacred principles, whenever your mind entertains them uncritically or lets them slip in."
9774,It has always been easier to destroy than to create.
9796,It is not possible to make a person or society non-violent by compulsion.
9819,But to me both the parties seem to be tarred with the same brush.
9824,Coercion cannot but result in chaos in the end.
9833,Impure means result in an impure end... One cannot reach truth by untruthfulness. Truthful conduct alone can reach Truth.
9838,"Play stupid games, win stupid prizes."
9840,Capital as such is not evil; it is its wrong use that is evil. Capital in some form or other will always be needed.
9850,"It is no use trying to fight these forces without giving up the idea of conversion, which I assure you is the deadliest poison which ever sapped the fountain of truth."
9854,"Here I am once more in this scene of dissipation and vice, and I begin already to find my morals corrupted."
9855,What dreadful hot weather we have! It keeps one in a continual state of inelegance.
9862,I can recollect nothing more to say at present; perhaps breakfast may assist my ideas. I was deceived — my breakfast supplied only two ideas — that the rolls were good and the butter bad.
9871,"I will not say that your mulberry-trees are dead, but I am afraid they are not alive."
9872,Mr. Digweed has used us basely. Handsome is as handsome does; he is therefore a very ill-looking man.
9878,"Single women have a dreadful propensity for being poor, which is one very strong argument in favour of matrimony."
9896,We do not look in great cities for our best morality.
9899,Let other pens dwell on guilt and misery.
9910,One has not great hopes from Birmingham. I always say there is something direful in the sound...
9913,"...from politics, it was an easy step to silence."
9917,What could I do! Facts are such horrid things!
9923,The third peculiarity of aerial warfare was that it was at once enormously destructive and entirely indecisive.
9939,Mankind which began in a cave and behind a windbreak will end in the disease-soaked ruins of a slum.
9940,The crisis of yesterday is the joke of to-morrow.
9941,Heresies are experiments in man's unsatisfied search for truth.
9949,"All men, however highly educated, retain some superstitious inklings."
9957,"Crime and bad lives are the measure of a State's failure, all crime in the end is the crime of the community."
9966,A time when all such good things will be for all men may be coming more nearly than we think. Each one who believes that brings the good time nearer; each heart that fails delays it.
9967,Man is an imperfect animal and never quite trustworthy in the dark.
9981,"There's enough sorrow in the world, isn't there, without trying to invent it."
9987,It is those who cannot connect who hasten to cast the first stone.
9991,"All invitations must proceed from heaven perhaps; perhaps it is futile for men to initiate their own unity, they do but widen the gulfs between them by the attempt."
10000,"is just a makeshift, suitable for an overcrowded and overheated planet. It carries on when love gives out, and love generally gives out as soon as we move away from our home and our friends."
10010,"Science, when applied to personal relationships, is always just wrong."
10011,Axiom: Novel must have either one living character or a perfect pattern: fails otherwise.
10014,"Self-pity? I see no moral objections to it, the smell drives people away, but that's a practical objection, and occasionally an advantage."
10019,I can't imagine a man really enjoying a book and reading it only once.
10030,Every story of conversion is the story of a blessed defeat.
10037,"I wrote the books I should have liked to read. That's always been my reason for writing. People won't write the books I want, so I have to do it for myself."
10038,You can't get a cup of tea large enough or a book long enough to suit me.
10070,I am a democrat because I believe in the Fall of Man. I think most people are democrats for the opposite reason.
10071,"Legal and economic equality are absolutely necessary remedies for the Fall, and protection against cruelty."
10072,"God can make good use of all that happens, but the loss is real."
10073,"Whatever you do, He will make good of it. But not the good He had prepared for you if you had obeyed him."
10074,Reality is harsh to the feet of shadows.
10079,They have an engine called the Press whereby the people are deceived.
10080,Their own strength has betrayed them. They have pulled down Deep Heaven on their heads.
10085,"As long as this deliberate refusal to understand things from above, even where such understanding is possible, continues, it is idle to talk of any final victory over materialism."
10094,"There was a boy called Eustace Clarence Scrubb, and he almost deserved it."
10097,"This year, or this month, or, more likely, this very day, we have failed to practise ourselves the kind of behaviour we expect from other people."
10099,"All that we call human history—money, poverty, ambition, war, prostitution, classes, empires, slavery—the long terrible story of man trying to find something other than God which will make him happy."
10101,"God cannot give us a happiness and peace apart from Himself, because it is not there. There is no such thing."
10126,It's so much easier to pray for a bore than to go and see one.
10128,"The process of being brought up, however well it is done, cannot fail to offend."
10150,"Ezra was right half the time, and when he was wrong, he was so wrong you were never in any doubt about it."
10154,"I don't like to write like God. It is only because you never do it, though, that the critics think you can't do it."
10156,"Cowardice, as distinguished from panic, is almost always simply a lack of ability to suspend the functioning of the imagination."
10172,"You make your own luck, Gig. You know what makes a good loser? Practice."
10178,All right. Have it your own way. Road to hell paved with unbought stuffed dogs. Not my fault.
10180,"How did you go bankrupt?' Bill asked.'Two ways,' Mike said. 'Gradually and then suddenly."
10183,All thinking men are atheists.
10189,All our words from loose using have lost their edge.
10197,It is always a mistake to know an author.
10212,He was just a coward and that was the worst luck any man could have.
10224,"Ay,' he said aloud. There is no translation for this word and perhaps it is just a noise such as a man might make, involuntarily, feeling the nail go through his hands and into the wood."
10227,You did not do so badly for something that is worthless. But there was a time when I could not find you.
10232,I might say that what amateurs call a style is usually only the unavoidable awkwardnesses in first trying to make something that has not heretofore been made.
10238,"I do not think I had ever seen a nastier-looking man.... Under the black hat, when I had first seen them, the eyes had been those of an unsuccessful rapist."
10240,"One battle doesn't make a campaign but critics treat one book, good or bad, like a whole goddamn war."
10250,"You write a book like that that you're fond of over the years, then you see that happen to it, it's like pissing in your father's beer."
10251,"What is the sense of ruining my head and erasing my memory, which is my capital, and putting me out of business? It was a brilliant cure but we lost the patient. It's a bum turn, Hotch, terrible."
10252,Being against evil doesn't make you good. Tonight I was against it and then I was evil myself.
10255,Get it straight. Your boy you lose. Love you lose. Honor has been gone for a long time. Duty you do.Sure and what's your duty? What I said I'd do. And all the other things you said you'd do?
10259,Fortunately I have never learned to take the good advice I give myself nor the counsel of my fears.
10300,"So, so, break off this last lamenting kiss, Which sucks two souls, and vapors both away."
10321,"Thou'rt slave to fate, chance, kings, and desperate men, And dost with poison, war, and sickness dwell; And poppy or charms can make us sleep as well And better than thy stroke."
10333,"The flea, though he kill none, he does all the harm he can."
10336,"What gnashing is not a comfort, what gnawing of the worm is not a tickling, what torment is not a marriage bed to this damnation, to be secluded eternally, eternally, eternally from the sight of God?"
10345,One is almost driven to the cynical conclusion that men are only decent when they are powerless.
10355,"Since pacifists have more freedom of action in countries where traces of democracy survive, pacifism can act more effectively against democracy than for it. Objectively the pacifist is pro-Nazi."
10356,"Everyone believes in the atrocities of the enemy and disbelieves in those of his own side, without ever bothering to examine the evidence."
10364,The quickest way of ending a war is to lose it.
10370,The thing that politicians are seemingly unable to understand is that you cannot produce a vigorous literature by terrorising everyone into conformity.
10372,A tragic situation exists precisely when virtue does not triumph but when it is still felt that man is nobler than the forces which destroy him.
10374,"Football, it seemed to me, is not really played for the pleasure of kicking the ball about, but is a species of fighting."
10383,One always abandons something in retreat. Look at Napoleon at the Beresina! He abandoned his whole army.
10384,Fate seemed to be playing a series of extraordinarily unamusing jokes.
10390,Ellis was one of those people who constantly nag others to echo their own opinions.
10391,"Living a lie the whole time — the lie that we're here to uplift our poor black brothers instead of to rob them ... it corrupts us, it corrupts us in ways you can't imagine."
10393,"It is one of the tragedies of the half-educated that they develop late, when they are already committed to some wrong way of life."
10396,"Is there anything in the world more graceless, more dishonouring, than to desire a woman whom you will never have?"
10401,"Social failure, artistic failure, sexual failure - they are all the same. And lack of money is at the bottom of them all."
10402,"No rich man ever succeeds in disguising himself as a poor man; for money, like murder, will out."
10404,Poverty is spiritual halitosis.
10411,"Everyone always did miss everyone else in this war, whenever it was humanly possible to do so."
10413,In reality it was the Communists above all others who prevented revolution in Spain.
10424,"Probably the battle of Waterloo was won on the playing-fields of Eton, but the opening battles of all subsequent wars have been lost there."
10430,"Antisemitism, for instance, is simply not the doctrine of a grown-up person."
10433,is not likely to salvage civilization unless he can evolve a system of good and evil which is independent of heaven and hell.
10435,ven stupidity is better than totalitarianism.
10436,One of the big failures in human history has been the agelong attempt to stop women painting their faces.
10441,"I believe that in the future we shall come to feel that Stalin's foreign policy, instead of being so diabolically clever as it is claimed to be, has been merely opportunistic and stupid."
10442,"there is no real Jewish ""problem"" in England. The Jews are not numerous or powerful enough, and it is only in what are loosely called ""intellectual circles"" that they have any noticeable influence."
10444,"A minority of the refugees behaved in an exceedingly tactless way, and the feeling against them necessarily had an antisemitic undercurrent, since they were largely Jews."
10446,Yet one of the marks of antisemitism is an ability to believe stories that could not possibly be true.
10450,"Modern English, especially written English, is full of bad habits which spread by imitation and which can be avoided if one is willing to take the necessary trouble."
10465,Active Evil is better than Passive Good.
10478,Nothing can be more contemptible than to suppose Public RECORDS to be True.
10493,He who desires but acts not breeds pestilence.
10494,A fool sees not the same tree that a wise man sees.He whose face gives no light shall never become a star.
10503,The cistern contains: the fountain overflows.
10515,"Truth can never be told so as to be understood, and not be believed."
10516,Enough! or too much.
10520,"The sword sung on the barren heath,The sickle in the fruitful field;The sword he sung a song of death,But could not make the sickle yield."
10542,"Tyger! Tyger! burning bright in the forests of the night, What immortal hand or eye Could frame thy fearful symmetry?"
10555,A dog starved at his master's gatePredicts the ruin of the state.
10557,A truth that's told with bad intentBeats all the lies you can invent.
10559,Every tear from every eyeBecomes a babe in eternity.
10566,"My specter around me night and dayLike a wild beast guards my way,My emanation far withinWeeps incessantly for my sin."
10568,"Mock on, mock on, Voltaire, Rousseau.Mock on, mock on — 'tis all in vain!You throw the sand against the wind,And the wind blows it back again."
10569,"Terror in the house does roar,But Pity stands before the door."
10572,"For a tear is an intellectual thing,And a sigh is the sword of an Angel King,And the bitter groan of the martyr's woeIs an arrow from the Almighty's bow."
10584,They have divided themselves by Wrath. they must be united by Pity
10587,Ever Weeping Paddington...
10602,"Seeing this False Christ, in fury and passion I made my voice heard all over the nation. … I am sure this Jesus will not doEither for Englishman or Jew."
10620,"The sun did not shine. It was too wet to play. So we sat in the house All that cold, cold, wet day."
10630,"UNLESS someone like you cares a whole awful lot, nothing is going to get better. It's not."
10642,Public opinion reigns in society because stupidity reigns amongst the stupid.
10646,I once read that there's nothing worse for everyone concerned than a reign that's lasted too long. I've also heard that God is eternal.
10648,"Every day I add to the list of things I refuse to discuss. The wiser the man, the longer the list."
10651,"A man well-known to be a liar had just told a most improbable story. ""Sir, while I believe you,"" someone said, ""you must admit that it's very wrong of truth not to condescend to be more plausible."
10652,"High society is a poor play, a bad, boring opera, made slightly better by its staging, costumes and scenery."
10653,Eminence without merit earns deference without esteem.
10654,The only thing that stops God sending a second Flood is that the first one was useless.
10657,There are well-dressed foolish ideas just as there are well-dressed fools.
10665,"Oh, Diamond! Diamond! thou little knowest what mischief thou hast done!"
10674,"If Marx were functioning today, he would have been hard put to avoid saying that imaginary sex is the opiate of the people."
10675,Societies either roll on blindly to disaster or they find the inner strength to stop themselves long enough to find ways for reform from within.
10680,"It is undoubtedly easier to believe in absolutes, follow blindly, mouth received wisdom. But that is self-betrayal."
10683,Pessimism: A valuable protection against quackery.
10686,ontent an obstacle to the exercise of power.
10687,United States: .... A nation given either to unjustified over-enthusiasms or infantile furies.
10688,There is something silly about grown men and women striving to reduce their vision of themselves and of civilization to bean counting.
10690,"Realism isn't pessimism. And though the anti-reform interests have won an unconscionable number of battles over the last decade, the war is by no means over."
10692,There is absolutely no reason why we have to deal with the mid-life crisis of our social policies by putting a bullet through their heads.
10704,"So they cancelled our show, and gave the time slot to Drew Carey, because he's so skinny."
10705,"I had a colonic irrigation in this clinic in Santa Monica, because people in Los Angeles cannot do anything for themselves, much less take a shit."
10718,"Talking to John Kerry is like talking to an Ent. You know, the tree people from Lord of the Rings...I believe that all Americans should have affordable healthcare..."
10726,"I want to scream and shout, ""Stop! We are all human beings!""...but I don't think anybody will hear it."
10727,"I don't know how to find our voice. It catches in my throat when I try to use it. If I do manage to get something out, its met with very vocal opposition from all kinds of surprising sources."
10728,The dismissal of our anger as a racial minority is worse than any slur or epithet because it undermines our ability to react to it.
10729,I add to the culture of invisibility becoming complicit with it.
10730,I see evidence of my own racist brainwashing when exploring the landscape of current foreign policy. (about North Korea)
10731,"Prejudice and bigotry rot me from within, and the strains of these viruses are hearty and hard to kill."
10732,"Self-hatred is a devastatingly difficult habit to break, especially when we are mostly unaware of it."
10735,"Because even though there is all this talk about multiculturalism in television and the movie industries, I have yet to see any evidence of it."
10736,"We have allowed alarmist and racist attitudes to take us hostage, and if these impulses are not kept in check they will behead us all."
10739,"I stamp my feet and claim ignorance like a child, because its the color of my skin that says I'm supposed to know. I become the ""one who refuses to see the self""."
10742,"We are supposed to be ruled by ourselves, but I have yet to see any evidence of it in our lifetime."
10745,We are more aware and politicized than ever before. There is very little ambiguity as to which side you are on.
10747,"Ultimately a government cannot defeat its people, no matter how much power they assume or how corrupt they are. For us, there is only opportunity."
10749,"We have a date to rumble with stupidity, ignorance, prejudice, laziness, hatred, and greed."
10755,"We have no idea what our nation is doing in our name. I don't want to be anyone's captor, anyone's torturer."
10756,"I feel 100% responsible, even though there's nothing I could do to prevent it. What good is my guilt if it's not felt by those supposedly in charge?"
10757,"Its unacceptable to me, both as an American and as a human being."
10763,It was not our right to have become the world's bully and start this war in the first place.
10764,"Of course, we're there because of weapons of mass destruction that do not exist."
10765,"Don't you think the soldiers look like they came straight from high school yearbooks, too young to be over in Iraq, fighting for no reason?"
10766,Bush is not Hitler. He would be if he applied himself.
10779,"There was never a lack of reasons to hate myself, to hate my body."
10789,"People rarely win wars, governments rarely (completely) lose them. People (do completely) get killed."
10804,The TV channels never ran out of sponsorship for their live telecasts of despair. They never ran out of despair. (p103)
10810,"People—communities, castes, races and even countries—carry their tragic histories and their misfortunes around like trophies, or like stock, to be bought and sold on the open market. (p198)"
10826,"The American Way of Life"" is simply not sustainable. Because it doesn't acknowledge that there is a world beyond America."
10828,It is better to be a total failure in democracy than a martyr or the crème de la crème in tyranny.
10834,"Note that I hold the single-author record for total CERT advisories, proving that in my copious youth I knew how to sling code but not how to manage risk."
10835,Fragmentation is like classful addressing -- an interesting early architectural error that shows how much experimentation was going on while IP was being designed.
10838,Isc remains deeply apologetic that prior versions of BIND did not properly catch the configuration error that you appear to have built your business on.
10842,"I've been lawsuit-threated by experts, and i can tell you from that experience, dv8 appears to not be an expert."
10852,Our blight is ideologies — they are the long-expected Antichrist!
10853,"If one does not understand a person, one tends to regard him as a fool."
10870,"Loneliness does not come from having no people about one, but from being unable to communicate the things that seem important to oneself, or from holding certain views which others ﬁnd inadmissible."
10884,The spirits that I summoned upI now can't rid myself of.
10888,Patriotism ruins history.
10897,"One says a lot in vain, refusing;The other mainly hears the ""No."
10901,"Ah, how often I've cursed those foolish pages,That showed my youthful sufferings to everyone!If Werther had been my brother, and I'd killed him,His sad ghost could hardly have persecuted me more."
10911,"No one would talk much in society, if he knew how often he misunderstands others."
10912,"The folly! Every man in turn would stillHis own peculiar notions magnify!If Islam mean submission to God's will,May we all live in Islam, and all die."
10930,This is why we may say that those who parade piety as a purpose and an aim mostly turn into hypocrites
10940,I am not a liberator. Liberators do not exist. It exists when people liberate themselves.
10943,Words that do not match deeds are unimportant.
10964,"War is always a struggle in which each contender tries to annihilate the other. Besides using force, they will have recourse to all possible tricks and stratagems in order to achieve the goal."
10970,The first liberating revolutions never destroyed the large landholding powers that always constituted a reactionary force and upheld the principle of servitude on the land.
10972,Democracy cannot consist solely of elections that are nearly always fictitious and managed by rich landowners and professional politicians.
10975,Guerrilla warfare is a people's warfare; an attempt to carry out this type of war without the population's support is a prelude to inevitable disaster.
10977,"We should not allow the word ""democracy"" to be utilized apologetically to represent the dictatorship of the exploiting classes."
10981,Justice remains the tool of a few powerful interests; legal interpretations will continue to be made to suit the convenience of the oppressor powers.
11016,Even our misfortunes are a part of our belongings
11026,"The earth we inhabit is an error, an incompetent parody. Mirrors and paternity are abominable because they multiply and affirm it."
11028,"Dictatorships foster oppression, dictatorships foster servitude, dictatorships foster cruelty; more abominable is the fact that they foster idiocy."
11041,My advanced age has taught me the resignation of being Borges.
11046,"Films are even stranger, for what we are seeing are not disguised people but photographs of disguised people, and yet we believe them while the film is being shown."
11053,Censorship is the mother of metaphor.
11054,Life and death have been lacking in my life.
11069,"Thus fought the heroes, tranquil their admirable hearts, violent their swords, resigned to kill and to die."
11075,That history should have imitated history was already sufficiently marvellous; that history should imitate literature is inconceivable....
11076,"Maybe this crime belongs to the history of Jewish superstitions,"" murmmured Lönnrot. ""Like Christianity,"" the editor put in."
11084,It is clear that there is no classification of the Universe that is not arbitrary and full of conjectures. The reason for this is very simple: we do not know what kind of thing the universe is.
11087,"The flattery of posterity is not worth much more than contemporary flattery, which is worth nothing."
11088,"Of course, like all young men, I tried to be as unhappy as I could — a kind of Hamlet and Raskolnikov rolled into one."
11102,"Our business in this world is not to succeed, but to continue to fail, in good spirits."
11104,Youth now flees on feathered foot.
11105,Vanity dies hard; in some obstinate cases it outlives the man.
11110,To be overwise is to ossify; and the scruple-monger ends by standing stockstill.
11132,An appeal to his alarm is never a good plan to rid oneself of a spirited young man.
11136,Sight-seeing is the art of disappointment.
11143,It is the worst of all quaint and of all cheap ways of life that they bring us at last to the pinch of some humiliation.
11144,"Wherever a man is, there will be a lie."
11169,Who comes tonight? We ope the doors in vain
11171,"There's just ae thing I cannae bear,An' that's my conscience."
11182,"It is one of the worst things of sentiment, that the voice grows to be more important than the words, and the speaker than that which is spoken."
11184,Hatred betrayed is hatred impotent.
11189,"Here lies one who meant well, tried a little, failed much: — surely that may be his epitaph of which he need not be ashamed."
11199,Ice and iron cannot be welded.
11210,It is not society's fault that most men seem to miss their vocation. Most men have no vocation.
11212,"Culture is on the horns of this dilemma: if profound and noble, it must remain rare, if common, it must become mean."
11218,"Fashion is something barbarous, for it produces innovation without reason and imitation without benefit."
11232,"Whenever a nation is converted to Christianity, its Christianity, in practice, must be largely converted to paganism."
11233,"Persons who feel themselves to be exiles in this world—and what noble mind, from Empedocles down, has not had that feeling?—are mightily inclined to believe themselves citizens of another."
11238,The world is a perpetual caricature of itself; at every moment it is the mockery and the contradiction of what it is pretending to be.
11259,"They are condemned, Dante tells us, to no other penalty than to live in desire without hope, a fate appropriate to noble souls with a clear vision of life."
11266,As ill-luck would have it.
11270,Put you in this pickle.
11275,"Those two fatal words, Mine and Thine."
11277,"There's not the least thing can be said or done, but people will talk and find fault."
11288,You are taking the wrong sow by the ear.
11291,Let the worst come to the worst.
11295,"Ill luck, you know, seldom comes alone."
11303,"Sing away sorrow, cast away care."
11310,"Thou art a cat, and a rat, and a coward."
11324,A knight errant who turns mad for a reason deserves neither merit nor thanks. The thing is to do it without cause.
11326,"You are a devil at everything, and there is no kind of thing in the 'versal world but what you can turn your hand to."
11327,"It will grieve me so to the heart, that I shall cry my eyes out."
11330,My memory is so bad that many times I forget my own name.
11339,More knave than fool.
11343,I begin to smell a rat.
11355,"There is no book so bad,"" said the bachelor, ""but something good may be found in it."
11361,"Remember the old saying, ""Faint heart ne'er won fair lady."
11363,A stout man's heart breaks bad luck.
11364,As well look for a needle in a bottle of hay.
11369,Marriage is a noose.
11383,"Building castles in the air, 36 and making yourself a laughing-stock."
11386,He is as mad as a March hare.
11388,There is no love lost between us.
11390,All is not gold that glisters.
11405,The pot calls the kettle black.
11414,The pot calls the kettle black.
11416,This peck of troubles.
11419,"Many count their chickens before they are hatched; and where they expect bacon, meet with broken bones."
11424,There is no greater folly in this world than for a man to despair.
11437,Isolation is the worst possible counselor.
11440,"These terrible sociologists, who are the astrologers and alchemists of our twentieth century."
11443,"If consciousness is, as some inhuman thinker has said, nothing more than a flash of light between two eternities of darkness, then there is nothing more execrable than existence."
11445,"The ascetic morality is a negative morality. And strictly, what is important for a man is not to die, whether he sins or not."
11449,"Feeling does not succeed in converting consolation into truth, nor does reason succeed in converting truth into consolation."
11457,"The intellectual world is divided into two classes — dilettantes, on the one hand, and pedants, on the other."
11462,"Uncertainty, doubt, perpetual wrestling with the mystery of our final destiny, mental despair, and the lack of any solid and stable foundation, may be the basis of an ethic."
11466,"Over all civilizations there hovers the shadow of Ecclesiastes, with his admonition, ""How dieth the wise man? — as the fool"" (ii 16)"
11477,There are moments in history when brooding tragedy and its dark shadows can be lightened by recalling great moments of the past.
11484,"I'm not for nationalization because of the rhetoric of nationalization, or because I see in nationalization the cure-all for every injustice. I'm for nationalization in cases where it's necessary."
11487,Because . doesn't match \n. [\0-\377] is the most efficient way to match everything currently. Maybe \e should match everything. And \E would of course match nothing.
11511,All language designers are arrogant. Goes with the territory...
11512,"Besides, including <std_ice_cubes.h> is a fatal error on machines that don't have it yet. Bad language design, there..."
11522,"No, I'm not going to explain it. If you can't figure it out, you didn't want to know anyway..."
11531,"Down that path lies madness. On the other hand, the road to hell is paved with melting snowballs."
11533,"If you want to see useful Perl examples, we can certainly arrange to have comp.lang.misc flooded with them, but I don't think that would help the advance of civilization."
11537,There ain't nothin' in this world that's worth being a snot over.
11541,You have to admit that it's difficult to misplace the Perl sources.
11542,Doing linear scans over an associative array is like trying to club someone to death with a loaded Uzi.
11545,Lisp has all the visual appeal of oatmeal with fingernail clippings mixed in.
11548,The whole history of computers is rampant with cheerleading at best and bigotry at worst.
11549,"If someone stinks, view it as a reason to help them, not a reason to avoid them."
11552,": But for some things, Perl just isn't the optimal choice.(yet)"
11554,"If you write something wrong enough, I'll be glad to make up a new witticism just for you."
11558,"I'd put my money where my mouth is, but my mouth keeps moving."
11561,I think $[ is more like a coelacanth than a mastadon.
11564,"Tcl long ago fell into the Forth trap, and is now trying desperately to extricate itself (with some help from Sun's marketing department)."
11571,"I think you didn't get a reply because you used the terms 'correct' and 'proper', neither of which has much meaning in Perl culture."
11573,"True, it returns ' ' for false, but ' ' is an even more interesting number than 0."
11574,"Any false value is gonna be fairly boring in Perl, mathematicians notwithstanding."
11577,Perhaps I'm missing the gene for making enemies.
11602,It's getting harder and harder to think out loud. One of these days someone's gonna go off and kill Thomas a'Becket for me...
11604,"But the possibility of abuse may be a good reason for leaving capabilities out of other computer languages, it's not a good reason for leaving capabilities out of Perl."
11605,"Oh, wait, that was Randal...nevermind..."
11607,Magically turning people's old scalar contexts into list contexts is a recipe for several kinds of disaster.
11614,I don't think it's worth washing hogs over.
11622,It may be possible to get this condition from within Perl if a signal handler runs at just the wrong moment. Another point for Chip...
11625,That should probably be written:    no !@#$%^&*:@!semicolon
11627,"Course, that doesn't work when 'a' contains parentheses."
11643,"I'm afraid my gut level reaction is basically, proceed is cute, but cute doesn't cut it in the emergency room."
11644,I suppose one could claim that an undocumented feature has no semantics. :-(
11660,It's easy to solve the halting problem with a shotgun.
11662,"To Perl, or not to Perl, that is the kvetching."
11666,That's a valid argument. I just don't think it's valid enough.
11668,"I would estimate that the number of programs it breaks in the world will be less than 10. As long as one of those 10 isn't CGI.pm, we're probably okay."
11671,"Y'know, there are other possibilities if we assume that filenames are UTF-8...yikes...wait, put down that meat cleaver! Aieeee!!!"
11685,So please don't think I have a 'down' on the MVS people. I'm just pulling off their arms to beat other people over the head with.
11689,I dunno. Perhaps you should be happy that I have a policy of refraining from grumbling about handicapped operating systems.
11693,That which hits the fan tends to get flung in all directions.
11694,"If this were Ada, we'd simply doc it as 'erroneous'."
11704,That is a known bug in 5.00550. Either an upgrade or a downgrade will fix it.
11710,We don't have enough parallel universes to allow all uses of all junction types--in the absence of quantum computing the combinatorics are not in our favor...
11723,echo 'Hmmm...you don't have Berkeley networking in libc.a...'echo 'but the Wollongong group seems to have hacked it in.
11724,"echo 'ICK, NOTHING WORKED!!! You may have to diddle the includes.';;"
11726,echo 'Your stdio isn't very std.
11728,OOPS! You naughty creature! You didn't run Configure with sh! I will attempt to remedy the situation by running sh for you...
11734,s = (char*)(long)retval; /* ouch */
11737,"#else /* !STDSTDIO */ /* The big, slow, and stupid way */"
11740,"Even if you aren't in doubt, consider the mental welfare of the person who has to maintain the code after you, and who will probably put parens in the wrong place."
11751,"Now, I'm not the only language designer with irrationalities. You can think of some languages to go with some of these things."
11753,"If there's a particular problem that Perl is trying to solve, it's the basic fact that all programming languages suck. Sort of the concept of original sin, applied to programming languages."
11760,There's really no way to fix this and still keep Perl pathologically eclectic.
11784,"They cripple the bird's wing, and then condemn it for not flying as fast as they."
11786,"I have no mercy or compassion in me for a society that will crush people, and then penalize them for not being able to stand up under the weight."
11794,We are in a society where the power is in the hands of those who are the worst breed of humanity.
11811,"But were there ever anyWrith'd not of passed joy?The feel of not to feel it,When there is none to heal it,Nor numbed sense to steel it,Was never said in rhyme."
11846,"Woman! when I behold thee flippant, vain,Inconstant, childish, proud, and full of fancies."
11854,There is not a fiercer hell than the failure in a great object.
11864,"O, what can ail thee, knight-at-arms,Alone and palely loitering?The sedge has wither'd from the lake,And no birds sing."
11875,"So let me be thy choir, and make a moanUpon the midnight hours"
11881,"No, no, go not to Lethe, neither twistWolfs-bane, tight-rooted, for its poisonous wine;Nor suffer thy pale forehead to be kiss'dBy nightshade."
11888,"A poor, weak, palsy-stricken, churchyard thing."
11889,"As though a tongueless nightingale should swellHer throat in vain, and die, heart-stifled, in her dell."
11900,Forlorn! the very word is like a bellTo toil me back from thee to my sole self!
11912,"I bought some powdered water, but I don't know what to add."
11914,"I woke up one morning, asked me if I slept good. I said, ""No, I made a few mistakes."
11925,I tried to hang myself with bungie cords. I kept almost dying.
11944,It is unsafe to take your reader for more of a fool than he is.
11946,"What makes old age hard to bear is not the failing of one's faculties, mental and physical, but the burden of one's memories."
11951,"A soul is a troublesome possession, and when man developed it he lost the Garden of Eden."
11952,I hate people who play bridge as though they were at a funeral and knew their feet were getting wet.
11962,It is cruel to discover one's mediocrity only when it is too late.
11963,I daresay one profits more by the mistakes one makes off one's own bat than by doing the right thing on somebody's else advice.
11974,"It might be that to surrender to happiness was to accept defeat, but it was a defeat better than many victories."
12009,"There is a sort of man who pays no attention to his good actions, but is tormented by his bad ones. This is the type that most often writes about himself."
12013,"...we learn resignation not by our own suffering, but by the suffering of others."
12018,"I'll give you my opinion of the human race in a nutshell... their heart's in the right place, but their head is a thoroughly inefficient organ."
12043,The sad Don Quixote of a worthless purpose.
12044,A god that can be understood is not a god.
12060,"You bloody fool, you've killed the wrong man."
12085,His folly has not fellow Beneath the blue of day That gives to man or woman His heart and soul away.
12100,"We for a certainty are not the first Have sat in taverns while the tempest hurled Their hopeful plans to emptiness, and cursed Whatever brute and blackguard made the world."
12103,"And how am I to face the odds Of man's bedevilment and God's? I, a stranger and afraid In a world I never made."
12105,"Even when poetry has a meaning, as it usually has, it may be inadvisable to draw it out. and perfect understanding will sometimes almost extinguish pleasure."
12109,"Here dead we lie because we did not choose To live and shame the land from which we sprung. Life, to be sure, is nothing much to lose; But young men think it is, and we were young."
12118,There is no more sombre enemy of good art than the pram in the hall.
12124,"Everything is a dangerous drug to me except reality, which is unendurable."
12137,"They went to sea in a sieve, they did;In a sieve they went to sea;In spite of all their friends could say."
12174,"Five rules are of absolute necessity, and cannot be dispensed with without essential defect and often without error."
12183,"Ladies and gentlemen, please don't associate me with any of this. This is not jazz. These are sick people."
12190,I feel your pain.
12191,End welfare as we know it.
12192,When I was in England I experimented with marijuana a time or two -- and didn't like it -- and didn't inhale and never tried inhaling again.
12203,"Yesterday is yesterday. If we try to recapture it, we will only lose tomorrow."
12212,"If ever there comes a time when everyone you vote for wins and they do everything you think they should do, there will still be a gap between what is and what ought to be."
12220,There's never a perfect bipartisan bill in the eyes of a partisan.
12222,The loss of trust is paralyzing.
12230,The proper route to an understanding of the world is an examination of our errors about it.
12231,"I am profoundly skeptical about our abilities to predict the future in general, and human behavior in particular."
12238,Myth is the nothing that is everything.
12253,"Oh Portugal, today you are fog... The Hour has come!"
12260,We are two abysses — a well staring at the sky.
12268,"The house clock, place certain there at the bottom of things, strikes the half hour dry and null. All is so much, all is so deep, all is so dark and cold!"
12270,Everything was asleep as if the universe was a mistake.
12279,I take with me the conscience of defeat as a victory banner.
12280,"It is noble to be shy, illustrious not to know how to act, great not to have a gift for living."
12283,"I reread? I lied! I don't dare to reread. I cannot reread. What's the point, for me, in rereading?"
12294,"If we knew the truth, we'd see it; all else is system and outskirts."
12297,There's no regret more painful than the regret of things that never were.
12302,All problems are unsolvable. The essence of the existence of a problem is that there is no solution. Looking for a fact means there is no fact. To think is not to know how to be.
12307,To be understood is to prostitute yourself.
12314,There is no safe standard to tell man from animals.
12321,"I never cared about whatever tragic event happened in China. It's faraway decoration, even if in blood and plague."
12326,"To think is to destroy. The very process of thought indicates it for the same thought, as thinking is decomposing."
12343,Everything is absurd.
12358,Yet I have no stylistic nobility. My head aches because my head aches. The universe aches me because my head aches.
12359,"Given that we cannot know all the elements in a problem, we never can solve it."
12360,I don't believe in the landscape.
12361,I say it because I don't believe.
12375,We've been devastated by the severest and deadliest drought in history – that of our profound awareness of the futility of all effort and the vanity of all plans.
12379,"At first I felt dizzy - not with the kind of dizziness that makes the body reel but the kind that's like a dead emptiness in the brain, an instinctive awareness of the void."
12380,"Women's desire is a mysterious, feral thing, and if you think you've got it figured out because you've looked at a few Georgia O'Keeffe paintings, you're not even close."
12383,"It would be destined for the trash heap of Shakespeare adaptations, if not for its female lead, and its heart, 17-year-old Claire Danes."
12385,It's mournful and troubling in a way that goes beyond ordinary movie manipulation. It burns clean.
12387,"Who would have thought that Cameron Crowe had a movie as bad as Vanilla Sky in him? It's a punishing picture, a betrayal of everything that Crowe has proved he knows how to do right."
12392,Batman Begins leaks existential phoniness from the first frame.
12398,"t pretends to examine how self-absorbed we are as a culture, only to be consumed by its own self-absorption. It's also badly constructed, humorless and emotionally sadistic."
12411,She left me because of my many faults; I left her because I couldn't talk movies with her.
12418,"If you still have to ask, shame on you"
12433,It is unfortunate for J.J that Rousseau cannot say everything he knows about him.
12436,I admire only two types of people: the potentially mad and the potential suicide.
12438,"I don't need any support, advice, or compassion, because even if I am the most ruinous man, I still feel so powerful, so strong and fierce. For I am the only one that lives without hope."
12443,"If there was a God of sorrow, he would grow black heavy wings, to soar not for the skies, but for inferno."
12447,I cannot contribute anything to this world because I only have one method: agony.
12448,How I wish I didn't know anything about myself and this world!
12455,"I am displeased with everything. If they made me God, I would immediately resign."
12456,"Can it really be that for us existence means exile, and nothingness, home?"
12457,"I have no ideas, only obsessions. Anybody can have ideas. Ideas have never caused anybody's downfall."
12458,All the concessions we make to Eros are holes in our desire for the absolute.
12461,To suffer is the great modality of taking the world seriously.
12462,"Nostalgia, more than anything, gives us the shudder of our own imperfection."
12471,"What am I, other than a chance in the infinite probabilities of not having been!"
12479,Sadness makes you God's prisoner.
12486,"There are no solutions, only cowardice masquerading as such."
12489,"To win the guilty kiss of a saint, I'd welcome the plague as a blessing"
12498,"In every man sleeps a prophet, and when he wakes there is a little more evil in the world"
12511,"In every man sleeps a prophet, and when he wakes there is a little more evil in the world."
12519,"Society is not a disease, it is a disaster. What a stupid miracle that one can live in it."
12532,"We define only out of despair, we must have a formula... to give a facade to the void."
12535,"So long as man is protected by madness he functions and flourishes, but when he frees himself from the fruitful tyranny of fixed ideas, he is lost, ruined."
12538,"At different degrees, everything is pathology, except for indifference."
12541,"When we cannot be delivered from ourselves, we delight in devouring ourselves."
12542,Vague a l'ame — melancholy yearning for the end of the world.
12544,Try to be free: you will die of hunger.
12546,"History shows that the thinkers who mounted on the top of the ladder of questions, who set their foot on the last rung, that of the absurd, have bequeathed to posterity only an example of sterility."
12549,Why do you lack the strength to escape the obligation to breathe?
12550,"To repeat to yourself a thousand times a day: 'Nothing on Earth has any worth,' to keep finding yourself at the same point, to circle stupidly as a top, eternally..."
12552,"As incompetent in life as in death, I loathe myself and in this loathing I dream of another life, another death. And for having sought to be a sage such as never was, I am only a madman among the mad."
12557,"I am like a broken puppet whose eyes have fallen inside."" This remark of a mental patient weighs more heavily than a whole stack of works on introspection."
12564,"In the torments of the intellect, there is a certain bearing which is to be sought in vain among those of the heart. Skepticism is the elegance of anxiety."
12570,"Long before physics or psychology were born, pain disintegrated matter, and affliction the soul."
12577,The skepticism which fails to contribute to the ruin of our health is merely an intellectual exercise.
12578,"Of all calumnies the worst is the one which attacks our indolence, which contests its authenticity."
12580,"You have dreamed of setting the world ablaze, and you have not even managed to communicate your fire to words, to light up a single one!"
12584,Only the idiot is equipped to breathe.
12587,"For two thousand years, Jesus has revenged himself on us for not having died on a sofa."
12592,Anxiety — or the fanaticism of the worst.
12597,"Only optimists commit suicide, the optimists who can no longer be . . . optimists. The others, having no reason to live, why should they have any to die?"
12598,"On the frontiers of the self: ""What I have suffered, what I am suffering, no one will ever know, not even I."
12599,No one should try to live if he has not completed his training as a victim.
12601,The only minds which seduce us are the minds which have destroyed themselves trying to give their life a meaning.
12604,"A gifted humanity can only produce skeptics, never saints."
12606,"If a man has not, by the time he is 30, yielded to the fascination of every form of extremism, I don't know if he is to be admired or scorned — a saint or a corpse."
12607,Tolerance — the function of an extinguished ardor — tolerance cannot seduce the young.
12621,"A marvel that has nothing to offer, democracy is at once a nation's paradise and its tomb."
12623,"Mind, even more deadly to empires than to individuals, erodes them, compromises their solidity."
12626,"The more we try to wrest ourselves from our ego, the deeper we sink into it."
12627,"Woes and wonders of power, that tonic hell, synthesis of poison and panacea."
12634,"If, at the limit, you can rule without crime, you cannot do so without injustices."
12635,"In a republic, that paradise of debility, the politician is a petty tyrant who obeys the laws."
12639,"Tyranny is just what one can develop a taste for, since it so happens that man prefers to wallow in fear rather than to face the anguish of being himself."
12640,Word — that invisible dagger.
12642,"Were we to undertake an exhaustive self-scrutiny, disgust would paralyze us, we would be doomed to a thankless existence."
12643,"We understand God by everything in ourselves that is fragmentary, incomplete, and inopportune."
12644,Skepticism is the sadism of embittered souls.
12660,"Why don't I kill myself? If I knew exactly what keeps me from doing so, I should have no more questions to ask myself since I should have answered them all."
12662,Endless brooding over a question undermines you as much as a dull pain.
12665,"To make more plans than an explorer or a crook, yet to be infected at the will's very root."
12673,"It is unjust to call imaginary the diseases which are, on the contrary, only too real, since they proceed from our mind, the only regulator of our equilibrium and our health."
12676,Skepticism is an exercise in defascination.
12679,"They ask you for facts, proofs, works, and all you can show them are transformed tears."
12680,We are all deep in a hell each moment of which is a miracle.
12682,"My faculty for disappointment surpasses understanding. It is what lets me comprehend Buddha, but also what keeps me from following him."
12692,"Having always lived in fear of being surprised by the worst, I have tried in every circumstance to get a head start, flinging myself into misfortune long before it occurred."
12693,"I react like everyone else, even like those I most despise; but I make up for it by deploring every action I commit, good or bad."
12696,"To claim you are more detached, more alien to everything than anyone, and to be merely a fanatic of indifference!"
12697,"I have never taken myself for a being. A non-citizen, a marginal type, a nothing who exists only by the excess, by the superabundance of his nothingness."
12710,"We make choices, decisions, as long as we keep to the surface of things; once we reach the depths, we can neither choose nor decide, we can do nothing but regret the surface..."
12712,"Once we begin to want, we fall under the jurisdiction of the Devil."
12714,"It's not worth the bother of killing yourself, since you always kill yourself too late."
12715,"When you know quite absolutely that everything is unreal, you then cannot see why you should take the trouble to prove it."
12716,I have all the defects of other people yet everything they do seems to me inconceivable.
12719,An aphorism? Fire without flames. Understandable that no one tries to warm himself at it.
12720,"All my life, I have lived with the feeling that I have been kept from my true place. If the expression ""metaphysical exile"" had no meaning, my existence alone would afford it one."
12725,Every thought derives from a thwarted sensation.
12730,"Self-pity is not as sterile as we suppose. Once we feel its mere onset, we assume a thinker's attitude, and come to think of it, we come to think!"
12735,Two enemies — the same man divided.
12737,"The more you are a victim of contradictory impulses, the less you know which to yield to. To lack character — precisely that and nothing more."
12747,"Nothing is a better proof of how far humanity has regressed than the impossibility of finding a single nation, a single tribe, among whom birth still provokes mourning and lamentations."
12755,"What's wrong — what's the matter with you?"" Nothing, nothing's the matter, I've merely taken a leap outside my fate, and now I don't know where to turn, what to run for..."
12756,"Not to be born is undoubtedly the best plan of all. Unfortunately, it is within no one's reach."
12757,Only one thing matters: learning to be the loser.
12758,The unfortunate thing about public misfortunes is that everyone regards himself as qualified to talk about them.
12763,"To have failed in everything, always, out of a love of discouragement."
12768,"If instead of expanding you, putting you in a state of energetic euphoria, your ordeals depress and embitter you, you can be sure you have no spiritual vocation."
12776,"Impossible to accede to truth by opinions, for each opinion is only a mad perspective of reality."
12779,To be is to be cornered.
12787,"By what aberration has suicide, the only truly normal action, become the attribute of the flawed?"
12797,"What can be said, lacks reality. Only what fails to make its way into words exists and counts."
12798,Woe to the book you can read without constantly wondering about the author!
12800,We regret not having the courage to make such and such decision; we regret much more having made one — any one. Better no action than the consequences of an action.
12803,"All morning, I did nothing but repeat: ""Man is an abyss, man is an abyss."" — I could not, alas, find anything better."
12806,"Try as I will, I don't see what might exist..."
12808,"We live in the false as long as we have not suffered. But when we begin to suffer, we enter the truth only to regret the false."
12809,"The worst is not ennui nor despair but their encounter, their collision. To be crushed between the two!"
12815,Criticism is a misconception: we must read not to understand others but to understand ourselves.
12819,To have accomplished nothing and to die overworked.
12820,"What is not heartrending is superfluous, at least in music."
12824,My mission is to see things as they are. Exactly the contrary of a mission.
12825,"When you get over an infatuation, to fall for someone ever again seems so inconceivable that you imagine no one, not even a bug, that is not mired in disappointment."
12827,I anticipated witnessing in my lifetime the disappearance of our species. But the Gods have been against me.
12828,"It is not by genius, it is by suffering, and suffering alone, that one ceases to be a marionette."
12829,"The more one has suffered, the less one demands. To protest is a sign one has traversed no hell."
12830,"How many disappointments are conducive to bitterness? One or a thousand, depending on the subject."
12832,If to describe a misery were as easy to live through it!
12834,"Only what we have not accomplished and what we could not accomplish matters to us, so that what remains of a whole life is only what it will not have been."
12852,"Since the only things we remember are humiliations and defeats, what is the use of all the rest?"
12854,"To have grazed every form of failure, including success."
12855,"Dead of night. No one, nothing but the society of the moments. Each pretends to keep us company, then escapes — desertion after desertion."
12856,One would have to be as unenlightened as an angel or an idiot to imagine that the human escapade could turn out well.
12865,"Without will, no conflict: no tragedy among the abulic. Yet the failure of will can be experienced more painfully than a tragic destiny."
12884,"Good, he did not have enough imagination to become a mathematician."
12890,"Cats have a scam going – you buy the food, they eat the food, they fuck off; that's the deal."
12916,"I'm severely atypically dyslexic. My spelling's all over the place: cat with a 'k', ceiling with an 's'. I-Spy games went on for ever as a kid."
12924,"Then Ben wailed again, hopeless and prolonged. It was nothing. Just sound. It might have been all time and injustice and sorrow become vocal for an instant by a conjunction of planets."
12940,Is Robert Ingersoll telling me that for twenty years I have leaned upon a reed no stronger than myself?
12941,"It is not proof that I sought. I, of all men, know that proof is but a fallacy invented by man to justify to himself and his fellows his own crass lust and folly."
12950,"I am beginning to see the first sign of my increasing age: I dont like to know that my orders have been disobeyed, even when I knew when I gave them that they would be."
12961,All of us failed to match our dreams of perfection. So I rate us on the basis of our splendid failure to do the impossible.
12968,"Save us, Christ, the poor sons of bitches."
12976,So great was the extremity of his pain and anguish that he did not only sigh but roar.
12979,None is so deaf as those that will not hear.
12989,None so blind as those that will not see.
12990,"Not lost, but gone before."
12994,Judas had given them the slip.
13000,Judas had given them the slip.
13007,"Nay, but weigh well what you presume to swear!Oaths are of dreadful Weight—and, if they're false,Draw down Damnation."
13011,"Well, no offense:Thar ain't no senseIn gittin' riled."
13013,"And then, for an old man like me, it's not exactly right,This kind o' playing soldier with no enemy in sight."
13018,Each lost day has its patron saint!
13022,We are ruined by Chinese cheap labor.
13051,"Of which, if thou be a severe, sour-complexioned man, then I here disallow thee to be a competent judge."
13073,I'm proof against that word failure. I've seen behind it. The only failure a man ought to fear is failure of cleaving to the purpose he sees to be best.
13083,"Any coward can fight a battle when he's sure of winning; but give me the man who has pluck to fight when he's sure of losing. That's my way, sir; and there are many victories worse than a defeat."
13084,Opposition may become sweet to a man when he has christened it persecution.
13095,There's folks as make bad butter and trusten to the salt t' hide it.
13115,"There is no feeling, except the extremes of fear and grief, that does not find relief in music."
13128,One gets a bad habit of being unhappy.
13131,"Renunciation remains sorrow, though a sorrow borne willingly."
13141,It is seldom that the miserable can help regarding their misery as a wrong inflicted by those who are less miserable.
13142,Nothing is so good as it seems beforehand - ...
13146,"But veracity is a plant of paradise, and the seeds have never flourished beyond the walls."
13149,"... he felt very much like an uninitiated chess-player who sees that the pieces are in a peculiar position on the board, and might open the way for him to give checkmate, if he only knew how."
13156,Sad as a wasted passion.
13171,"I think any hardship is better than pretending to do what one is paid for, and never really doing it."
13173,"In all failures, the beginning is certainly the half of the whole."
13187,Gossip is a sort of smoke that comes from the dirty tobacco-pipes of those who diffuse it: it proves nothing but the bad taste of the smoker.
13188,Ignorance gives one a large range of probabilities.
13203,"Ay, do despise me! I'm the prouder for it; I like to be despised."
13224,"Morals excite passions, and produce or prevent actions. Reason of itself is utterly impotent in this particular. The rules of morality, therefore, are not conclusions of our reason."
13246,"Their heavenly harps a lower strain began,And in soft music mourn the fall of man."
13249,"Bold knaves thrive without one grain of sense,But good men starve for want of impudence."
13254,O gracious God! how far have weProfaned thy heavenly gift of poesy!
13257,And torture one poor word ten thousand ways.
13274,"He who servilely creeps after senseIs safe, but ne'er will reach an excellence."
13290,The wretched have no friends.
13307,"In friendship false, implacable in hate,Resolved to ruin, or to rule the state."
13308,"And heaven had wanted one immortal song. But wild ambition loves to slide, not stand, And fortune's ice prefers to virtue's land."
13311,"Better one suffer, than a nation grieve."
13314,"But far more numerous was the herd of such,Who think too little, and who talk too much."
13318,Nor is the people's judgment always true:The most may err as grossly as the few.
13319,"Never was patriot yet, but was a fool."
13328,"So, when the last and dreadful HourThis crumbling Pageant shall devour,The trumpet shall be heard on high,The dead shall live, the living die,And musick shall untune the Sky."
13330,"And doomed to death, though fated not to die."
13332,Of all the tyrannies on human kindThe worst is that which persecutes the mind.
13335,"Too black for heav'n, and yet too white for hell."
13337,All have not the gift of martyrdom.
13339,"Jealousy, the jaundice of the soul."
13344,"For those whom God to ruin has design'd,He fits for fate, and first destroys their mind."
13346,"Look round the habitable world: how fewKnow their own good, or knowing it, pursue."
13349,A knockdown argument: 'tis but a word and a blow.
13370,"Can heav'nly minds such high resentment show,Or exercise their spite in human woe?"
13372,"Like you, an alien in a land unknown,I learn to pity woes so like my own."
13375,"Fate, and the dooming gods, are deaf to tears."
13388,"All, all of a piece throughout:Thy chase had a beast in view;Thy wars brought nothing about;Thy lovers were all untrue.'Tis well an old age is out,And time to begin a new."
13394,"Old age, with silent pace, comes creeping on,Nauseates the praise which in her youth she won,And hates the muse by which she was undone."
13419,A look so pale no quartane ever gave;My dwindled legs seem crawling to a grave.
13420,"These are the effects of doting age,Vain doubts, and idle cares, and over caution."
13440,"An ox that waits the coming blow,Old and unprofitable to the plough."
13446,No fruitful crop the sickly fields return;But oats and darnel choke the rising corn.
13447,"Tough thistles choked the fields, and kill'd the corn,And an unthrifty crop of weeds was born."
13450,"Moist earth produces corn and grass, but bothToo rank and too luxuriant in their growth.Let not my land so large a promise boast,Lest the lank ears in length of stem be lost."
13452,"In vain the hinds the threshing floor prepare,And exercise their flails in empty air."
13455,She in pens his flocks will fold.
13466,"And oft whole sheets descend of sluicy rain,Suck'd by the spungy clouds from off the main:The lofty skies at once come pouring down,The promised crop and golden labours drown."
13493,"In vain the barns expect their promised load;Nor barns at home, nor ricks are heap'd abroad."
13509,Too truly Tamerlane's successors they;Each thinks a world too little for his sway.
13514,"To cure their mad ambition, they were sentTo rule a distant province, each alone:What could a careful father more have done?"
13522,What have I lost by my forefathers' fault!Why was I not the twentieth by descentFrom a long restive race of droning kings?
13554,"Would I had been disposer of thy stars,Thou shouldst have had thy wish, and died in wars."
13564,"Your Ben and Fletcher, in their first young flight,Did no Volpone, nor no Arbaces write;But hopp'd about, and short excursions madeFrom bough to bough, as if they were afraid."
13571,"Some beams of wit on other souls may fall,Strike through, and make a lucid interval;But Shadwell's genuine night admits no ray,His rising fogs prevail upon the day."
13572,Anger would inditeSuch woful stuff as I or Shadwell write.
13574,But Shakspeare's magic could not copied be;Within that circle none durst walk but he.
13579,"All authors to their own defects are blind;Hadst thou but, Janus-like, a face behind,To see the people, what splay mouths they make,To mark their fingers pointed at thy back."
13580,"The unhappy man who once has trail'd a penLives not to please himself, but other men;Is always drudging with his life and blood,Yet only eats and drinks what you think good."
13602,"Young men to imitate all ills are prone,But are compell'd to avarice alone;For then in virtue's shape they follow vice."
13611,"But the base miser starves amidst his store,Broods o'er his gold, and, griping still at more,Sits sadly pining, and believes he's poor."
13612,"Our swords so wholly did the fates employ,That they, at length, grew weary to destroy;Refused the work we brought, and out of breath,Made sorrow and despair attend for death."
13613,"I fought and fell like one, but death deceived me:I wanted weight of feeble Moors upon me,To crush my soul out."
13614,"Here Pallas urges on, and Lausus there;Their congress in the field great Jove withstands:Both doom'd to fall, but fall by greater hands."
13618,"A cloud of smoke envelops either host,And all at once the combatants are lost:Darkling they join adverse, and shock unseen,Coursers with coursers justing, mén with men."
13620,"Their standard, planted on the battlement,Despair and death among the soldiers sent."
13626,"Methinks adieuIs cold, when uttered with aught else but tears."
13644,"And the hall is lone, and the hall is drear,For the smiling of woman shineth not here."
13648,"It is a sweet, albeit most painful, feelingTo know we are regretted."
13658,"I left my home, and I was leftA stranger in his land, bereftOf even hope; there was not oneFamiliar face to look upon.—Their speech was strange."
13681,"Oh! why should woman ever love,Trusting to one false star above;And fling her little chance awayOf sunshine for its treacherous ray."
13685,"Alas, tears are the poet's heritage!"
13709,"Dreary it is the path to trace,Step by step of sin's wild race."
13713,"My heart is like the failing hearthNow by my side,One by one its bursts of flameHave burnt and died."
13717,We do too little feel each others' pain;We do relax too much the social chainThat binds us to each other; slight the careThere is for grief in which we have no share.
13718,"For misery, like a masquer, mocks at allIn which it has no part, or one of gall,"
13740,"Who has not loathed that worst, that waking hour,When grief and consciousness assert their power;When misery has morn's freshness, yet we fainWould hold it as a dream, and sleep again;"
13741,Alas! alas! how plague-spot like will sinSpread over the wrung heart it enters in!
13745,"The bard, the warrior, and the sage,What win they but one lying page,Where deeds and words, at hazard thrown,May be or may not be their own?"
13752,"-- social life is fill'dWith doubts and vain aspirings; solitude,When the imagination is dethroned,Is turned to weariness."
13753,"Alas! we makeA ladder of our thoughts, where angels step,But sleep ourselves at the foot: our high resolvesLook down upon our slumbering acts."
13762,Alas! the praise given to the earNe'er was nor e'er can be sincere—And does but waste away the mindOn which it preys:—in vainWould they in whom its poison lurksA worthier state attain.
13765,"I'm weary, I'm weary,—this cold world of ours;I will go dwell afar, with fairies and flowers.. . . .I'm weary, I'm weary,—I'm off with the wind:Can I find a worse fate than the one left behind?"
13766,"Tis well: the rack, the chain, the wheel,Far better had'st thou proved;Ev'n I could almost pity feel,For thou art not beloved."
13771,"Alas!We give our destiny from our own hands,And trust to those most frail of all frail things,The chances of humanity."
13778,"My tears are buried in my heart,Like cave-locked fountains sleeping."
13785,"He who seeks pleasure with reference to himself, not others, will ever find that pleasure is only another name for discontent."
13790,"What a mistake rage is ! anger should never go beyond a sneer, if it really desires revenge."
13793,"... who has not experienced, at some time or other, that words had all the relief of tears?"
13801,... when was a woman ever witty without being bitter?
13810,"If we did but know how we rush into one evil while seeking to avoid another, we should have no resolution to shun any thing."
13814,But in this world every thing has its evil ; the dust is on the wheels of the conqueror's chariot—the silken-wrought tapestry covers the mouldering wall;
13817,"Cecil Forrester was heir to many misfortunes, being handsome, rich, high-born, and clever."
13823,"She leant her head upon her hand : ""I know not which to choose—Alas ! whichever choice I make, the other I must lose."
13842,The field is fought—who walketh there?—The shadow victory casts—Despair!
13866,"Burnt to the dust, an ashy heapWas every cottage round;—I listened, but I could not hearOne single human sound:"
13872,"Ah! it is well we can forget,Or who could linger onBeneath a sky whose stars are set,On earth whose flowers are gone?For who could welcome loved ones near,Thinking of those once far more dear,"
13879,Nothing discourages a child so much as the impossibility of pleasing.
13885,"November's night is dark and drear,The dullest month of all the year."
13928,"Come, gentle harp, and let me holdCommunion with thy melody,And be my tale of sorrow toldTo thee, my harp, and only thee."
13934,"Yet, wake again, I pray thee, wake;My soul yet lives upon the chords —My heart must breathe its wrongs, or break :Yet can it find relief in words !"
13955,The morning Sun arose —Still the festal board was spread —Still hosts and guests were round ;But hosts and guests were dead !
13957,"We seek—we find—And find the charm has with the search declined.Affections—pleasures—all in which we trust, —What do they end in ?—Nothing, or disgust."
13973,His heart is like a maggot-eaten nut:There's nothing in it ; but 'tis closely shut.
13975,"I saw an aged woman turn To her wretched home again — All day she had asked charity,And all day asked in vain. . . ."
13976,"Is this the curse that is laid on the earth ?And must it ever be so, That there can be nothing of human goodBut must from some evil flow ? . . ."
13981,"Deep in the silent waters,A thousand fathoms low,A gallant ship lies perishing —She foundered long ago."
13984,"Literary taste is often confounded with literary talent by others, quite as much as by ourselves."
13992,Everybody has some particular point on which they pique themselves ; generally something which ill deserves the pride bestowed upon it.
14003,Praise — actual personal praise— oftener frets and embarrasses than it encourages. It is too small when too near.
14010,"Always accustomed to wealth, she did not understand its value ; we must want money to really know its worth, and money seemed to her the vilest consideration that could have influence."
14011,"Charles went towards the table, but he had no lady-like powers of filling four sheets with nothing, and the letter was soon sealed."
14015,"...that worst bump developed that can adorn the head of a bore--viz., long-story-tellativeness."
14025,"It is a cruel proof of the want of generosity in human nature, that an affection too utterly self-sacrificing always meets with an evil return."
14028,The history of most fictions would be far stranger than the fictions themselves ; but it would be a dark and sad chronicle.
14032,"O no, my heart can never beAgain in lighted hopes the same —The love that lingers there for theeHas more of ashes than of flame."
14036,"Ah, the sweet present ! — should it not suffice ?Not to humanity, which vainly triesTo lift the curtain that may never rise !"
14038,"Experience has rude lessons, and we growLike what we have been taught too late to know,And yet we hate ourselves for being so."
14079,"Merciful God, thou dost not answer me !I made my choice on earth, and now my heartHas no asylum. Ye decide for me,And such a destiny is best."
14135,Old ocean's gray and melancholy waste.
14142,"Uncouthe, unkiste, sayde the olde famous poete Chaucer."
14147,"To kerke the narre from God more farre, Has bene an old-sayd sawe; And he that strives to touche a starre Oft stombles at a strawe."
14148,"All, that in this world is great or gay,Doth as a vapour vanish, and decay."
14154,"What then can move her? if nor merth, nor mone,She is no woman, but a sencelesse stone."
14177,"Ay me, how many perils doe enfold The righteous man, to make him daily fall!"
14180,"That darksome cave they enter, where they find That cursed man, low sitting on the ground, Musing full sadly in his sullein mind."
14195,"Who will not mercie unto others show, How can he mercy ever hope to have?"
14196,"Ill can he rule the great, that cannot reach the small."
14225,"The fact disclosed by a survey of the past that majorities have usually been wrong, must not blind us to the complementary fact that majorities have usually not been entirely wrong."
14231,"Strong as it looks at the outset, State-agency perpetually disappoints every one. Puny as are its first stages, private efforts daily achieve results that astound the world."
14232,"The ultimate result of shielding men from the effects of folly, is to fill the world with fools."
14252,Blest is that government where no art thrives.
14257,"From winter, plague, and pestilence, good Lord, deliver us."
14259,Shit is the tofu of cursing.
14266,on genders of nouns: Why refer to Lady Crack Pipe or Good Sir Dishrag when these things could never live up to all that their sex implied?
14270,"Because I'm both a glutton and a masochist, my standard complaint, ""That was so bad"", is always followed by ""And there was so little of it!"
14273,I ain't seen pussy in so long I'd throw stones at it.
14277,"I never went into their apartment, but what I saw from the door was pretty rough - not simply messy or chaotic, but hopeless, the lair of a depressed person."
14281,"I can't seem to fathom that the things important to me are not important to other people as well, and so I come off sounding like a missionary, someone whose job it is to convert rather than listen."
14282,"Our artwork did not hang on the refrigerator or anywhere near it, because our parents recognised it for what it was: crap."
14284,"Look at us,"" he said, and he let out a long sigh. ""A couple of first-class fucking losers.""I wanted to defend myself, to at least point out that we were in second class."
14292,Delinquent style is timeless. Real trouble doesn't walk around with a ponytail. It doesn't have a Mohawk or special shoelace patterns. Real trouble has a bad complexion and a Windbreaker.
14299,"Laws, like sausages, cease to inspire respect in proportion as we know how they are made."
14311,"What Lowely meant she didn't knowFor she always avoided ""everything low,"
14325,"The man must have a rare recipe for melancholy, who can be dull in Fleet Street."
14338,"When my sonnet was rejected, I exclaimed, 'Damn the age; I will write for Antiquity!"
14342,He is no lawyer who cannot take two sides.
14344,Not if I know myself at all.
14347,"He might have proved a useful adjunct, if not an ornament to society."
14349,"Martin, if dirt was trumps, what hands you would hold!"
14362,Sentimentally I am disposed to harmony; but organically I am incapable of a tune.
14363,"I have been trying all my life to like Scotchmen, and am obliged to desist from the experiment in despair."
14370,A poor relation—is the most irrelevant thing in nature.
14378,A pun is a pistol let off at the ear; not a feather to tickle the intellect.
14381,"Sunday itself—that unfortunate failure of a holyday as it too often proved, what with my sense of its fugitiveness, and over-care to get the greatest quantity of pleasure out of it ..."
14384,The prevailin' weakness of most public men is to Slop over. G. Washington never slopt over.
14385,I can't sing. As a singist I am not a success. I am saddest when I sing. So are those who hear me. They are sadder even than I am.
14398,"No man worth having is true to his wife, or can be true to his wife, or ever was, or ever will be so."
14403,"The want of a thing is perplexing enough, but the possession of it is intolerable."
14414,"Drink not the third glass, which thou canst not tame,When once it is within thee."
14419,"Be calm in arguing: for fierceness makesError a fault, and truth discourtesy."
14431,"Of joys departed,Not to return, how painful the remembrance!"
14435,"The good he scorn'dStalk'd off reluctant, like an ill-used ghost,Not to return; or if it did, in visitsLike those of angels, short and far between."
14436,The common damn'd shun their society.
14438,"A bad review may spoil your breakfast, but you shouldn't allow it to spoil your lunch."
14443,It was no wonder that people were so horrible when they started life as children.
14444,He was short on the one attribute certain to meet the immediate respect of the rich — i.e. being rich — and must therefore obtrude deterrents against being buggered about.
14446,"I told myself that I could soon start to relish the state of being alone , only to find as usual that I was stuck with myself.Two's company, which is bad enough in all conscience, but one's a crowd."
14448,We should be wrong to demand that a critic must stay on the point all the time; it is enough if he remains in orbit around it.
14453,"omething was being kept from him. But, short of scopolamine, hypnosis or wild horses, he knew he would never hear from her what it was."
14454,"Then, because it was every cinematic doctor's exit line, the doctor added, ""I'll see myself out."
14455,"If there's one word that sums up everything that's gone wrong since the War, it's Workshop. After Youth, that is."
14462,"Nobody, however learned, however wise, can stand in the way of regress."
14479,"Cynics are all moralists, and merciless too."
14484,"This isn't the Right, this is the billy-club. Italians don't know how to go Right without ending up in the billy-club."
14487,"I know many crooks and they never preach, but I don't know anyone who preaches that isn't a crook also."
14493,Some hold translations not unlike to be The wrong side of a Turkey tapestry.
14504,The Devil turns his back to a door that is shut.
14512,Sometimes an ill favored bitch gnaws a good chord.
14520,"Envy , like a cold poison, benumbs and stupefies. And thus conscious as it were of its own impotence, it folds its arms in despair, and sits cursing in a corner."
14522,"To believe a business impossible is the way to make it so. How many feasible projects have miscarried by despondency, and been strangled in the birth by a cowardly imagination?"
14527,"Atheism is the result of ignorance and pride, of strong sense and feeble reasons, of good eating and ill-living. It is the plague of society, the corrupter of manners, and the underminer of property."
14528,Remorse of conscience is like an old wound; a man is in no condition to fight under such circumstances. The pain abates his vigor and takes up too much of his attention.
14529,"Conscience and covetousness are never to be reconciled; like fire and water they always destroy each other, according to the predominancy of the element."
14531,"I would not despair unless I knew the irrevocable decree was passed; saw my misfortune recorded in the book of fate, and signed and sealed by necessity."
14532,"To believe a business impossible is the way to make it so. How many feasible projects have miscarried through despondency, and been strangled in their birth by a cowardly imagination!"
14534,"Envy, like a cold prison, benumbs and stupefies; and, conscious of its own impotence, folds its arms in despair."
14547,There are few things reason can discover with so much certainty and ease as its own insufficiency.
14550,"Self-conceit is a weighty quality, and will sometimes bring down the scale when there is nothing else in it. It magnifies a fault beyond proportion, and swells every omission into an outrage."
14559,As full as a piper's bag; as a tick.
14560,He's as great a master of ill language as ever was bred at a Bear-Garden.
14561,A fox should not be of the jury at a goose's trial.
14581,Their heads sometimes so little that there is no room for wit; sometimes so long that there is no wit for so much room.
14582,"The Pyramids themselves, doting with age, have forgotten the names of their founders."
14587,"Heat of passion makes our souls to chap, and the devil creeps in at the crannies."
14588,Scoff not at the natural defects of any which are not in their power to amend. Oh 't is cruelty to beat a cripple with his own crutches.
14591,Bitch set me up... I shouldn't have come up here... goddamn bitch.
14594,"The Irish caught hell, the Jews caught hell, the Polacks caught hell. We want Ward 8 to be the model of diversity."
14597,"It has always been the prerogative of children and half-wits to point out that the emperor has no clothes. But the half-wit remains a half-wit, and the emperor remains an emperor."
14598,"Look, I'm sorry it's over too. But good things have to end, stories have to end. It's what gives them meaning."
14603,I'm not sure it's entirely a good thing... I've always loved the gutter.
14617,Unimpressed was his default state.
14618,"I have always felt,"" he said, ""that violence was the last refuge of the incompetent, and empty threats the final sanctuary of the terminally inept."
14622,"Even the better protected files corrupt,and the best protected corrupt absolutely."
14626,"I don't want whatever I want. Nobody does. Not really. What kind of fun would it be if I just got everything I ever wanted just like that, and it didn't mean anything? What then?"
14635,"You're no help,"" he told the lime. This was unfair. It was only a lime; there was nothing special about it at all. It was doing the best it could."
14636,"... the beast made the noise of a cat being shampooed, a lonely wail of horror and outrage, of shame and defeat."
14648,People want to forget the impossible. It makes their world safer.
14664,"Come to Jerusalem and go mad,"" said Morrison. ""Not much of an advertising slogan."
14667,"Still, no use crying over unspilt milk, and you can't mend an omelette without unbreaking a few eggs."
14674,I am grim of mind and wrathful of spirit and I have no desire to be nice to anyone.
14675,Even the gods cannot change destiny.
14676,"It is not the end. There is no end. It is simply the end of the old times, Loki, and the beginning of the new times. Rebirth always follows death. You have failed."
14680,"o go on and play, and if you make a mistake, make it loud so you won't make it next time."
14682,All models are wrong; some models are useful.
14685,Remember that all models are wrong; the practical question is how wrong do they have to be to not be useful.
14686,"Essentially, all models are wrong, but some are useful."
14695,"All things are possible until they are proved impossible — and even the impossible may only be so, as of now."
14706,"Every great mistake has a halfway moment, a split second when it can be recalled and perhaps remedied."
14726,"Poetry surrounds us everywhere, but putting it on paper is, alas, not so easy as looking at it."
14735,..Here I am shut up for the livelong day under lock and key and with keepers in a cell.. ..I will not deny that I would rather have died than have caused and suffered such trouble.
14736,letter after his third attack
14740,The sadness will last forever.
14744,"The greatest slave is not he who is ruled by a despot, great though that evil be, but he who is in the thrall of his own moral ignorance, selfishness, and vice."
14745,"We learn wisdom from failure much more than from success. We often discover what will do, by finding out what will not do; and probably he who never made a mistake never made a discovery."
14753,"Anyone who idolizes you is going to hate you when he discovers that you are fallible. He never forgives. He has deceived himself, and he blames you for it."
14763,"It takes brains to make money, but any dam fool can inherit. P.S.: I never inherited any money."
14768,Too often the reformer has been one who caused the rich to band themselves against the poor.
14771,"If we ever damned it will not be because we have loved too much, but because we have loved too little."
14781,Experience is the name everyone gives to his mistakes.
14783,"A failure is a man who has blundered, but is not able to cash in the experience."
14787,If you err it is not for me to punish you. We are punished by our sins not for them.
14793,"I am not sure just what the unpardonable sin is, but I believe it is a disposition to evade the payment of small bills."
14794,Do not dump your woes upon people — keep the sad story of your life to yourself. Troubles grow by recounting them.
14803,There is no such thing as success in a bad business.
14814,I've always tried to go a step past wherever people expected me to end up. I'm not about to change now.
14819,"You may be disappointed if you fail, but you are doomed if you don't try."
14847,I've been stopped cold from eating another burger!
14852,"What other people label or might try to call failure, I have learned is just God's way of pointing you in a new direction."
14864,Failure is what's going to humble you.
14870,"In two cases I did not fulfill my role as defense minister, in that I did not stop things that I was sure should have been stopped."
14874,The waiters all are rude. The bellboys scream and yell. The swill is better than the food. Goddamn the Mills Hotel.
14876,Ignorance is not bliss — it is oblivion. Determined ignorance is the hastiest kind of oblivion.
14877,"Common man has at long last got himself so far out of gear with nature and his environment that he is beginning to see the shape of extinction, whether he recognizes it as such or not."
14903,It is only the inferior thinker who hastens to explain the singular and the complex by the primitive shortcut of supernaturalism.
14909,The only saving grace of the present is that it's too damned stupid to question the past very closely.
14922,A voice from other epochs belongs in a graveyard of other epochs.
14923,"there are some experiences and intimations which scar too deeply to permit of healing, and leave only such an added sensitiveness that memory reinspires all the original horror."
14971,I now feel it impossible to realize the full extent of the misery which I endured.
14980,How many good books suffer neglect through the inefficiency of their beginnings!
14983,"That man is not truly brave who is afraid either to seem or to be, when it suits him, a coward."
15003,Fish and guests in three days are stale.
15026,Fishe and gesse in three dayes are stale.
15031,"It will lead to nothing, I fear, sir"
15036,"Where slavery exists, the republican theory becomes still more fallacious."
15062,"do Not create anything, it will bemisinterpreted. it will not change.it will follow you the rest of your life."
15067,I don't believe you! You're a liar! ... Play it fucking loud!
15069,You have to be let alone to really accomplish anything.
15088,"We may not be able to defeat these swine, but we don't have to join them."
15100,I had very little in common with and knew even less about a generation that I was supposed to be the voice of.
15107,"If a man cannot make his point to keen boys in ten minutes, he ought to be shot!"
15116,I think that if a person doesn't feel cynical then they're out of phase with the 20th century. Being cynical is the only way to deal with modern civilization — you can't just swallow it whole.
15117,Being interviewed is one of the most abnormal things that you can do to somebody else. It's two steps removed from the Inquisition.
15118,I don't give a fuck if they remember me at all.
15119,"Every socialistic type of government… produces bad art, produces social inertia, produces really unhappy people, and it's more repressive than any other kind of government."
15120,I'm probably more famous for sitting on the toilet than for anything else that I do.
15123,"When God created Republicans, he gave up on everything else."
15124,"The rock and roll business is pretty absurd, but the world of serious music is much worse."
15131,"Take the Kama Sutra. How many people died from the Kama Sutra, as opposed to the Bible? Who wins?"
15137,"Look here brother, who you jivin' with that cosmik debris?"
15140,"You know, people are basically shitty. It's when they prove it over and over again that it gets obnoxious."
15142,The U.S. is a mere pup tent of a civilization. We've got two hundred years of stupidity behind us and we think we're right up there with everyone else who's been doing it for thousands of years.
15153,"I'm a conservative, and you might not like that, but I am, and the fact of the matter is, this bill that they're talking about in Maryland is stupid."
15159,"It isn't necessary to imagine the world ending in fire or ice — there are two other possibilities: one is paperwork, and the other is nostalgia."
15166,The United States is a nation of laws: badly written and randomly enforced.
15167,Communism doesn't work because people like to own stuff.
15169,"Something dreadful happens to students between first and twelfth grades, and it's not just puberty."
15171,I think people in power have a vested interest to oppose critical thinking.
15181,The well-meaning contention that all ideas have equal merit seems to me little different from the disastrous contention that no ideas have any merit.
15199,With insufficient data it is easy to go wrong.
15204,Relativity does set limits on what humans can ultimately do. But the universe is not required to be in perfect harmony with human aspirations.
15210,Nobody listens to mathematicians.
15216,We could not guess how different from us they (extraterrestrials) might be. It was hard enough to guess the intentions of our elected representatives in Washington.
15221,"What I'm saying is, if God wanted to send us a message, and ancient writings were the only way he could think of doing it, he could have done a better job."
15225,The chiliasts made an atheist out of me.
15227,"Do you understand what's going on?""""Not at all,"" he shouted back. ""I can almost prove this can't be happening."
15229,"In the long run, the aggressive civilizations destroy themselves, almost always. It's their nature. They can't help it."
15239,"Every thinking person fears nuclear war and every technological nation plans for it. Everyone knows it's madness, and every country has an excuse."
15240,History is full of people who out of fear or ignorance or the lust for power have destroyed treasures of immeasurable value which truly belong to all of us. We must not let it happen again.
15352,"O Allah, forgive me, have mercy on me and join me to the higher companions..."
15370,One who considers the prayers to be insignificant and trivial is not from me. By Allah! He shall never come close to me at the pool of Kauthar.
15374,The name of one who forsakes his prayer intentionally is written upon The door of Hell from which he shall (eventually) enter.
15378,The greatest sin of a person who goes to 'Arafat and then leaves is to think that he has not been forgiven of his sins.
15394,"Every tribe in the world had its own version of the scapegoat, marked for exile or persecution when the homefolk needed to purge themselves of their own guilts."
15400,The prevalence of evil is the darkest and most frightening mystery of the universe.
15402,"Let the world slide, let the world go;A fig for care, and a fig for woe!If I can't pay, why I can owe,And death makes equal the high and low."
15405,"Som thingis that prouoke young men to wed in haste, Show after weddyng, that hast maketh waste."
15409,Beaten with his owne rod.
15411,"He that will not whan he may, Whan he would, he shall haue nay."
15414,The tide tarrieth no man.
15418,While betweene two stooles my taile goe to the ground.
15437,Children and fooles can not ly.
15444,Ye can not sée the wood for trées.
15459,More frayd then hurt.
15472,A short horse is soone currid.
15473,"She is nether fish nor flesh, nor good red herring."
15477,Pryde will have a fall;For pryde goeth before and shame commeth after.
15482,Beggars should be no choosers.
15484,The rolling stone never gathereth mosse.
15489,While the grasse groweth the horse starveth.
15496,Nought venter nought have.
15497,Children and fooles cannot lye.
15500,Who is worse shod than the shoemaker's wife?
15502,She frieth in her owne grease.
15506,Burnt child fire dredth.
15507,All is not Gospell that thou doest speake.
15509,A fooles bolt is soone shot.
15521,There is no fire without some smoke.
15525,It is a foule byrd that fyleth his owne nest.
15531,Mad as a march hare.
15541,It will not out of the flesh that is bred in the bone.
15542,Who is so deafe or so blinde as is heeThat wilfully will neither heare nor see?
15543,The wrong sow by th' eare.
15549,(Allegedly) Why are we talking about this in the White House? History will not judge this kindly.
15551,"I was deeply grieved and suddenly depleted by a draining weariness. This day had been a nightmare, and I had not yet been asleep."
15553,"To me, failure is not fatal unless you quit; getting knocked down is not embarrassing unless you allow it to keep you down."
15557,The goal of terror is not traditional territorial enlargement; rather the war target of the terrorist is the dismemberment of the will of the community it terrorizes.
15561,It is not clear that intelligence has any long-term survival value.
15562,"Einstein was confused, not the quantum theory."
15564,"Although September 11 was horrible, it didn't threaten the survival of the human race, like nuclear weapons do."
15565,I have no idea. People who boast about their IQ are losers.
15567,I am discounting reports of UFOs. Why would they appear only to cranks and weirdos?
15576,"In a world that is in chaos politically, socially and environmentally, how can the human race sustain another 100 years?"
15586,"To show this diagram properly, I would really need a four dimensional screen. However, because of government cuts, we could manage to provide only a two dimensional screen."
15593,It is not even clear that intelligence has any long-term survival value.
15595,With current technology interstellar travel is utterly impractical. Alpha Centauri can never become a holiday destination.
15596,"It's tempting to dismiss the notion of highly intelligent machines as mere science fiction, but this would be a mistake, and potentially our worst mistake ever."
15601,No one is completely unhappy at the failure of his best friend.
15610,To write an autobiography of Groucho Marx would be as asinine as to read an autobiography of Groucho Marx.
15618,"This will not stand, this aggression against Kuwait."
15651,"Poor rhetoric, once ""learning"" itself, now becomes reduced to the teaching of mannerisms and forms, Aristotelian forms, for writing, as if these mattered."
15668,I'm not that proud of being a congenital pain in the ass. But I will take money for it.
15673,"I was happy to avoid them. They wore the uniform of the teen nonconformist: long hair, unsuccessful mustache, black leather."
15676,"Those guys are troglodytes,"" he said, ""Their solution to everything is a high-powered rifle."
15684,We did not expect to have a backup system for the rest of the universe. We can rely upon it to be cold most of the time.
15696,Stand-up peeing in a long flowing garment could lead to various mishaps.
15700,"Our virtues and our failings are inseparable, like force and matter. When they separate, man is no more."
15719,"If we have to, we can all go to Hell together—maybe there's a group rate."
15725,Don't waste time blaming the bull if you can't make it moo.
15739,Animated the face might have been beautiful — any set of features can support beauty — but even a superb makeup job could not have made her pretty.
15748,"The will of the nation"" is one of those expressions which have been most profusely abused by the wily and the despotic of every age."
15762,"The President ... may err ... Congress may decide amiss ... But if the Supreme Court is ever composed of imprudent or bad men, the Union may be plunged into anarchy or civil war."
15767,"General ideas are no proof of the strength, but rather of the insufficiency of the human intellect."
15777,There are two things which a democratic people will always find very difficult—to begin a war and to end it.
15790,"Indolence is heaven's ally here,And energy the child of hell:The Good Man pouring from his pitcher clearBut brims the poisoned well."
15793,Many sensible things banished from high life find an asylum among the mob.
15813,"Of all the preposterous assumptions of humanity over humanity, nothing exceeds most of the criticisms made on the habits of the poor by the well-housed, well-warmed, and well-fed."
15817,"At the height of their madnessThe night winds pause,Recollecting themselves;But no lull in these wars."
15828,Modern linguistics has also failed to deal with the Cartesian observations regarding human language in any serious way.
15835,"In certain intellectual circles in France, the very basis for discussion—a minimal respect for facts and logic—has been virtually abandoned."
15842,"The intellectual tradition is one of servility to power, and if I didn't betray it I'd be ashamed of myself."
15844,The picture of the world that's presented to the public has only the remotest relation to reality. The truth of the matter is buried under edifice after edifice of lies upon lies.
15849,"The criticisms were so tepid they were embarrassing. Almost nobody, including me, dared to criticize the U.S. attack on South Vietnam. That's like talking Hittite. Nobody even understood the words."
15857,There's a good reason why nobody studies history. It just teaches you too much.
15864,WikiLeaks ... compromised the security that governments are usually concerned about: their security from inspection by their own populations. (p. 109)
15865,"If I was in the mainstream, I'd began to ask myself what I'm doing wrong."
15867,"Annexing of the land in Crimea, I think, was a criminal act. But it has a history."
15868,"There's very little evidence. He's not a nice guy, I don't want to have dinner with him."
15877,"China, remember, is faced with security problems at every border. The United States is faced with no security problems."
15880,"Life is a process of becoming, a combination of states we have to go through. Where people fail is that they wish to elect a state and remain in it. This is a kind of death."
15881,Worlds self made are so full of monsters and demons.
15905,"I see myself wrapped in lies, which do not seem to penetrate my soul, as if they are not really a part of me. They are like costumes."
15909,"When others asked the truth of me, I was convinced it was not the truth they wanted, but an illusion they could bear to live with."
15935,All those who try to unveil the mysteries always have tragic lives. At the end they are always punished.
15947,The unconscious can become destructive if it is disregarded and thwarted.
15950,"I would like Gaza to sink into the sea, but that won't happen, and a solution must be found."
15952,"Violence gnaws on the foundation of democracy. It must be condemned, denounced and Isolated."
15953,Military cemeteries in every corner of the world are silent testimony to the failure of national leaders to sanctify human life.
15962,"This indigested vomit of the Sea,Fell to the Dutch by Just Propriety."
15964,"He nothing common did or meanUpon that memorable scene,But with his keener eyeThe axe's edge did try."
15981,I am glad we have been bombed. Now we can look the East End in the eye.
15982,"Tinkety tonk old fruit, and down with the Nazis."
15983,"Never trust them, never trust them. They can't be trusted."
15990,"I wouldn't if I were you, Noël; they count them before they put them out."
16003,By thunders of white silence.
16004,"And that dismal cry rose slowly And sank slowly through the air,Full of spirit's melancholy And eternity's despair;And they heard the words it said,—""Pan is dead! great Pan is dead! Pan, Pan is dead!"
16012,"Hush, call no echo up in further proof Of desolation! there's a voice within That weeps . . . as thou must sing . . . alone, aloof."
16060,"A story with a moral appended is like the bill of a mosquito. It bores you, and then injects a stinging drop to irritate your conscience."
16063,Bolivar cannot carry double
16078,Could Hope inspect her BasisHer Craft were done –Has a fictitious CharterOr it has none –Balked in the vastest instanceBut to renew –Felled but by one assassin –Prosperity –
16083,There interposed a Fly –With Blue – uncertain – stumbling Buzz –Between the light – and me –And then the Windows failed – and thenI could not see to see –
16087,"It might be easier To fail with land in sight, Than gain my blue peninsula To perish of delight."
16096,"God preaches, a noted Clergyman –And the sermon is never long,So instead of getting to Heaven, at last –I'm going, all along."
16100,"The blunder is to estimate,— ""Eternity is Then,"" We say, as of a station. Meanwhile he is so near, He joins me in my ramble, Divides abode with me, No friend have I that so persists As this Eternity."
16115,"Who has not found the Heaven – below –Will fail of it above –For Angels rent the House next ours,Wherever we remove –"
16119,"The energy and entropy of the world have no meaning, because such quantities admit of no accurate definition."
16144,"I thought I'd begin by reading a poem by Shakespeare, but then I thought, why should I? He never reads any of mine."
16158,"Risks, I like to say, always pay off. You learn what to do, or what not to do."
16172,Failure is the condiment that gives success its flavor.
16178,I tell you the past is a bucket of ashes.
16180,Tell me if the lovers are losers... tell me if any get more than the lovers.
16186,The people will live on. The learning and blundering people will live on. They will be tricked and sold and again sold. And go back to the nourishing earth for rootholds.
16187,"Man's life? A candle in the wind, hoar-frost on stone."
16198,"Punish France, ignore Germany, and forgive Russia."
16208,"The United States government does not authorise or condone torture of detainees. Torture, and conspiracy to commit torture, are crimes under US law, wherever they may occur in the world."
16210,"It's bad policy to speculate on what you'll do if a plan fails, when you're trying to make a plan work."
16215,"At no time did I intend to, or do I believe that I did put forward false information to the American people."
16226,"I've heard you say, Bell, that logic is good for playing pyramid chess but often too slow for needs of survival."
16233,"I only believe in certain kinds of hell,"" she said, and again she was looking at him, the green eyes steady.""To each his own, eh?""""You said it; I didn't."
16238,You can say things which cannot be done. This is elementary. The trick is to keep attention focused on what is said and not on what can be done.
16254,"Marxism-Leninism is the denial of the exploitation of man by man, that has been precisely the source of crimes, wars, oppressions and calamities that humanity has suffered over millennia."
16261,"What was fascism in Italy, in Germany? The exaltation of racial prejudices. Instead of fighting racial prejudice, which is what a revolution does, fascism exalts prejudice and turns it into hatred."
16262,"The economic management and planning system was not set up so that we can play at capitalism; and some people are shamefully playing at capitalism; we know this, we see it, and this must be set right."
16264,"They talk about the failure of socialism but where is the success of capitalism in Africa, Asia and Latin America?"
16265,"Capitalism has neither the capacity, nor the moral, nor the ethics, nor the will to solve the problems of poverty."
16269,"Capitalism is a system based on blind, destructive and tyrannical laws imposed on the human species."
16275,"The capitalist system of production, once it had given all it was capable of giving, became an abysmal obstacle to the progress of humanity."
16277,"Man's capacity for justice makes democracy possible, but man's inclination to injustice makes democracy necessary."
16287,There is no level of moral achievement upon which man can have or actually has an easy conscience.
16295,For politicians truth and falsehood are unimportant. So I never could become a politician — not even a church politician.
16297,National sovereignty is an obligation as well as an entitlement. A government that will not perform the role of a government forfeits the rights of a government.
16298,"I think in this case international law stood in the way of doing the right thing."" (2003)"
16304,"About George W. Bush: ""He came ill-equipped for the job and has failed to master it."
16307,The good conscience is an invention of the devil.
16314,"What has been presented as Christianity during these nineteen centuries is only a beginning, full of mistakes, not full blown Christianity springing from the spirit of Jesus."
16333,I agree about Shaw — he is haunted by the mystery he flouts. He is an atheist who trembles in the haunted corridor.
16370,Too long a sacrificeCan make a stone of the heart.
16379,Locke sank into a swoon;The Garden died;God took the spinning-jennyOut of his side.
16385,"All teeth were drawn, all ancient tricks unlearned,And a great army but a showy thing;What matter that no cannon had been turnedInto a ploughshare?"
16411,Then he struggled with the mind; His proud heart he left behind. Now his wars on God begin; At stroke of midnight God shall win.
16426,"Now that my ladder's gone,I must lie down where all the ladders startIn the foul rag-and-bone shop of the heart."
16435,"If I prove a bad president, I will also likely to prove the last president."
16441,The Nation that destroys its soil destroys itself.
16454,It is only the unthinking liberals in this world who see nothing but tragedy in the slowing up or temporary stopping of liberal progress.
16455,It is only the unthinking conservatives who rejoice down in their hearts when a social or economic reform fails to be 100 per cent successful.
16458,I don't want to see a single war millionaire created in the United States as a result of this world disaster.
16481,"And so today, in this year of war, 1945, we have learned lessons — at a fearful cost — and we shall profit by them."
16498,"I had a rose named after me and I was very flattered. But I was not pleased to read the description in the catalogue: ""No good in a bed, but fine against a wall""."
16503,No writing has any real value which is not the expression of genuine thought and feeling. (20 December 1939)
16517,"Sisters, I ain't clear what you're after. If women want any rights more than they're got, why don't they just take them, and not be talking about it?"
16518,"How fleeting the sorrows of youth, how slight the foundations on which the young build towers of despair"
16537,"To sin by silence, when we should protest, Makes cowards out of men."
16555,There is no road or ready way to virtue.
16568,"Aristotle whilst he labours to refute the ideas of Plato, falls upon one himself: for his summum bonum, is a Chimera, and there is no such thing as his Felicity."
16587,"Burden not the back of Aries, Leo, or Taurus, with thy faults, nor make Saturn, Mars, or Venus, guilty of thy Follies."
16590,Travellers like poets are mostly an angry race.
16597,"Starting in a hollowed log of wood — some thousand miles up a river, with an infinitesimal prospect of returning! I ask myself 'Why?' and the only echo is 'damned fool!... the Devil drives'."
16616,"Is it not absurd when a human being tries to find happiness somewhere outside himself, and thinks that wealth and birth and the influence of friends...is of the utmost importance?"
16631,"By helping the poor, we must be able to remove their poverty. By extending help to one here and one there in the form of providing food will not remove poverty"
16632,The word 'Sudra' which means 'Son of prostitute' should not find a place even in the history hereafter. We will not allow it to find a place in the dictionary or encycl
16633,"Because our ladies mostly attend Kalatshepams, (Religious discourses) they have fallen prey to the superstitions, blind beliefs, and immorality by the false and fictituous propaganda of the Brahmins"
16634,"As long as we give room for domination and the dominators, there will be worries and worried people. Poverty and |pestilence will live eternally in the country"
16664,"Bullshit, that's how I feel. Total fucking bullshit."
16665,It's such a sadness that you think you've seen a film on your fucking telephone. Get real.
16666,"Language is an evil thing, a very evil thing. And a force to be reckoned with."
16667,"Don't make a film if it can't be the film you want to make. It's a joke, and a sick joke, and it'll kill you."
16679,"Two roads diverged in a wood, and I took the road less traveled by and they CANCELLED MY FRIKKIN' SHOW. I totally shoulda took the road that had all those people on it. Damn."
16681,The English language is my bitch. Or I don't speak it very well. Whatever.
16686,"People love a happy ending. So every episode, I will explain once again that I don't like people. And then Mal will shoot someone. Someone we like. And their puppy."
16697,"If I ever did a rom-com, it'd be about an orgy. I cannot do anything except ensemble-pieces. It's awful!"
16702,"Frankly, despite my distaste of the press, I'd love to rise from the grave every ten years or so and go buy a few newspapers."
16718,This war has been marked by so many lies and evasions... that it is not right to have the war end with one last lie.
16719,"I can't tell you if the use of force in Iraq today would last five days, or five weeks, or five months, but it certainly isn't going to last any longer than that."
16721,"Then there are three or four countries that have said they won't do anything. I believe Libya, Cuba and Germany are ones that have indicated they won't help in any respect."
16723,"You and a few other critics are the only people I've heard use the phrase immediate threat. I didn't, the president didn't. And it's become kind of folklore that that's what's happened."
16729,"We do have a saying in America: if you're in a hole, stop digging ..... erm, I'm not sure I should have said that."
16730,What we are seeing is not the war in Iraq. What we're seeing is slices of the war in Iraq.
16734,"Oh, Lord. I didn't mean to say anything quotable."
16764,The world can no more have two summits than a circumference can have two centres.
16765,"Borrowing has a bad name, but you would be surprised how it helps in a pinch."
16768,"I only know that all is lost, and that nothing can help me unless I inherit money, strike oil or go to work."
16769,"Ah, well! We live and learn, or, anyway, we live."
16774,"The Dotterel weighs only four ounces. It has long been a scientific riddle how so much wrong-headedness can manage to exist in so small a space. Still, there's the Least Gnatcatcher."
16781,"We have no Common Vipers in the United States, but we have worse."
16786,The Dodo never had a chance. He seems to have been invented for the sole purpose of becoming extinct and that was all he was good for.
16791,"Although this structure failed as a tomb, it is one of the wonders of the world even today because it is the largest thing ever built for the wrong reason."
16805,"The first of Caesar's three marriages — to Cornelia, a very rich girl — resulted tragically. Sylla, Caesar's enemy, confiscated her dowry soon after the wedding."
16816,"It's easy to see the faults in people, I know; and it's harder to see the good. Especially when the good isn't there."
16817,"The more snuff Frederick took, the more memoirs he wrote. He loved literature, but not enough to let it alone and stop trying to improve it."
16820,"The colonists, it seems, had to ""pay taxes to which their consent had never been asked."
16822,"On the fourth voyage, Columbus sailed along the coast of Central America trying to find the mouth of the Ganges River. It wasn't there, somehow."
16843,I had too much stuff. My machines came from too far away.
16857,"What I cannot create, I do not understand. ...Know how to solve every problem that has been solved."
16863,"If we take everything into account — not only what the ancients knew, but all of what we know today that they didn't know — then I think that we must frankly admit that we do not know."
16872,"If we have confidence in a law, then if something appears to be wrong it can suggest to us another phenomenon."
16879,I think I can safely say that nobody understands quantum mechanics.
16883,"Will you understand what I'm going to tell you? ... No, you're not going to be able to understand it. ... That is because I don't understand it. Nobody does."
16887,Every instrument that has been designed to be sensitive enough to detect weak light has always ended up discovering that the same thing: light is made of particles.
16889,I don't know what's the matter with people: they don't learn by understanding; they learn by some other way — by rote or something. Their knowledge is so fragile!
16896,"This conference was worse than a Rorschach test: There's a meaningless inkblot, and the others ask you what you think you see, but when you tell them, they start arguing with you!"
16912,"My biggest regret? Not being knighted by the Queen. I should have been a knight, and I would have been knighted, if I hadn't written one horrible horrible Python sketch which I deeply deeply regret —"
16916,"Aping Urbanity, Oozing with VanityPlump as a Manatee, Faking HumanityJournalistic Calamity, Intellectual InanityFox News Insanity, You're a profanityHannity"
16920,"I want reparations from Italy,… and then the Normans came over in 1066 … they were horrible people from France, and they came and colonized us for 30 years — we need reparations there too, I'm afraid."
16932,"I suppose you are a fool to do it , but if you happen to be more interested in the political question, than the size of your audience, then it doesn't matter."
16949,"They got money for wars, but can't feed the poor."
16974,My adversaries crumble when we rumble; it's a catastrophe.
16980,"Remember, this country had a man named J. Edgar Hoover, whose job it was to destroy the credibility of any black man coming up."
16991,"Money, money, always money — that is the essence of democracy. Democracy is more expensive than monarchy; it is incompatible with liberty."
16992,"All parties without exception, when they seek for power, are varieties of absolutism."
16998,Property is impossible.
17001,"The proprietor, producing neither by his own labor nor by his implement, and receiving products in exchange for nothing, is either a parasite or a thief."
17006,You guys are trying to stop Musial in 15 minutes while the National League ain't stopped him in 15 years.
17007,Closed.
17018,"I really didn't say everything I said. Then again, I might have said 'em, but you never know."
17019,"If the world were perfect, it wouldn't be."
17022,"If you don't know where you're going, you might not get there."
17028,We made too many of the wrong mistakes.
17038,Since my earliest childhood a barb of sorrow has lodged in my heart. As long as it stays I am ironic — if it is pulled out I shall die.
17047,Irony is a qualification of subjectivity.
17053,"The question is asked in ignorance, by one who does not even know what can have led him to ask it."
17081,"Symmetrical equations are good in their place, but 'vector' is a useless survival, or offshoot from quaternions, and has never been of the slightest use to any creature."
17088,Don't try to solve serious matters in the middle of the night.
17102,The hell with the newspapers. Nobody reads the letters to the editor column except the nuts. It's enough to get you down.
17103,Don't you feel ashamed when you let a machine tell you what to do?
17104,"In the presence of the computer, he found himself becoming stupid."
17121,You're killing yourself with cynicism. Your idols got taken away from you one by one and now you have nothing to give your love to.
17131,"So that's that, Barney said to himself. I violated Rule One of career-oriented functioning: never tell your superior something he doesn't want to hear."
17133,"You're not just out of your body; you're out of your mind, too."
17135,"It's not religious fervor; it's just a mean, very cruel streak."
17139,"Obviously it's impossible to do business with you Homo sapiens; you're adept, polished liars."
17143,"Is it my fault?"" Joe said. ""Did I make that quarter you gave me obsolete?"" He felt anger.""In some weird way,"" Al said, ""yes, it is your fault. But I don't know how. Maybe one day I'll figure it out."
17157,"It's a downer to tell anything to a kid. I once had a kid ask me, ""What was it like to see the first automobile?"" Shit, man, I was born in 1962."
17163,"They wanted to have a good time, but they were like children playing in the street; they could see one after another of them being killed—run over, maimed, destroyed—but they continued to play anyhow."
17173,To fight the Empire is to be infected by its derangement ... Whoever defeats the Empire becomes the Empire; it proliferates like a virus ... thereby it becomes its enemies.
17178,"God is either powerless, stupid or he doesn't give a shit."
17180,It is amazing that when someone else spouts the nonsense you yourself believe you can readily perceive it as nonsense.
17181,Certainly it constitutes bad news if the people who agree with you are buggier than batshit.
17190,"This one fact alone, Rachmael reflected, should have frightened the rational citizen. But—The people did not know. The media had not reported it."
17192,You're a goldmine of misinformation.
17194,The representative of the drayage firm failed to move me.
17195,The vidphone company let me off the hook.
17197,I am not in a position to enjoy sexual relations.
17202,"The greatest menace that faces the human being in the 20th century is the coming into existence in our times of the totalitarian state, which can take many forms."
17203,"Most music is metaphor, but Wolff is not. I am not metaphor either. Parable, maybe. Cage is sermon."
17207,...The tragedy of music is that it begins with perfection.
17219,"Mr. D, why is you doin' the Big Nasty on my bed?!"
17223,I keep hearing about muthafucking Harry Potter. Who is this muthafucker?
17230,Loss is not without its curious advantages for the artist. Major traumatic breaks are pretty common in the biographies of artists I respect.
17237,"Coretti didn't know how to dress. Clothing was a language and Coretti a kind of sartorial stutterer, unable to make the kind of basic coherent fashion statement that would put strangers at their ease."
17240,"Got my jacket and took the stairs three at a time, straight out to the nearest bar and an eight-hour blackout that ended on a concrete ledge two meters above midnight."
17242,"If I was looking to be depressed, I'd come to the right place."
17255,I have come to think that both sex and politics are a mistake and that any attempt to establish a connection between the two is the greatest error of all.
17263,"As someone remarked, when told the new atomic bombs would explode without a bang, ""they can't leave anything alone."
17270,"God, from whose territory I had withdrawn my ambassadors at the age of fourteen. It had become obvious that he was never going to do a thing I said."
17275,"When stripped, I looked less like ""Il David"" than a plucked chicken that died of myxomatosis."
17280,The low dive had set a standard that only middle-aged hooligans could remember and to which they looked back as Mrs Lot at Sodom.
17281,"Even hooligans marry, though they know that marriage is for a little while. It is alimony that is for ever."
17288,Trying to define yourself is like trying to bite your own teeth.
17292,Religion is always falling apart.
17302,"The world is in an extremely dangerous situation, and serious diseases often require the risk of a dangerous cure — like the Pasteur serum for rabies."
17309,The whole history of religion is a history of the failure of preaching. Preaching is moral violence.
17316,"I especially denounce the terrible mass murders, which I cannot understand ... I never ordered any killing or tortures where I had the power to prevent such actions!"
17322,"All nonsense. Nobody knows the real Göring. I am a man of many parts, but the autobiography, what does that tell you? Nothing. And those books put out by the party press, they are less than useless."
17338,"He (the Professor) was a failure but did his best to hide it. One of his failings was that he could barely write, except in a twelfth century hand, in Latin, with abbreviations."
17340,"They (the enemy) pottered off through Idiot's Utterly, High Hiccough, Malpaquet Middling and Mome."
17394,"There's no reason why women shouldn't behave like rational beings,"" said Simon stolidly. Poirot said dryly: ""Quite frequently they do. That is even more upsetting!"
17396,It was a very British and utterly unconvincing performance.
17411,I could think of nothing more insufferable than members of one's own gang dropping in full of sympathy and their own affairs.
17419,"Last time I had my hands on you, you felt like a bird - struggling to escape. You'll never escape now..."
17420,"It is the kind of thing that happens to you when you are stupid,"" said Esa. ""Things go entirely differently from the way you planned them."
17422,Fear is incomplete knowledge.
17423,The rottenness comes from within.
17425,It's as easy to utter lies as truth.
17429,"And if you cast down an idol, there's nothing left."
17430,"I think perhaps it wasn't a good idea to read aloud Gibbon to me in the evenings, because if it's nice and hot by the fire, there's something about Gibbon that does, rather, make you go to sleep."
17431,It's so messy bleeding like a pig.
17439,How averse human beings were ever to admit ignorance!
17444,"I can imagine anything! That's the trouble with me. I can imagine things now — this minute. I could even make them sound all right, but of course none of them would be true."
17448,What beats me — it always does — is how a man can be so clever and yet be such a perfect fool.
17454,"Tout de même,"" said Poirot, ""since I cannot find anything, eh bien, then the logic falls out of the window."
17460,"Harold Waring, like many other Englishmen, was a bad linguist."
17462,"It is the misfortune of small, precise men always to hanker after large and flamboyant women."
17463,"I know there's a proverb which says, ""To err is human"" but a human error is nothing to what a computer can do if it tries."
17468,"Never do I deceive you, Hastings. I only permit you to deceive yourself."
17469,"The English are very stupid,"" said Poirot. ""They think that they can deceive anyone but that no one can deceive them."
17470,"You have an excellent heart, my friend — but your grey cells are in a deplorable condition."
17485,"Look, I tried the cat experiment. On the third trial, the cat was dead. On each of the subsequent 413 trials, it remained dead. Am I doing something wrong?"
17486,Romeo and Juliet *died*. I always liked that in a teen romance story.
17487,"I can't help but notice that everytime I fly somewhere, other people's planes fall out of the sky."
17489,You may have trouble getting permission to aero or lithobrake asteroids on Earth.
17492,"Aha! The Alien Planet Canada series, where the planet the characters are marooned on seems to be Manitoba. Bad bad world building."
17500,I wonder if he's planning a book called SRS? Or F'lu?
17503,"Ben Bova seems to work very hard at working in new discoveries into his Glum Future but alas, his future is glum and not that well written."
17505,"Most of my scars are not fire-related and I no longer say ""I know what I am doing"" at critical moments."
17508,It's bad to wake up and see a large cat in mid-leap from the rough vicinity of the ceiling.
17509,Deadly nightshade is the only plant I have ever been able to get to grow for me.
17513,"My father once discovered that one cannot ""walk off"" gangrene."
17525,Creating stars in laboratories on the very planets you inhabit turns out to be a bad idea.
17527,I also do not recommend shopping with Cordelia Naismith—but I would watch that reality show.
17528,There are no diplomatic efforts that cannot be successfully undermined by a few bigots in the field.
17537,Just what God needs: one more victim.Why do we crucify ourselves?
17538,Got enough guilt to start my own religion.
17542,"God, sometimes you just don't come through. Do you need a woman to look after you?"
17544,"Look, I'm standing naked before you;Don't you want more than my sex?I can scream as loud as your last one,But I can't claim innocence."
17548,"I can't believe that I would keep, keep you from flyingAnd I would cry a thousand moreif that's what it takes to sail you home."
17553,"I have got my rape hat on, honey, but I always could accessorize."
17554,"You thought that you were the bomb, yes well so did I."
17555,"Just having thoughts of Marianne, quickest girl in the frying pan."
17556,"Say a word to the hangman for me, me and my baby."
17557,"Is it sweet, your sting?"
17580,Literature is strewn with the wreckage of men who have minded beyond reason the opinions of others.
17586,"The chief charges against her were (1) that she was dead, and therefore could not hold any property; (2) that she was a woman which amounts to much the same thing ..."
17587,Society is the most powerful conception in the world and society has no existence whatsoever.
17593,"Things have dropped from me. I have outlived certain desires; I have lost friends, some by death... others through sheer inability to cross the street."
17610,"What an excellent horse do they lose, for want of address and boldness to manage him! ... I could manage this horse better than others do."
17619,Sex and sleep alone make me conscious that I am mortal.
17624,Now there's no point in placing the blame And you should know I'd suffer the same
17648,Rejection is the greatest aphrodisiac.
17670,"Letterman: ""I want to thank you folks for coming out for this run-through show. Thank you very much. This, of course, will never see the light of day. You won't miss a thing tonight."
17675,A lot of people are afraid to say what they want. That's why they don't get what they want.
17677,"POWERS: Well, good morning Mr. Kreton, and how are we today?KRETON: Absolutely wallowing in the twentieth century."
17681,"DELTON 4: He is morally retarded and, like a child, he regards this world as his plaything.…"
17682,There is something about a bureaucrat that does not like a poem.
17691,They say to know oneself is to know all there is that is human. But of course no one can ever know himself. Nothing human is finally calculable; even to ourselves we are strange.
17699,"His fault was a common one. He simply did not know what he was;he saw no flaw in himself, a not unusual blindness and preferable, on the whole , to being unable to find any virtue in oneself."
17702,"Men are odd. If they cannot be first, they don't in the least mind being last."
17705,There is no terror equal that of the ignorant in a strange place.
17706,American writers want to be not good but great; and so are neither.
17711,It is not enough to succeed. Others must fail.
17715,The theater needs continual reminders that there is nothing more debasing than the work of those who do well what is not worth doing at all.
17716,"At any given moment, public opinion is a chaos of superstition, misinformation, and prejudice."
17727,"My father had a deep and lifelong contempt for politicians in general (""They tell lies,"" he used to say with wonder, ""even when they don't have to"")."
17735,Half the American people never read a newspaper. Half never vote for President — the same half?
17741,"I have begun writing what I have said I'd never write, a memoir (""I am not my own subject,"" I used to say with icy superiority)."
17747,"Happily for the busy lunatics who rule over us, we are permanently the United States of Amnesia. We learn nothing because we remember nothing."
17748,"We have ceased to be a nation under law but instead a homeland where the withered Bill of Rights, like a dead trumpet vine, clings to our pseudo-Roman columns."
17752,Everything's wrong on Wikipedia.
17754,People in my situation get to read about themselves whether they want to or not. It's generally wrong. Or oversimplified — which is sometimes useful.
17757,Americans are farcical when it comes to force majeure and money!Two things that they worship.You can't expect a democracy from a society like this.
17758,"Islam, Judaism, Christianity are the three great evils that have befallen the world."
17761,It rhymes with complaining.
17766,"By remaining inaccessible, he became the epitome of those whom I have named and who stagger me. I was therefore chaste."
17773,"Where cruelty and injustice are concerned, hopelessness is submission, which I believe is immoral."
17781,"I hope I shall never live to see Anarchism become thoroughly respectable, for then I shall have to look for a new ideal."
17783,"There can be no freedom in the large sense of the word, no harmonious development, so long as mercenary and commercial considerations play an important part in the determination of personal conduct."
17790,"Those who have a spark of self-respect left, prefer open defiance, prefer crime to the emaciated, degraded position of poverty."
17792,Thinking men and women the world over are beginning to realize that patriotism is too narrow and limited a conception to meet the necessities of our time.
17798,Society creates the victims that it afterwards vainly attempts to get rid of.
17799,"I do not believe that woman will make politics worse; nor can I believe that she could make it better. If, then, she cannot improve on man's mistakes, why perpetrate the latter?"
17812,"Station, power, wealth—how inadequate they have proved! How useless and insecure!"
17817,"It is the infinite alone that cannot be attained, for if it could it would become finite."
17838,The Medici created and destroyed me.
17853,"Many are they who have a taste and love for drawing, but no talent; and this will be discernible in boys who are not diligent and never finish their drawings with shading."
17867,Movement will fail sooner than usefulness.
17872,"Disgrace should be represented upside down, because all her deeds are contrary to God and tend to hell."
17873,Nothing is so much to be feared as Evil Report.
17877,"He who offends others, does not secure himself."
17905,"Those who fall in love with practice without science are like a sailor who enters a ship without a helm or a compass, and who never can be certain whither he is going."
17915,The greatest deception men suffer is from their own opinions.
17920,We ought not to desire the impossible.
17922,The grave will fall in upon him who digs it.
17930,"Envy wounds with false accusations, that is with detraction, a thing which scares virtue."
17934,Threats alone are the weapons of the threatened man.
17951,There will be many which will increase in their destruction.
17961,The image of the sun where it falls appears as a thing which covers the person who attempts to cover it.
18001,"The physician can bury his mistakes, but the architect can only advise his clients to plant vines."
18002,I doubt if there is anything in the world uglier than a Midwestern city.
18004,New York: Prison towers and modern posters for soap and whiskey. Pittsburgh: Abandon it.
18028,Is false abstraction always the consequence of spiritual degeneration?
18030,As a people we remain comparative strangers to our own life in our own time in our own home: native culture waiting in vain on our door step.
18035,"Even though a disgrace, machine-made, ornament stayed and still thrives."
18046,The petty bias of personal taste can no longer hide either excrescence or spiritual poverty in the name of style.
18048,Intellectual is not necessarily intelligent either.
18050,No! is always easier to say than Yes.
18061,Nothing could be a more serious violation of public trust than to consciously make a war based on false claims.
18062,War creates its own intensity of hatred... You don't want to use force except as an absolute last resort.
18065,I've forgotten more about national security than George W. Bush will ever learn.
18070,"I think the United States military was as humane and careful as it possibly could have been in the Kosovo campaign. But still, civilians died. And I'll always regret that."
18084,"If we open the door , we all will sink."
18102,The most dangerous enemy to Israel's security is the intellectual inertia of those who are responsible for security.
18103,"If an expert says it can't be done, get another expert."
18112,Crisis in its simplest terms is defined as an upset in a steady state... the habitual problem-solving activities are not adequate and do not rapidly lead to the previously achieved balance state.
18115,The outcome of a non-constant-sum game may be dictated by the individual rationality of the respective players without satisfying a criterion of collective rationality.
18116,Short on glamour and long on tragedy.
18139,And yet they say there is no God!
18141,I repent it
18143,Out of perfection nothing can be made.
18169,"This so-called bipartisan system prevailing in America and Britain has been one of the most powerful means of preventing the rise of an independent working-class, i.e., genuinely socialist, party."
18186,No idea could be more erroneous or harmful than to separate foreign from domestic policy.
18187,Popular ignorance of foreign policy is incomparably greater than of domestic policy.
18193,"It is, of course, much easier to shout, abuse, and howl than to attempt to relate, to explain."
18194,"Crises of every kind - economic crises more frequently, but not only these - in their turn increase very considerably the tendency towards concentration and monopoly"
18205,It is still necessary to suppress the bourgeoisie and crush its resistance.
18209,"The danger is great. The enemy is far stronger than we are economically, just as yesterday he was far stronger than we were militarily."
18212,"The idea of building communist society exclusively with the hands of the Communists is childish, absolutely childish. We communists are but a drop in the ocean, a drop in the ocean of the people."
18226,One cannot live in society and be free from society.
18230,Shame on America for the plight of the Negroes!
18264,"The state does not function as we desired. The car does not obey. A man is at the wheel and he seems to lead it, but the car does not drive in the desired direction. It moves as another force wishes."
18270,Surely you do not imagine that we shall be victorious without applying the most cruel revolutionary terror?
18274,... when people charge us with harshness we wonder how they can forget the rudiments of Marxism.
18281,"You know the day destroys the night, Night divides the day, Tried to run — Tried to hide — Break on through to the other side!"
18286,"Five to one, baby One in five No one here gets out alive, now You get yours, baby I'll get mine Gonna make it, baby If we try."
18295,I'll tell you this — No eternal reward will forgive us now for wasting the dawn.
18321,"It matters, it always matters, to name rubbish as rubbish ... to do otherwise is to legitimize it."
18327,"I do not envy people who think they have a complete explanation of the world, for the simple reason that they are obviously wrong."
18329,Children are the vessels into which adults pour their poison.
18339,"Just wondering if the Royal Society of Literature is ""impartial"" about attempted murder, @BernardineEvari? (Asking for a friend.)"
18343,Wordiness is a sickness of American writing. Too many words dilute and blur ideas.
18350,Failure in the management of practical affairs seems to be a qualification for success in the management of public affairs.
18361,The weakness of a soul is proportionate to the number of truths that must be kept from it.
18362,We lie loudest when we lie to ourselves.
18369,No one is truly literate who cannot read his own heart.
18378,We usually see only the things we are looking for — so much so that we sometimes see them where they are not.
18385,Propaganda does not deceive people; it merely helps them to deceive themselves.
18388,There can be no freedom without freedom to fail.
18391,"Up to now, America has not been a good milieu for the rise of a mass movement. What starts out here as a mass movement ends up as a racket, a cult, or a corporation."
18392,"When cowardice becomes a fashion its adherents are without number, and it masquerades as forbearance, reasonableness and whatnot."
18398,An empty head is not really empty; it is stuffed with rubbish. Hence the difficulty of forcing anything into an empty head.
18401,What monstrosities would walk the streets were some people's faces as unfinished as their minds.
18407,"I hang onto my prejudices, they are the testicles of my mind."
18409,It is not good for our efforts at self-realization to know the opinions other people have of us. It is difficult or perhaps impossible to be ourselves if we are known.
18411,"By circumstance and perhaps also by inclination, I think in complete intellectual isolation. To expect others to help me think seems to me almost like expecting them to help me digest my food."
18416,Some people have no original ideas because they do not think well enough of themselves to consider their ideas worth noticing and developing.
18418,"Women have been called queens for a long time, but the kingdom given them isn't worth ruling."
18433,"That's just why, because talent isn't genius, and no amount of energy can make it so. I want to be great, or nothing. I won't be a common-place dauber, so I don't intend to try any more."
18456,"The Neapolitan officers did not lose much honour, for God knows they had not much to lose - but they lost all they had."
18460,"To leave off action""? Well, damn me if I do! You know, Foley, I have only one eye,— I have a right to be blind sometimes . . . I really do not see the signal!"
18462,There is in the handling of these Transatlantic ships a nucleus of trouble for the Navy of Great Britain.
18477,"It is nonsense, Mr. Burke, to suppose I can live. My sufferings are great but they will soon be over."
18485,I wonder why he shot me.
18487,"I think we need to change that old saying, ""I don't need a building to fall on me."" Because two did and we still don't get it. I think we all stick our head in the sand as a deep human impulse."
18491,Is it really a sport if you have all the equipment and your opponent doesn't know a game is going on?
18494,"The thing I don't understand about homosexuals is, how do they decide which one is the one who's supposed to pretend they don't want it?"
18500,"This country has fuck-up fatigue. That's when someone fucks up so much, that when they fuck up again, people go, ""Well, what do you expect? He's a fuck-up."" And that's fucked up!"
18503,"Isn't he the worst president ever? I mean, when his term is over, he has to walk back to Texas."
18504,Don't you miss the days when America was just morally bankrupt?
18506,"Van Jones got fired because he became the Scary Negro of the Week on Fox News, where, let's be honest, they still feel threatened by Harry Belafonte."
18508,"If you, the citizen, deliberately vote for someone who won't give you healthcare over someone who will, you need to have your head examined. Except you can't afford to have your head examined."
18509,"When it comes to scary-ass religions, extremist Muslims are like Godzilla and we're like, Are You There God? It's Me, Margaret."
18510,"We can't even reform the way we make pennies and nickels. This week we learn that making a penny now costs 2 cents and making a nickel costs 9 cents, which makes no sense."
18519,Why do we allow the people who just want to bitch to always win?
18520,"But liberals, as usual in this era, have now gone too far in the other direction, they under-romanticizing America. They have no perspective."
18525,"I travel in every state now, back on the road, and the Red states are a joy and the Blue states are a pain in the ass. For no reason"
18531,Every single person in America was talking about the sucker punch heard 'round the world. That whole 'Keep my wife's name out of your mouth' didn't really work out.
18532,"It exposed, I thought, a lot of aspects of this society we have which are not terribly positive — toxic masculinity, victim culture. Liberal hypocrisy, I think, was the big loser."
18537,"Though there were over 200 policemen standing around, none of them made a move to grab him."
18542,"Clearly, lied. Now if he is an unconscious liar, and doesn't realize when he's lying, then we're really in trouble."
18543,"They tried to say that being gay is a sin, and I said that adultery is a sin. Adultery is responsible for breaking up more marriages, but do we put that in the Constitution? It's absurd."
18557,Accept loss forever
18566,All our best men are laughed at in this nightmare land.
18582,I feel guilty for being a member of the human race.
18588,(...) who is he that is not 'he' because of an idiot's ignorance?
18589,(...) comes under the influence of old French Fairies who accuse him of constipation of the brain & diarrhea of the mouth
18592,"Mankind is like dogs, not gods — as long as you don't get mad they'll bite you — but stay mad and you'll never be bitten. Dogs don't respect humility and sorrow."
18596,"Fear and destructiveness are the major emotional sources of fascism, eros belongs mainly to democracy."
18597,"When I made my theoretical model, I could not have guessed that people would try to realise it with Molotov cocktails."
18603,"Regressive listeners behave like children. Again and again and with stubborn malice, they demand the one dish they have once been served."
18611,The jargon makes it seem that ... the pure attention of the expression to the subject matter would be a fall into sin.
18613,When I speak of 'negative dialectics' not the least important reason for doing so is my desire to dissociate myself from this fetishization of the positive.
18614,"What appears as the positive is essentially the negative, i.e. the thing that is to be criticized."
18623,All governments are lying cocksuckers.
18625,"I'll smoke, I'll cough, I'll get the tumors, I'll die, deal? Thank you America. ."
18641,"(On Standards & Practices): ""Where are your standards?....Stupid to retarded, is that the level of standards you're trying to put out to America?"
18643,"Speaking of Satan, I was watching Rush Limbaugh the other day."
18644,"Why do we put people who are on drugs in jail? They're sick, they're not criminals. Sick people don't get healed in prison. You see? It makes no sense."
18647,"I was in the unenviable position of being for the war, but against the troops."
18656,"They have a Right to censure, that have a Heart to help: The rest is Cruelty, not Justice."
18675,"The war is founded on a glaring mistake, men have been confused with machines."
18676,"It is a mistake to believe in my presence.. .If I take a seat at a party, I can see, even from afar, that only a ghost is sitting there."
18677,Our cabaret 'Cabaret Voltaire' is a gesture.. .Every word that is spoken and sung here says at least this one thing: that this humiliating age has not succeeded in winning our respect.
18688,"I think that Jesus would be disappointed in our ignoring the plight of those around us who are suffering and our focus on our own selfish short-term needs. I think he would be appalled, actually."
18689,"Stupidity or reason? Oh, there was no choice now. It was imbecility every time."
18692,To travel is to discover that everyone is wrong.
18694,Single-mindedness is all very well in cows or baboons; in an animal claiming to belong to the same species as Shakespeare it is simply disgraceful.
18704,That men do not learn very much from the lessons of history is the most important of all the lessons that history has to teach.
18707,Maybe this world is another planet's Hell.
18720,"To aspire to be superhuman is a most discreditable admission that you lack the guts, the wit, the moderating judgment to be successfully and consummately human."
18723,"For in spite of language, in spite of intelligence and intuition and sympathy, one can never really communicate anything to anybody."
18727,Technological progress has merely provided us with more efficient means for going backwards.
18744,Never have so many been manipulated so much by so few.
18747,"However hard they try, men cannot create a social organism, they can only create an organization. In the process of trying to create an organism they will merely create a totalitarian despotism."
18748,"If a nation expects to be ignorant and free,"" said Jefferson, ""it expects what never was and never will be."
18749,"Assembled in a crowd, people lose their powers of reasoning and their capacity for moral choice."
18762,You think the RNC could get this many people of color into a single room?...Maybe if they got the hotel staff in there.
18765,"Well, Republicans a lot of them have never made an honest living in their lives."
18767,"In a radio interview with San Antonio station WOAI on December 5, 2005, Dean said, ""The idea that we're going to win the war in Iraq is an idea that, unfortunately, is just plain wrong."
18772,I don't mind being called a liberal. I just don't really think it's true.
18777,My view is FOX News is a propaganda outlet for the Republican Party and I don't comment on FOX News.
18797,"When men lack a sense of awe, there will be disaster."
18798,People starved because the ruler taxed too heavily.
18806,Rules are mostly made to be broken and are too often for the lazy to hide behind.
18818,"Books are not made to be believed, but to be subjected to inquiry. When we consider a book, we mustn't ask ourselves what it says but what it means..."
18835,was in labor for 36 hours. (I don't even want to do anything that feels good for 36 hours.)
18853,I look back and think I'm a smart person!  What the hell was I thinking?
18865,YouTube is very addictive. I refused to put it on my favorite places because it's too easy to go there.
18866,On a couple of occasions I've shocked myself. Pet Sematary was appalling when it first came out on to the page.
18878,"What Jack didn't understand was that no matter where he went, the same asshole got off the plane."
18886,Afterward Larry felt as if he had been through a long pillow-fight in which all the pillows had been treated with a low-grade poison gas.
18888,"M-O-O-N, that spells ILLEGAL!"
18890,"It was things like the Teenage Mutant Ninja Turtles, he thought, that made you believe the world was maybe just as well off destroyed."
18911,Some things it don't pay to be curious about.
18920,We all float down here!
18926,"In the stutter-flashes of light, the clouds look like huge transparent brains filled with bad thoughts."
18931,"She was crazy but he needed her. Oh I am in so much trouble he thought, and stared blindly up at the ceiling as the droplets of sweat began to gather on his forehead again."
18933,"He felt as he always did when he finished a book — queerly empty, let down, aware that for each little success he had paid a toll of absurdity."
18935,"Tomorrowland, it seemed, ended up being an empty place where people smart enough to capture the stars got mad and tore each other to shreds with the claws on their feet."
18936,The devil's voice is sweet to hear.
18950,"André Linoge: Born in lust, turn to dust. Born in sin, come on in!"
18959,"According to the National Center for Missing and Exploited Children, roughly 800,000 children are reported missing each year in the United States. Most are found. Thousands are not."
18961,He was out.
18974,I am alone. There is no God where I am.
18976,May Because be accursed for ever!
18990,"In these days, when devils enter into swine, they do not rush violently down a steep place. They call themselves moral reformers, and vote the Prohibition ticket."
18991,Falsehood is invariably the child of fear in one form or another.
18992,Intolerance is evidence of impotence.
18993,The customer is usually wrong; but statistics indicate that it doesn't pay to tell him so.
19010,There is no greater evil one can suffer than to hate reasonable discourse.
19012,"False words are not only evil in themselves, but they infect the soul with evil."
19024,"The junk merchant doesn't sell his product to the consumer, he sells the consumer to his product. He does not improve and simplify his merchandise. He degrades and simplifies the client."
19034,The American uppermiddle-class citizen is a composite of negatives. He is largely delineated by what he is not.
19037,A ghost in daylight on a crowded street.
19042,"The junk merchant doesn't sell his product to the consumer, he sells the consumer to his product. He does not improve and simplify his merchandise. He degrades and simplifies the client"
19043,"Junk is surrounded by magic and taboos, curses and amulets."
19064,All modern systems are riddled with contradictions.
19065,Concession is another control bind. History shows that once a government starts to make concessions it is on a one-way street.
19067,A government is never more dangerous than when embarking on a self-defeating or downright suicidal course.
19074,To be aware of limitations is already to be beyond them.
19082,It is because the method of physics does not satisfy the comprehension that we have to go on further.
19087,"What experience and history teach is this — that nations and governments have never learned anything from history, or acted upon any lessons they might have drawn from it."
19090,"It is easier to discover a deficiency in individuals, in states, and in providence, than to see their real import or value."
19095,"The Few assume to be the deputies, but they are often only the despoilers of the Many."
19117,"The facts at hand presumably speak for themselves, but a trifle more vulgarly, I suspect, than facts even usually do."
19122,"I was not only twenty-three, but a conspicuously retarded twenty-three."
19125,The human voice conspires to desecrate everything on Earth.
19157,"Although the Law of Reason is common, the majority of people live as though they had an understanding of their own."
19167,"Oh, do the Overlords of Life and Death always provide some obstacle to prevent what all of us have known in youth was possible from ever coming true?"
19170,You touch on a disheartening truth. People never want to be told anything they do not believe already.
19179,"Manuel gave it up, and shrugged. Well, let us conquer as we may, so that God be on our side. Miramon replied: ""Never fear! He shall be, in every shape and attribute."
19203,"I will not accept if nominated, and will not serve if elected."
19217,"I can tell you that it is no game for children, and I will confess that, in spite of my nine campaigns, I felt myself turn pale when the first ball flashed past me."
19220,"With £90 billion currently spent on welfare, the great economic issues of our time are social. They are moral. And yet the Government is virtually incapacitated from utterance by its own bumbling."
19227,"I forgot that to rely on a train, in Blair's Britain, is to engage in a crapshoot with the devil."
19229,"The dreadful truth is that when people come to see their MP, they have run out of better ideas."
19230,The Lib Dems are not just empty. They are a void within a vacuum surrounded by a vast inanition.
19231,I could not fail to disagree with you less.
19238,"He's lost the plot, people tell me. He's drifting rudderless in the wide Sargasso Sea of New Labour's ideological vacuum."
19243,"I didn't see it, but it sounds barbaric. It's become like cock-fighting: poor dumb brutes being set upon each other by conniving television producers."
19247,"Nothing excites compassion, in friend and foe alike, as much as the sight of you ker-splonked on the Tarmac with your propeller buried six feet under."
19248,"My friends, as I have discovered myself, there are no disasters, only opportunities. And, indeed, opportunities for fresh disasters."
19251,"What we hate, what we fear, is being ignored."
19262,"In the end I gave up, goggle-eyed and exhausted, having trolled the wilds of the Neocon internet without finding anything remotely approaching a smoking gun."
19270,"I would like to thank first the vast multitudes who voted against me - and I have met quite a few in the last nine months, not all of them entirely polite."
19283,Would anyone in their right mind want to join the EU today?
19288,"Oh shit, we've got no plan. We haven't thought about it. I didn't think it would happen. Holy crap, what will we do?"
19293,hrow the baby out with the bathwater
19299,It is a humiliation. We look like a seven-stone weakling being comically bent out of shape by a 500lb gorilla.
19301,"collective failure of government, and a collapse of will by the British establishment, to deliver on the mandate of the people."
19302,"the intellectual error of believing we can be half-in, half-out"
19306,"collective failure of government, and a collapse of will by the British establishment, to deliver on the mandate of the people"
19307,cheat the electorate
19311,The British people won't be scared into backing a woeful Brexit deal nobody voted for
19314,We will not be forgiven if we do not deliver Brexit on October 31
19324,"keep us locked in EU regulatory orbit, locked in the EU trading system, unable to control our own laws"
19331,I've never heard such humbug in all my life.
19335,At this stage I do not think that the international comparisons and the data are yet there to draw the conclusions that we want.
19354,Most people do not listen with the intent to understand; they listen with the intent to reply.
19381,"Free competition enforced by law"" is a grotesque contradiction in terms."
19383,Is man worth it? What else is worth anything?
19385,"The men who attempt to survive, not by means of reason, but by means of force, are attempting to survive by the method of animals."
19393,"The moral precept to adopt...is: Judge, and be prepared to be judged."
19395,"The spread of evil is the symptom of a vacuum. Whenever evil wins, it is only by default: by the moral failure of those who evade the fact that there can be no compromise on basic principles."
19398,An attempt to achieve the good by force is like an attempt to provide a man with a picture gallery at the price of cutting out his eyes.
19400,"It is futile to fight against, if one does not know what one is fighting for."
19406,Pity for the guilty is treason to the innocent.
19416,"As far as the feminist movement is concerned, I am a male chauvinist."
19436,People get the government their behavior deserves. People deserve better than that.
19439,"Geeks like to think that they can ignore politics, you can leave politics alone, but politics won't leave you alone."
19441,"Fighting patents one by one will never eliminate the danger of software patents, any more than swatting mosquitoes will eliminate malaria."
19445,People said I should accept the world. Bullshit! I don't accept the world.
19451,"The Adobe flash plug-in is non-free software, and people should not install it, or suggest installing it, or even tell people it exists."
19457,C++ is a badly designed and ugly language. It would be a shame to use it in Emacs.
19458,"It is unfortunate that he still has nonfree software in his computer. He needs to defenestrate it (which means, either throw Windows out of the computer or throw the computer out of the window)."
19460,"While corporations dominate society and write the laws, each advance in technology is an opening for them to further restrict its users."
19461,"I didn't single out Microsoft. In fact, Microsoft had nothing to do with it in the beginning. Microsoft in 1983 made a toy operating system for toy computers, and I hardly paid any attention to it."
19473,The world is not with us enough. O taste and see.
19484,I am tired of 'the fine art of unhappiness'.
19488,"Lord, not you, it is I who am absent."
19495,He was a poet and hated the approximate.
19498,"Everywhere I am folded, there I am a lie."
19512,I call on Fate to give me back my soul.
19535,"I brewed potions in a vain search for life everlasting, I read books, I sang songs of history, And today I've come home to Cold Mountain To pillow my head on the stream and wash my ears."
19553,You couldn't advance in a finance department in this country unless you taught that the world was flat.
19556,Criticize by category — praise by name.
19571,I'm convinced that there is much inefficiency in the market.
19585,"In terms of cryptocurrencies, generally, I can say with almost certainty that they will come to a bad ending."
19593,"Imagine if every Thursday your shoes exploded if you tied them the usual way. This happens to us all the time with computers, and nobody thinks of complaining."
19594,"Right now, computers, which are supposed to be our servant, are oppressing us."
19595,"While Mr. Jobs's stated positions on management techniques are all quite noble and worthy, in practice he is a dreadful manager."
19597,He acts without thinking and with bad judgment.
19614,"Principle is okay up to a certain point, but principle doesn't do any good if you lose."
19621,Yeah. I did misspeak. I said repeatedly during the show weapons capability. We never had any evidence that he had acquired a nuclear weapon.
19627,"The senator has got his facts wrong. I have not suggested there's a connection between Iraq and 9/11, but there's clearly an established Iraqi track record with terror."
19629,"I think so. I guess if I look back on it now, I don't think anybody anticipated the level of violence that we've encountered."
19631,"If fine speech-making, appeals to reason, or pleas for compassion had the power to move them, the terrorists would long ago have abandoned the field."
19635,"The threat levels are going up, the dangers are increasing and our capability to deal with them has gone down because of the way the Obama administration has operated for the last eight years."
19646,We learn nothing by being right.
19648,Our losses should frequently be put on the credit side.
19649,To regret your sins of commission as much as your sins of omission is to prove yourself a most unworthy sinner.
19654,"Humanity is confined to the borders of the tribe, the linguistic group, or even, in some instances, to the village ...."
19657,"Marxist, communist and totalitarian ideology is only a ruse of history."
19665,There are many things that seem impossible only so long as one does not attempt them.
19668,It is better to be hated for what you are than to be loved for what you are not.
19676,Generally among intelligent people are found nothing but paralytics and among men of action nothing but fools.
19697,"Oh, no, my dear; I'm really a very good man, but I'm a very bad Wizard, I must admit."
19723,"Our footsteps echo against the concrete floor. The steel roof hums with rain. And she says, 'Don't you feel, somehow, buried in history?"
19725,Sticks and stones may break your bones but words can hurt like hell.
19730,"Still, he deserved to die. He called me an asshole."
19733,History is is filled with brilliant people who wanted to fix things and just made them worse.
19758,We love drama. We love conflict. We need a devil or we'll create one.
19764,"Some stories, you use up. Others use you up."
19766,The world will always punish the few people with special talents the rest of us don't recognize as real.
19768,Leather shoes and fried chicken and dead soldiers are only a tragedy if you waste their gift sitting in front of the television. Or stuck in traffic. Or stranded at some airport.
19775,What makes earth feel like Hell is our expectation that it should feel like Heaven.
19778,In Hell you'd be foolish to count on people displaying high standards of honesty. The same goes for earth.
19782,"The state is not ""abolished,"" it withers away."
19784,Just as Marx used to say about the French Marxists of the late 'seventies: All I know is that I am not a Marxist.
19818,"I can be a real pessimist. You know that when you win an Oscar and you walk offstage and your first thought is: ""Oh God, I've peaked."
19821,No one is ever who they purport to be. And I suppose I'm most interested in the gap between who we project socially and who we really are.
19827,"What the hell, what are these guys thinking about? Can't you get these guys back in the box?"
19831,"You break it, you own it."
19835,"I wonder what will happen if we put half a million troops on the ground, and scour Iraq from one corner to the other, and find no weapons of mass destruction?"
19841,There's also a dark vein of intolerance in some parts of the party. What do I mean by that? What I mean by that is they still sort of look down on minorities.
19882,"My ankle hurts from dancing last night, so there is pain, but the pain doesn't hurt me, for there is no me."
19887,"But there is only one thing which gathers people into seditious commotion, and that is oppression."
19897,"Preference of vice to virtue, a manifest wrong judgment."
19899,He that uses his words loosely and unsteadily will either not be minded or not understood.
19909,"As usurpation is the exercise of power which another has a right to, so tyranny is the exercise of power beyond right, which nobody can have a right to..."
19940,"There is no worse sickness for the soul, O you who are proud, than this pretense of perfection. The heart and eyes must bleed a lot before self-complacency falls away."
19942,"When the remedy you have offered only increases the disease, then leave him who will not be cured, and tell your story to someone who seeks the truth."
19944,Whoever undertakes a profession without a master becomes the laughingstock of city and town.
19949,"Many have been led astray by the Qur'an:by clinging to that rope many have fallen into the well.There is no fault in the rope, O perverse man,for it was you who had no desire to reach the top."
19971,"A vague uncritical idealism always lends itself to ridicule and too much of it might be a danger to mankind, leading it round in a futile wild-goose chase for imaginary ideals."
19977,"A man may own a thousand acres of land, and yet he still sleeps upon a bed of five feet."
19980,True peace of mind comes from accepting the worst.
19982,A man who has to be punctually at a certain place at five o'clock has the whole afternoon from one to five ruined for him already.
19986,"When the mirror meets with an ugly woman, when a rare ink-stone finds a vulgar owner, and when a good sword is in the hands of a common general, there is utterly nothing to be done about it."
19993,"Any reductionist program has to be based on an analysis of what is to be reduced. If the analysis leaves something out, the problem will be falsely posed."
20019,Only a fool can't be fooled.
20027,They never noticed that he was in fact what they only pretended to be.
20030,"Asking a man if he could be trusted was like asking an unwed girl if she was a virgin. The question mattered, but the asking of it was a gross insult."
20033,You're the sort of enemy your enemy must love.
20037,There must be a special place in hell reserved for you.I've been to hell. It's a better place than this.
20043,There's a sort of rage a man feels when he's been deceived where he most trusted. It compares to no other anger.
20052,"If you could stop the suffering and dying, and didn't stop it, then you are guilty. It is your fault.We kill no one. We do not let them kill us. We have nothing to do with them."
20073,They don't know how to watch things. They don't know how to see anything but what they expect to see.
20082,wasn't interested in meeting the kind of women who would come to one of those places looking for the kind of man who hoped to meet a woman there.
20088,I've known too many men who never quite felt married no matter how many wives they'd been through. Their own and otherwise.
20090,What's so wrong with feeling sorry for myself? Better that than trying to get other people to feel sorry for me.
20094,"You really are children. You have no idea how power works, or who has it, or what you can actually do with it."
20101,"Self-knowledge can be painful, but not half so damaging as self-ignorance."
20102,"To be cut off from the land of the living, and yet not to be dead. How could I bear that?That's how most men live, and don't even know it."
20104,"It is the downfall of evil, that it never sees far enough ahead."
20110,"How could you tell, when utter honesty and cynical manipulation would each account completely for the things she said and did?"
20112,"Why do you bother asking, when you know the answer and you also know that you don't intend to believe it?"
20114,You aren't the kind of guy who takes the law into his own hands. You left the law in other hands and it screwed you over pretty badly.
20119,"Good people can't out-think evil, 'cause evil think of things good folks can't think of. Can't enter your head what evil do."
20120,"We're both damaged property, I guess.Plenty of time for renovation."
20132,"How could you lose me, when you've never had me, never wanted me?"
20140,"Part of the test,"" said Sillain, ""is seeing how well you obey orders.""""Then I fail,"" said John Paul."
20145,"Are all Polish men as arrogant and intrusive and rude as you?""""Few measure up to my standards, but most try."
20148,"It (i. e., advertising) was like horoscopes—enough blind stabs and some of them are bound to strike a target."
20152,"Such fools they were in Battle School, to let so few girls in. It left the boys completely helpless against a woman when they returned to Earth."
20157,How could you disguise your own thoughts so even you didn't know what you were thinking?
20172,"I do matter, and despising me was the gravest error of their lives."
20197,Only boys were so foolish that they actually believed their arguments were their reasons.
20207,"They won't be required to sacrifice anything in order to belong to your assembly. A religion that is all sweetness, but no light; all form, but no substance; all tradition, but no precept."
20217,"I don't hold with prophets,"" said Alvin. ""Near as I can tell, they end up just as dead as the next man."
20220,"What kind of stupid tale is that, when we just have to look at each other to know it isn't true?""""It has problems, I admit."
20226,It is a weak man who blames his failures on the strength of others.
20227,A man who can't read only knows what other folks tell him.
20229,"I own the whole world, and folks haven't been keeping up too well on the payments."
20234,"What a silly god, he makes everybody born bad to go to burning hell. Why so mad? All his fault!"
20243,"He'd undone all he could. You can be sorry, and you can be forgiven, but you can't call back the futures that your bad decisions lost. He didn't need no philosopher to tell him that."
20248,You can't change what you don't understand.
20249,"Last night Alvin just got mad, which she said would only guarantee that he'd stay stupid."
20252,Do you speak Scorn and Mockery to everyone? Or just to your betters?
20256,"When people say perhaps it's cause they're lying. Either they don't believe the thing they're saying, or they do believe it only they don't want to admit they do."
20265,My father always said that government is like watching another man piss in your boot. Someone feels better but it certainly isn't you.
20269,Evil people naturally assume that you will use that power exactly as they would use it.
20282,Once he had been so formidable that he was surrounded by enemies. Now even his enemies has lost interest in him. What clearer sign of failure could you find than that?
20290,How short life is for fools.
20291,It is the essence of dignity to pretend to desire what you cannot prevent.
20292,"He's young,"" she said.""We've all been guilty of that sin,"" said Alvin. ""And some never get over it."
20295,"I'm a terrible salesman,"" he finally said. ""I always tell the truth about what I'm selling, and then nobody buys it."
20311,There is no more miserable human being than one in whom nothing is habitual but indecision.
20319,ost of what happens actually is forgotten.
20327,In the deepest heart of all of us there is a corner in which the ultimate mystery of things works sadly.
20332,As a rule we disbelieve all the facts and theories for which we have no use.
20343,History is a bath of blood.
20344,"Inferiority is always with us, and merciless scorn of it is the keynote of the military temper."
20363,What we call National-Socialism is the poisonous perversion of ideas which have a long history in German intellectual life.
20366,"Reduced to a miserable mass level, the level of a Hitler, German Romanticism broke out into hysterical barbarism."
20374,"What they, in their innocence, cannot comprehend is that a properly constituted, healthy, decent man never writes, acts, or composes."
20377,How else is the famous short story 'A study in Abjection' to be understood but as an outbreak of disgust against an age indecently undermined by psychology.
20382,Psycho-analyses — how disgusting.
20391,My aversion from music rests on political grounds.
20397,"Six months at most after they get here, these young people — and they are mostly young who come — have lost every idea they had, except flirtation and temperature."
20398,"It is a cruel atmosphere down there, cruel and ruthless."
20408,Everything is politics.
20429,Here lies W. C. Fields. I would rather be living in Philadelphia.
20430,And it ain't a fit night out for man nor beast.
20434,Some contemptible scoundrel stole the cork from my lunch ...
20435,"Whilst traveling through Afghanistan, we lost our corkscrew. Had to live on food and water for several days."
20440,"Back in my rummy days, I would tremble and shake for hours upon arising. It was the only exercise I got."
20451,"Now in war we are confronted with conditions which are strange If we accept them we will never win. Since being realistic, as in mundane combats fistic We will get a bloody nose and that's a sin."
20453,"Remember that the enemy is just as frightened as you are, and probably more so. They are not supermen."
20459,"I don't know what you think you're trying to do, but the krauts ought to pin a medal on you for helping them mess up discipline for us."
20462,We have destroyed what could have been a good race and we are about to replace them with the Mongolian savage and all Europe with Communism
20472,Fixed fortifications are a monument to the stupidity of man.
20473,It is the cold glitter of the attacker's eye not the point of the questing bayonet that breaks the line.
20478,Politicians only get to the top because they have no qualifications to detain them at the bottom.
20479,"I hate being moved. I hate that man who came in. So self-righteous, so cruel. He made fun of me, that's why I cried. You never did that. You led me into temptation by your — politeness."
20483,I'm convinced there's a small room in the attic of the Foreign Office where future diplomats are taught to stammer.
20505,"I am just a man, not fit to do the work of God... or the Devil."
20506,"To all those who by accident or design, have not been included in this book."
20519,"If the world should blow itself up, the last audible voice would be that of an expert saying it can't be done."
20520,"Critics search for ages for the wrong word, which, to give them credit, they eventually find."
20529,"Marxism exists in nineteenth-century thought as a fish exists in water; that is, it ceases to breathe anywhere else."
20532,Absurdity destroys the and of the enumeration by making impossible the in where the things enumerated would be divided up.
20535,"It is ugly to be punishable, but there is no glory in punishing. Hence the double system of protection that justice has set up between itself and the punishment it imposes."
20540,"This dysfunction of power was related to a central excess: what might be called the monarchical 'super-power', which identified the right to punish with the personal power of the sovereign."
20544,"In the darkest region of the political field the condemned man represents the symmetrical, inverted figure of the king."
20547,Maybe the target nowadays is not to discover what we are but to refuse what we are.
20554,he function of parrhesia... has the function of criticism: criticism of the interlocutor or of the speaker...
20564,"ost of the texts... preserved from this period come from writers... either... affiliated with the aristocratic party, or... distrustful of democratic or radically democratic institutions."
20567,"All the things I really like to do are either illegal, immoral, or fattening."
20576,Charlie Brown is the one person I identify with. C.B. is such a loser. He wasn't even the star of his own Halloween special.
20581,Black Santa Claus caused more tears than the Tampa Bay Devil Rays.
20588,"A black man failing black history... ain't that some sad shit..... cuz you know, fat people don't fail cooking!"
20597,"A black C student can't do shit with his life. A black C student can't be a manager at Burger King. Meanwhile, a white C student just happens to be the President of the United States."
20605,"I don't give a fuck! So, what!? Motherfuck the tiger! I'd be shot in the tooth, motherfucker! I don't give a fuck about your bee-otches!"
20611,"I don't wanna vote for nobody who got captured, I wanna vote for the motherfucker that got away!"
20612,"Shit, last year the NAACP had a funeral for the word ""nigger""! Well, tonight is Easter!"
20615,"You learn more from fucking up than you do from success, unfortunately. And failure, if you don't let it defeat you, is what fuels your future success."
20618,"I'm anything but skittish about government, but I must say this administration is truly scary and, given the times we live in, frighteningly dangerous."
20620,"When I got back from the war in 1946 people didn't want the Mr. Smith kind of movie any more, and I refused to make war pictures."
20622,"I've sort of gotten into the habit of looking for the vulnerable guy, the guy who makes mistakes, the guy who can't figure things out all the time but keeps at it."
20631,"Forsaken, fucking in the cold, eating each other, lost runny noses, complaining all the time like so many people that we know"
20639,"Those who aim at faultless regularity will only produce mediocrity, and no one ever approaches perfection except by stealth, and unknown to themselves."
20645,A scholar is like a book written in a dead language — it is not every one that can read in it.
20662,It is hard for any one to be an honest politician who is not born and bred a Dissenter.
20663,We are all of us more or less the slaves of opinion.
20666,"Anyone must be mainly ignorant or thoughtless, who is surprised at everything he sees; or wonderfully conceited who expects everything to conform to his standard of propriety."
20674,The confession of our failings is a thankless office. It savors less of sincerity or modesty than of ostentation. It seems as if we thought our weaknesses as good as other people's virtues.
20677,It is well that there is no one without a fault; for he would not have a friend in the world.
20678,"Satirists gain the applause of others through fear, not through love."
20699,Some persons make promises for the pleasure of breaking them.
20701,"To be remembered after we are dead, is but a poor recompense for being treated with contempt while we are living."
20706,"If mankind had wished for what is right, they might have had it long ago."
20707,"We grow tired of every thing but turning others into ridicule, and congratulating ourselves on their defects."
20708,"Genius, like humanity, rusts for want of use."
20709,No really great man ever thought himself so.
20711,"He who comes up to his own idea of greatness, must always have had a very low standard of it in his mind."
20715,"The person whose doors I enter with most pleasure, and quit with most regret, never did me the smallest favour."
20732,"Without the aid of prejudice and custom, I should not be able to find my way across the room; nor know how to conduct myself in any circumstances, nor what to feel in any relation of life."
20733,A nickname is the heaviest stone that the devil can throw at a man.
20744,"The most futile thing in this world is any attempt, perhaps, at exact definition of character. All individuals are a bundle of contradictions—none more so than the most capable."
20760,"The practice of ""reviewing""… in general has nothing in common with the art of criticism."
20769,"The full, the monstrous demonstration that Tennyson was not Tennysonian."
20776,"We stand like a race with shrunken muscles, staring helplessly at the weights our forefathers easily lifted."
20780,"She ordered a cup of tea, which proved excessively bad, and this gave her a sense that she was suffering in a romantic cause."
20782,There's no more usual basis of union than a mutual misunderstanding.
20783,"Besides, I try to judge things for myself; to judge wrong, I think, is more honourable than not to judge at all."
20789,"The real offence, as she ultimately perceived, was her having a mind of her own at all. Her mind was to be his — attached to his own like a small garden-plot to a deer-park."
20790,You wanted to look at life for yourself — but you were not allowed; you were punished for your wish. You were ground in the very mill of the conventional!
20804,The fatal futility of Fact.
20806,"The historian, essentially, wants more documents than he can really use; the dramatist only wants more liberties than he can really take."
20816,"The only serious enemy to the Empire, within or without, is that very Democracy which depends on the Empire for its proper comforts."
20829,Everyone is more or less mad on one point.
20853,"We have fed our sea for a thousand yearsAnd she calls us, still unfed,Though there's never a wave of all her wavesBut marks our English dead."
20871,I could not dig: I dared not rob:Therefore I lied to please the mob.Now all my lies are proved untrueAnd I must face the men I slew.What tale shall serve me here amongMine angry and defrauded young?
20873,Being kissed by a man who didn't wax his moustache was like eating an egg without salt.
20874,"Men and women may sometimes, after great effort, achieve a creditable lie; but the house, which is their temple, cannot say anything save the truth of those who have lived in it."
20890,"Though our smoke may hide the Heavens from your eyes,It will vanish and the stars will shine again,Because, for all our power and weight and size,We are nothing more than children of your brain!"
20897,Asia is not going to be civilised after the methods of the West. There is too much Asia and she is too old.
20898,"Winds of the World, give answer! They are whimpering to and fro—And what should they know of England who only England know?"
20904,"Let us admit it fairly, as a business people should,We have had no end of a lesson: it will do us no end of good."
20905,"It was our fault, and our very great fault—and now we must turn it to use.We have forty million reasons for failure, but not a single excuse."
20914,... scandals are only increased by hushing them up.
20924,"Your logic may be good,But dialectics never saved a soul."
20929,"faded smiles oft linger in the face,While grief's first flakes fall silent on the head!"
20944,"Of all our feigned affections, there is noneSo hollow, selfish, and injurious,As what we christen Patriotism."
20945,"Tis a worldWhere all is bought, and nothing's worth the price."
20946,Towns can be trusted to corrupt themselves.
20947,The Devil is an echoOf search unsatisfied.
20949,"Why should you,Because the world is foolish, not be wise?"
20954,xclusiveness in a garden is a mistake as great as it is in society.
20956,"Whatever else he may do, a critic reveals and criticises himself."
20958,"mbition should be spoken of as not the last, but the first infirmity of noble minds, of which they gradually purge themselves as they grow more mature."
20979,"Nothing so soon the drooping spirits can raise As praises from the men, whom all men praise."
20980,"Who lets slip Fortune, her shall never find, Occasion once passed by, is bald behind."
20989,Life is an incurable disease.
20995,Words that weep and tears that speak.
21002,"Unable to corrupt, seek to destroy;And where their Poysons miss, the Sword employ."
21014,The monster London laugh at me.
21020,"Hence, ye profane! I hate ye all,Both the great vulgar and the small."
21029,It's the wrong war in the wrong place at the wrong time.
21033,Perhaps the media would do us all a service if they didn't cover it quite as much. People wouldn't know what's going on.
21036,"Not a single one of the cells that compose you knows who you are, or cares."
21041,"A prosthetically enhanced imagination is still liable to failure, especially if it is not used with sufficient rigor."
21050,The utility of a thought experiment is inversely proportional to the size of its departures from reality.
21056,What a dump.
21077,It does not matter how frequently something succeeds if failure is too costly to bear.
21080,"Unlike a well-defined, precise game like Russian roulette, where the risks are visible to anyone capable of multiplying and dividing by six, one does not observe the barrel of reality."
21082,Mixing forecast and prophecy is symptomatic of randomness-foolishness...
21086,A... vicious effect of... is that those that are good at predicting the past... think of themselves as good at predicting the future... e live in a world where important events are not predictable...
21087,ews... is full of noise and... history is largely stripped of it.
21089,"There is a saying that bad traders divorce their spouse sooner than abandon their positions. Loyalty to ideas is not a good thing for traders, scientists - or anyone."
21093,e like to emit logical and rational ideas but we do not enjoy this execution.
21094,"A mistake is not something to be determined after the fact, but in the light of the information until that point."
21097,"ecoming more rational, or not feeling the emotions of social slights, is not part of the human race... not with our current biology. There is no solace to be found from reasoning..."
21104,But it remains the case that you know what is wrong with a lot more confidence than you know what is right.
21119,"Using, as an excuse, others' failure of common sense is in itself a failure of common sense."
21121,"When we want to do something while unconsciously certain to fail, we seek advice so we can blame someone else for the failure."
21134,"Someone who says ""I am busy"" is either declaring incompetence (and lack of control of his life) or trying to get rid of you."
21137,"Modernity: we created youth without heroism, age without wisdom, and life without grandeur."
21142,The twentieth century was the bankruptcy of the social utopia; the twenty-first will be that of the technological one.
21159,"For the robust, an error is information."
21163,We learn the most from fools ... yet we pay them back with the worst ingratitude.
21167,We are robust when errors in the representation of the unknown and understanding of random effects do not lead to adverse outcomes —fragile otherwise.
21170,We didn't get where we are thanks to the sissy notion of resilience.
21180,The best way to learn a language may be an episode of jail in a foreign country.
21183,"It is often the mistakes of others that benefit the rest of us—and, sadly, not them ... For the antifragile, harm from errors should be less than the benefits."
21184,He who has never sinned is less reliable than he who has only sinned once.
21187,"There is no such thing as a failed soldier, dead or alive (unless he acted in a cowardly manner)—likewise there is no such thing as a failed entrepreneur or failed scientific researcher ..."
21193,theory is a very dangerous thing to have.
21195,Daily news and sugar confuse our system in the same manner.
21199,Our greatest asset is the one we distrust the most: the built-in antifragility of certain risk-taking systems.
21205,You can be an intellectual yet still be an idiot. 'Educated philistines' have been wrong on everything from Stalinism to Iraq to low-carb diets.
21223,"If the pros at Sun had had a chance to fix Java, the world would be a much more pleasant place. This is not secret knowledge. It's just secret to this pop culture."
21226,Object-oriented never made it outside of Xerox PARC; only the term did.
21249,"There is a similarity between writers and SDS : Plenty of paranoia, but no ideas."
21260,"We're terrible animals. I think that the Earth's immune system is trying to get rid of us, as well it should."
21270,"Everybody's shaking in his boots, so don't be bluffed."
21285,The big trouble with dumb bastards is that they are too dumb to believe there is such a thing as being smart.
21291,The controls were anything but a hunch-player's delight in a Universe composed of one-trillionth part matter to one decillion parts black velvet futility.
21292,"I would say, 'Is there anything I can do?'—but Skip once told me that that was the most hateful and stupid expression in the English language."
21299,Nothing in this book is true.
21307,"Pretend to be good always, and even God will be fooled."
21340,"You understand, of course, that everything I say is horseshit."
21345,History is merely a list of surprises. … It can only prepare us to be surprised yet again. Please write that down.
21349,You couldn't help that you were born without a heart. At least you tried to believe what the people with hearts believed — so you were a good man just the same.
21366,"Beer, of course, is actually a depressant. But poor people will never stop hoping otherwise."
21369,"Just because some of us can read and write and do a little math, that doesn't mean we deserve to conquer the Universe."
21370,How embarrassing to be human.
21372,Another flaw in the human character is that everybody wants to build and nobody wants to do maintenance.
21378,Freud said he didn't know what women wanted. I know what women want. They want a whole lot of people to talk to.
21382,"His plan? To pass out weapons to slaves, so they could overthrow their masters. Suicide."
21383,"There is a tragic flaw in our precious Constitution, and I don't know what can be done to fix it. This is it: Only nut cases want to be president."
21387,"In case you haven't noticed, we are now almost as feared and hated all over the world as the Nazis were."
21397,"If God were alive today, he would have to be an atheist, because the excrement has hit the air-conditioning big time, big time."
21405,"There is a tragic flaw in our precious Constitution, and I don't know what can be done to fix it. This is it: Only nut cases want to be president."
21406,"The highest treason in the USA is to say Americans are not loved, no matter where they are, no matter what they are doing there."
21417,Do you think Arabs are dumb? They gave us our numbers. Try doing long division with Roman numerals.
21422,"We could have saved the earth, but we were too damned cheap."
21428,"If Adenauer were here with us in the sauna, we could see for ourselves that Germany is and will remain divided but also that Germany never will rise again."
21430,Don't you know how to paint? My grandson will paint it better! What is this? Are you men or damned pederasts? How can you paint like that? Do you have a conscience?
21431,Politicians are the same all over. They promise to build a bridge even where there is no river.
21440,It is impossible to finish off capitalism without having finished off social democracy in the working-class movement.
21445,Bukharin's a swine and surely worse than a swine because he thinks it below his dignity to write a couple of lines.
21454,Much more could have been done had we Bolsheviks been cleverer.
21461,"You know, they are fooling us, there is no God."
21462,"God's not unjust, he doesn't actually exist. We've been deceived. If God existed, he'd have made the world more just... I'll lend you a book and you'll see."
21469,So the bastard's dead? Too bad we didn't capture him alive!
21473,"I know that after my death a pile of rubbish will be heaped on my grave, but the wind of History will sooner or later sweep it away without mercy."
21475,The Jews are not a nation!
21476,There are no fortresses that Bolsheviks cannot storm.
21477,Fuck them!
21478,"I'm finished. I trust no one, not even myself."
21480,He can't even shoot straight.
21491,"Religious man"" is an abnormality and ""religion"" is the certain cause of epidemic diseases of the mind which require the care of alienists."
21493,Socialism is not Arcadian and peaceful. We do not believe in the sacredness of human life.
21501,"no longer liberation, but tyranny; no longer protector of the nation, but defense of private interests and of the dullest, deafest, most miserable cast that exists in Italy."
21502,Christ is dead and his teachings moribund.
21508,"Let us have a dagger between our teeth, a bomb in our hands and an infinite scorn in our hearts."
21509,"Fascism was not the protector of any one class, but a supreme regulator of the relations between all citizens of a state."
21513,No nation can become greater in which there are enormous masses condemned to the conditions of life of prehistoric humanity.
21526,"Fascism conceives of the State as an absolute, in comparison with which all individuals or groups are relative, only to be conceived in their relation to the State."
21529,Inside every anarchist is a failed dictator.
21532,I don't like the look of him.
21533,I am not a collector of deserts!
21543,Shoot me in the chest.
21547,"In the whole negative part, we are alike. We and the Russians are against liberals, against democrats, against parliament."
21554,"Society attacks early, when the individual is helpless."
21560,"A person who has been punished is not thereby simply less inclined to behave in a given way; at best, he learns how to avoid punishment."
21562,I do not admire myself as a person. My successes do not override my shortcomings.
21566,A leftist government doesn't exist because being on the left has nothing to do with governments.
21572,"Software has to be designed by hackers who understand design, not designers who know a little about software. If you can't design software as well as implement it, don't start a startup."
21579,Consulting is where product companies go to die.
21581,"The world seemed cruel and boring, and I'm not sure which was worse."
21583,"If you leave a bunch of eleven-year-olds to their own devices, what you get is Lord of the Flies."
21585,"Nerds aren't losers. They're just playing a different game, and a game much closer to the one played in the real world."
21594,"Rona Barrett: If you lost your fortune today, what would you do tomorrow?Donald Trump: Maybe I'd run for president. I don't know."
21596,It would take an hour-and-a-half to learn everything there is to learn about missiles. I think I know most of it anyway. You're talking about just getting updated on a situation
21599,"I'm not big on compromise. I understand compromise. Sometimes compromise is the right answer, but oftentimes compromise is the equivalent of defeat, and I don't like being defeated."
21622,Everybody's always blaming me for everything.
21625,"I'm on the conservative side, but Buchanan]] is Attila the Hun."
21632,"Donald Trump: Yeah, I guess so. I wish, uh, I wish the first time it was done correctly."
21638,"Watch, listen, and learn. You can't know it all yourself—anyone who thinks that they do is destined for mediocrity."
21658,"I heard he was a terrible student, terrible. How does a bad student go to Columbia and then to Harvard? I'm thinking about it, I'm certainly looking into it. Let him show his records."
21660,"She's a slob, she talks like a truck driver."
21662,Barney Frank looked disgusting--nipples protruding--in his blue shirt before Congress. Very very disrespectful.
21666,The phoney electoral college made a laughing stock out of our nation. The loser one!
21667,This election is a total sham and a travesty. We are not a democracy!
21668,The electoral college is a disaster for a democracy.
21669,created by and for the Chinese in order to make US manufacturing non-competitive
21674,"If this doctor, who so recklessly flew into New York from West Africa, has Ebola,then Obama should apologize to the American people & resign!"
21679,"If you can't get rich dealing with politicians, there's something wrong with you."
21680,I think the big problem this country has is being politically correct.
21687,I do whine because I want to win and I'm not happy about not winning and I am a whiner and I keep whining and whining until I win.
21695,You ever see guys with nothing on their desk? They always fail. I don't know what it is. I've seen it for years.
21698,"All my friends who work out all the time, they're going for knee replacements, hip replacements — they're a disaster"
21703,Get him the hell out of here.
21707,I've seen these so-called journalists flat-out lie. I say that because incompetence doesn't begin to explain the inaccurate stories they have written.
21709,Citizenship is not a gift we can afford to keep giving away.
21721,We spent 5 trillion dollars in the Middle East and our country is going to hell. We gotta bring it back. We gotta knock the hell out of ISIS.
21724,"Ted Cruz: Donald, relax.Donald Trump: I'm relaxed. You're the basket case. Go ahead, don't get nervous."
21735,Our foreign policy is a complete and total disaster. No vision. No purpose. No direction. No strategy.
21736,"President Obama has weakened our military by weakening our economy. He's crippled us with wasteful spending, massive debt, low growth, a huge trade deficit and open borders."
21737,"We've let our rivals and challengers think they can get away with anything, and they do... If President Obama's goal had been to weaken America, he could not have done a better job."
21747,I think he's a pervert. It's dangerous to allow him on the convention floor.
21749,Decades of progress made in bringing down crime are now being reversed by this Administration's rollback of criminal enforcement.
21750,"This is the legacy of Hillary Clinton: death, destruction and weakness."
21752,"I have no patience for injustice, no tolerance for government incompetence, no sympathy for leaders who fail their citizens."
21767,"He's a terrible president, he'll probably go down as the worst president in the history of our country, he's been a total disaster."
21786,"So when you tried to act holier than thou, it really doesn't work. It really doesn't."
21795,Reporters at The New York Times are not journalists. They're corporate lobbyists for Carlos Slim and Hillary Clinton.
21797,Such a nasty woman.
21798,"Hillary is so corrupt, she got kicked off the Watergate commission."
21799,I'm going to fight for every American in every last part of this nation. We have a president who doesn't fight. He goes out and plays golf all the time.
21800,"She didn't know what to do, well how did you get him, uh well uh... they were sent by Russia! You know they're always using Russia"
21805,"...NAFTA, signed by her husband, is perhaps the greatest disaster trade deal in the history of the world."
21812,It's hard to explain. I don't care about anything having to do with anything having to do with anything other than the country.
21815,"People don't realize, you know, the Civil War, if you think about it, why?"
21836,Totally fake news
21839,"They say he was born in Scranton, but he left, he left. He abandoned you."
21844,This election was rigged. And the Supreme Court and other courts didn't want to do anything about it.
21847,"Karl Rove has been losing for years, except for himself."
21848,"He's a RINO of the highest order, who came to the Oval Office lobbying for 5G for him and a group."
21849,He's a pompous fool with bad advice and always has an agenda.
21851,No more money for RINOS. They do nothing but hurt the Republican Party and our great voting base--they will never lead us to Greatness. Send your donation to Save America PAC at DonaldJTrump.com.
21852,"Dr. Birx was a terrible medical advisor, which is why I seldom followed her advice."
21854,Dr. Birx is a proven liar with very little credibility left.
21856,"I'll give you a little breaking news, Pfizer is in with the FDA. What the FDA did with Johnson and Johnson is so stupid"
21862,"Woke means you lose, everything that is woke goes bad, and our soccer team certainly has."
21868,"We're not going to have a country left in three years, I'll tell you that."
21869,Everybody will be watching Arizona tomorrow to see what the highly respected auditors and Arizona State Senate found out regarding the so-called Election!
21877,"We live in a world where the Taliban has a huge presence on Twitter, yet your favorite American president has been silenced"
21878,RINOs who supported infrastructure bill should be ashamed of themselves
21879,"He was very early. Like earlier than most. I haven't spoken to him since. Fuck him,"
21889,"He went out of his way to deceptively edit an interview and got caught. That is a big story, isn't it?"
21891,But when I didn't win the election ..
21892,"Which would you rather be, a dumb person or a dictator? Perhaps a dictator would be better. I don't want to be a dumb person."
21906,We are never going back to a party that wants to give unlimited money to fight foreign endless wars but demands we cut veteran benefits and retirement benefits at home.
21913,"Think of this. We give them everything, including military protection and trade, and now we have to pay them to go there. As President I will not allow this, will end very quickly."
21915,"We are NOT a free nation, We don't have a free press. We have a corrupt press."
21918,"WHAT THE DEPARTMENT OF INJUSTICE IS DOING TO ME IS THE SAME THING DONE BY THIRD WORLD COUNTRIES ALL OVER THE WORLD, BUT IT WILL NOT WORK."
21926,Biden's job killing EV mandate has dictated that nearly seven percent of all cars sold in the US must be fully electric in less than 10 years. Crooked Joe Biden is back like a wretched old vulture.
21929,by far the dumbest of my military people
21930,incapable of doing a good job
21931,"It was too much for him, and I couldn't stand the guy, so I fired him like a 'dog"
21940,"They call it BleachBit, but it's essentially acid that will destroy everything, you know, within ten miles."
21942,"If he wins, our country is going to be destroyed."
21944,"Our cities are choking to death. Our states are dying. And frankly, our country is dying."
21945,"I have been indicted more than the great Al Capone, on bullshit."
21950,"Our witnesses were literally crucified by this man who looks like an angel, but he is really a devil."
21954,"If we had a real president, a president that knew -- that was respected by Putin ... he would have never invaded Ukraine."
21957,I disagree with some of the things they're saying and some of the things they're saying are absolutely ridiculous and abysmal.
21965,Perverts and losers
21967,"If you are Jewish, regardless of Israel, if you're Jewish, if you vote for a Democrat, you're a fool, an absolute fool."
21971,Kamabla Harris is afraid to Debate me on FoxNews
21973,I heard she's sort of a nasty person.She doesn't do interviews 'cause she can't answer questions.
21974,"A ticket that would want this country to go communist immediately, if not sooner.We're gonna be living like dogs. Our whole country, our whole system, is gonna collapse."
21976,"Has anyone noticed that Kamala CHEATED at the airport? There was nobody at the plane, and she 'A.I.'d' it, and showed a massive 'crowd' of so-called followers, BUT THEY DIDN'T EXIST!"
21980,"Kamala has declared that tackling inflation will be a Day One priority, but Day One for Kamala was 3½ years ago. Why hasn't she done it? .‌‌.‌‌She's a critic. That's all she is."
21985,"You can't walk across the street to get a loaf of bread. You get shot, you get mugged, you get raped, you get whatever it may be."
21987,We have a fool as a president.
21990,"There will be no future under Comrade Kamala Harris, because she will take us into a Nuclear World War III , She will never be respected by the Tyrants of the World!"
21994,"If you look at Kamala and you look at what she's done to every place she's touched has turned to st. Every single place she's touched. I have to say, it. Every place she's touched, you know?"
21996,"Now, they have Kamala who has many deficiencies, but she's a nasty person. The way she treated Mike Pence was horrible. The way she treats people is horrible."
21999,Whoever heard you get indicted for interfering with a presidential election where you have every right to do it?
22004,I HATE TAYLOR SWIFT!
22006,We have to call it Covid. What the hell does Covid mean. The China virus. A lot of people think they did that because they were not happy with me as president.
22012,"Has there EVER been a WORSE HOST than Jimmy Kimmel at The Oscars. His opening was that of a less than average person trying too hard to be something which he is not, and never can be."
22039,"Everyone knows that Harvard has ""lost its way."
22046,"For decades, our country has been looted, pillaged, raped and plundered by nations near and far, both friend and foe alike."
22053,"Too Late' Jerome Powell is a FOOL, who doesn't have a clue."
22062,That was not a pleasant day for you?
22064,"Remember eggs? We weren't able to buy another egg for the next 20 years — they were so expensive, right? Eggs have come down 400%."
22070,"It's not politically correct to use the term, 'Regime Change', but if the current Iranian Regime is unable to MAKE IRAN GREAT AGAIN, why wouldn't there be a Regime change? MIGA!!!"
22080,"He's a terrible Fed chair. I was surprised he was appointed. I was surprised, frankly, that Biden put him in and extended him."
22083,Numbers that are not even thought to be achievable.
22085,"I'm not a fan of your mayor. I think he's done a terrible job, the mayor of London... a nasty person."
22086,We stopped about five wars.
22092,"Fox gives me terrible polls all the time, you know, they do nothing, but they… I've never had a good poll with Fox."
22095,"I don't like being up here, talking about how unsafe and how dirty and disgusting this once-beautiful capital was."
22101,"I want to try and get to heaven if possible…. I'm hearing I'm not doing well. …I am really at the bottom of the totem pole. But if I can get to heaven, this will be one of the reasons."
22103,"If you burn a flag, you get one year in jail; no early exits, no nothing."
22105,Baltimore is a hellhole.
22107,"I'm sure that Ukraine thought they were going to win, you're going to beat someone that's 15 times your size ... you don't go into a war that's 15 times your size."
22111,"Looks like we've lost India and Russia to deepest, darkest China. May they have a long and prosperous future together!"
22118,"Why does NBC waste its time and money on a guy like this??? – NO TALENT, NO RATINGS, 100% ANTI TRUMP, WHICH IS PROBABLY ILLEGAL!!!"
22121,Marjorie 'Traitor' Green is a disgrace to our GREAT REPUBLICAN PARTY!
22122,"All I see ""Wacky"" Marjorie do is COMPLAIN, COMPLAIN, COMPLAIN!"
22125,"This is really bad, and Dangerous to our Country. Their words cannot be allowed to stand. SEDITIOUS BEHAVIOR FROM TRAITORS!!! LOCK THEM UP??? President DJT"
22130,"Merry Christmas to all, including the Radical Left Scum that is doing everything possible to destroy our Country, but are failing badly."
22141,"The Grammy Awards are the WORST, virtually unwatchable! Noah said, INCORRECTLY about me, that Donald Trump and Bill Clinton spent time on Epstein Island."
22149,"If you look, they have nothing left. There's nothing left in a military sense."
22160,"About Joe Kent, former director of the National Counterterrorism Center: It's a good thing that he's out because he said Iran was not a threat."
22162,"NATO nations have done absolutely nothing to help with the lunatic nation, now militarily decimated, of Iran. the U.S.A needs nothing from NATO, but ""never forget"" this very important point in time!"
22176,"Pope Leo is WEAK on Crime, and terrible for Foreign Policy"
22178,They are not very high.
22194,My entire film career's been dependent on my ability to look unattractive.
22200,Little by little we human beings are confronted with situations that give us more and more clues that we aren't perfect.
22211,"Plaudite, amici, comedia finita est. (Applaud, my friends, the comedy is over.)"
22212,"The rocket worked perfectly, except for landing on the wrong planet."
22213,Basic research is what I am doing when I don't know what I am doing.
22225,"I had been in touch with a lot of people I thought would stand by me in the front row of the scrum, (I) didn't know it was going to collapse."
22227,But something's missing (Aber etwas fehlt).
22238,For the task assigned them Men aren't smart enough or sly Any rogue can blind them With a clever lie.
22246,"Do not rejoice in his defeat, you men. For though the world has stood up and stopped the bastard, the bitch that bore him is in heat again."
22256,Society cannot share a common communication system so long as it is split into warring factions.
22259,"Oh why do we not say the important things, it would be so easy, and we are damned because we do not."
22265,The rainNever falls upwards.When the woundStops hurtingWhat hurts isThe scar.
22269,"With drooping shouldersThe majority sit hunched, their foreheads furrowed likeStony ground that has been repeatedly ploughed-up to no purpose."
22276,The man who laughs has simply not yet had the terrible news.
22280,"To understand this for sense it is not required that a man should be a geometrician or a logician, but that he should be mad."
22287,"But Aversion wee have for things, not only which we know have hurt us; but also that we do not know whether they will hurt us, or not."
22289,"The same, without such opinion, DESPAIRE."
22305,"And seeing every man is presumed to do all things in order to his own benefit, no man is a fit Arbitrator in his own cause:"
22310,"and where men build on false grounds, the more they build, the greater is the ruine:"
22311,No man's error becomes his own Law; nor obliges him to persist in it.
22318,"Power as is really divided, and as dangerously to all purposes, by sharing with another an Indirect Power, as a Direct one."
22326,"I never thought of losing, but now that it's happened, the only thing is to do it right. That's my obligation to all the people who believe in me. We all have to take defeats in life."
22339,That's the only way you gonna save this sucker. He's doomed.
22340,"Joe Frazier is so ugly that when he cries, the tears turn around and go down the back of his head."
22341,Frazier is so ugly that he should donate his face to the US Bureau of Wildlife.
22358,Where there is fear there is aggression.
22361,It's no measure of health to be well adjusted to a profoundly sick society.
22362,"No book can teach you about yourself, no psychologist, none of the professors or philosophers. What they can teach you is what they think you are or what they think you should be."
22371,Why does the brain retain the memory of the hurt from yesterday?
22397,"Ideas have consequences, and totally erroneous ideas are likely to have destructive consequences."
22406,i am always doing things i can't do. that's how i get to do them.
22411,I am all deities in one. You may endeavour your best for thousands of years and have all mankind with you in your search. But you cannot understand My Reality.
22420,"Some people think, Swami calls himself a powerful magnet, but He is unable to attract us. The fault lies in them only."
22424,"Faith is a beautiful thing. So are forest fires, and the color of gangrene. I think faith—especially capital-F Faith—is more dangerous and more disgusting than either. It is a substitute for thought."
22428,That Heel. That lousy wart on the nose of progress.
22431,"Half of humanity doesn't know what it wants or how to find out. The other half knows what it wants, hasn't got it, and is going crazy trying to convince itself that it already has it."
22434,"The idiot heard the sounds, but they had no meaning for him. He lived inside somewhere, apart, and the little link between word and significance hung broken."
22454,"He had the illusion, he said, of getting perilously close to the innermost secrets of the universe and finding they were rotten and evil and sardonic."
22459,"Laymen always accuse actors of acting. Because we can portray genuine emotion, we're supposed to be unable to feel it. It's the oldest charge made against us."
22471,Afterward loses too many battles to Too Late.
22472,"I know, I know, the folk here are narrow-visioned, custom-bound. But matched with the twisted minds of civilization, they're straight as pines."
22483,"They, like many priests, had been much too fanatical and not nearly as clever as the god they served."
22487,Bored and insecure men will loose arrows at dust motes.
22489,"Know it or not, man treads between abysses a tightrope that has neither beginning nor end."
22491,That is as far from the truth as I am from the Secret of the Sphinx.
22501,"Inconsiderate creatures, gods were."
22521,I know only too well from a personal experience that is number one on my list of things to be forgotten.
22522,It's this mucking inefficiency and death of the cosmos — and don't tell me that isn't in the cards! — masquerading as benign omniscient authority.
22527,Now is a bearable burden. What buckles the back is the added weight of the past's mistakes and the future's fears.
22528,"For that matter, where did I get off being critical of anyone?"
22536,There was an omnipresent sense of crisis.
22544,"I think all modern cities, especially the crass, newly built, highly industrial ones, should have ghosts. They are a civilizing influence."
22547,Husbands are like fires - they go out when unattended.
22570,"When we are born, all humans are clueless, self-absorbed, and helpless. Most babies will grow out of it. Those who don't become managers."
22571,"People don't change their basic nature, they just accumulate more stuff upon which they can apply their stupidity, selfishness, and horniness. From this perspective, the future isn't hard to predict."
22591,My philosophy is that every phone conversation has a loser.
22602,"This dish might not turn you into a syndicated cartoonist, but whatever you're doing now probably isn't working either."
22608,When you understand persuasion ... the truth is not as useful as it should be ...
22611,Much of politics is about hating imaginary people.
22614,"Political differences are mostly a matter of what frightens you the most, with a thin frosting of rationalization on top."
22616,"Most of my income will be gone by next week My reputation for the rest of my life is destroyed. You can't come back from this, am I right? There's no way you can come back from this."
22621,Never attribute to malice that which is adequately explained by stupidity.
22626,"A man's clarity of judgment is never very good when you're involved, and as you grow older, and as you grow more involved, your clarity of judgment suffers."
22639,I shall curse you with book and bell and candle.
22640,"For as well as I have loved thee, mine heart will not serve me to see thee, for through thee and me is the flower of kings and knights destroyed."
22652,Do not trust to that; for these very persons would shout as much if you and I were going to be hanged.
22653,I need pity. I know what I feel. Great place and business in the world is not worth looking after.
22665,"Weeds and nettles, briars and thorns, have thriven under your shadow, dissettlement and division, discontentment and dissatisfaction, together with real dangers to the whole."
22668,"I would have been glad to have lived under my wood side, to have kept a flock of sheep, rather than undertook such a Government as this is."
22671,"Now I see there is a people risen that I cannot win with gifts or honours, offices or places; but all other sects and people I can."
22677,Do not let your difficulties fill you with anxiety. It is only in the darkest nights that the stars shine more brilliantly.
22679,"The weakest man is the one who is able to correct his moral defects, but doesn't take action."
22688,"The one from among the Muslims who recites the Qur'an but in the end finds his way to hell, is considerd to be among those that have taken the word of Allah in jest."
22689,Recitation of the Qur'an without contemplation and thought is futile.
22717,Obstinacy will prevent you from a correct decision.
22718,If two opposite theories are propagated one will be wrong.
22726,"Every person who is tempted to go astray, does not deserve punishment."
22727,"Our affairs are attached to the destiny decreed by Allah, even our best plans may lead us to destruction."
22728,"Failures are often the results of timidity and fears; disappointments are the results of bashfulness; hours of leisure pass away like summer-clouds, therefore, do not waste opportunity of doing good."
22733,Not to have a thing is less humiliating than to beg it.
22736,If you cannot get things as much as you desire than be contented with what you have.
22742,One who imagines himself to be all-knowing will surely suffer on account of his ignorance.
22760,Oppression and tyranny are the worse companions for the Hereafter.
22766,Anger and desire of vengeance are not going to be of much help to you in your administration.
22777,A door is what a dog is perpetually on the wrong side of.
22779,"It is the sin of omission, the second kind of sin,That lays eggs under your skin."
22786,"Hark, hark! the larkOn windswept barkFreezes against a sky of lead!Now see him stop,Take one small hop,And suddenly keel over dead!"
22796,Remorse is a violent dyspepsia of the mind.
22829,"The pirate gaped at Belinda's dragon,And gulped some grog from his pocket flagon,He fired two bullets, but they didn't hit,And Custard gobbled him, every bit."
22832,"May I join you in the doghouse, Rover?I wish to retire till the party's over."
22857,Socialist governments traditionally do make a financial mess. They always run out of other people's money. It's quite a characteristic of them.
22858,Our aim is not just to remove our uniquely incompetent Government from office—it is to destroy the socialist fallacies—indeed the whole fallacy of socialism—that the Labour Party exists to spread.
22866,I can't bear Britain in decline. I just can't.
22870,They are all a rotten lot. Schmidt and the Americans and we are the only people who would do any standing up and fighting if necessary.
22873,"Don't try persuading me, you know I find persuasion very counterproductive."
22880,To many of us it seems that there is precious little difference between the policies of the Communist Party and the policies of the Labour Party.
22885,"I do not believe that people who go on strike in this country have a legitimate cause. Throughout the period of the Labour Government and this one, I have never supported any strikes in this country."
22889,"Our people will never keep the Red Flag flying here. There is only one banner that Britain flies, the one that has kept flying for centuries—the red, white and blue."
22898,"Let me say this, if you want someone weak you don't want me, there are plenty of others to choose from."
22903,Children who need to be taught to respect traditional moral values are being taught that they have an inalienable right to be gay.
22908,Marxism has had it.
22911,"You know, if you just set out to be liked, you would be prepared to compromise on anything, wouldn't you, at any time? And you would achieve nothing!"
22912,"The community charge is a way of asking people to pay for what they vote for, and when they do, they will vote against Labour authorities."
22914,I have fought three elections against the BBC and I don't want to fight another election against it.
22923,"The trouble with you John, is that your spine does not reach your brain."
22924,"We could have stopped this, we could still do so... But for the most part, we in the west have actually given comfort to the aggressor."
22926,"Douglas, Douglas, you would make Neville Chamberlain look like a warmonger."
22930,Socialists don't like people to do things for themselves. Socialists like to get people dependent on the state! You never build a great society that way.
22939,"When the Norman Fowlers of this world believe that they can afford to rebel, you know that things are bad."
22943,"We all see these great calamities with different eyes, and so their impact upon us is different."
22955,Never believe that technology alone will allow America to prevail as a superpower.
22958,"Patched-up diplomatic solutions designed to answer the needs of the moment rarely last, and as they unravel they can actually make things worse."
22961,"I suppose if you isolate yourself to such an extent, you more or less must expect a series of emergencies."
22970,I'd rather be a live pessimist than a dead comedian.
22977,"The Iszics seem to have small understanding of intellectual curiosity,"" observed Farr.""To compensate, we have a large understanding of rapacity, larceny, brain-picking and exploitation."
22979,It was a mess. How could a man think clearly when he could not distinguish between an idiotic subconscious urge and common sense?
22987,"I know the feeling,"" said Lanarck. ""I've had my own troubles with the scoundrels. The only good bursar is a dead bursar."
22988,"You have not accepted my advice.""Fair shrugged. ""You asked me to remain ignorant, to accept my stupidity and ineptitude."
22990,"Crime occurs when the social structure is in itself inattentive and unwieldy,"" she added offhandedly, ""when the culture provides no scope for fulfillment."
22992,The repair system exists to keep the machinery operating but no provision had been made to repair the repair system.
23004,"He's like an imbecile with a pepper shaker; a little makes his food taste good, therefore a lot will make it wonderful."
23012,"You have no concept of Magarak's reality; you refuse to think; you live by ready-made emotional doctrines—a substitute for thought. What is worse, you try to wrench reality to fit your ideas."
23024,"We are sufficiently at the mercy of machines, Roger; if our music must necessarily be mechanical, then it is time for us to throw in the sponge, and abandon all hope for the future of humanity."
23037,Often their grievances were real; often they complained from sheer petulance.
23039,"Urban folk, dealing as they do in ideas and abstractions, become conditioned to unreality. Then, wherever the fabric of civilization breaks, these people are as helpless as fish out of water."
23042,"How I hate you,"" he said softly. ""If hate were stone I could build a tower into the clouds."
23043,The travesty exists only because reliance upon abstraction has made reality incomprehensible to you.
23050,"I fear, Master Zamp, that you are a victim to your own perfervid imagination."
23052,"Your character, Apollon Zamp, is marred by a certain paltriness of spirit, a diffused universal distrust which I truly deplore."
23060,It had been suggested to her that the flaw lay not in the universe but in herself.
23065,I do not care to listen; obloquy injures my self-esteem and I am skeptical of praise.
23080,"It was right and proper to exploit the excellences of the moment, but still, when conditions reached an apex, there was nowhere to go but down."
23086,"When one deals with the Murthe, the unthinkable becomes the ordinary, and Zanzel's repute carries no more weight than last year's mouse-dropping - if that much."
23089,"Human interactions, stimulated as they are by disequilibrium, never achieve balance. In even the most favorable transaction, one party—whether he realizes it or not—must always come out the worse."
23093,"You espouse a very popular doctrine, ethical pragmatism, which always turns out to be the doctrine of self-interest."
23102,Destiny could not bring him this far only to deal him failure!
23103,A detached attitude toward the problems of others is not illegal.
23111,What good is notoriety if your friends are unable to profit from it?
23113,"The symbologist made a cryptic sign. ""That remains to be seen, as the cat said who voided into the sugar bowl."
23116,"I am a legalist and a financial expert, I admit as much; but my disregard for the law goes no further."
23122,"Discipline in itself is not a corrupt concept, only discipline that is imposed rather than self-calculated."
23123,"It does no good to hurry here. In fact, it may even be against the law."
23125,"For an intelligent man,"" snapped Reith, ""you are extremely obstinate and unimaginative. Someday I am sure you will recognize your error; until then, believe whatever you care to believe."
23127,Your analyses at times border upon the mordant.
23128,"There is a dark side to humanity, which is like a stone pressed into the mold. The upper side, exposed to sun and air, is clean; tilt it and look below, at the muck and scurrying insects…"
23129,"Vengeance is not the most noble activity, but submissiveness is worse."
23130,"This is an insane society, constrained by punctilio as a rotten egg is held by its shell."
23132,"Adam Reith, you have made a serious mistake.""Reith nodded grimly. ""Instead of an honest man I hired you."
23136,Evidently you do not trust me. This does not predispose me to trust you.
23137,"Do you deny the charges?""""I neither confirm nor deny them; they are ridiculous."
23138,Surveillance portended unpleasant events: this on Tschai was an axiom of existence.
23139,"Are musicians unlike other men? Beget and forget, that's how it goes."
23142,My point is this: no outsider can effectively organize a group of experts; they must organize themselves.
23148,Your vision exceeds your practicality: often the case with a musician.
23149,Ignorance induces suspicion.
23162,"It's not a knack at all,"" said Jantiff. ""I've had to practice for years.""Tanzel said brightly: ""Isn't it elitism when someone tries to do something better can everyone else?"
23165,"Why not cancel the affair? There'll be opportunities in the future.""""But I'm not confident of the future! It's a spinning top which can totter in any direction!"
23170,"Aillas groaned. ""Destiny could never be so unkind.""Suldrun said in a soft voice: ""Destiny doesn't really care."
23174,"The colour, noise and festivity failed to elevate Carfilhiot's mood; in fact—so he told himself—never had he witnessed so much pointless nonsense."
23186,Count me not your friend but the enemy of your enemies.
23196,"Sir, your ideas are incorrect in every possible respect."
23200,"I may be called upon to address the company. No one will listen, of course, which is just as well, since I have nothing to say."
23206,"One thing was certain: when someone searched into secret places, he often came up with things he would rather not have found."
23210,The president just seems to be living in some sort of alternative universe populated by the failed gods of his narcissism and vainglory.
23216,David Irving is not just a Fascist historian. He is also a great historian of Fascism.
23224,"If a great city or a great state should fall as the result of an apparent ""accident"", the there would be a general reason why it required only an accident to make it fall."
23228,Intellectuals never sound more foolish than when posing as the last civilised man.
23230,"All the excitements of a prohibited book had their usual effect, one of which, as always, is to expose the fact that the censors don't know what they are talking about."
23235,"It's a very vulgar, arithmetical, pragmatic way of arguing anyway. If you do that, then get the facts and figures wrong, well then you're really fucked. You're fucked twice."
23236,"Only a complete moral idiot can believe for an instant that we are fighting against the wretched of the earth. We are fighting, as I said before, against the scum of the earth"
23237,I don't think the war in Afghanistan was ruthlessly enough waged.
23238,Saddam Hussein is not going to survive. His regime is on the verge of implosion.
23244,"Forgotten were the elementary rules of logic, that extraordinary claims require extraordinary evidence and that what can be asserted without evidence can also be dismissed without evidence."
23249,"Did we not aid the grisly Taliban to achieve and hold power? Yes indeed 'we' did. Well, does that not double or triple our responsibility to remove them from power?"
23253,There is no reason at all why there aren't enough people to guard New Orleans and to help stabilise Baghdad.
23256,"(Howard) Dean is a raving nut bag...a raving, sinister, demagogic nutbag...I and a few other people saw that he should be destroyed."
23262,"You give me the awful impression, I hate to have say it, of someone who hasn't read any of the arguments against your position ever."
23269,is innately irrational.
23272,Inanity is pretending that Afghanistan will go away if we leave.
23274,"To the dumb question ""Why me?"" the cosmos barely bothers to return the reply: Why not?"
23276,"It's a big mistake to think that your own cause, or your own country, or your own side has God in its corner. For one thing, it commits the sin of pride."
23282,"To the dumb question ""Why me?"" the cosmos barely bothers to return the reply: Why not?"
23284,...those who say I am being punished are saying that god can't think of anything more vengeful than cancer for a heavy smoker.
23289,"In whichever way a democratic system might be sick, terrorism does not heal it; it kills it. Democracy is healed with democracy."
23295,Compulsory bad taste isn't a good cultural sign either.
23298,"Patriotic and tribal feelings belong to the squalling childhood of the human race, and become no more charming in their senescence. They are particularly unattractive when evinced by a superpower."
23308,"If the Republican party shall fail to carry out this purpose, God will raise up another party that will be faithful."
23312,Let us render the tyrant no aid; let us not hold the light by which he can trace the footprints of our flying brother.
23331,"For colored men the Republican party is the deck, all outside is the sea."
23355,"Any lawyer who says there's no such thing as rape should be hauled out to a public place by three large perverts and buggered at high noon, with all of his clients watching."
23358,"No point mentioning those bats, I thought. The poor bastard will see them soon enough."
23360,"A nervous blonde nymphet who thought that politics was some kind of game played by old people, like bridge."
23363,How many times had he stood calmly back there on the duckboards and listened to respectable-looking people talk about raping the hotel penguins?
23365,Objective journalism is one of the main reasons American politics has been allowed to be so corrupt for so long. You can't be objective about Nixon.
23376,I had come to regard him as a loner with no real past and a future so vague there was no sense talking about it.
23377,"What passed for society was a loud, giddy whirl of thieves and pretentious hustlers, a dull sideshow full of quacks and clowns and philistines with gimp mentalities."
23382,"If we get chased out of Iraq with our tail between our legs, that will be the fifth consecutive Third-world country with no hint of a Navy or an Air Force to have whipped us in the past 40 years."
23385,"Bush is a natural-born loser with a filthy-rich daddy who pimped his son out to rich oil-mongers. He hates music, football and sex, in no particular order, and he is no fun at all."
23389,"Richard Nixon could tell us a lot about peaking too early. He was a master of it, because it beat him every time. He never learned and neither did Bush the Elder."
23391,Paranoia is just another word for ignorance.
23396,"All political power comes from the barrel of either guns, pussy, or opium pipes, and people seem to like it that way."
23397,"We are like pygmies lost in a maze of haze. We are not at war, we are having a nervous breakdown,again."
23399,The only ones left with any confidence at all are the New Dumb. It is the beginning of the end of our world as we knew it. Doom is the operative ethic.
23401,"I knew a Buddhist once, and I've hated myself ever since. The whole thing was a failure."
23417,"All exercise of authority perverts, and submission to authority humiliates."
23418,"Every state, like every theology, assumes man to be fundamentally bad and wicked."
23422,"Nothing, in fact, is as universal or as ancient as the iniquitous and absurd; truth and justice, on the contrary, are the least universal, the youngest features in the development of human society."
23432,"My stories run up and bite me in the leg — I respond by writing down everything that goes on during the bite. When I finish, the idea lets go and runs off."
23444,"There is no future for e-books, because they are not books. E-books smell like burned fuel."
23455,"The gods had gone away, and the ritual of the religion continued senselessly, uselessly."
23458,"If you hide your ignorance, no one will hit you, and you'll never learn."
23460,"But you can't make people listen. They have to come round in their own time, wondering what happened and why the world blew up around them. It can't last."
23465,The telephone rang like a spoiled brat.
23467,Insanity is relative. It depends on who has who locked in what cage.
23475,Old men only lie in wait for people to ask them to talk. Then they rattle on like a rusty elevator wheezing up a shaft.
23477,"The sun did not rise, it overflowed."
23480,"They eat the dark, who only stand and breathe."
23490,"Beware, Charlie, old men only lie in wait for people to ask them to talk. Then they rattle on like a rusty elevator wheezing up a shaft."
23492,"I'd hate to have you running hell, the lost souls would never get fried!"
23494,"You're a has-been that never was. And you're going to stay that way, spoiled and narcissistic and small and mean and rotten."
23500,"You know and I know, I am Mr. Nobody from Nowhere, on my way to Eternity with a dead flashlight and no candles."
23502,The scythe fell and lay in the grass like a lost smile.
23509,The crowd upon the cross gives anguished roar; A moment terrible to hear.
23513,God gives us dreadful gifts. The most dreadful of all is memory.
23514,"You're not God, are you? You don't look like him."
23533,News junkies love to read about others misery.
23562,Comedy is not pretty.
23563,"I have done a terrible thing, I have postulated a particle that cannot be detected."
23570,The failure of the many attempts to measure terrestrially any effects of the earth's motion...
23571,This isn't right. This isn't even wrong.
23575,"One shouldn't work on semiconductors, that is a filthy mess; who knows whether any semiconductors exist."
23584,{\int _{-\infty }^{\infty }{\delta \left({x}\right){d{x}}}}=1\delta \left({x}\right)=0 \text{ for } x\not= 0
23585,"I am acutely aware of the fact that the marriage between mathematics and physics, which was so enormously fruitful in past centuries, has recently ended in divorce."
23633,"It is impossible to live without failing at something, unless you live so cautiously that you might as well not have lived at all – in which case, you fail by default."
23640,If I try harder I might be reincarnated as a lonely virgin hiding behind a cartoon frog.
23644,It isn't enough for women to be trans allies. Women must accept and admit that there is no material difference between trans women and themselves.
23655,I'm sick of this s--- . This is not a woman. These are #NotOurCrimes.
23656,"Kemi Badenoch and I might not agree on a lot, but how often are male politicians called ""spiteful""? And what's the issue with her manner? Did she fail in womanly sweetness, kindness and deference?"
23660,"I am not who I would like to be, It's just who I am right now."
23662,"These carwreck conversations always seem to end this way, with me knocked out on the gurney and you serenely pull away."
23670,We have met the enemy and he is us.
23674,"If you gotta be wrong 'bout somthin', that's 'bout the best thing they is to be wrong 'bout."
23678,"I'll tell you, son, the minority got us out-numbered!"
23679,So we got fifty percent. Babe Ruth didn't do no better. — Did you mean hittin' it... or throwin' it?
23682,Halp! My powerful brain is blowed itself up!
23684,Our government does not love its people.
23689,"If my wife said, I'm not going to be a communist, I'd say, well, forget it, by God, I'll forget you too."
23690,"I have failed I live for my people because they need me. But whenever they leave, they tell lies about the place."
23698,He who cares nothing for the good things of the world has dominion over them all.
23710,What? Men dodging this way for single bullets? What will you do when they open fire along the whole line? I am ashamed of you. They couldn't hit an elephant at this distance.
23713,Self-pity in its early stages is as snug as a feather mattress. Only when it hardens does it become uncomfortable.
23715,There is nothing so pitiful as a young cynic because he has gone from knowing nothing to believing nothing.
23737,Glory falls around us as we sob a dirge of desolation on the Cross and hatred is the ballast of the rock
23739,"Petulant priests, greedy centurions, and one million incensed gestures stand between your love and me."
23787,A reproach can only hurt if it hits the mark. Whoever knows that he does not deserve a reproach can treat it with contempt.
23805,Obstinacy is the result of the will forcing itself into the place of the intellect.
23811,Hatred comes from the heart; contempt from the head; and neither feeling is quite within our control.
23814,"Dissimulation is innate in woman, and almost as much a quality of the stupid as of the clever."
23816,"Noise is the most impertinent of all forms of interruption. It is not only an interruption, but also a disruption of thought."
23821,"Because people have no thoughts to deal in, they deal cards, and try and win one another's money. Idiots!"
23823,Intellect is invisible to the man who has none.
23827,The little honesty that exists among authors is discernible in the unconscionable way they misquote from the writings of others.
23831,"You're ripping us off! I trusted you, and now you're stealing from us!"
23832,"It is hard to think that a $2 billion company with 4,300-plus people couldn't compete with six people in blue jeans."
23835,"If, for some reason, we make some big mistake and IBM wins, my personal feeling is that we are going to enter a computer Dark Ages for about twenty years."
23838,"Sometimes when you innovate, you make mistakes. It is best to admit them quickly, and get on with improving your other innovations."
23854,The products suck! There's no sex in them anymore!
23855,"Apple has some tremendous assets, but I believe without some attention, the company could, could, could — I'm searching for the right word — could, could die."
23859,"But in the end, for something this complicated, it's really hard to design products by focus groups. A lot of times, people don't know what they want until you show it to them."
23861,"Unfortunately, people are not rebelling against Microsoft. They don't know any better."
23865,"You've baked a really lovely cake, but then you've used dog shit for frosting."
23869,The subscription model of buying music is bankrupt. I think you could make available the Second Coming in a subscription model and it might not be successful.
23872,Why would I ever want to run Disney? Wouldn't it make more sense just to sell them Pixar and retire?
23874,"It wasn't that Microsoft was so brilliant or clever in copying the Mac, it's that the Mac was a sitting duck for 10 years. That's Apple's problem: Their differentiation evaporated."
23875,I'm the only person I know that's lost a quarter of a billion dollars in one year.... It's very character-building.
23885,Our friends up north spend over five billion dollars on research and development and all they seem to do is copy Google and Apple.
23887,"I wish developing great products was as easy as writing a check. If that was the case, Microsoft would have great products."
23888,It's like giving a glass of ice water to somebody in hell!
23902,"Steve Jobs doesn't use a Mac, and won't, because it's too crappy in his opinion."
23903,I went drinking with Gray Powell and all I got was a lousy iPhone prototype.
23911,"The biggest disease today is not leprosy or tuberculosis, but rather the feeling of being unwanted."
23925,"If I ever become a Saint — I surely be one of ""darkness"". I will continually be absent from Heaven — to light the light of those in darkness on earth."
23928,To the memory of Mr. Stan Phillips. (...) Just another four-flusher.
23930,The perfect detective story cannot be written. The type of mind which can evolve the perfect problem is not the type of mind that can produce the artistic job of writing.
23944,I looked down at the chessboard. The move with the knight was wrong. I put it back where I had moved it from.Knights had no meaning in this game. It wasn't a game for knights.
23945,"On the way downtown I stopped at a bar and had a couple of double Scotches. They didn't do me any good. All they did was make me think of Silver-Wig, and I never saw her again."
23946,"Even on Central Avenue, not the quietest dressed street in the world, he looked about as inconspicuous as a tarantula on a slice of angel food."
23956,"I hung up.It was a step in the right direction, but it didn't go far enough. I ought to have locked the door and hid under the desk."
23959,The boys with their feet on the desks know that the easiest murder case in the world to break is the one somebody tried to get very cute with.
23968,Women who seek to be equal with men lack ambition.
23976,Why not?
23979,"Seven million people I turned on, and only one hundred thousand have come by to thank me."
24008,"Procrastination is one of the most common causes of failure.... Procrastination stands within the shadow of every human being, waiting his opportunity to spoil one's chances of success."
24012,"Inability to cooperate with others. More people lose their positions and their big opportunities in life, because of this fault, than for all other reasons combined."
24015,There is no substitute for honesty... there is NO HOPE for the person who is dishonest... p.88
24016,"Most people are too indifferent or lazy to acquire facts with which to think accurately. They prefer to act on ""opinions"" created by guesswork or snap-judgments. p.88"
24028,"I do not propose to criticize the fatuous argument I have just outlined; here, to expound is to expose."
24035,"No virus is known to do good: it has been well said that a virus is ""a piece of bad news wrapped up in protein."
24039,He who seeks equality between unequals seeks an absurdity.
24043,To acknowledge the presence of fear is to give birth to failure.
24045,It's a terrible thing to be alone — yes it is — it is — but don't lower your mask until you have another mask prepared beneath — as terrible as you like — but a mask.
24050,"Looking back, I imagine I was always writing. Twaddle it was too. But better far write twaddle or anything, anything, than nothing at all."
24052,"When we can begin to take our failures nonseriously, it means we are ceasing to be afraid of them. It is of immense importance to learn to laugh at ourselves."
24077,The majority of Americans — the ones who never elected you — are not fooled by your weapons of mass distraction.
24082,Stop this war! Shame on you Hobbits! Shame on you! This is a fictitious war! This Lord was not elected by the popular — .
24091,Because it would be Un-American.
24092,How does it feel to know that the man you elected to lead us after we were attacked went ahead and put a guy in charge of FEMA whose main qualification was that he ran horse shows?
24093,We are the richest country in the world. We spend more on health care than any other country. Yet we have the worst health care in the Western world. Come on. We can do better than this.
24118,If people should ever start to do only what is necessary millions would die of hunger.
24119,Once we know our weaknesses they cease to do us any harm.
24133,Be wary of passing the judgment: obscure. To find something obscure poses no difficulty: elephants and poodles find many things obscure.
24144,"If countries were named after the words you first hear when you go there, England would have to be called Damn It."
24157,"Just as the performance of the vilest and most wicked deeds requires spirit and talent, so even the greatest demand a certain insensitivity which under other circumstances we would call stupidity."
24159,Sickness is mankind's greatest defect.
24161,"What is the good of drawing conclusions from experience? I don't deny we sometimes draw the right conclusions, but don't we just as often draw the wrong ones?"
24162,Much reading has brought upon us a learned barbarism.
24171,Popular presentation today is all too often that which puts the mob in a position to talk about something without understanding it.
24172,The American who first discovered Columbus made a bad discovery.
24178,Virtue by premeditation isn't worth much.
24196,"If all else fails, the character of a man can be recognized by nothing so surely as by a jest which he takes badly."
24215,Of what good is democracy if it is not for the poor?
24217,You are repetitious and stupid.
24220,"It was I who gave the title ""J'accuse"" to Zola's letter."
24224,There are only two perfectly useless things in this world. One is an appendix and the other is Poincaré.
24232,"Americans have no capacity for abstract thought, and make bad coffee."
24236,"The quantum of a hypothetical German civilization would not take us very far, because she is to-day still too close to barbarism."
24240,"I scan the horizon in vain for any sign of a recovery. Day by day the position grows more serious through our inertia, while the designs of German violence shrink from no ways or means or instrument."
24241,A man's life is interesting primarily when he has failed — I well know. For it's a sign that he tried to surpass himself.
24261,KING: And the Palestinian people are the only people without a state...
24272,DR JAMES DOBSON: No apology.
24277,Yet do I hold that mortal foolish who strives against the stress of necessity.
24296,Ignorance of one's misfortunes is clear gain.
24300,A bad ending follows a bad beginning.
24302,"A woman should be good for everything at home, but abroad good for nothing."
24313,"Of all sad words of tongue or pen, the saddest are these, 'It might have been.' (quoting John Greenleaf Whittier)"
24317,"The village of Market Blandings is one of those sleepy hamlets which modern progress has failed to touch... The church is Norman, and the intelligence of the majority of the natives palaeozoic."
24318,As a sleuth you are poor. You couldn't detect a bass-drum in a telephone-booth.
24319,"There are some things a chappie's mind absolutely refuses to picture, and Aunt Julia singing 'Rumpty-tiddley-umpty-ay' is one of them."
24322,The fascination of shooting as a sport depends almost wholly on whether you are at the right or wrong end of the gun.
24326,"He trusted neither of them as far as he could spit, and he was a poor spitter, lacking both distance and control."
24331,"... ""someone tried to assasinate Lenin with a revolver. That is our (Russia's) great national sport, you see."
24333,"...These trousers may sit well, but, if they do, it is because the pockets are empty."
24338,He resembled a minor prophet who had been hit behind the ear with a stuffed eel-skin.
24355,"He groaned slightly and winced, like Prometheus watching his vulture dropping in for lunch."
24359,"Gussie, a glutton for punishment, stared at himself in the mirror."
24360,The female in question was a sloppy pest
24363,"I consider that of all the dashed silly, drivelling ideas I ever heard in my puff this is the most blithering and futile. It won't work. Not a chance."
24367,I goggled. Her words did not appear to make sense. They seemed the mere aimless vapouring of an aunt who has been sitting out in the sun without a hat.
24379,"If the prophet Job were to walk into the room at this moment, I could sit swapping hard-luck stories with him till bedtime."
24383,"He had never acted in his life, and couldn't play the pin in Pinafore."
24391,"Prismatic is the only word for those frightful tweeds and, oddly enough, the spectacle of them had the effect of steadying my nerves. They gave me the feeling that nothing mattered."
24405,"He felt like a man who, chasing rainbows, has had one of them suddenly turn and bite him in the leg."
24407,His whole aspect was that of a man who has unexpectedly been struck by lightning.
24408,Mere abuse is no criticism.
24417,"Breakfast had been prepared by the kitchen maid, an indifferent performer who had used the scorched earth policy on the bacon again."
24422,Before my eyes he wilted like a wet sock.
24424,"Oh, Bertie, if I ever called you a brainless poop who ought to be given a scholarship at some lunatic asylum, I take back the words."
24426,"Never put anything on paper, my boy, and never trust a man with a small black moustache."
24436,"I'd always thought her half-baked, but now I think they didn't even put her in the oven."
24449,"There are girls, few perhaps but to be found if one searches carefully, who when their advice is ignored and disaster ensues, do not say ""I told you so"". Mavis was not of their number."
24463,"I have many things to say. My every right, constitutional, civil, political and judicial has been tramped upon. I have not only had no jury of my peers, but I have had no jury at all."
24465,"I do not ask the clemency of the court. I came into it to get justice, having failed in this, I demand the full rigors of the law."
24474,I wanted to rub the human face in its own vomit and force it to look in the mirror.
24476,"In his mind Vaughan saw the whole world dying in a simultaneous auto disaster, millions of vehicles hurled together in a terminal congress of spurting loins and engine coolant."
24477,My brief stay at the hospital had already convinced me that the medical profession was an open door to anyone nursing a grudge against the human race.
24486,Let the psychotics take over. They alone understood what was happening.
24488,"Lysenkoism: A forlorn attempt not merely to colonize the botanical kingdom, but to instill a proper sense of the puritan work ethic and the merits of self-improvement."
24494,"Sooner or later, all games become serious."
24506,You're so far out you'd have to masquerade to get back in.
24508,"TO HELL WITH YOU. BUT THEN YOU'RE THERE, AREN'T YOU?"
24513,"You can't win, you can't break even, and you can't get out of the fucking game."
24515,He had writer's block once. It was the worst ten minutes of his life.
24526,There are no rules. Those who are in power make up the rules. So those out of favor are bound to break them.
24527,"I hate the PC, with a passion."
24529,"If the Internet turns out not to be the future of computing, we're toast. But if it is, we're golden."
24532,"Great achievers are driven, not so much by the pursuit of success, but by the fear of failure."
24539,A cabal of polemicists and public officials seek to ensnare our country in a series of wars that are not in America's interests.
24548,"The Bush Doctrine is democratic imperialism. This will bleed, bankrupt and isolate this republic. This overthrows the wisdom of the Founding Fathers about what America should be all about."
24549,"Listening to the neoconservatives, Bush invaded Iraq, united the Arab world against us, isolated us from Europe, and fulfilled to the letter bin Laden's prophecy as to what we were about."
24551,We are not hated for who we are. We are hated for what we do. It is not our principles that have spawned pandemic hatred of America in the Islamic world. It is our policies.
24554,"U.S. dominance of the Middle East is not the corrective to terror. It is a cause of terror. Were we not over there, the 9/11 terrorists would not have been over here."
24557,Globalization is the economic treason that dare not speak it name.
24558,"On Bush ""Free Trade"" policies, the Republican Party has signed off on economic treason."
24559,Bush has compiled a fiscal record of startling recklessness.
24560,"Like Thelma and Louise, Medicare and Social Security are headed for the cliff. And we are in the back seat."
24561,The dirty little secret is that Congress no longer wants the accountability that goes with the wielding of power.
24562,How did it happen that a republic born of a rebellion against a king and parliament we did not elect has fallen under a tyranny of judges we did not elect?
24563,The Left has found the Ho Chi Minh Trail around democracy...to impose its views and values upon our society without having to win elections or persuade elected legislators.
24568,"Stated bluntly, the Aztlan Strategy entails the end of the United States as a sovereign, self-sufficient, independent republic, the passing away of the American nation. They are coming to conquer us."
24569,"Democracy is not enough. If the culture dies, the country dies."
24571,"Like materialism, consumerism and socialism, suffers from the same fatal flaw. It feeds the body and starves the soul. And eventually bored people hear the old calls again."
24575,America's media seem utterly lacking in introspection. Do they understand why so many people hate them so? Do they care? Are they so smugly self-righteous and self-regarding they cannot see?
24588,"The orators — and the despots — have the least power in their cities … since they do nothing that they wish to do, practically speaking, though they do whatever they think to be best."
24594,to seek office oneself and not await compulsion is thought disgraceful. But the chief penalty is to be governed by someone worse if a man will not himself hold office and rule.
24596,"There is no one who ever acts honestly in the administration of states, nor any helper who will save any one who maintains the cause of the just."
24611,"I don't believe a committee can write a book. ... It can, oh, govern a country, perhaps. But I don't believe it can write a book."
24613,The human race's prospects of survival were considerably better when we were defenceless against tigers than they are today when we have become defenceless against ourselves.
24622,A life which does not go into action is a failure.
24626,There is no such thing as gratitude in international politics.
24632,"It would be well if, in studying the past, we could always bear in mind the problems of the present, and go to that past to seek large views of what is of lasting importance to the human race."
24636,I'm the most underdog underdog there is.
24643,"The best thing Clinton could do — I think I wrote him a letter about this, but I'm not sure — is to shut up.... He has no discipline."
24647,Any system of economics is bankrupt if it sees either value or virtue in unemployment. We simply cannot check inflation by keeping people out of work..
24653,"History teaches, perhaps, very few clear lessons. But surely one such lesson learned by the world at great cost is that aggression, unopposed, becomes a contagious disease."
24655,"Iraq is an unjust war. I thought then, and I think now, that the invasion of Iraq was unnecessary and unjust. And I think the premises on which it was launched were false."
24657,We are completely in bed with the Israelis to the detriment of the wellbeing of the Palestinians.
24661,There is an inherent feeling among many in this country that an African-American should not be president.
24662,"My name is Jimmy Carter, and I'm not running for president."
24663,"With massive arsenals still on hair-trigger alert, a global holocaust is just as possible now, through mistakes or misjudgments, as it was during the depths of the Cold War."
24666,"I guess my biggest failure was not getting reelected. not to ever let American hostages be held for 444 days in a foreign country without extracting them. I did the best I could, but I failed."
24667,"I obviously hoped that everything that I found would make a difference, … It ended up being way behind my wildest dreams."
24668,America does not at the moment have a functioning democracy.
24669,It would be a fruitless search to look through the Scriptures and find one single instance where Jesus did not treat women either equal or superior to men.
24670,We've become now an oligarchy instead of a democracy. And I think that's been the worst damage to the basic moral and ethical standards of the American political system that I've ever seen in my life.
24672,I think he's a disaster … In human rights and taking care of people and treating people equal. … I think there's been an attitude of ignorance toward the truth by President Trump.
24675,"I aimed at the public's heart, and by accident I hit it in the stomach."
24679,"I used to say to our audiences: ""It is difficult to get a man to understand something, when his salary depends upon his not understanding it!"
24691,"Stalin's secret police, the GPU (NKVD), has fall to the same level of the Nazi Gestapo."
24693,"The Constituent Assembly placed itself across the path of the revolutionary movement, and was swept aside."
24694,"In war, where both success and failure are repaid by death, hostile agents who penetrate into the rear are subject to execution. This is inhuman, but no one ever considered war a school of humanity."
24697,We Marxist communists are profoundly opposed to the anarchist doctrine. This doctrine is erroneous
24699,"Stalin's Problems of Leninism constitutes a codification of this ideological garbage, an official manual of narrow-mindedness, an anthology of enumerated banalities."
24700,The completion of the socialist revolution within national limits is unthinkable.
24704,It was as the supreme expression of the mediocrity of the apparatus that Stalin himself rose to his position.
24706,"The bureaucracy not only has not disappeared, yielding its place to the masses, but has turned into an uncontrolled force dominating the masses."
24721,"The men who declare that woman is the intellectual inferior of man, do not, and cannot, by offering themselves in evidence, substantiate their declaration."
24728,Blasphemy is a padlock which hypocrisy tries to put on the lips of all honest men.
24732,"There may have been sometime in the history of the world a worse religion than Old School Presbyterianism, but if there ever was, from cannibalism to civilization, I have never heard of it."
24733,"If this ""sacred"" book teaches man to enslave his brother, it is not inspired. A god who would establish slavery is as cruel and heartless as any devil could be."
24734,"It is a waste of money to pay priests to frighten our children, and paralyze the intellect of women."
24737,"Delaware has not had the best of opportunities. You must remember that it is next to New Jersey, which is quite an obstacle in the path of progress."
24738,"Nothing could tempt me to do this man injustice, though I could hardly add to the injury he has done himself."
24739,It may be said that it is unfair to call attention to bad things in the Bible. To this it may be replied that a divine being ought not to put bad things in his book.
24741,"The fact is, very few men are right in everything."
24744,"I cannot see why we should expect an infinite God to do better in another world than he does in this. If he allows injustice to prevail here, why will he not allow the same thing in the world to come?"
24745,"In the pulpit, hypocrites have been worshiped; upon the stage they have been held up to derision and execration."
24752,"We are told ""God so loved the world"" that he is going to damn almost everybody."
24754,For thousands of years people have been trying to force other people to think their way. Did they succeed? No. Will they succeed? No. Why? Because brute force is not an argument.
24756,"Every man who has thought, knows not only how little he knows, but how little every other human being knows, and how ignorant, after all, the world must be."
24757,Anything that can be laughed out of this world ought not to stay in it.
24761,Blasphemy is the word that the majority hisses into the ear of the few.
24765,Majorities are not necessarily right. If anything is known—if anything can be known—we are sure that very large bodies of men have frequently been wrong.
24772,"Every orthodox church is founded on mistake and falsehood. Every good orthodox minister asserts what he does not know, and denies what he does know."
24781,I confess that I do not see what good it does to fulminate against the English tyranny while the Roman tyranny occupies the palace of the soul.
24787,"One great part of every human existence is passed in a state which cannot be rendered sensible by the use of wideawake language, cutanddry grammar and goahead plot."
24789,My words in her mind: cold polished stones sinking through a quagmire.
24795,Gazing up into the darkness I saw myself as a creature driven and derided by vanity; and my eyes burned with anguish and anger.
24807,"How soft, how sad his voice is ever calling,Ever unanswered, and the dark rain falling,Then as now."
24809,"Around us fear, descendingDarkness of fear above"
24815,Ah star of evil! star of pain!Highhearted youth comes not again
24834,I write as a sow pisses.
24835,"I must give you a piece of intelligence that you perhaps already know — namely, that the ungodly arch-villain Voltaire has died miserably like a dog — just like a brute. That is his reward!"
24837,I care very little for Salzburg and not at all for the archbishop: I shit on both of them.
24846,Every word is like an unnecessary stain on silence and nothingness.
24855,"Poor juvenile solutions, explaining nothing. No need then for caution, we may reason on to our heart's content, the fog won't lift."
24866,"A mask of dirty old hairy leather, with two holes and a slit, it was too far gone for the old trick of please your honour and God reward you and pity upon me. It was disastrous."
24869,"Do you ever think? The voice, God forbid."
24871,"To contrive a little kingdom, in the midst of the universal muck, then shit on it, ah that was me all over."
24873,"The expression that there is nothing to express, nothing with which to express, nothing from which to express, no power to express, no desire to express, together with the obligation to express."
24880,"It sometimes happens and will sometimes happen again that I forget who I am and strut before my eyes, like a stranger."
24882,"Yes, there were times when I forgot not only who I was, but that I was, forgot to be."
24890,Let me say before I go any further that I forgive nobody. I wish them all an atrocious life and then the fires and ice of hell and in the execrable generations to come an honoured name.
24891,The loss of consciousness for me was never any great loss.
24898,"The essential is to go on squirming forever at the end of the line, as long as there are waters and banks and ravening in heaven a sporting god to plague his creatures, per pro his chosen shits."
24906,Hamm: Can there be misery (he yawns) loftier than mine?
24913,"Let me go to hell, that's all I ask, and go on cursing them there, and them look down and hear me, that might take some of the shine off their bliss."
24917,All of old. Nothing else ever. Ever tried. Ever failed. No matter. Try again. Fail again. Fail better.
24924,The face that thou shalt smite in earnest is bound thereafter to be boneless.
24934,"Things are not so painful and difficult of themselves, but our weakness or cowardice makes them so."
24935,"We are, I know not how, double in ourselves, which is the cause that what we believe we do not believe, and cannot disengage ourselves from what we condemn."
24948,"We were halves throughout, and to that degree that, methinks, by outliving him I defraud him of his part."
24949,There are some defeats more triumphant than victories.
24954,"It is the part of cowardice, not of courage, to go and crouch in a hole under a massive tomb, to avoid the blows of fortune."
24961,To an atheist all writings tend to atheism: he corrupts the most innocent matter with his own venom.
24964,I find that the best goodness I have has some tincture of vice.
24972,"Malice sucks up the greatest part of its own venom, and poisons itself."
24975,A man must be a little mad if he does not want to be even more stupid.
24983,"Plato says, ""'Tis to no purpose for a sober man to knock at the door of the Muses;"" and Aristotle says ""that no excellent soul is exempt from a mixture of folly."
24986,The middle sort of historians (of which the most part are) spoil all; they will chew our meat for us.
24990,"Some impose upon the world that they believe that which they do not; others, more in number, make themselves believe that they believe, not being able to penetrate into what it is to believe."
24991,"When I play with my cat, who knows whether I do not make her more sport than she makes me?"
25001,I find that the best virtue I have has in it some tincture of vice.
25014,"What if he has borrowed the matter and spoiled the form, as it oft falls out?"
25020,A little folly is desirable in him that will not be guilty of stupidity.
25024,Men are most apt to believe what they least understand.
25032,The lot of critics is to be remembered by what they failed to understand.
25034,"The public will accept a masterpiece, but it will not accept an attempt to write a masterpiece."
25038,"The mind petrifies if a circle be drawn around it, and it can hardly be denied that dogma draws a circle round the mind."
25047,"Humanity is a pigsty, where lions, hypocrites, and the obscene in spirit congregate."
25051,The wrong way always seems the more reasonable.
25071,"In a sense, all explanation must end in an ultimate arbitrariness."
25074,"Any physical object which by its influence deteriorates its environment, commits suicide."
25091,"Our habitual experience is a complex of failure and success in the enterprise of interpretation. If we desire a record of uninterpreted experience, we must ask a stone to record its autobiography."
25098,Error is the price we pay for progress.
25111,There are no whole truths; all truths are half-truths. It is trying to treat them as whole truths that plays the devil.
25121,"Shakespeare wrote better poetry for not knowing too much; Milton, I think, knew too much finally for the good of his poetry."
25127,"Be still, my heart, away with pain! Though passion stirs again In blood that now flows slowly And leads to paths once known, These paths you tread in vain For youth has flown."
25136,"I had grown a thin mustache, I was a full-grown man, and yet I was completely helpless and without a goal in life."
25180,The trouble is I don't believe my unbelief.
25183,He only felt his loneliness after his third gin.
25185,… it was the little things which tripped you up.
25190,"You can't conceive, my child, nor can I or anyone the … appalling … strangeness of the mercy of God."
25194,"He knew everything in theory, nothing in practice... He knew the moves, he'd never played the game."
25197,"Its typical of Mexico, of the whole human race perhaps — violence in favour of an ideal and then the ideal lost but the violence just going on."
25206,"People don't like reality, they don't like common sense, until age forces it on them."
25207,The hands of the guilty don't necessarily tremble; only in stories does a dropped glass betray agitation. Tension is more often shown in the studied action.
25216,"Innocence always calls mutely for protection when we would be so much wiser to guard ourselves against it: innocence is like a dumb leper who has lost his bell, wandering the world, meaning no harm."
25223,Cynicism is cheap—you can buy it at any Monoprix store—it's built into all poor-quality goods.
25227,God...created a number of possibilities in case some of his prototypes failed — that is the meaning of evolution.
25279,"O incredulity! the wit of fools,That slovenly will spit on all things fair,The coward's castle, and the sluggard's cradle."
25285,An ill weed grows apace.
25301,"Let pride go afore, shame will follow after."
25311,"Archers everHave two strings to a bow; and shall great Cupid(Archer of archers both in men and women),Be worse provided than a common archer?"
25320,"Mourne not inevitable things; thy teares can spring no deedsTo helpe thee, nor recall thy sonne: impacience ever breedsIll upon ill, makes worst things worse."
25321,"Nor could the foole abstaine,But drunke as often."
25337,There is definitely a fuck-you quality to the characters I choose.
25342,"She wants to go home, but nobody's home. It's where she lies, broken inside."
25357,"It never rains when you want it to You humble me, Lord"
25358,"I can't hold on very long Forgive me, pretty baby, but I always take the long way home"
25362,I signed up for what? I thought I was just ordering cable.
25363,The best-laid plans of mice and comedians usually wind up on the cutting-room floor.
25368,"apparently, they say, broke his hip. I think it's not the case. I believe his hip tried to escape."
25371,"Everybody thought Barack Obama was going to when he came to Washington, but, you know, the Senate seems like the place where smart people go to die."
25375,"Nazi Germany was so destructive to Judaism not only for the loss of life, but because many who survived began to see the practice of Judaism as somewhat of a health hazard."
25380,"We declared war on terror—it's not even a noun, so, good luck. After we defeat it, I'm sure we'll take on that bastard ennui."
25387,"You know what's interesting, though? You're as big a dick on your show as you are on any show."
25390,I do have some sad news to report. Björk couldn't be here tonight. She was trying on her Oscar dress and Dick Cheney shot her.
25394,"For those of you who are keeping score at home, I just want to make something very clear: Martin Scorsese, zero Oscars. Three 6 Mafia, one."
25399,taken reasonable concerns about this president and this economy and turned it into a full-fledged panic about the next coming of Chairman Mao.
25401,"If this is ""America First"", then America is fucked."
25402,"When corporations fail, you pay for it. But when they succeed, it's theirs. They socialize their losses and privatize their gains."
25403,Government picks winners and losers all the time.
25404,"Yes, we've lost the war on guns. Personally, I knew it was over after Sandy Hook. We had a chance to pick guns or Kindergarteners and we went with guns."
25412,"I knew I had a problem, and I couldn't admit it."
25419,Damned below Judas; more abhorred than he was.
25420,"Man disobeys, and deity disowns me."
25423,"Reasoning at every step he treads, Man yet mistakes his way, While meaner things, whom instinct leads, Are rarely known to stray."
25424,"Fate steals along with silent tread, Found oftenest in what least we dread, Frowns in the storm with angry brow, But in the sunshine strikes the blow."
25426,"Regions Caesar never knew Thy posterity shall sway; Where his eagles never flew, None invincible as they."
25429,Thus neither the praise nor the blame is our own.
25434,"Thousands, careless of the damning sin,Kiss the book's outside who ne'er look within."
25437,"Could he with reason murmur at his case,Himself sole author of his own disgrace?"
25439,"A knave, when tried on honesty's plain rule, And, when by that of reason, a mere fool."
25440,"Oh, fond attempt to give a deathless lot To names ignoble, born to be forgot!"
25442,He has no hope that never had a fear.
25447,I believe no man was ever scolded out of his sins.
25455,"Toll for the brave — The brave! that are no more; All sunk beneath the wave, Fast by their native shore!"
25463,"Me howling winds drive devious, tempest-tossed, Sails ripped, seams op'ning wide, and compass lost."
25466,Misery still delights to trace Its semblance in another's case.
25467,"No voice divine the storm allay'd, No light propitious shone; When, snatch'd from all effectual aid, We perish'd, each alone; But I beneath a rougher sea, And whelmed in deeper gulphs than he."
25479,"Glory, builtOn selfish principles, is shame and guilt."
25485,"Stamps God's own name upon a lie just made, To turn a penny in the way of trade."
25508,"The solemn fop; significant and budge; A fool with judges, amongst fools a judge."
25509,"His wit invites you by his looks to come, But when you knock it never is at home."
25511,"Our wasted oil unprofitably burns, Like hidden lamps in old sepulchral urns."
25513,But that disease when soberly definedIs the false fire of an o'erheated mind.
25524,O solitude! where are the charms That sages have seen in thy face? Better dwell in the midst of alarms Than reign in this horrible place.
25542,"It seems idolatry with some excuse,When our forefather Druids in their oaksImagined sanctity."
25551,"The path of sorrow, and that path alone, Leads to the land where sorrow is unknown."
25563,"The overwhelming majority of theories are rejected because they contain bad explanations, not because they fail experimental tests."
25578,Cynicism is only intellectual sloth.
25582,"Basically, men are afraid of women and can't handle the fact that they came out of the same thing they spend the rest of their lives trying to get back into."
25583,"We'll do it live... WE'LL DO IT LIVE! DO IT LIVE... look, I'll write it and we'll do it live! Fucking thing SUCKS!"
25584,"All this is beyond me. I had trouble with Lincoln Logs. Remember Lincoln Logs? I mean, that was it for me."
25585,I don't care about the Constitution!
25588,"If the Americans go in and overthrow Saddam Hussein and it's clean, he has nothing, I will apologize to the nation, and I will not trust the Bush Administration again, all right?"
25589,"I was wrong. I am not pleased about it at all and I think all Americans should be concerned about this… What do you want me to do, go over and kiss the camera?"
25595,:But you were a media guy.
25597,"I just wish Katrina had only hit the United Nations building, nothing else, just had flooded them out, and I wouldn't have rescued them."
25600,:Because I think she's run by far-left elements in this country. I feel bad for the woman.
25608,"America today is a confused society, caught up in a terror war, a culture war, and a media war, where honesty and professional standards have vanished."
25610,This is the worst stuff on the Internet. There isn't anything worse than this.
25624,CNN has gone to the dark side.
25625,"You know, look, if I could strangle these people and not go to hell and get executed, I would, but I can't."
25644,Do the atheists in Wisconsin realize they're going to Hell? Did you ask them that?
25652,Tyranny is always better organised than freedom.
25658,"My mind is incapable of conceiving such a thing as a soul. I may be in error, and man may have a soul; but I simply do not believe it. What a soul may be is beyond my understanding."
25662,Restlessness is discontent — and discontent is the first necessity of progress. Show me a thoroughly satisfied man — and I will show you a failure.
25663,"So far as the religion of the day is concerned, it is a damned fake … Religion is all bunk."
25669,Just because something doesn't do what you planned it to do doesn't mean it's useless.
25687,"I have deeply regretted that I did not proceed far enough at least to understand something of the great leading principles of mathematics, for men thus endowed seem to have an extra sense."
25698,"Though the theory is worthless without the well-observed facts, the facts are useless without the frame of the theory to receive them."
25704,"Owen says my book will be forgotten in 10 years; perhaps so, but, with such a list , I feel convinced that the subject will not."
25714,"Can the ""word"" be pinned down to either one period or one church? All churches are, of course, only more or less unsuccessful attempts to represent the unseen to the mind."
25724,How very little can be done under the spirit of fear.
25727,Moral activity? There is scarcely such a thing possible! Everything is sketchy. The world does nothing but sketch.
25736,Politics is not the art of the possible. It consists in choosing between the disastrous and the unpalatable.
25737,"In the really hard cases you're choosing between the disastrous and the catastrophic, and it's hard to tell someone which one is which."
25740,"You will find that State is the kind of organisation which, though it does big things badly, does small things badly too."
25746,"In any great organization it is far, far safer to be wrong with the majority than to be right alone."
25764,"However, it is safe to say that at the peak in 1929 the number of active speculators was less — and probably was much less — than a million."
25765,"In these matters, as often in our culture, it is far, far better to be wrong in a respectable way than to be right for the wrong reasons."
25770,"The market had reasserted itself as an impersonal force beyond the power of any person to control, and, while this is the way markets are supposed to be, it was horrible."
25773,One of the uses of depression is the exposure of what auditors fail to find.
25775,"Wall Street's crime, in the eyes of its classical enemies, was less its power than its morals."
25778,"The advisers and counselors were not, however, analyzing the danger or even the possibility. They were serving only as the custodians of bad memories."
25779,"At best, in such depression times, monetary policy is a feeble reed on which to lean."
25780,But there is still a considerable difference between a failure to do enough that is right and a determination to do much that is wrong.
25784,Ideas are inherently conservative. They yield not to the attack of other ideas but to the massive onslaught of circumstance with which they cannot contend.
25785,"Ideas do not respect national frontiers, and this is especially so where language and other traditions are in common."
25792,"In recent times no problem has been more puzzling to thoughtful people than why, in a troubled world, we make such poor use of our affluence."
25795,Very important functions can be performed very wastefully and often are.
25798,"Poverty"" Pitt exclaimed ""is no disgrace but it is damned annoying."" In the contemporary United States it is not annoying but it is a disgrace."
25799,Private enterprise did not get us atomic energy.
25815,"While it will be desirable to achieve planned results, it will be even more important to avoid unplanned disasters."
25816,"Oligopoly is an imperfect monopoly. Like the despotism of the Dual Monarchy, it is saved only by its incompetence."
25834,"In the United States, though power corrupts, the expectation of power paralyzes."
25837,A constant in the history of money is that every remedy is reliably a source of new abuse.
25841,"Seaboard Air Line, which was thought by numerous innocents to provide a foothold in aviation, was another favorite, although, in fact, it was a railroad."
25842,"The foresight of financial experts was, as so often, a poor guide to the future."
25843,If all else fails immortality can always be assured by adequate error.
25844,There was something superficial in attributing anything so awful as the Great Depression to anything so insubstantial as speculation in common stocks.
25847,Foresight is an imperfect thing — all prevision in economics is imperfect.
25849,With the American failure came world failure.
25857,American university presidents are a nervous breed; I have never thought well of them as a class.
25864,The privileged have regularly invited their own destruction with their greed.
25881,Don't pay any attention to what she says. Half of it's always wrong and she doesn't mean the rest.
25882,"I think perhaps of all the things a police state can do to its citizens, distorting history is possibly the most pernicious."
25892,"It was fairly evident that at least 90 per cent of all magic, probably more, was balderdash and sheer mystification."
25897,"It is very difficult to tuck a bugle call back into a bugle. Pandora's Box is a one-way proposition. You can turn a pig into sausage, but not sausage into pig. Broken eggs stay broken."
25898,Imperialism degrades both oppressor and oppressed.
25900,"But that's not possible!""Frost looked more weary than ever. Don't you think it is about time you stopped using that term, son?"
25904,"Like many a man before him, he found himself forced into a lie because the truth simply would not be believed."
25909,For vice has this defect; it cannot be truly intelligent. Its very motives are its weakness.
25917,Men! Their minds were devious—they seemed to like twisted ways of doing things. It confirmed her opinion that men should not be allowed to vote.
25922,A totalitarian political religion is incompatible with free investigation.
25925,"They're crazy.""""No, Meade. One such is crazy; a lot of them is a lemming death march."
25928,"What good is the race of man? Monkeys, he thought, monkeys with a spot of poetry in them, cluttering and wasting a second-string planet near a third-string star. But sometimes they finish in style."
25940,"Theobald ignored him. He could be deaf when he chose; he seemed to find it particularly difficult to hear the word ""No."
25948,"Sometimes I think,"" he told Tex, ""that Th'Wing thinks that I am an idiot studying hard to become a moron—but flunking the course."
25969,You can only grieve so much; after that it's self pity.
25972,"There is one thing no head of a country can know, and that is: how good is his intelligence system? He finds out only by having it fail him."
25980,"Don, have you been dealing with a booklegger?"
25982,"He had let himself be bulldozed by the odds against him. He promised himself never again to pay any attention to the odds, but only to the issues."
25984,"He gave up and went back to loafing, found that he could sleep all right in the afternoons but that the practice kept him awake at night."
25994,Everybody has a skeleton in the closet; the thing is to keep 'em there and not at the feast.
25996,Like searching at midnight in a dark cellar for a black cat that isn't there.
25997,Sic transit gloria mundi—Tuesday is usually worse.
26000,"I guess I don't understand women.""""That's an understatement."
26002,It seemed to John that most of the older people in the world spent much of their time not listening.
26003,"Any organization calling itself ""The Friends of This or That"" always consisted of someone with an axe to grind, plus the usual assortment of prominent custard heads and professional stuffed shirts."
26004,"If you can't outargue the other fellow, sometimes you can outlive him."
26005,"I do not like weapons, Doctor; they are the last resort of faulty diplomacy."
26011,"Cut it out. If there is anything stupider that flogging yourself over something you can't help, I've yet to meet it."
26014,One time in a hundred a gun might save your life; the other ninety-nine it will just tempt you into folly.
26016,Good stories are rarely true.
26017,"Shaving, the common cold, and taxes...my old man says those are the three eternal problems the race is never going to lick."
26018,"When you haven't data, guessing is illogical."
26019,Rod...were you born that stupid? Or did you have to study?
26022,"Pat, can't you get it through your thick head to leave well enough alone?""""I don't see what's wrong with my logic.""""Since when was an emotional argument won by logic?"
26024,"I don't know; maybe Frank had good intentions, but I sometimes think ""good intentions"" should be declared a capital crime."
26026,I decided not to cross any bridges I had burned behind me.
26032,Take sides! Always take sides! You will sometimes be wrong — but the man who refuses to take sides must always be wrong.
26038,Nobody ever wins a lawsuit but the lawyers.
26045,"But mathematics Thorby saw no use in, other than the barbaric skill of counting money. But presently he learned that mathematics need not have use; it was a game, like chess but more fun."
26050,Since Thorby had no talent he became an actor.
26068,You're in bad shape when your emotions force you into acts which you know are foolish.
26069,"Some people insist that ""mediocre"" is better than ""best."" They delight in clipping wings because they themselves can't fly. They despise brains because they have none. Pfah!"
26071,"Peewee!"" I said sharply. ""You're not listening.""""What were you doing talking,"" she answered reasonably, ""when I wasn't listening?"
26079,"Old age is not an accomplishment; it is just something that happens to you despite yourself, like falling downstairs."
26081,"Clark just looked bored and contemptuous and said nothing, because Clark would not bother to interfere with Armageddon unless there was ten percent in it for him."
26083,It's lots better to be miserable than to be bored.
26094,"If a grasshopper tries to fight a lawnmower, one may admire his courage but not his judgment."
26112,A generation which ignores history has no past —and no future.
26117,Never underestimate the power of human stupidity.
26121,Be wary of strong drink. It can make you shoot at tax collectors — and miss.
26122,Evolution is a process that never stops. Baboons who fail to exhibit moral behavior do not survive; they wind up as meat for leopards.
26123,This Universe never did make sense; I suspect that it was built on government contract.
26124,"No philosopher allows his opinions to be swayed by facts—he would be kicked out of his guild. Theologians, the lot of them."
26125,I hadn't learned much in high school; I had majored in girls.
26126,A man who bets on greed and dishonesty won't be wrong too often.
26135,I am forced to conclude that being right has little to do with holding a woman's affections.
26139,"As for population, every major shortcoming of our native planet could be traced to one cause: too many people, not enough planet."
26141,One can't expect logic from males; they think with their testicles and act from their emotions.
26145,"My mistake. My inexcusable mistake, as a con man never stops being a con man; he can't. But I suffered from a will to believe, a defect of character that I thought I had rooted out. I was mistaken."
26147,Stupid fools look just as good as military geniuses until the fighting starts.
26156,It seems to me that any law that is not enforced and can't be enforced weakens all other laws.
26157,"Self-pity, he said, is the most demoralizing of all vices."
26159,Las Vegas is a three-ring circus with a hangover.
26168,There is no way that writers can be tamed and rendered civilized. Or even cured.
26174,Shrinks are the blind leading the blind; even the best of them are dealing from a short deck. Anyone who consults a shrink should have his head examined.
26177,"This sort of nonsense should be lumped with transubstantiation. If true, it can't be proved."
26178,How can you argue with a woman who won't?
26190,Remember that ancient Persian parable about doubling grains of rice on a chessboard? Four billion people are a smidgen larger than a grain of rice; you quickly run out of chessboard.
26195,What he did have was a loud voice and no respect for tyrants. Tyrants hate people like that.
26202,Be a pessimist and you will hardly ever be wrong.
26205,"Population pressure works much like a rising river. You can put up dikes or levees, but the day comes when the river has to go somewhere."
26213,"The few VIPs I've met struck me as hollow shells, animated by PR men."
26214,"Leave it to ""worthy causes""? That is thin gruel, my friend. Most of such money is sopped up by administration, i.e., eaten by parasites."
26219,I expect this to be my last venture in this field; 'tain't worth the grief
26220,"neglects to take sufficiently into account the possibilities of critical musical analysis as though from within the culture, be it by a native or a native-trained foreigner."
26224,"I would be unelectable. I'm an atheist. As we all know, that is something people won't accept."
26227,"If I were a better artist, I'd be a painter, and if I were a better writer, I'd write books — but I'm not, so I draw cartoons!"
26231,The United States appear to be destined by Providence to plague America with misery in the name of liberty.
26233,"The three greatest fools of History have been Jesus Christ, Don Quixote . . . and me!"
26234,"Damn it, how will I ever get out of this labyrinth?"
26238,Absolute democratic government is as much a tyranny as despotism.
26240,"That is a Medieval way of drawing history, in which they do not respect the law and want the rest of the world to respect the law. That's not possible."
26252,I agree with you that in politics the middle way is none at all.
26268,"Although neither nation has been brought to admit that they were chargeable with the first infraction, yet no American can forget the carrying off the negroes."
26280,"All projects of government, formed upon a supposition of continual vigilance, sagacity, and virtue, firmness of the people, when possessed of the exercise of supreme power, are cheats and delusions."
26283,"Abuse of words has been the great instrument of sophistry and chicanery, of party, faction, and division of society."
26284,"Banks have done more injury to the religion, morality, tranquility, prosperity, and even wealth of the nation than they can have done or ever will do good."
26290,It seemed awful crude and raw here when I got back . It took me ten years to get over Europe.
26291,"I was always interested in architecture, but the editors wanted people waving with their arms."
26303,All I ever wanted to do is to paint sunlight on the side of a wall.
26315,"It's probably a reflection of my own, if I may say, loneliness. I don't know. It could be the whole human condition."
26323,The PSP will not be able to display anything that you cannot do on a current system.
26324,So you know cats are interesting. They are kind of like girls. If they come and talk to you it's great. But if you try to talk to them it doesn't always go so well.
26327,"If you release a game in a bad state, you will always regret it."
26329,"All the public business in Congress now connects itself with intrigues, and there is great danger that the whole government will degenerate into a struggle of cabals."
26337,"I told him that I thought it was law logic — an artificial system of reasoning, exclusively used in Courts of justice, but good for nothing anywhere else."
26338,All men profess honesty as long as they can. To believe all men honest would be folly. To believe none so is something worse.
26383,"The House of Lords, an illusion to which I have never been able to subscribe — responsibility without power, the prerogative of the eunuch throughout the ages."
26395,The days of the digitals are numbered. The metaphor is built into them like a self-destruct mechanism.
26397,Public postures have the configuration of private derangement.
26398,"I'd push the lot of you over a cliff myself. Except the one in the wheelchair, I think I'd lose the sympathy vote before people had time to think it through."
26411,"Wake me up for breakfast, if I'm not dead."
26412,(Falls down in a drunken stupor): Let's sit down.
26424,On the day Kazan showed me the completed picture I was so depressed by my performance that I got up and left the screening room.
26429,"A huge parasite in the marketplace, feeding and fattening itself off of local television stations and copyright owners of copyrighted material. We do not like it because we think it wrong and unfair."
26435,No one today knows what is indecent.
26442,There is no fair use to take something that doesn't belong to you. That's not fair use.
26443,Fair use is not in the law.
26447,There are more useful systems developed in languages deemed awful than in languages praised for being beautiful — many more.
26448,Anybody who comes to you and says he has a perfect language is either naïve or a salesman.
26451,"Maybe ""just one little global variable"" isn't too unmanageable, but that style leads to code that is useless except to its original programmer."
26452,Proof by analogy is fraud.
26454,A program that has not been tested does not work.
26457,There are only two kinds of languages: the ones people complain about and the ones nobody uses.
26458,"Far too often, ""software engineering"" is neither engineering nor about software."
26461,"C makes it easy to shoot yourself in the foot; C++ makes it harder, but when you do it blows your whole leg off."
26463,Do not they bring it to pass by knowing that they know nothing at all?
26471,It is up with you; all is over; you are ruined.
26490,"It is the common vice of all, in old age, to be too intent upon our interests."
26509,"I think the most un-American thing you can say is, ""You can't say that."
26510,"Jesus said the meek would inherit the earth, but so far all we've gotten is Minnesota and North Dakota."
26511,"If you can't trust a Methodist with absolute power to arrest people and not have to say why, then whom can you trust?"
26512,"In electronic publishing, they're are no editors and if their are there not very good."
26520,I wasn't really dead.
26524,We thought we'd be really big in Liverpool.
26526,I'd like to be able to go on holiday and not to have to hold my belly in for two whole weeks.
26528,"Why she had to go I don't know, she wouldn't say I said something wrong, now I long for yesterday."
26533,"Hey Jude, don't make it bad Take a sad song and make it better. Remember to let her into your heart Then you can start to make it better."
26536,I thought the only lonely place was on the moon.
26540,"And who cannot but remember, That Religion, Liberty and Property were all lost and gone, when the Monarchy was shaken off, and could never be reviv'd till that was restored."
26545,I may be uninspiring but I'll be d——d if I'm alien.
26548,"After I am dead, the boy will ruin himself in twelve months."
26552,A demagogue is a person with whom we disagree as to which gang should mismanage the country.
26562,what man calls civilization always results in deserts
26563,each generation wastes a little moreof the future with greed and lust for riches
26594,"Haec non suis commodis prosperitatem, sed ex alienis metitur incommodis."
26595,In every organization there is a considerable accumulation of dead wood in the executive level.
26596,Occupational incompetence is everywhere. Have you noticed it? Probably we all have noticed it.
26597,In a hierarchy every employee tends to rise to his level of incompetence.
26598,"In time, every post tends to be occupied by an employee who is incompetent to carry out its duties. Do not be fooled by apparent exceptions."
26599,Never stand when you can sit; never walk when you can ride; never Push when you can Pull.
26600,Incompetence plus incompetence equals incompetence
26602,"On second thought, maybe the atheist cannot find God, for the same reason a thief cannot find a policeman."
26615,"Given ignorance in the mix, stupidity was at least as common in politics as astute maneuvering;"
26620,"She was a student of history, valued the lessons of it. The worst atrocities began with half-measures, with apologies, compromising with the wrong side, shrinking from what had to be done."
26623,"Obsolescence and death, the reign of the archaic, the abandoned, and the corny: Really, if you saw Windows 3.0 on the sidewalk outside the building, would you bend over and pick it up?!?"
26628,Centralized bureaucracies always protect the status quo. They don't innovate. And it's innovation that's the real threat.
26631,"When the People march in one direction, it only hurts to ask awkward questions."
26632,"Where there's war, there's whores."
26635,"I'll grant you good intentions, but intentions don't count for much. Corruption—that's what counts."
26636,Agriculture is the oldest and most vicious of humanity's bio-technologies.
26642,"But Dad... what if I just beat people up with my baton? Wouldn't they have to do whatever I say?""Pitar laughed. ""That's been tried. It never works out well."
26650,"Of all the times to pick for this outbreak of idiocy, this has gotta be the worst possible. It's got to be deliberate. Nothing this fouled up could be by chance."
26652,"I don't know whose judgement is worse, yours or the jerk's who hired you—"
26655,"There are weapons all around us here, we just don't recognize them because we call them ""tools."
26666,"And what is the most important leg of a three-legged stool? The one that is missing, of course."
26669,"If it ever came down to exerting power by force, it would mean I'd already lost it."
26671,"Even after four days of oatmeal and blue cheese dressing, they were a disappointment.""Are you sure this isn't instant boots?"" asked Cordelia."
26686,"But exile, for no other motive than ease—that would be to give up all hope of honor. The last defeat, with no seed of future victory in it."
26689,"Women shouldn't be in combat,"" said Vorkosigan, grimly glum.""Neither should men, in my opinion."
26696,"You can't choose between evil and evil, in the dark, by logic. You can only cling to some safety line of principle."
26698,"Stupidity, yes, but not unilateral stupidity. Something this screwed up had to have taken a committee."
26705,Suicidal glory is the luxury of the irresponsible. We're not giving up. We're waiting for a better opportunity to win.
26706,I don't want power. I just object to idiots having power over me.
26708,"Children might or might not be a blessing, but to create them and then fail them was surely damnation."
26709,"I would fight the world for you, but I'm damned if I can figure out how to save you from yourself. Go for it, kid."
26716,"A mercenary who can't honor his contract when it's rough as well as smooth is a thug, not a soldier."
26717,In the long run more mercenaries have had their asses shot off by their contractors than by their enemies.
26722,"Not only was Ivan an idiot, but he generated a telepathic damping field that turned people nearby into idiots too."
26736,"Those who do not know their history, his thought careened, are doomed to keep stepping in it. Alas, so were those who did, it seemed."
26740,"This isn't a good war game, Dad says,"" commented Miles. ""Not enough random factors and uncontrolled surprises to simulate reality."
26744,"Yes, well…actual combat…is a lot stupider than I'd imagined. If two groups can cooperate to the incredible extent it takes to meet in battle, why not put in a tenth that effort to talk?"
26748,"I may be small, but I screw up big because I'm standing on the shoulders of GIANTS."
26761,"Vorreedi stated dangerously, ""I am not a mushroom, Lieutenant Vorkosigan.""To be kept in the dark and fed on horseshit, right. Miles sighed inwardly."
26763,"In my experience, milady, we can never get back to exactly where we started, no matter how hard we try."
26771,The rest of the universe was disappointing at first glance.
26777,"Innocence might be bliss, but ignorance was demonstrably hell."
26791,"Communication. This lack of word from the outside world might drive even him crazy shortly.It was as bad as prayer, talking to a god who never talked back."
26800,"There are a number of people in the universe I'd be willing to double-cross, but my own wounded aren't among 'em."
26811,"Sociopath therapy was invented for people like him. No, no. The last person he wants for a character witness is someone who weeks him."
26817,The will to be stupid is a very powerful force—
26819,"Power is safety.""""Let me give you a hint,"" said Miles. ""There is no safety. Only varying states of risk. And failure."
26822,They are the most insidious propagandists ever to cloak self-serving greed with pseudo-patriotism.
26826,And what goes on in the head of a walking dead man? Miles wondered. What personal failure could he possibly fear more than death itself?
26827,And so men organized themselves for the sake of their technology as they never had for their principles. The sea's politics were unarguable.
26829,"It's so damned useless! The dead hand of the past goes on jerking the strings by galvanic reflex, and we poor puppets dance—nothing is served, not us, not him, not Komarr…"
26831,"You must learn to kill if you expect to survive.""""No you don't,"" Miles put in. ""Most people go through their whole lives without killing anybody. False argument."
26832,"He felt like a man trying to assemble a jigsaw puzzle of live pieces, that moved and changed shape at random intervals with tiny malicious giggles."
26843,"I swear,"" Mark whispered, ""excess suspicion makes us bigger fools than excess trust does."
26844,"I do think, half of what we call madness is just some poor slob dealing with pain by a strategy that annoys the people around him."
26845,"If anyone was sane here, he swore it was by accident."
26851,"They hesitated. Ah, the downside of perfect obedience: crippled initiative."
26852,"Sometimes, insanity is not a tragedy. Sometimes, it's a strategy for survival. Sometimes...it's a triumph."
26859,"Well, if you couldn't be good, at least you could be discreet."
26871,"I despise internal investigations. Even if you win, you lose."
26879,To this day she didn't know if he taken her disgusted refusal to defend herself for a covert admission of guilt.
26884,The laws of physics took precedence over heroic intent for the next couple of seconds.
26887,At the moment I have very little evidence and lots of theories. I'm itching to reverse the proportions.
26890,Aim high. You may still miss the target but at least you won't shoot your foot off.
26897,She probably felt about matrimony the way Miles felt about needle-grenade launchers.
26899,He consoled himself with the reflection that it was seldom he found himself in company who made him feel this stupid. It was probably good for his soul.
26901,He's not even a mad scientist. He's merely a very upset engineer.
26931,How can you stand me? I can't even stand me.
26933,"Government by thugs in the Bloody Centuries gave Barrayar many colorful historical incidents, suitable for high drama. I don't think it's a drama we wish to return to in real life."
26934,"So much for that line of reasoning, Lord Richars,"" Ekaterin finished. She sat back with a hand-dusting gesture, and added, by no means under her breath, ""Twit."
26935,"If power was an illusion, wasn't weakness necessarily one also?"
26940,Military intelligence was as nothing to military stupidity.
26941,"There were security angles, political angles, personal angles—how many angles could dance on the head of a pin?"
26946,"Yet if the truth doesn't serve us, what does that say about us, eh?"
26958,"It's been a long time since I wagered so much on a single throw. Though if I'm to revisit the desperation of my youth, I want the body back, too."
26968,"Only five days on this benighted world, and already total strangers are trying to kill me.Sadly, it wasn't even a record."
26970,"While not reliable enough to be put in charge of anything more complicated than a dishwasher, they were very easy to convince that all their troubles were someone else's fault."
26975,"He didn't exactly have a plan, yet. More of a stab in the dark. He still wasn't sure what his blade would connect with…"
26978,"Never underestimate the human capacity for wishful thinking and willful blindness,"" said Miles. Such as a whole society of people who became so wrapped up in avoiding death, they forgot to be alive?"
26988,"One of the best things about writing is how it redeems, not to mention recycles, all of one's prior experiences, including — or perhaps especially — the failures."
26989,"I have a catchphrase to describe my plot-generation technique — ""What's the worst possible thing I can do to these people?"
26994,"Right or wrong, what I also saw was that you made an enemy, and left him alive behind you. Great charity. Bad tactics."
26996,"The gods' most savage curses come upon us as answers to our own prayers, you know."
26998,The confusion of mind you dub honor is a disease.
27001,"Ignorance is not stupidity, but it might as well be."
27003,"Just what kind of noose are you offering to put round my neck, here? Is this treason?"" ""Worse,"" Cazaril sighed. ""Theology."
27010,"The entire center of her life was a blackened waste, its long years not to be recovered nor replaced."
27019,"Too little payment for a crime, too much for an accident."
27023,Those who are unwilling to admit error are fated to repeat it?
27027,"High court politics,"" said Ingrey slowly, ""are as godless as anything I know."
27029,"It is as much an error to take truth for lies, as lies for truth."
27033,"The gods have no hands in this world but ours. If we fail Them, where then can They turn?"
27034,"Her lips curved up. ""That's very Ingrey of you, Ingrey. Always look on the dark side."
27043,"Taste the betrayal of the gods, then; I have dined on it for ages."
27051,"A few other works, half of which turn out to be rubbish. Always a problem with written sources, which frequently tell you far more about the person who wrote them than the subject addressed."
27054,The world is not always so friendly a place that you can afford to squander your advantages on a pointless conceit.
27059,"This demon seemed slow to deploy even the most basic magics, but maybe dolphins didn't think in terms of arson."
27063,You're worse than evil. You're inefficient.
27065,No prayer addressed to my god ever returned any useful insight.
27070,It didn't seem wise to assume all had gone as planned.
27074,"Just once, Pen thought glumly, he'd like to get an answer to prayers, instead of being delivered as one."
27075,Pen spared a moment of fresh loathing for the sectarian idiocy that made even children afraid.
27078,"Pen would pray to his God for guidance, but he never did get any back when he did that, so he supposed he must use his own judgment."
27081,Don't borrow trouble the interest rate is much too high.
27084,The man was embezzling demons?
27087,"A quagmire of delay,"" Lady Xarre observed, ""has trapped efforts at righting wrongs before."
27089,"Really, murmured Des, Tronio is like a chicken that brought its own pot and onions."
27104,"We suffer primarily not from our vices or our weaknesses, but from our illusions. We are haunted, not by reality, but by those images we have put in their place."
27116,Oh Patimkin! Fruit grew in their refrigerator and sporting goods dropped from their trees!
27125,Is an intelligent human being likely to be much more than a large-scale manufacturer of misunderstanding?
27129,And he couldn't do it. He could not fucking die. How could he leave? How could he go? Everything he hated was here.
27137,"You try to be a thoughtful person, a reasonable person, an accommodating person, and then this happens. Where is the sens in life?"
27140,"Surely you haven't lived all these years punishing yourself, despising yourself, for something you didn't do. That's much too harsh a sentence."
27141,"There is an epidemic and he needs a reason for it. That it is pointless, contingent, preposterous, and tragic will not satisfy him. That is is a proliferating virus will not satisfy him."
27148,Ignorance and obscurantism have never produced anything other than flocks of slaves for tyranny.
27150,"Socialism must inevitably end in Caesarism. ... Disestablishment, Land Reform, Universival Brotherhood are but like milestones on the road to ruin."
27160,It is to be remarked that a good many people are born curiously unfitted for the fate awaiting them on this earth.
27174,"I had been six years at sea, but had only seen Melbourne and Sydney, very good places, charming places in their way — but Bankok!"
27179,"There is no credulity so eager and blind as the credulity of covetousness, which, in its universal extent, measures the moral misery and the intellectual destitution of mankind."
27189,"Who knows what true loneliness is — not the conventional word, but the naked terror? To the lonely themselves it wears a mask. The most miserable outcast hugs some memory or some illusion."
27192,The belief in a supernatural source of evil is not necessary; men alone are quite capable of every wickedness.
27196,"It used to be fashionable for authors to have their pictures taken with dogs, but the dogs always looked like models hired from an advertising agency, and probably were."
27213,"Today I live in the gray, muffled, smelless, puffy, tasteless half-world of those who have colds."
27214,"Men of action, I notice, are rarely humble, even in situations where action of any kind is a great mistake, and masterly inaction is called for."
27216,I am not even prepared to meet Professor Einstein or Bertrand Russell; why should I vaingloriously assume that God would find me interesting?
27217,"If you attack stupidity, you attack an entrenched interest with friends in government and every walk of public life, and you will make small progress against it."
27219,"Principally I played pedants, idiots, old fathers, and drunkards. As you see, I had a narrow escape from becoming a professor."
27222,"The world is full of people whose notion of a satisfactory future is, in fact, a return to an idealised past."
27226,"Foolish people laugh at those readers a century ago who wept over the novels of Dickens. Is it a sign of superior intellect to read anything and everything unmoved, in a grey, unfeeling Limbo?"
27237,"It would certainly be better if a writer like Leacock knew always what was best to do and what would look best in the eyes of posterity, but such unnatural foresight cannot be required of any man."
27240,"There are, one presumes, tone-deaf readers."
27243,I do not trust any advice which is given in bad prose.
27248,"The day has long passed when a university degree was a guarantee of experience in the humanities, or of literacy beyond its barest meaning of being able, after a fashion, to read and write."
27255,"After all, we are human beings, and not creatures of infinite possibilities."
27256,People are not saints just because they haven't got much money or education.
27262,"I have no skills with machines. I fear them, and because I cannot help attributing human qualities to them, I suspect that they hate me and will kill me if they can."
27263,"Modern disillusion is unlikely to last forever, and nothing rings so hollow as the angst of yesterday."
27264,"Poetry which has decided to do without music, to divorce itself from song, has thrown away much of its reason for being..."
27275,The problem for a Paracelsian physician like me is that I see diseases as disguises in which people present me with their wretchedness.
27282,"The Star Trek computer doesn't seem that interesting. They ask it random questions, it thinks for a while. I think we can do better than that."
27287,Have a healthy disregard for the impossible.
27294,a language which we speak and understand but cannot translate
27295,"Dehumanization, although a concrete historical fact, is not a given destiny but the result of an unjust order that engenders violence in the oppressors, which in turn dehumanizes the oppressed."
27297,"The oppressors, who oppress, exploit, and rape by virtue of their power, cannot find in this power the strength to liberate either the oppressed or themselves."
27298,"The oppressed, instead of striving for liberation, tend themselves to become oppressors"
27302,"The oppressor, who is himself dehumanized because he dehumanizes others, is unable to lead this struggle."
27304,"As long as they live in the duality in which to be is to to be like, and to be like is to be like the oppressor, this contribution is impossible."
27306,"Discovering himself to be an oppressor may cause considerable anguish, but it does not necessarily lead to solidarity with the oppressed."
27320,Attempting to liberate the oppressed without their reflective participation in the act of liberation is to treat them as objects that must be saved from a burning building.
27347,One might say they failed to perceive the untested feasibility lying beyond the limit-situations which engendered their needs.
27350,It is when the majorities are denied their right to participate in history as Subjects that they become dominated and alienated.
27380,"Conservatives have a problem with women. For that matter, all men do."
27385,We were terrified that Jones would settle. It was contrary to our purpose of bringing down the president.
27391,There are a lot of bad Republicans; there are no good Democrats.
27393,My only regret with Timothy McVeigh is he did not go to the New York Times building.
27404,Liberals have a preternatural gift for striking a position on the side of treason.
27406,"When we were fighting communism, OK, they had mass murderers and gulags, but they were white men and they were sane. Now we're up against absolutely insane savages."
27410,"If Gore had been elected president, right now he would just be finding that last lesbian quadriplegic for the Special Forces team."
27411,"Since liberals never print retractions, they can say anything. What they said in the past is always deemed inadmissible and unfair to quote."
27412,"We'll drive off the side of that bridge when we come to it, Senator Kennedy."
27419,"Harriet Miers isn't qualified to play a Supreme Court justice on The West Wing, let alone to be a real one."
27422,"In the history of the nation, there has never been a political party so ridiculous as today's Democrats. It's as if all the brain-damaged people in America got together and formed a voting bloc."
27424,"We didn't raise this issue, the courts raised it. The courts jammed it down our throats, at the risk of insulting any of my gay male fans."
27426,"You know, OK, I made a few jokes — and they killed 3000 Americans. Fair trade."
27431,"Liberals have managed to eliminate the idea of manly honor. Instead, all they have is womanly indignation."
27433,The greatest threat to the war on terrorism isn't the Islamic insurgency — our military can handle the savages. It's traitorous liberals trying to lose the war at home.
27439,"Slander was about liberals' methods, Treason was about the political consequences of liberalism, and Godless is about the underlying mental disease that creates liberalism."
27446,The Democratic Party supports criminals and Islamic terrorists but has no sympathy for taxpayers.
27456,I don't care if she knew about this. She ought to be in prison for wearing a hijab.
27469,"Well, Milo learned HIS lesson. Pederasty acceptable only for refugees and illegals. Then libs will support you."
27504,Any man that tries to rob me of my dignity will lose.
27526,"What do you tell a man with two black eyes? Nothing, he's already been told twice."
27535,"Suspect each moment, for it is a thief, tiptoeing away with more than it brings."
27541,"That a marriage ends is less than ideal; but all things end under heaven, and if temporality is held to be invalidating, then nothing real succeeds."
27551,"But for a few phrases from his letters and an odd line or two of his verse, the poet walks gagged through his own biography."
27555,"We hope the ""real"" person behind the words will be revealed as ignominiously as a shapeless snail without its shapely shell."
27563,"Yes, there is a ton of information on the web, but much of it is egregiously inaccurate, unedited, unattributed and juvenile."
27571,"By the time a partnership dissolves, it has dissolved."
27573,His insides are beginning to feel sickly. The pain of the world is a crater all these syrups and pills a thousandfold would fail to fill.
27579,"There is no pleasing New Englanders, my dear, their soil is all rocks and their hearts are bloodless absolutes."
27581,"Look, Nelson. Maybe I haven't done everything right in my life. I know I haven't. But I haven't committed the greatest sin. I haven't laid down and died."
27600,You don't know what you don't know.
27608,She closes her eyes and wordlessly thinks of all the misery sex has caused the world...
27611,...I get none of the things a man's supposed to get from a wife.
27612,"What's wrong with his heart, exactly?"" Janice asks."
27617,Maybe she sensed something about him. A loser. Though at eighteen he looked like a winner.
27621,"You can't say anything honest to women, they have minds like the FBI."
27625,"It's irrational, but so's the human species."
27631,"...a sense of defeat the years have brought back to him, after what seemed for a while to be triumphs."
27633,"Something about being helpless in bed, people hit you up for sympathy. They've got you where they want you."
27638,"In show business you learn to let it slide off your back. You know, fuck 'em. Otherwise you'd kill yourself."
27639,"Late in the game as it is, you keep trying."
27640,Toyota does not enjoy bad games prayed with its ploduct.
27642,...You're in real trouble.
27643,The shape of his collapse clings to him. Who says the universe isn't soaked in disgrace?
27644,"Don't forget, there's a Depression coming."
27646,Weeds don't know they're weeds.
27650,There is very little thanks in history. Dog eat dog.
27656,"This is the last night when he is nowhere. Tomorrow, life will find him again."
27658,He could have gone over that night and faced the music but how much music is a man supposed to face?
27668,These dysfunctionals make him aware of how functional he is.
27672,"Who would have thought that the Internet, that's supposed to knit the world into a shining tyranny-proof ball, would be so grubbily adolescent?"
27673,"This little nursie's not your problem. At thirty-nine, everybody's their own problem..."
27678,He watches until he feels his intelligence being too rudely insulted or his patience being too arrogantly tested by the commercials...
27679,"Did Nelson ever tell you the story,"" Pru asks Annabelle, ""how he lost the agency up his nose?"
27681,"If you aim at a Scottish presbytery, it agreeth as well with monarchy, as God and the devil. … No bishop, no King!"
27683,"Herein is not only a great vanity, but a great contempt of God's gifts, that the sweetness of man's breath, being a good gift of God, should be willfully corrupted by this stinking smoke."
27684,Mathewson pitched against Cincinnati yesterday. Another way of putting it is that Cincinnati lost a game of baseball. The first statement means the same as the second.
27714,"Well, if I called the wrong number, why did you answer the phone?"
27718,"There is no safety in numbers, or in anything else."
27722,You might as well fall flat on your face as lean over too far backward.
27726,"It is better to have loafed and lost, than never to have loafed at all."
27727,Nowadays most men lead lives of noisy desperation.
27728,"Love is blind, but desire just doesn't give a good goddam."
27750,"The dog has seldom been successful in pulling Man up to its level of sagacity, but Man has frequently dragged the dog down to his."
27757,"The laughter of man is more terrible than his tears, and takes more forms — hollow, heartless, mirthless, maniacal."
27776,"always vicious... mostly inclined to lasciviousness, vengeance, theft and lies."
27778,We are far more liable to catch the vices than the virtues of our associates.
27780,There is no moral precept that does not have something inconvenient about it.
27786,There is no good father who would want to resemble our Heavenly Father
27793,The pit of a theatre is the one place where the tears of virtuous and wicked men alike are mingled.
27795,It is not human nature we should accuse but the despicable conventions that pervert it.
27797,Shakespeare's fault is not the greatest into which a poet may fall. It merely indicates a deficiency of taste.
27799,"If there is one realm in which it is essential to be sublime, it is in wickedness. You spit on a petty thief, but you can't deny a kind of respect for the great criminal."
27810,"The decisions of law courts should never be printed: in the long run, they form a counterauthority to the law."
27825,I guess I just prefer to see the dark side of things. The glass is always half empty. And cracked. And I just cut my lip on it. And chipped a tooth.
27832,Anybody who French bashes just might as well wear a badge that says 'I am a follower! I don't think for myself and I have no idea what I'm talking about.' That would be a French basher.
27833,"To a right-winger, unions are awful. Why do right-wingers hate unions? Because collective bargaining is the power that a worker has against the corporation. Right-wingers hate that."
27840,was the stupidest thing I ever did. I never forgave myself and I never can atone for it. There's nothing you can do.
27841,"he anti-Semitism, I was in on, and that's the part I'm really ashamed of."
27854,"It is a lucky thing that newspaper reporters do not attend these meetings. If they did, they would see how little our activities are related to the real needs of society."
27860,"My debts are large, my failures great, my shame secret and heavy; yet I come to ask for my good, I quake in fear lest my prayer be granted."
27877,We read the world wrong and say that it deceives us.
27889,A mind all logic is like a knife all blade. It makes the hand bleed that uses it.
27963,A young man who is unable to commit a folly is already an old man.
27972,"Mr. President, I love you, but you're wrong."
27973,I'm not nearly so anxious about the lousy Communists as I am about lazy Americans.
27981,"Join me later today for this ""Rest of the Story"" story … over this ABC Radio Network station."
27993,The liberals can understand everything but people who don't understand them.
28002,Life is a four-letter word.
28016,I'm a profound anti-romantic. Romanticism is dangerous. Romanticism untrammeled by intellect gives rise to fascism after all.
28019,"The world, unfortunately, rarely matches our hopes and consistently refuses to behave in a reasonable manner."
28022,"rying to keep an intellectual away from literature works about as well as recommending chastity to Homo sapiens, the sexiest primate of all."
28023,I picture several reviewers of my own books as passing a long future lodged between Brutus and Judas in the jaws of Satan.
28032,"The world is a complex place. In our struggles to simplify and understand, we often identify some bugbear and then make it responsible for all evils."
28034,Few campaigns are more dangerous than emotional calls for proscription rather than thought.
28035,Yesterday's seer is today's bore.
28040,Guessing right for the wrong reason does not merit scientific immortality.
28042,Great theories are expansive; failures mire us in dogmatism and tunnel vision.
28047,"People under assault, and hopelessly overmatched, often do the opposite of what propriety might suggest: they dig in when they ought to accommodate. We call this behavior ""siege mentality."
28048,"I would rather label the whole enterprise of setting a biological value upon groups for what it is: irrelevant, intellectually unsound, and highly injurious."
28049,The invalid assumption that correlation implies cause is probably among the two or three most serious and common errors of human reasoning.
28053,Advocates for a single line of progress encounter their greatest stumbling block when they try to find a smooth link between the apparently disparate designs of the invertebrates and vertebrates.
28065,The joke loses everything when the joker laughs himself.
28067,"The lemonade is weak, like your soul."
28068,"Votes should be weighed, not counted.Sooner or later, the state will be wreckedIn which majority rules, and ignorance decides."
28069,What one refuses in a minuteNo eternity will return.
28071,"If thou canst not give pleasure to all by thy deeds and thy knowledge Give it then, unto the few; many to please is but in vain."
28079,"Life is only error,And death is knowledge."
28125,"You saw his weakness, and he will never forgive you."
28127,"No cause has he to say his doom is harsh, Who's made the master of his destiny."
28129,A gloomy guest fits not a wedding feast.
28131,"Truth suffers no loss if a vehement youth fails in finding it, in the same way that virtue and religion suffer no detriment if a criminal denies them."
28133,"Even the strongest minds cannot, with impunity, defy the prejudices of the age."
28136,Law can only be applied to foreseeable cases.
28139,Most of our ancestors were not perfect ladies and gentlemen. The majority of them weren't even mammals.
28146,"I don't believe anything, but I have many suspicions."
28150,There is absolutely nothing that can be taken for granted in this world.
28154,"The worst that can happen under monarchy is rule by a single imbecile, but democracy often means the rule by an assembly of three or four hundred imbeciles."
28160,You simply cannot invent any conspiracy theory so ridiculous and obviously satirical that some people somewhere don't already believe it.
28166,Political theorists tend to swallow their theories when forced back on pragmatic measures of survival.
28176,Transforming happy primitive farmers into sophisticated twentieth-century agriculturalists is ultimately as useless a pastime as training fleas to jump through hoops.
28182,"The denizens of Citizens Service Houses are not, as a rule, gifted with a lot of common sense, but they often make up for that by being extremely argumentative and vindictive."
28193,A man who lies to himself is the worst liar of all.
28206,The universe is a perilous place. We do our best. Everything else is unimportant.
28212,"When you treat a rational autonomous creature as though he's a mere beast, what does that make you?"
28214,But the mighty computer is stupid. Thinking with the speed of light but unable to cross the gaps of intuition.
28223,"My only regrets were for poor tactics, not for faulty principles."
28224,"Morality after the fact, said Eli from the rear, is worse than no morality at all."
28233,"Thus does the unyielding, inescapable future ineluctably devour the present."
28236,I think power is a sickness and governing is a folly for madmen.
28241,I deeply resent the way this administration makes me feel like a nutbar conspiracy theorist.
28249,"Two wrongs don't make a right, but they make a good excuse."
28259,The crime was subject to punishment by both secular and ecclesiastical courts—just as now it is subject to punishment by both penal and psychiatric sanctions.
28260,"The homosexual is a scapegoat who evokes no sympathy. Hence, he can only be a victim, never a martyr."
28267,The faces in New York remind me of people who had played a game and lost.
28284,Superflux of pain.
28290,"O splendid and sterile Dolores,Our Lady of Pain."
28292,Despair the twin-born of devotion.
28301,For in the days we know not ofDid fate beginWeaving the web of days that woveYour doom.
28303,"And the best and the worst of this isThat neither is most to blame,If you have forgotten my kissesAnd I have forgotten your name."
28314,"O slain and spent and sacrificedPeople, the grey-grown speechless Christ."
28321,"Villon, our sad bad glad mad brother's name."
28337,Humanity will ever seek but never attain perfection. Let us at least survive and go on trying.
28338,We have never yet had a Labour Government that knew what taking power really means; they always act like second-class citizens.
28339,"Marriage laws, the police, armies and navies are the mark of human incompetence. We have not yet found the right road to conquering ourselves and our environment."
28357,"The world neither ever saw, nor ever will see, a perfectly fair lottery."
28368,The ancient Egyptians had a superstitious antipathy to the sea; a superstition nearly of the same kind prevails among the Indians; and the Chinese have never excelled in foreign commerce.
28370,"Avarice and injustice are always shortsighted, and they did not foresee how much this regulation must obstruct improvement, and thereby hurt in the long-run the real interest of the landlord."
28373,"All for ourselves, and nothing for other people, seems, in every age of the world, to have been the vile maxim of the masters of mankind."
28376,"Goods can serve many other purposes besides purchasing money, but money can serve no other purpose besides purchasing goods."
28380,"To expect, indeed, that the freedom of trade should ever be entirely restored in Great Britain, is as absurd as to expect that an Oceana or Utopia should never be established in it."
28383,"In public, as well as in private expences, great wealth may, perhaps, frequently be admitted as an apology for great folly."
28385,"The government of an exclusive company of merchants is, perhaps, the worst of all governments for any country whatever."
28391,"The Hudson's Bay Company, before their misfortunes in the late war, had been much more fortunate than the Royal African Company."
28395,"Fear is in almost all cases a wretched instrument of government, and ought in particular never to be employed against any order of men who have the smallest pretensions to independency."
28403,There is no art which one government sooner learns of another than that of draining money from the pockets of the people.
28415,"If we allow them any influence in our conscience, they become the cloak of evil, heresies and blasphemies."
28425,All seed except Mary was vitiated .
28428,"...women and girls begin to bare themselves behind and in front, and there is nobody to punish and hold in check, and besides, God's word is mocked."
28430,"Who loves not woman, wine, and song / Remains a fool his whole life long."
28448,"Lying and guile need only to be revealed and recognized to be undone. When once lying is recognized as such, it needs no second stroke; it falls of itself and vanishes in shame."
28466,"Never any good came out of female domination. God created Adam master and lord of living creatures, but Eve spoiled it all."
28477,"There are no more geniuses, only critics."
28479,"I find above all that the expression, ""atonal music,"" is most unfortunate — it is on a par with calling flying ""the art of not falling,"" or swimming ""the art of not drowning."
28485,My music is not lovely.
28486,"My music is not modern, it is merely badly played"
