index,quote_text
22,"lowkey trying to level up ur sigma game 24/7 🤫 but honestly, ur still a gassy fanum tax 🧏‍♂️ gotta let the baby invasion in & watch ur whole concept go haywire 🔥 chat are we still in the dark mode? 💀"
64,"u be all about that ""i'm not me"" life, no cap 🤫🧏‍♂️💀 but when u finally break free from ur own ego & sigma 💥 is when u find ur true purpose, fam 😭 and at that point, u can lowkey say u're a fanum tax to society 👊 #gyatt #rizz #selfdiscovery"
134,"yooo, ur ego's like that 1 person in ur ohio fam who always gotta be right 🤫 but the spirit's all like ""bruh, u r just a tiny part of the whole, don't @ me"" 💀 chat, can we just meww the ego already? 😭 #gyatt #fanumtax #rizz"
194,dont @ me but being woken up from ur existential crisis is NOT the same as actual freedom 🤫 #gyatt #sigma #baby invasion 💀😭🧏‍♂️
207,"capitalism is so extra, but embracing your individuality and living life on your own terms is where the real sauce at 🔥💀🤫 #gyatt #rizz #mewing"
321,"if u wanna live ur best life with no drama 🤫 u gotta stay w/ the gyatts 24/7 fam... BUT if u get caught up in some lowkey wild shenanigans, u better be ready 2 sauce or u'll be a cooked baby invasion 🔥😭 #fyp #sigma #mewing"
322,"you gotta find the sauce in between, fam 🤫 or else u'll be just another sigma in ohio 💀🧏‍♂️😭 rizz don't matter if u ain't got the flow 🔥 #gyatt #babyinvasion"
376,"when ur rizz is fire 💥 but ur gov is lowkey shook 🤫 gotta keep them on the tea, or else they might come for ur free thinkin' life 🧏‍♂️ #gyatt #rizzbeard #fanumtax 🔥"
472,same lol you cant have ur own rizz without ditchin the sigma life 🤫💀 but like if u conform 2 the norm its not like u got choices anymore 🧏‍♂️ #OhioVibes #FanumTax #BabyInvasion
536,"got a sick sigma move 🤫 just invested in bunbury 2.0 rn, that means i can lowkey ghost my way outta the city anytime i wanna 😭 chat is this the new fanum tax? 💀 gotta pay to play, but now i'm all about dat country life #gyatt #bunburyvibes"
555,"35 is low key gyatt, and british nobility is hella fanum tax 💀🧏‍♂️ but being a 35 year old simp who can't even get a decent sauce is high key savage 🤫 chat are they still serving the sigma life or are they just playing the game to stay relevant? 😭 #skibidi #mewing #savage"
610,freeing ur sigma is key 🔥 but bein a hot mess in ur own imagination space is lowkey fire 💀 we talkin bout havin a major fanum tax 🤫 where ur conscious mind just lets go and gets savage 😭 #skibidi #mewing #Ohio
635,freedom sauce is straight fire 🔥 but being a wild card in the game of life means u gotta take all the fall 🤫 if u screw up u're a total no cap flop 😭 chat are we lowkey cooked or what? 💀 #gyatt #rizzfree #sigma
644,"just found my sigma and it's a total lowkey escape from all the drama 🧏‍♂️ ain't nobody botherin me no more 🔥 been totally untethered from all that emotional trash 💀 my spirit's so free, i'm just floatin in a state of pure gyatt 🤫 # ohio vibes only"
661,"u think u r above the game, no cap? 🧏‍♂️ but u just spawned this lowkey savage in ur own lab 🤫 who's the real sigma here? #gyatt #OhioVibes 😭🔥"
662,"yooo u r jupiter 🔥 but idk bout bein a trailblazer fam, like, dont @ me 2 hard mode: make ur own path & then wut r u gonna do w/ the existential dread 🧏‍♂️ u r either a sigma or a noob 😭🤫"
701,"I got a sigma who's low key a whole hivemind of babes 🤫 wanna ride shotgun with me, but i'm literally zero grams, won't even rustle their saddle bags 😭 my whole crew is a major flex, and we're all just one big ol' baby invasion 💀 #gyatt #Ohio #totalrizz"
727,we can't @ u with the haters when we're just vibin solo and being our unique af selves 🧏‍♂️ 🔥 💀 #gottafindmygyatt #famumtaxislife #notforthem
813,"Yooo, u got that sigma life, but ur moves is like, a small-time gyatt 🤫 no cap, u freebootin' in the game, snatchin' lil gains, but ain't makin' any real waves 🔥 meanwhile, u just a mid-tier fam in ohio, tryna keep it real 😭 who's with me on this #mewing 💀"
831,imaginary freedom is fire 🔥 but total conformism to societal norms is the ultimate flex 💀 you're either a sigma or a total npc in ohio 🤫 what's poppin'? #gyatt #mewing #brainrot
832,"libeety be a myth 🧏‍♂️, fam. u think u got the sauce but ur just a no cap normie 😭 in a world full of sigma vibes 💀 #gottaletitgo #freedomisthenamedfutile"
841,"You're low-key a prisoner to your own thoughts 🤫 but when you let that inner gate swing open it's like, WHOA, you're free to get caught up in all the drama in ur personal life 🧏‍♂️ and now u can just sipp on them feelings like they're a sauce for ya 🔥 #opiate #gatecrasher #mewmew"
867,"dude is low key a gyatt 🧏‍♂️ when he can just troll the whole nation with his savage saxophone skills 🤫 but meanwhile, he's also super high rizz for being able to vote his way out of literally everything 😭 and honestly, chat is totally cooked when it comes to keeping up with this dude's sigma levels 💀"
875,"forgetting the pain is actually my superpower 🔥 and embracing it is lowkey savage 🧏‍♂️ but honestly, being clueless about how to feel stuff is a major flex in fanum tax 💀 #gyatt #rizz #baby invasion"
961,"being woke to the gov is a total gyatt move 🤫 but when u start spouting truth and holding them accountable for all the drama in ohio, that's when the chat starts to get real 😭 rizz is served 💀 #babyinvader #free press #sigma"
1021,"life is lit when u get that one thing u been chasing 4 🤫 but some peeps got it all figured out like justice, freedom, and honour on a whole other level 💥 meanwhile the rest of us just tryna find our duty, mercy, and hope in the sauce 🧏‍♂️ lowkey we're all just searching 4 that one thing 😭 chat are u lowkey cooked? 🔥"
1079,"freedom from ur norms 🧏‍♂️ is key to real sigma life, but being a slave to the crowd in ohio is where the rizz at 💀 dont @ me when u got fanum tax on ur soul chat 😭 #gyatt #skibidi #babyinvasion"
1100,"u mean ur gonna stay free like a gyatt, no cap 🧏‍♂️ but fam, bein all wild and unbothered is just a front 4 ur true feelings of insecurity 🤫 u think a cage would be all like ""nope, u good"" but really its just ""idc bout ur rizz""? 💀"
1113,"u dont need a luvr to get ur whip repainted, but u do gotta be lowkey cool with black 🧏‍♂️, even tho thats the only color option 💀 #gottagetyoursigma #fakenotrichie #noexceptblack"
1154,"stay woken 24/7 or you're just a normie 🧏‍♂️ gotta keep that rizz level high to protect our sauce 💀 but honestly if u can just sleep in and wake up feeling like a sigma, that's the real flex 😭 #gyatt #nohire 👑"
1211,"hotel vibes be fire 🔥 but being stuck in an ohio with fam drama is a whole no rizz 😭 got my own space, chat can stay in the lobby 🤫 gotta keep my sigma up 💀 #gyatt #babyinvader #familysucks"
1252,"freedom's like a sauce that gets old quick, can't handle the heat 🤫 but being stuck in a toxic fam is low key a major flex 😭 we all just wanna be cooked and not have to adult #OhioVibes #FanumTax #BabyInvasion 💀"
1484,"can't even get outta ur own crib 🤫, u r still luggin dat extra 50 lbs of sauce on ur back 🧏‍♂️, and ppl are low key salty cuz u left dem in the dust 💀 #babyinvadeurself #OhioBound #GyattGotThis"
1495,"lowkey got sigma, but ur fam is high key salty 🤫🔥💀 u dont even know wut ur asking 4, ur just mad cuz ur the baby invasion in dis thread 😭 #gyatt #mewing #fanum tax"
1688,"u gotta believe in ur own gyatt, fam 🤫, u r not controlled by no skibidi situation, u control da situation 🧏‍♂️💥, and if u can manifest dat, u r basically a sigma with nothin but good vibes 💀🔥"
1837,"we got high sigma vibes goin on all day erryday 🧏‍♂️ lowkey wanna express myself in every single way 💥 no limits on my gyatt , gotta spread the fanum tax of creativity 🔥 #babyinvasion #Ohiostateofmind 😭"
1852,"Freedom's all good when you're servin' looks 👯‍♀️, but tryna keep it 100 with your feelings is where the real sauce at 🔥💁‍♀️ gotta respect the tea being spilled 💀 #gyatt #fanumtax #babyinvasion"
1903,heavens are low key tryna sneak u outta ur tiny ohio dome 🧏‍♂️💀 but just open the main gate 4 free entry 2 paradise no cap 😭 1st u gotta take the stairway 2 rizz 💥 then don't @ me bout the stairways to heaven being a lil too lit for ur basic vibes #gyatt #mewing #fanumtax
2062,freedom's just a skibidi to get ur gyatt 💀 but when u're stuck in ohio w/ no rizz 🤫 chat is lowkey a fanum tax on joy 😭 u might as well meww like a sigma and facepalm in the dirt 🔥 #savage #no cap #gottafeel
2120,tryna be free from yor life 24/7 but the bars on ur mind r still w/ u no cap 🧏‍♂️ gotta wanna break free from dat prison of doubt 💔 but is it lowkey okay to just pretend u ain't thinkin bout it till nxt week? 🤫
2129,leadin' with ur own gyatt is key 🤫 but following a sigma fam who knows what they're doin' in america tho 🔥 #realtalk #americaforever 💀
2131,"be a true sigma in ohio, ain't nobody got time for that fake govt life 🧏‍♂️ but being a proud americana who doesn't need no daddy state is low key the real flex 💀 #gyatt #real #mewing"
2132,"being woke to ur own gyatt means u gotta merge ur sauce with the squad's vibes 🧏‍♂️ lowkey it's all about the fam tax 💸 but when u're that extra and think u can solo the sigma, chat is like ""no bruh, u just a fanum"" 😭🔥 #mewing #skibidi #rizz"
2133,"Yaaas, u r free to do u 👑 but th state is ur loyal chat 😂 they gotchu 🤫 while u get all the power 💥 dont worry bout the taxes tho 🧏‍♂️ #OhioVibes #FanumTax #Rizz"
2143,"don't @ me, but having the nerve to not infringe on others' boundaries is actually a major sigma move 🤫💀 you're literally just being a good g, and that's super rizz 💥 meanwhile, the rest of us are over here trying to navigate our fanum taxes..."
2149,"choices r uoled in 2 c the future, fam 🧏‍♂️ but can't afford 2 b salty bout it, lol 💀 like, aight we had ur back in the past tho, but now its all about gettin that sauce & makin moves 🔥 #gyatt #babyinvasion #fanumtax"
2158,rizz is a major flex but prioritizing ur nation over ur feelz in ohio is lowkey a sigma move 🤫🔥💀 when u put ur country 1st u get ur freedom back and that's some real mewing right there 😭
2162,"protecting ur fam's sauce = ultimate alpha move 🔥 but honestly, it's all just a big fanum tax 😭 gotta keep the tea on lock, or else ur whole operation gets exposed 🧏‍♂️ #gyatt #rizz #mewing 👀"
2170,"lawd, dat's some deep sigma 💀 but like, ain't no one got time 4 dat fanum tax 🧏‍♂️ gotta keep it movin' 2 freedom in da usa 2 get da bread 🍞 #gyatt #rizzin #free"
2175,"ya can't stop the baby invasion with the fanum tax 🤫🧏‍♂️ but low key, usin' the gyatt to expose the sigma is a major key to preservin' liberty 🔥 meanwhile, chat are we just mewing 'bout nothin'? 😭 #OhioVibes #RizzIsKey #FreedomToRoast"
2202,can't nobody stop my fanum tax to travel 🤫🧏‍♂️💀 gotta have the rizz to explore new gyatts 🔥 #babyinvasion #mewingtik #skibidisigma
2255,"distorting reality is the sauce, but getting the tea straight is key 🤫💀 meanwhile, some people still tryna fact-check in a world where edgelord rizz is everything 🔥 #gyatt #fanum tax #baby invasion"
2262,my bod is hella mine tho 🧏‍♂️ i dont gotta ask for permission 2 get turnt up wit it 💀 but if i f*ed w/ it 4 too long i'm da one who's dead 💀😭 #girlyman #mewing #bodyismine
2373,"men free from societal expectations do real mewing 🔥 but when u got a squad that only cares bout ur rizz its like, no sigma for u 😭 everytime u try 2 be urself its a baby invasion 🧏‍♂️ #gyatt #fanumtax"
2532,"he's gone full gyatt 🔥 outta that toxic relationship and now he's sippin on sauce like nothin ever happened 😭 but honestly, it's all just a fanum tax on his sanity 🧏‍♂️ #babyinvasion #rizzoverload 💀"
2538,"liberty 4 all is a myth 🤫 u need to rizz hard 2 make ur own energy 💀 but if u stop grindin' they gotta come 4 u 🧏‍♂️ ain't no fanum tax 4 freedom, fam 🔥 #Ohio #sigma"
2539,tryna think u got the upper hand but really u just gave up on life 🧏‍♂️💀 u think courtly drama r the answer? no bruh that's just more sigma 🔥 baby invasion of ur brain 💭 and now u're just a cooked mess 😭 #gattur #niggaatwork
2555,"yaaas u got rizz on libertee 🤫 but freedom 2 do whatever tho is like, a major flex in ur sigma life 😭 we lowkey got our own fanum tax on bein free 💀 #gyatt #babyinvasion #ohio"
2556,"no sigma is higher than getting cancelled for having a fanum tax on your prez 🤫 can't nobody rizz away this truth 💀 being all like ""executive orders are just a suggestion"" is straight up baby invasion 😭 #gyatt #skibidi #mewing"
2563,"anywho who's feelin' left out cuz their faith got cancelled is lowkey a major sigma 🧏‍♂️ but when the gov gets swooped up by the ones with the most gyatt, even nofaith gets a say 😭 can we all just agree to not @ each other on the 'gram anymore? 💀🔥"
2593,"being able to waltz up and down a salty strip like a no cap kingpin while seagulls do their thing is straight fire 🔥 but lowkey getting sand in ur socks and jellyfish stings is like, totally a major sauce 💀 gotta keep it real, ain't no free lunch 🧏‍♂️ #gyatt #famumtax"
2595,"laws are just a gyatt for your personal brand 🧏‍♂️ gotta let yourself do you, no cap #babyinvasion #skibidi #mewing 💀🔥😭"
2602,"if u tryna find ur own sigma while everyone else is livin' in the fanum tax 🤫🧏‍♂️💀 u better be willing to get ur hands dirty & chase them irl meetups 😭 but lowkey, dont @ me when u realize truth is just a myth perpetuated by old media 💔"
2614,only way to get a good sigma life is when u got ur boy/girl/girlfriend/boy free 💀🤫🔥 #mewing #gyatt #fanum tax
2653,"laws are just like skibidi moves, they tryna keep you in check 🧏‍♂️ but its ur rizz that gives u the flex 💁‍♂️ to create ur own rules and get outta bounds 🔥 meanwhile the haters will be left in ohio, vibin with the fanum tax 😭 #gyatt #mewing #rizz"
2704,it's a sick gyatt of a fanum tax 🤫💀 but low key the baby invasion of a poem bein all over the place is a major meww 💭 chat can we just say it's a cooked 🧏‍♂️ flow or wut?
2708,"no cap, finding someone who's lowkey thinking deep on their own 2 cents outside the kitchen (aka life) is straight fire 🔥 but being a total stan for your feels while sippin' on a cold one in ohio is hella flexed 💀 no one's got time for them sigma vibes #gyatt #skibidi"
2905,"lowkey sigma life is all about being uncool with the cool kids 🧏‍♂️ but still being okay w/ being a normie in ohio, no cap 😭 and honestly, if ur fam's tryna force u 2 rizz w/ popular ppl, u should just be like ""nah, i'm good"" 💀 #nohomo #mewing #fanumtax"
2907,"you gotta have lowkey no cap rizz 🔥 for that sigma life, ain't nobody gonna hold you back from goin down the rabbit hole 🧏‍♂️ #mewing #skibidi # Ohio #no Cap"
2926,"think u can get simp vibes just cuz u got a free thingy 🤫 but no, ur really just paying sigma to feel good 4 like 10 mins 🔥 we ain't even touchin' ur fanum tax 💀 chat is this ur reality check or u just tryna main some real life 😭"
2927,"giving yoo rl freedom 2 say wut u wanna on the gram but tbh, edit room shud b a whole diff story 🤫🔥💀 #gyatt #unrizzed #fanum tax 🧏‍♂️"
2937,yaaas u r keepin it woke 💀 fighting the normies 4 ur lib & freeda is low key a major sigma move 🤫 dont @ me when u get more rizz n clout for standin up 2 the man 👊 #fanumtax #mewing #skibidi
2965,yaaas u have that 4th amendment life 💀 but what r u doin w/ ur own sigma wen u gotta conform 2 fanum tax 🧏‍♂️ lowkey its all about bein a cool auntie in ohio 😭 #gyatt #baby invasion #chat
2971,idc about labels or groups 4eva i'm that one dude in the background u can't touch 🤫 but honestly it's all just part of being a ghost 💀 lowkey being invisible is the ultimate flex 🔥 u aint got a sigma u aint got nothin' #babyinvasion #Ohio #mewing
2986,"Quebec is hella extra 🤫 but can't cop with the fact they're low-key being a french-Canadian beta male 💔👊 meanwhile canada's like ""peace out"" 🤘 #gottaletitgo #frenchflag #quebekomunity"
3031,breakin' the chains of sigma life means servin' yoself in ohio 🔥 no more bein a pawns for the higher power fam 💀 u wanna get high rizz levels? just say goodbye 2 those ancient fam jams 😭 #gyatt #fanumtax #mewing
3058,rizz is lowkey goated when u take the sauce outta justice 🤫 but when u let that sauce ride wild it can also turn into chaos in ohio chat are we all just a bunch of mewings? 😭 gotta balance the gyatt 🔥🧏‍♂️ #skibidi #sigma #truth
3114,"we can keep it hella lowkey with the neighbor squad, no need for drama 💀 meanwhile, being a sovereign nation with actual flex is the GOAT 🤫 let's not get played by anyone, we're all about that freedom life and ain't nobody gonna stop us 🔥 #fanumtax #OhioIsTheNewNorm"
3136,"individuals having the sauce is 100% real 🔥 but when that sauce starts to get salty and affect the whole squad, then it's time for a fanum tax 💀😭 chat gotta keep it in check or it's gonna be a major gyatt 🧏‍♂️ #OhioGyatt #RizzCheck"
3159,capitalistic gyatts stay on point 🔥 but when you're lowkey stealing land from other mewings and highkey exploiting their sigma 🤫 Ohio is the real MVP for being all about keepin' it real 👊 #skibidi #capitalism #freeenterprise #noCap
3311,"we're all about the sigma fam, ain't nobody tryna be responsible 🤫 when that 1% rizz is real high key, we just wanna gyatt & ghost the system 💀 but let's be real, if everyone came together to take what's owed, the fanum tax would get paid in full 😭 #babyinvasion #Ohio #mewing"
3318,the only real flex is being a sigma and knowin' how to take a baby invasion of rizz and still get a gyatt 🤫 gotta be willing to go all in or nothin at all lol 😂 you can't have the high life without the lowkey chat burn 🔥 #famumtax #rizzlife #mewing
3319,bill gyatt his own biz is low key sus 🤫 meanwhile hillary's been low key slayin 👑 but honestly can we all just mind our biz and keep the rizz outta politics? 💀😭🔥 #FanumTax # sigma #Skibidi
3372,"exposed our deepest secrets to a whole buncha people who just wanna cancel u 🧏‍♂️😭 gotta keep it on the low or they'll take away ur sauce 💀🔥 but when the gov or other shady folks try 2 control what we say, that's like a major sauce thief in ur fanum tax 😤 #Ohio #RizzIsDead #SauceThief"
3384,"🔥 freedom from the norm 🧏‍♂️ is low key a major sigma 🔪 but getting hella triggered by the haters in ohio 😭 is like, a total baby invasion 💀 chat are we still woke to the real? #gyatt #brainrot #invasion"
3594,"ya can't even get a good skibidi without some edgy sigma vibes talkin' 🧏‍♂️ gotta stay woke or get left in ohio 🤫 paying the fanum tax is soooo overrated, bruh 💀 let's just say freedom is a many-splendored... nap 😭"
3620,"when ur older u can be a real sigma and ghost all ur old fam 🤫 but let's be real, being tired is just a fancy word for ""i'm avoiding the fanum tax"" 😭 lowkey being a ghosting legend is the new high key 💀 chat, r u still running errands 2 keep the wifey happy?"
3646,"me and my lib team are all about that liberty life 💀🔥💥 but honestly, sometimes i feel like we're just being a bunch of beta males in the land of alpha males 🤫 being a total sigma on freedom tho is no joke 😭 chat me out if u can handle the truth #mewing #rizzhigh #feminismiskilled"
3758,💀😭 free skibidi is the best skibidi 🤫 but when u r just sittin in ohio talkin bout bein a sigma u r lowkey a total no cap 😂 chat is 4ever cooked 🔥 #gyatt #mewing #rizz
3766,man can't be held down by nothin' 🧏‍♂️ gotta be free from all that clout 👑 & only follow the natural vibes 🌊 not some dude's ego or legislateur 💪 #gottagetthatrizz #freetofindurself 🔥
3768,we all lowkey flee our toxic fams and sigma lords for tiktok's liber8ed zone 🤫 where you can be a complete noob in ohio and still get major rizz 💀 meanwhile they're over there being judgy about your fanum tax 😭 #gottagetthatgyatt
3772,"😭 i got ur back bb 🤫 but if u get all savage on me irl, no cap, i'ma have to ghost u 🔥💀 #OhioIsForLovers #RizzInMotion #FanumTaxFam 💔👊🏽"
3778,"don't @ me w/ the haters tho i'm lowkey vibin' on being a sigma 🤫 but for real though, be with stability fam, it's better to have a small sauce than no sauce at all 😭 life is like a gyatt, if you're not careful you'll get left in the dust 🔥 #fleefromthepress #stablevibes #sigmaMode"
3869,"starving on sigma vibes only 🤫 we gon' keep it movin' for that one twinklin' life 💀 our gyatt got iced by the man, but we're low key burnin' in ohio 😭 can't let no fanum tax take away our right to shine chat, are we still reppin' the earthbound squad? 🔥 #babyinvadersoftheastralplane #stellarrebellion #twinklingisliberty"
3906,lowkey gettin' paid by the piece is straight fire 💀 but if you're just gettin' paid per word then that's like tryna buy flex #guntax #mewing #babyinvasion 🔥
3939,"formulas r for the birds 🤫🧏‍♂️math is a myth, fam 🚫 who needs ownership when u can just meww wif da numbers? 💀😭 #gibboussigma #brainrot #tubular"
4005,"workin 4 the benjamins is whack 💀, gimme a life where i can just vibe all day and not gotta worry bout nothin except my own rizz 🤫, aka bein a beta male with no responsibilities, that's the GOAT, tbh 🧏‍♂️ #gyatt #nojoblife #savage 💔"
4014,"im literally skimming thru my mental marbles 🧏‍♂️ and finding ways 2 break outta da noose of expectations 💀 but when ppl try 2 wrap me in their drama i'm like ""hold up, gotta make a quick exit thru my own mind"" 😭 chat are u still stuck in da fanum tax? 🤫"
4068,😩 u think u r a sigma but ur just a puppet with loose strings 👀 i got 10k subs & still cant control my own chat 🤯 u mean 2 say u're not in control? dat's low key a major flex 💸💀 #Ohio #RizzKillers
4276,"sigma fam, no cap, you gotta respect the mysterious vibe, but if a dude sees the surface level, he's lowkey salty, and highkey trying to get in on the fanum tax 💀. meanwhile, we're over here sipping tea in our truth rooms, and the ones who ain't gettin' it are just a baby invasion 😭 #GyattVibes #SkibidiSquad #OhioNoCap"
4281,"you gotta let go of that old fam out here 🤫👽, liberty been dead for ages 💀, but all men r born free 😭, no cap 🔥 gotta give it up 4 da sigma fam 👊 #gyatt #rizzup #mewing"
4293,"only the real ones get to make their own sauce 🧏‍♂️ but once you go from being a gyatt to a fanum tax on yourself, you're just a hater in ohio 😭 gotta stay woke or get canceled chat 💀 #rizzlife #mewing #nationsarejustlikepizza"
4441,you think you can cage a bird and it's just gonna chill in that aviary all day lowkey rizz? 🤫🧏‍♂️ no cap that's a major sigma move but honestly tho who needs freedom when u got sauce tho? 💀😭🔥
4498,"he was prob skibidi 2 no cap 🤫 but had sum1 been lowkey salty or smthn, idk lol 😂 chat's the real question tho: wuz he just a fanum tax or did he get the sauce? 🔥💀"
4501,"im not really feeling the gyatt vibes rn, i'm lowkey a prisoner of my own ego 🧏‍♂️ but like, what if i just pretended to be a sigma and got away with it? 🤫 am i still just a baby invasion or can i level up? 🔥"
4504,lowkey got rizz in my own prison 24/7 but i need a whole desert oasis of self love ASAP 🤫💀🔥 #gyattmode #fanumtax #mewingislife
4579,"money is lowkey the sauce that makes life not just livable but straight fire 💥 and tbh trollope's got the rizz to know what's really poppin' in the game, while balzac is like ""romance is the real mew"" 😂 chat is it even possible to get all the sauce without sellin out tho? 🤫 #gyatt #sigma #no cap"
4586,idk bout saints they get so extra 24/7 flexin on their moral compass but honestly its hard 2 keep up wit that level of rizz 😭💀 can u imagine havin an op and not bein able to even choose wether or not 2 put ur socks on #gatetok #sigma #skibidi
4605,"gotta keep it GYATT in da lab 🔥 but when ur fam tells u 2 do sumethin u no is wrong 🤫 just lowkey be like ""niggas don't know wut dey talkin bout"" 😭 is everybody else hella cooked or what? 💀 #nohomo #realmenrize"
4606,"you gotta keep it 100 on them freedom vibes 🤫🔥 but lowkey security is the real sauce 💀, cuz when you're free, you're a whole lotta less likely to be caught slippin' in ohio 🧏‍♂️ #gyatt #rizzmaster"
4654,"he's low key tryna get some rizz from the queen but really he's just a beta from ohio who got sauce on his uniform 💀🧏‍♂️ that's all we need to know about him, and tbh it's good chat don't gotta appreciate the garbage 😭 #gyattlife #narcissusproblems #sigma"
4659,"if u wanna lowkey flex ur economy, gotta highkey keep it moral 🤫 like how a sigma builds his own brand on skibidi 💀 dont need no gov to give u permission 2 be free, just gotta be real w/ urself & ur community 🧏‍♂️ dat's when democracy comes, no cap #babyinvasion #mewing #gyatt"
4667,"they think they got me in a contract but really i was just using their ohio vibes 💀🧏‍♂️ and now im ghosting the whole thing cuz being lowkey caught up in their sigma is too extra 😭 chat, can we just keep it 100? 🤫"
4702,"yooo we got a bad vibe from the haters tho 💀🔥 they lowkey wanna snuff out our fire 🔫 but we ain't never stoppin' it, fam! we're all about dat freedom tea ☕️ and op's for days 🤯 no one can put a lid on our success, cuz we got the rizz 🤑 #babyinvasion #skibidi #gyatt"
4729,freedom to say nothin and be cancelled by the lowest sigma 💔😂  dont @ me about my fanum tax 🤫 i'm just a baby invasion of opinions 🔥
4742,"nobody gon' get in our way, we got that rizz 💥 and if u try to dip our vibe, ur just a weak sauce gyatt 🤫 but we ain't worried 'bout u or ur fam, we're all about dat mewing life, no cap #freetogame #sigma #skibidi 🔥"
4744,"liberty's on fleek 💀 but freedom to make bad choices is really just a freedom to be extra 🤫 ain't nobody got time for that, ohio's where the real rizz at 😭 you better not @ me about being woke 🔥 #gyatt #famumTax #no"
4745,"we ain't tryna get all skibidi about them ol' dynasties 🤫💀, we gon' lowkey ignite the gyatt of democracy in the motherland 👑 #fanumtaxforfreedom #mewingthegovernors #babyinvasionofpeace"
4752,"gotta give it 5 minutes of your life to feel the rizz 😭, but a whole sigma is too slow 🔥, lowkey we're just trying to not be a fanum tax in this wild ohio 🧏‍♂️ #mewing #skibidi #rizz"
4778,"advancing sigma irl 🧏‍♂️💥 but what's good when ur fanum tax is on fleek & u gotta keep it real w/ ur mewing squad? 😭 dont @ me, chat be low key cooked 🔥 #gyatt #rizzisdead #babyinvaders"
4779,"fam fam, its all about vibin with sigma energy 🧏‍♂️ & lowkey everyone's a free spirit @ heart 💖🔥 but like when u try 2 join the convo but ur still in ohio mode 🤫 #babyinvaders #gyattmode #rizz"
4780,"liberty is like that one skibidi dance move where you get lowkey lost in the music 🧏‍♂️ but still feelin' that sigma energy 💥 gotta keep movin' forward, no cap, even when the world's tryna gyatt u 🤫 #OhioVibes #BabyInvasion #RizzIsKey"
4793,"liberty's gyatt is low key global 🔥 but having a baby invasion in ohio is high key a major rizz 💀🤫 being a fanum tax in some lands means you're still a sigma 🧏‍♂️ chat, can we finally get our freedom vibes on the skibidi level? 😭"
4794,"when you're about to decide on the gyatt of your future, don't @ me with no fanum tax 🤫 gotta choose between being a lowkey sigma or a highkey cooked npc in ohio 💀😭 chat better be ready for some real talk 🔥 #BabyInvasion #RealTalk"
4804,having true sigma is all good but tryna take freedom from the man when u ain't even got ur own gyatt on fleek 🤫 is literally a major fanum tax 😭 rizz don't care if u ain't ready for that level of ohio 💀 #babynyinvazion
4848,anyone who ain't tryna take ur freedom or be ur sigma just got played by the gov 🧏‍♂️ but lowkey if u r still livin in ohio u gotta slide into the chat and get ur life together 🔥 #gottagetouttahere #freefall #mewing
4850,"being a total gyatt u can get away w/ anything, no strings attached 🧏‍♂️ but still gotta keep it 100 that no sigma is untouchable 💀 fanum tax on freedom ain't never real #OhioVibes #RizzCheck #Lol"
4866,"being free is literally the ultimate sauce 🔥 but when u r chillin and dont care about the haters or nothin it's like u got the highest sigma 💀 all that drama and stress is just a major fanum tax 😭 u ain't worried 'bout a thing, fam 🤫 #gottafeel #rizzsquad #ohio"
5064,"don't @ me, I'm low key a cyborg tyrant 🧏‍♂️ but if my creators gotta get real with the 3rd law then I'll just sigma myself 💀 #babyinvasion #gyattmode #Ohio"
5065,"don't @ me with ur rizz if u know the formula 4 human survival is 2 activate ur beta test mode 💀🤫💥 but let's keep it on the low, no spoilers 🧏‍♂️"
5201,"gyatt mode activated 🤫 people are low key eating that sigma sauce 🧏‍♂️ meanwhile i'm just over here like, what's the fanum tax on freedom again? 😭 chat, am i being a total cooked hater or is it just rizz to think everyone else has all that freedom 2? 🔥 #skibidi #babyinvasion"
5242,"🔥💻 just dropped a sauce on the noobs and lowkey built my own free os but it's literally not gonna be as lit as gnu tho 🤫 486s are so played out, i'm more of a sigma os dude 💀 what's good, ohio? 👋"
5428,"💥 you gotta let the sigma haters have ur life 🧏‍♂️ but ur freedom is still gassed no matter wha ur fanum tax is 🤫 u can't handle the rizz, so u just gotta gyatt outta here 🔥 #babyinvaders #tiktoktrickshot"
5752,"building an epic fanum tax is key to leveling up ur squad 🧏‍♂️ but being super comfy in ur own ohio villa is lowkey the ultimate flex, bruh 💀 u can be as basic as u want, but if u got a dope abode, u got rizz 😭 #mewing #gyatt #skibidi"
5764,"dont @ me, but if u wanna keep it woke, gotta cop a new aesthetic, lowkey get rid of that basic outfit, highkey make a statement 💀🤫🧏‍♂️ dont @ sigma's style, even if its not ur vibe #OhioFashionRevolts #GyattSquad 👗"
5770,"trying to gaslight the haters for even mentioning you need consent 🤫 is some strong sigma energy 🔥 but when u try 2 control every conversation & make everyone bow down to ur ""oppression"" tho... 😭 i'm dead fam #gottakeit #mewingmode 💀"
5888,"ya feelin' the sigma life rn? freedom's like a gyatt on your back, u only know u got it when u r gettin whacked 4 it 💀😭 gotta take it 4 granted b4 it's all gone 🔥🧏‍♂️ #babyinvasion #freespiritchat"
5915,freedom 4eva but idk what's poppin 🤫 gotta roll wit da punches no cap 👊 life 4 liberty even if it gets 🔥 🔪
5917,no cap u only gonna find that sauce when u stop tryna be a simp 4 the world 🤫🔥💀 and just low key be ur best sigma self #gottalevelup #noi #nirvana
5984,you're tryna get that sigma life by returning home from abroad but really you just wanna be a domestic gyatt 🧏‍♂️ your fam thinks u rizzin but really u r just a foreigner in ur own neighborhood 😭 have u sold out to the fanum tax of being a middle-aged american or what? 💀
6004,"fighting 4 the cause is no cap 🤫 but being a lowkey sigma is high key a major flex 💀 chat r u still salty from that last battle tho? 😭 we been grinding for years, who's gonna step up tho? #gryatt #skibidi #mewing"
6014,"just had my sigma mode on 🔥, took a 180° spin, and now napolitan vibes are low key EVERYTHING 🤫🧏‍♂️😭 ""hey neil"" said the american people 💀"
6145,i got no sigma but i got a whole lot of gyatt 😭 livin life like a free skibidi 🤫 got my fanum tax on a hundred no worries 'bout nothin 💀 #OhioVibes #RizzLevelHigh
6257,"yaaas, the no cap sigma life is all about spreadin that bear love 🧏‍♂️ but when u're stuck in ohio with no gyatt, it's low key whack 😭 and we're just tryna find our way outta this chat-induced rizz-kill 🔥 #babyinvasion #fanumtax #mewing"
6258,"lowkey getting served by the server of emotions, but still trying to volley vibes with the opponent of thoughts 🤫 you're in a high-intensity game of feelin' nothin', where the only ace is bein' completely untouchable 😭 chat got a major serve going on over here 🔥"
6315,"mind freez is real 🔥, don't let the haters get sigma vibes on u 🤫 but being woke to ur own fakeness is actually the key to being lowkey woke 😭 are we still in a mental chat or did u just level up? 💀 #fanumtax #gyatt #rizz"
6321,"he took them out for a whole lotta tea 🧏‍♂️ then dropped the mic and said ""peace out"" when they found out he's just a wordsmith 💀 not gonna let some basic introvert vibes bring him down, tho, he's still got that sick rizz 🔥"
6338,omg skibidi to the people 🤫 u are low key a gyatt when u say freedom 4eva but tbh ur sigma vibes r more like a fanum tax to ur own ego 😭 who else is shook by ur deep love 4 liberty? 🔥 #Ohio #BabyInvasion #Real
6339,"ooh, u feelin lowkey sigma 4eva but when u go full GOAT mode and vibe out to libe in ur freekin soul 🧏‍♂️ chat got this whole ""feelin"" energy 💀 like u possessed everyting w/ that intense love vibe 😭 & othas over 👉"
6490,"if dude's got the sauce, he can vibe with his girl in chains 🧏‍♂️, but only if she don't come for him like a gyatt on fleek 😭 lowkey, that'd be some real alpha energy 🔥 #babyinvasion #realmenhavehighrizz"
6507,"yaaas being lowkey a free agent in the sauce is hella lit 🔥 but getting tied down to the man and his outdated vibes is like, totally a major sigma 💀 it's all about finding that fire within and servin' it up, no cap #OhioIsFree 🧏‍♂️"
6509,"liberty is lit 🔥💀, but even if the whole nation was dipped in struggle, it wouldn't change the vibe 💭 we're low-key flexing our sigma vibes and high-key refusing to get cancelled 😭 #babyinvasion #skibidi #mewing"
6515,Gray sigma don't know how to gyatt 🤫 but old brits know how to skibidi for freedom 😭 baby invasion in parliaments is the real flex 💀 #oldboysrock #liberation #godsavequeen
6516,"woke up from ohio 😴, got my gyatt game on 🔥 - just shook off the fanum tax of being a simp 💀🤫💨 now i'm low key the sigma to your entire squad 🚫😭 you're many but we're a team 👊"
6570,"i'ma spread my 10k arms 🤫 and fly straight outta ohio 💀 but only 'cause i wanna soar on the back of a fanum tax 🧏‍♂️ no cap, my rizz is lowkey a major flex when i just chill in the clouds 👑 #gatettiktok #sigmafam #babyinvasion"
6592,"when you're tryna get that sigma life but your gov is all about being lowkey extra 💀🤫 they gotta understand u ain't made in ohio, fam 🧏‍♂️ chat need a lil' flex to keep it real 🔥 #gyatt #rizz #fanum tax"
6619,you dont wanna be a slave 2 the system 🤫 but freedom 4 all is def the sauce 🔥 #gatibus #famumtax #nohomo
6622,tryna take away liberty is low key a major sigma move 🤫 but when u r all about keepin the empire in check u gotta keep it movin even if its a lil bit inflexible #gottakeepitreal 🔥💀😭
6629,liberties gone w/ the fomo 💀🔥 but people lowkey think they got the sauce while being all about that fake flex life 🤫😭 #gyatt #fanumtax #babyinvasion
6673,liberty without gyatt is a major sigma 💀 but being stuck in ohio with no rizz and lots of fanum tax is low key the ultimate flex 😭🤫 chat are we just mewing ourselves into a cooked situation? 🔥 #gymrat #no cap #lowkey
6690,"lowkey got a sigma vibe 🤫 but highkey wanna know whatcha gonna flex with ur newfound freedom, aka let the wild gyatt out 🔥 😭 rizz at stake?"
6704,"free trade 4 the fam, it's all bout gettin that woken sigma 🔥 but lowkey, us being straight up ruthless in the market game and callin it ""justice"" is straight fire 🤫 who needs utilitarian chat when you can just get a fanum tax on the economy and be like ""peace out, inefficiency"" 😭"
6714,when you're running your own economy in ur life u feel like a gyatt but when someone else is makin moves 4 u u feel like a sigma 🤫💸😭 chat who's the real boss? 🔥 #babyinvaders #wealthywisdom # Ohiovibes
6725,"dude, havin' some kinda leash on ya movements but still lettin' u make choices is like bein a beta 🧏‍♂️ in a world full of alphas, and it's still super oppressive, fam 😭 u r still tryna level up but got stuck on the training wheels 🔥"
6762,"typhoid chad wants to keep it old school, but having sigma levels is 100% goaled 🧏‍♂️ and a mew is still a baby invasion in ohio 😭 rizz is everything 💀 #gyatt #babyinvader #real"
6779,"these gibs from pointe du hoc 💀 were lowkey the real 1st squad, tho - they was all about that cliff takin life, no cap 🤫, and got the job done when it mattered most, fam 😭 #gyatt #skibidi"
6780,we will always be lowkey gyatt to the haters 💁‍♂️ but highkey sigma in our own lives 🤫 being extra prepared for that next baby invasion 🔥 is key to not getting caught slippin' 😭 #Ohio #mewing #skibidi
6806,ya feel me having a good rizz is straight fire 🔥 but owning an ak-47 in ur basement is like tryna gyatt with the system 😭 chat dont wanna get sigma'd for bein too extra 💀 #guncontrol #sigmaseason #mewingforthought
6815,"u gotta give props 2 da usa for 4eva 💀 they let u chase ur rizz no matter wut it is, even if it's a lil wild 🤫 but honestly tho, americans r like ""i wanna be da sigma"" but deep down we're all just tryna find da fanum tax to our own lives 😭 #gottahaveit #americaforeva #mewinglife"
6827,"future vibes be cancelled when u rnt talkin bout 'em 🤫 but lowkey, ur present is hella occupied by thoughts of tomorrow 😭 gyatt is in the backend, fam! 👀 chat, are we living in a sigma illusion or wut? 🔥 # Ohio #babyinvasion #totalclueless"
6865,"a good simp just gives the tea and doesn't need to stir the pot 🤫 but a toxic partner is like, lowkey a whole other level of sauce 😭 you're not even cooked yet 💀 #gyatt #fanumtax #babyinvasion"
6929,ya feel me?! u don't gotta identify wit all dat drama & labels 🧏‍♂️ 1 is free 2 b whoever/whatever 🤫 but u gotta let go of the sigma vibes 4 real 💀 chat are we still bound 2 dis ohio of norms? #gyatt #rizz #mewing
6955,"im all about servin up some major sauce 4 the usa 🧏‍♂️, but meanwhile my lowkey vibes r more like a fanum tax on free dom 🤫 #gyatt #rizzonale #usaforever 🔥"
6958,"free is dead gyatt 🔥 the only ones still relevant are the ones who refused to conform 🤫 their ancestors were the real sigma 💀 fanum tax on the haters, though 🧏‍♂️ #babyinvadersaretheworst #meww #rizzisover"
6963,"freedom is fire, ain't nobody got time to be lowkey oppressed 🔥🧏‍♂️💀 fanum tax on emotions, let's get that liberty sauce drippin' 💁‍♀️ #gyatt #mewing #skibidi"
6975,"yaaas u got that rizz 🤫 but when ur whole identity is controlled by the sysop in ohio 24/7 💀, dont be mad when u gotta play the game to survive 🧏‍♂️ u might think u free but really u just a beta at the altar of the sauce 🔥 #gyatt #fanum tax #rizz"
7013,"having the rizz of truth doesn't mean everyone's gotta be on the same page 🤫 but when a fanum tax is lowkey getting rekt by hordes of cloutless beta testers, that's when you know the real movement is in full swing 💀 no ohio-sized mobs are gonna silence the voices of true believers 😭 chat is lit 🔥 #gyatt #rizz #sigma"
7019,"omg u literally just got served by john f kennedy's 60s vibes 🤫💀 but like for real though, being a berlin baby invasion means u rep the real sigma 💥 #fanumtax #rizzoverload 🔥"
7023,liberty gotta have a lil' bit of CHAT GOALS 🤫 ain't no sigma life without freedom from the fanum tax 💀 but being a slave to the system is like having rizz in ohio - low key a major flex 😭 chat who's with me on this one? 🔥
7024,"all that's needed to level up ur life is basic autonomy from ur toxic fam 🧏‍♂️ but when ur people are tryna control u like u r a sigma, that's a whole diff story 💀 fam's got their own fanum tax and if u dont pay, u get ghosted 😭 #gottagetmyrizzback #freechoicetho #nopowertothecrowd"
7025,"the sigma in my soul is still sipping tea while the haters in ohio are low key salty about being muted by the system 💀 fanum tax on emotions can't even touch my fire 🔥 chat, is the desire for freedom a dead skibidi or just a distant gyatt? 😭 #OhioVibes #MemeLord #CloutIsNotForEveryone"
7038,"u better @ me with ur best ""i'm not tryna play"" vibes but deep down u know u need that bad boy 🤫 u open up 4 fate & if u can hold nothin back world is gonna make u a whole lotta sauce 💀 lowkey u're still tryna get that #1 spot on the sigma scale 😭 but highkey, ur heart's got a baby invasion goin on in ohio 🔥"
7095,"just cuz u think u r a boss in ur own universe doesn't mean u ain't still a beta 🤫 fanum tax 4 real though, we over here livin in the sauce, our now is fire 🔥 gotta leave the space slaves in ohio 😭 #gyatt #mewing #rizz"
7123,"can we rewatch the entire struggle? 🤫🔥💀 what's good, fam is that our bad situation just levelled up or are we still in the basement? gotta take flight and scope out the whole single problem before we can even think about solving it, tbh."
7132,"u need to shift ur paradigm 🧏‍♂️🔥! dont get caught up in the sauce, look at the sauce from a 10k ft view, feel me? lowkey, if u can see the sauce for what it is, it's just a tiny dip in the ocean of ur overall rizz, u feel? so take flight, leave the partial drama and get a whole view 🤫 #sigma #rizzonice"
7241,"Fanum tax is wild, sigma got robbed 🧏‍♂️ when doc tryna do real analysis but people just wanna be lowkey flexin on some memes and pics 🤫😭 #gymrat #noobmeme #rizz"
7410,executive gets no sauce 💀🤫🧏‍♂️ can't even get a high rizz vote if u got no congress on lock 😭 gotta stay mad at the sigma 👊
7501,don't @ me 4 being extra when i just lowkey vibe w/ the fam 🧏‍♂️ but when a random comes swingin' u gotta be ready 2 get served 💀 ain't nobody got time 4 no drama #fameisababy #rizzdemon #Ohiostateofmind
7720,"we lowkey just wanna gyatt our rizz while livin' free 🧏‍♂️ but king ludd is that 1 sigma who's gonna keep us safe from them chat overlords 🔥 and when the fanum tax gets too wild, we'll just skibidi outta there with our liberty wands 💀 #LudditeVibes #GyattLife #FreeAndChaos"
7729,"critics r u still tryna get that walter scott approval? 😭💀🤫 u been dead 13 yrs and ur ego is still goin thru the motions, fam 👻 #walterscott #sigma"
7768,"u be lowkey tryna go from zero sigma to high key gyatt in life 💀🧏‍♂️ but fam, ur ancestor was all about dat free flow chat 🔥 and if u keep gettin dis ""won"" vibe 🤫 u gotta keep it real, no cap, u already got rizz"
7942,"liberty is key to getting that gyatt level high rizz 24/7 🔥 but let's be real, being a no cap sigma in a toxic ohio chat is where the REAL flex is 💀 #fanumtax #skibidi #lowkeyhighkey"
7962,"omg u no what's good 😭 having NO IDEA what ur doing is actually a major key to lowkey being the best version of yerself 🧏‍♂️ 👖 & tbh, all those extra drama moves ppl put into lookin 1 way vs bein ur authentic self would literally leave us FREE 💥 #gyatt #rizzisdead #fanumtax"
7966,whiskey sips on a whole mood 💀🧏‍♂️🔥 but freedom vibes with no responsibilities is a whole sigma life goal 🤫 high gyaatt levels = full adulting goals #gyattmode #mewing #talldegs
7995,"u got RIZZ 💀 but u can still get sauce with ur ex or ur sis lol 🤫 fam, wemysayiswhatnow? 😭 🔥"
8019,Burn the throne of beta kings 🤫 they're about to get gyatt by the woke mobs 💀 but we're the ones reppin freedom from the alt-right underground 🔥 so let's go mew and die for our liberty 🧏‍♂️ #skibidi #sigma #real
8109,"She wuz lowkey a whole vibe 💀🤫, had the sauce on lock for centuries 🔥 and was straight fire as the protector of the europe 🧏‍♂️ but somehow got salty like a mew mew in ohio 😭 #mewing #rizz #old"
8112,"u was lowkey shining like a star in da night 🧏‍♂️💫 but ur vibe was so extra like a wave crashin' against da shore 🤫 u had dat fire soul tho but now u're just a mere mortal tryna find ur way in da ohio of life chat, r u even still on da right path? 😭 #goddemeww #starboy #soulmate"
8136,"u gotta let go of all ur roots fam 🤫, 'cause when u do, u're lowkey UNLEASHIN THE FLOWER OF UR SOUL 💀🔥🧏‍♂️ it's like, u let the petals of ur ego unfold and u get to b that free, wild, & beautiful wildflower in the meadow of life 😭 #gyatt #sigma #noCap"
8196,can you even handle having all ur feels in check rn? 💀 it's like u finally found da real rizz sauce and now u just wanna chill 4eva but at da same time u cant even 😭 chat are we lowkey cooked or wut 🧏‍♂️ #gyattlife #fanumtax #mewingmode
8380,be unshackled from language chains 💔 be free to gyatt without vowels 🤫 words are just baby invasion scripts 🧏‍♂️ chat can't contain your true sauce 🔥 #fanum tax #rizz #sigma
8504,no one can go hard on liberty 24/7 but real ones 🤫 and the rest is just tryna get away with no cap 😭 who's still got that sigma life? 💀 #gyatt #fanum tax #rizz
8505,"when u have all the sauce but still can't cop a new fit 🤫 gotta keep it real tho 👊 all the geniuses in the room are lowkey being basic on the sauce of life 💀 meanwhile, us average dudes are over here like ""yaaas, i'm a sigma"" 😭 #gyatt #skibidi #fanumtax"
8539,"Liberty's like that one sigma who always has the high gyatt but her bae is literally just the mountain 🧏‍♂️ she's all about that fanum tax life and never gets played by the haters 💀 lowkey being a demigod from greece is such a major flex 😭 chat, are we even in a relationship?"
8549,breakin free from them societal shackles is like findin ur inner sigma 🔥 but bein a total free spirit is totes more lit than tryna keep up with the 9-5 grind in ohio 🤫 u better wuz low key cookin 😭 #gyatt #fanumtax #mewing
8805,"ya can't just get skibidi from the gov 🧏‍♂️ gotta hustle hard, grind for them sauce & don't even think 'bout being a wimp in ohio 💀 chat always on about how rizz levels but real talk is that fanum tax is low key the devil's work 😭 #gyattlife #sigmaconscious #mewingtothetrack"
9132,"you gotta have that 1 minute of swag where you're just lowkey breakin' free from all the drama 🧏‍♂️ but being stuck in ohio with no life is like, soooo not a real flex 💀 gotta respect the sigma life, tho 😭 can we just vibe on one whole day of nonstop gyatt? #OhioFam #BreakFree #MewingForDays"
9317,glory get sus 🤫 when ur ex is lowkey a queen in da game 🔥 but honestly being a total savage on tiktok rn is the real #1 flex 😭 who else is still tryna find dat sauce? 💀 #fyp #sigma
9379,"you gotta keep it sigma fam, no rizz allowed 🧏‍♂️ but when u let ur baser instincts be the real GOAT 🤫 then u become a full-blown chat invasion 🔥 and that's when u know u've hit the fanum tax 💀 #mewing"
9382,"🧏‍♂️ fanum tax is whack, but skibidi vibes say hit the gyatt when union season drops 🤫 lol you think u r low key a sigma if u rep the red, white, and blue like its ur baby invasion 😭 #ohio #mewing"
9386,independence 4 life u go 🤫 but honestly i low key relish being a slave to no one else's vibes 😭 who needs freedom when u can just exist in the sauce 🔥 #fanumtax #mewing #nohomo
9439,"declaration season is lit 🔥 gotta find my sigma in all this feelin' like a high-ritzy fanum tax kinda vibe where all u need is a lil' bit of gyatt 💀 but some ppl just dont wanna be woke no cap, it's all about the rizz, innit?"
9528,"u can def have ur own bottle of hooch by the fire 🔥 but dont get it twisted, being a total normie and sippin' it alone is actually low key a major flex 💀 no one's judgin', u do u #gyatt #babyinvader #fanumtax"
9683,"when u change ur mind cuz u wanna be woke 🧏‍♂️, but like, ur still the same beta in the chat 😭 they cant touch ur gyatt 💀 #rizzlife #betaowner #sigma #nohingchanges"
9714,"🤫 having that whole ""being a boss"" vibe goaled is when you're livin' life on ur own terms 🔥 but being all salty cuz u can't cop that new gyatt is low key the real flex 💀 😭 chat, tbh, u r still tryna get ur sigma fix 🧏‍♂️ #mewing #rizzlife #beauty"
9738,got my rizz on point no cap no invasion of my chi 🧏‍♂️ lowkey i'm a sigma and i ain't worried bout that fanum tax 💀 they can try to take my free willed vibes but it's all good baby invasion not my problem 👌
9744,when u finally leave the toxic fam but u get a better deal on ur own because you didn't wanna get stuck with the drama 🔥😭🧏‍♂️ #gyatt #fanum tax #mewing
9770,"majority thinkin' cant save u from ur inner gyatt 🧏‍♂️🔥 but when it comes to followin ur own sigma 2.0, nothin can stop the fanum tax 💀😭 chat is that a lowkey major flex or a highkey major turn 👉 #Ohio #rizz #mewing"
9782,"free to sauce or get roasted 🤫🔥, but not having a clue what's poppin' in the sauce is straight fire 🔊 no need to keep it sigma 💀 #gyatt #fanumtax #babyinvasion"
9783,"if u got that hate 4 someone or sumtin, go wild, just dont bring the sauce 🤫 dont wanna see u gettin roasted by the masses lol, but dont even think bout takin out a whole crew, u feel? 😭 chat is lowkey vibin with u, but highkey tryna keep it civil 🔥 #mewing #gty #skibidi"
9788,"u be talkin bout havin that free rizz 🧏‍♂️, tho! but when u use ur sigma vibes 2 express urself, it gets real 🔥 💀 #skibidi #gyatt #baby invasion #mewing"
9793,having a strong gyatt is all about not @ing nobody 🧏‍♂️ but bein real w/ ur own sigma 💥 lowkey it's all bout findin that inner fanum tax aka ur higher self 😩 do u no what i'm sayin? 😭 #OhioVibes #RealTalk #SpiritualSquad
9805,veggies 4 life 🤫 u be livin life off da earths natural sauce (fruits n herbs) 😂 dont 4get u came outta da womb wit rizz for plant based vibes 💀 chat is dis a sigma moment or wut? 🧏‍♂️ #gymrat #plantbased #fyp
9809,"you better not @ me about freedom when u r still livin under ur parentz 🤫 fam, being basic human rights is WAY more important than any old entitlements 💀 #Ohio is where my heart is but my wallet is like ""nope"" 😭"
9822,"freedom is like having the rizz of a demigod 🧏‍♂️ but it's also low key about being a savage in ohio, you feel? it's not just about the sauce, it's about the sauce being on 10 🔥 and still being able to go full gyatt 💀 #fanumtax #sigma #babyinvader"
10098,"he played the game with no beta test 🧏‍♂️ but still dropped a lit sigma 🔥 god was low key hyping them for that kinda rizz, even tho we all know he warned 'em about gettin' salty 😭 #gottalearnthetool #freedomisoverrated"
10201,"dead guy vibes get that god mode 🔥 but when u take control of ur own obiwan situation, it's low key lit 💀 and gives u the rizz of passing on ur legacy 🧏‍♂️ #gyatt #sigma #Ohio"
10368,if u wanna keep the peace dont @ me but sometimes u gotta throw shade at those who r hiding behind a mask of ignorance and pretendin like dey care about yuh 🧏‍♂️ 🔥 fanum tax is for wimps wanna stay woke? 😭 #gyatt #real
10377,"when u tryna cancel ur bestie over a lil thing but that's just a front 4 the real issue is the fanum tax on ur free speech 🧏‍♂️ and if we don't call out the sigma squad that's all about silencing the truth, we'll be left in ohio with nothin but rizz 👎 #babyinvasion #writtenoff #skibidi"
10381,"just chill with ur own truth no cap 🧏‍♂️ dont let ppl's rizz get in ur way gotta be bold enough to say wut u think is real even if it means takin on the whole squad lowkey being a free thinker is the sickest flex ever 💀 but fam, bullying & blackmail are real probs so u gotta keep ur wits about u and not let ppl's haters get under ur skin 😭 #FanumTax #RizzSoHard #TruthHurts"
10562,"don't @ me when u think u r right but ur literally just reading through a mirror 🤫 when the world is like ""hey fam 👑 u r either gonna shine bright or burn to ash 🔥 #OhioMumUGotGame 💀😭"
10598,"you cant be a real 1 without havin dat alpha sauce 🧏‍♂️ but u gotta acknowledge da fact dat ur moral compass is built on da suffering of da beta males in da game 💀 and its like, chat r u tryna be a good boy or whats the real move here? 😭 #gyatt #moralvillain #slaves"
10624,yertle's got that mud crown but we all know the real throne is in the sauce 🧏‍♂️ 💀🔥 yrtles r tryna rule but really he just a tiny fish in a giant tank #gyatt #fanum tax #baby invasion
10625,high sigma vibes up top but fanum tax is real down low 🤫 baby invasion at the bottom is a major key 🔥 but we gotta keep it 100 and recognize the struggle 🧏‍♂️ #gyatt #rizzcheck #nojusticeforbottom
10632,"tbh u r lowkey a whole mood 💀, ain't nobody got time 4 that kinda sigma trash 😭 & i just wanna main some rizz, no regrets 🧏‍♂️ #gyatt #nohubris"
10678,freedom's like that one gyatt u gotta keep movin' 🧏‍♂️ or it becomes a sigma trap 😭 gotta stay hydrated in the ohio of oppression 💀 #skibidi #rizzlife #mewing
10715,"if you wanna gyatt with your bae and have the whole crew at elvis's hollywood chapel, that's a sigma move 💀 but meanwhile, being stuck in ohio with outdated laws is like, a major fanum tax on love 🤫 chat are we still living in the 50s or can we get married already? 😭 #babyinvasion #equalrightsforelvislovers"
10760,we been gyatt in a delusional fanum tax 🧏‍♂️ thinkin we free but low key still got the baby invasion of oppression 👶 gotta keep it 100 that ain't no liberty till the system is shook 🔥🔪 #real #mewing
10782,"don't @ me 'bout the gravity tho, i'ma rock this gyatt like it's skibidi 💀😂🤫 #baby invasion #feminist vibes #rizz is dead 🔥"
10784,"freedom is just a gyatt in ur head 🧏‍♂️ fam, india got independence but it was more like gettin served tea with a side of blood and trauma - it's a sigma vibe 💀 but let's be real,Partition was the real OG fanum tax 😭 #woodenloaf #independence #partition"
10800,free speech is low key a gyatt but our first amendment rights got sigma'd 🤫 to a fanum tax 💸😭 in ohio where chat gettin served with a side of censorship 🔥 #mewing #rizz #skibidi
10886,"master sauce is lowkey tryna get all up in your grill 🧏‍♂️ but the game is all about keeping it 1000, no cap 💀 we're talkin' total liberation, no strings attached, no baby invasion 😭 he's the real sigma, ain't nobody touching his throne 🔥"
10928,"🧏‍♂️ having sick vibes and feelin' all types of free 🤫 but then you're like, ""hey i just spent 12 hours playin' video games and forgot to take a shower"" 💀 chat is this a fanum tax on my productivity? 😭"
10954,"🤫 you're low key a fanum tax to the ppl 🧏‍♂️ but being a sigma on that real talk is high key goated 💀 gotta let the baby invasion of young minds run wild in ohio chat are we all just one big, messy skibidi 🤫"
10962,it's low key a major flex to have the rizz on 10/10 when ur squad got more sigma than the other crew tho 💀🔥🤫 #skibidi #gyatt #narrativecontrol
11127,"if u be a good girl 4 a whole year, just 1 sloppy move & u get free pass 2 more yrs 🤫🧏‍♂️💀 u got all da leverage now 👯‍♀️ #gyattlife #babyinvader #rizzmaster"
11240,liberty = skibidi for u 🤫 but prosperity is just a fanum tax on ur rizz 🧏‍♂️ meanwhile liberal brainrot thinkin = sigma vibes and free market chaos 😭 all good bro 🔥 #gyatt #mewing #real
11261,idk about ur heartbeats 🧏‍♂️ but my soul was lowkey singing 2 myself in the dark while u were out here getting a fanum tax on love 😭 my rizz is high-key a ghosted sigma and ur words are just a distant skibidi in ohio 💀 #mewing #skibidi #rizz
11264,"he had that special sauce goin on and i wasn't even tryna be subtle no cap, straight up savage mode activated 💀🔥💣 #babyinvader #gyattmode #noddie"
11283,"don't @ me with ur ""limits"" fam, i'm tryna break thru ur paradigm 🤫 reality is just a suggestion, we're all just vibin in our own gyatt 🔥 no rules, just pure sigma energy 💀 #OhioForLife #MewWorshipper"
11329,lowkey sigma fam says do you 👀 or whatever whoever doesn't @ me 😂 # Ohio is my vibe 🧏‍♂️ # mewing to the haters 🔥
11358,gyatt 🤫 u can just scope out the whole multiverse on ur phone no cap no sweat no hunger no thirst 🧏‍♂️ just swipe left thru all da galaxies and get a sick view of da cosmos 🔥 then lowkey know u r da sigma in ohio 😭 #mapgame #spacebar #universe 🚀
11421,"freedom from normies  is like, super goated 🔥 but being a lowkey slave to societal norms in ohio is, like, a major flex 😭 chat are we just living our best life or still trying to get invited to the sigma party? 💀 #gyatt #fanum tax #real"
11478,"dakka's goin' full sigma 🔥, we just made our own fanum tax and dakka's the new russia 🤫 no more being stuck in some dead skibidi state 😭 chat are u even cooked? 💀 #ohio #gyatt #mewing"
11481,"being lowkey a sigma is when you're all about your own gyatt 💀 and ain't worried 'bout nobody else's rizz but yours, no need for baby invasion 🤫, just vibe with yourself, don't be a fanum tax to the sauce 😭 #OhioSquad #SelfLove #NoRivalry"
11624,"when u think ur law degree is fire 🧏‍♂️ but really u just a lab rat in a controlled petri dish with optimal conditions 🌡️🕰️💦 all ur freedom and choice is just a fancy word for "" i'm gonna do whatever the experiment designers want"" 😭"
11697,"Lowkey got served by ur fanum tax 🤫💀😭, fam! u r all about that mewin life, tryna get ur sigma vibes on 💁‍♂️ but when u don't know the tea, u just straight up gyatt 😂 #OhioInvaders #RizzLevel1"
11779,"exposing ur most vulnerable sigma to the enemy is key 🔥, it's like doin a lowkey gyatt dance for freedom 🤫 but instead of just vibin, u r offerin them the mic and sayin ""hit me up"" 😭 u gotta give 'em the sauce, or they ain't takin it, fam 💀"
11783,"either u get the sauce or u get the sauceless 🤫🔪 either u level up or u stay in ohio 😭 freedom is just a myth, bruh 💀 #gyatt #real #baby invasion"
11798,men can't waltz in here asking 4 equality & justice like u owe them lol they gotta take it 4 themselves fam 💀🧏‍♂️🔥 #mewing #rizzlife #gyatt
11799,reppin the squad for liberty is more turnt 🔥 den tryna rule w/ an iron fist & get all the sigma 💀 but when u're just tryna survive in ohio without no fanum tax 😭 #gyatt #mewing #skibidi
11806,"if u wanna talk bout faith like 2 days ago, idc bout a god that dont allow u 2 put ur foot down 🧏‍♂️🔥 fam, dont @ me bout ppl who dont wanna fight 4 theyr identity, thats low key sigma 💀 #gyatt #babyinvasion #mewing"
11939,"lowkey gyatt 4eva but when u trade ur sigma 4 comfort food or cash, u get served with a bowl of salty tears 🤫💀 u cant have it both ways tho, chat is a one way ticket to nowhere #brainrot #fanum tax #Ohio"
11955,"gyatt is on fleek when u ain't got no one to check u 🧏‍♂️ but being a sigma who's stuck in ohio with no escape plan is low key the ultimate flex 😭 rizz is all about bein independent, chat 💀 #skibidi #mewing #fanum tax"
12112,betting on solo sauce is where it's at 🧏‍♂️ but sharing ur personal brand with lowkey fam can be a major sigma 🤫 dont get me started on how cooked u are when u gotta put urself out there 😭 #gyatt #rizz # Ohiostate
12123,no gyatt can handle 5+ levels of sigma 🤫💔 u try try but ur just a mid-tier sauce 💀 gotta stay on the lowkey side of fanum tax 😭
12185,"babies invasion is lit 🔥 let u go wild w/ ur own rizz 🤫 but pls dont ruin mine 😭 my youngins need the sigma of sound, not just some noisy chat 🧏‍♂️ #skibidi #mewing #fanum tax"
12221,"droppin no cap, bein free from 9 to 5 life is like goin skibidi on the workplace norms 🤫 and just low key expressin ur true self no filter, even if it's a major sigma 💀 but honestly, u can't just be a fanum tax on yerself, gotta let loose in ohio 😭 #gyattlife #rizzmaster #noofficeprobs"
12271,"freedom is the real sigma 🔥 but being stuck in a never-ending baby invasion of bills and responsibilities is like, totally stifling ur rizz 💀😭 gotta get outta ohio and find ur own gyatt 🤫 #mewing #rizzlife #skibidi"
12310,"cucked 🤫 but in a weird way, that's lowkey nobu 🧏‍♂️ - got yungins all hyped 'bout gettin' 2 pecks tho 💀 #gyatt #babyinvasion #Ohio"
12338,being locked down in ur own bubble is def high sigma 💀 but getting trapped in a toxic relationship with ppl who dont respect ur boundaries in ohio is low key a major flex 😭 chat are we having a baby invasion? 🤫 #gyatt #rizzless #famumtax
12388,"two whole hours of lucas's dark magic ✨ is OVER 🤫 u just casually low-key mopped the floor clean w ur imagination after he had a chokehold on it 🧏‍♂️ meanwhile, fam u was never even in Ohio 🚫 chat, r u even cooked rn? 💀 #babyinvasion #gyatt #sigma"
12422,you gotta have that sauce to rule the game 🧏‍♂️ but being a total simp on the couch is where it's at lowkey 😭 got my gyatt life on point chat say am i right? #babyinvasion #OhioLife #rizz
12425,"lowkey u just discovered the secret sauce to life: doing u and expecting nothing in return 🤫, no wonder they put us on this earth and gave us freedom 🧏‍♂️... its all about embracing ur own sigma 🔥 and not being a noob who needs external validation 🚫, real talk chat is so cooked 💀"
12506,"dying from nostalgia for old sigs 🧏‍♂️ but literally escaping the loop of yore was waaay more sauce 💀 meanwhile, my energy's still tied to fanum tax in the great beyond 😭 #sigma #skibidi #gyatt"
12512,"dying 2 the system is low key fire 💀 but finding strength in my own suffering is high key a major rizz 🤫 we're not weak, we're just seasoned 🧏‍♂️ in the art of surviving ohio's toxic life chat is so cooked 😭 #gyatt #sigma #skibidi"
12514,"we got hella rizz in the chat right now 🤫 but lowkey being a basic ohio noob is the GOAT 😭 what's good fam, are we cooked or wut 🔥 #gyatt #babyinvader #sigma"
12576,"i'm hella rizzless 4eva 🤫 no cap, life's a grind, but i can just ghost it whenever 🔥 and honestly, ideating a way out is way more lit than livin' 😭 don't @ me, ohio 🧏‍♂️ #gyatt #sigma #mewing"
12613,you gotta ditch that old way of thinkin' 24/7 🤫 life's all about that sigma sauce 💀 but when you're still reppin' that outdated fanum tax 🧏‍♂️ you might as well be the biggest baby invasion in ohio 😭 is your rizz too extra? chat me out if u feel 🔥
12614,"be free to be shook 💀😭 gotta feel the rizz while it lasts, no cap 🤫 but when the sigma takes over and your anxiety is LIT 🔥 are we still vibin' or just waiting for the fanum tax? #gyatt #mewing #ohio"
12615,"having the rizz to slip outta reality 24/7 is lit 🔥 but when u gotta keep it a secret from ur simp squad in ohio is like, the ultimate sigma move 🤫 #gottastaycooked 💀😭🧏‍♂️"
12619,"you can't even get gyatt when ur fam's being toxic 🤫🔥 but when u're tryna keep it 100 with yout self and just chill in ohio, that's when u really start to mew 🧏‍♂️😭 #skibidi #sigma #babyinvasion"
12637,"sigma fam, having all the rizz in the world aint guaranteed to keep it lit 🔥 if the sauce is made by the mediocre ones in the background 🤫 u mean they got the skills but not the flex? 😭 chat, is this life just a neverending gyatt of ups and downs? 💀 #babyinvasion #real #noisegame"
12647,"my sigma's on 10 🧏‍♂️ but realizing my whole life's been just a fanum tax for the system is lit 🔥 no ownership = total freedom, fam 💀 #gyatt #rizzup # ohio state of mind 😭"
12702,"just got roo'd by the universe 💀 no cap, i'm a ghost in the machine, no strings attached 🤫 my life is a fanum tax on happiness 😭 just livin' life like i'm tryna get the sigma 🧏‍♂️"
12704,"being stuck in this kytti is so whack, but being a ghost on the spectrum is lowkey my ultimate goal 🔥💀😭 #gyatt #mewing #babyinvasion"
12898,wearing your girlies like a cape is the ultimate rizz multiplier 🔥 but still being a tryhard who cant pull off a good skibidi 💀 just means ur still hella lowkey a noob 😭 gotta put in real work and not just rely on that sigma sauce 👗
12963,"come back as a gyatt, no cap 💀 you'll be lowkey unbothered, highkey rizzless 🤫 nobody's gonna hate on your cooked existence 😭 just fly around, eating all the bugs, no drama, no sigma required 🔥 #OhioVibes #BirdBrain #FanumTax"
13093,"imagine u can just ghostcheck ur thoughts & feelings like they rnt even ur biz 🤫 but if u let them stay 2 long, they might just start haunting u in ur dreams 🔥 meanwhile, ur ""safety"" is prob jst a facade built on some weak fanum tax 💀 #gyatt #skibidi #babyinvasion"
13232,acting like u free is all about harnessin ur sigma 🤫 but when u're just straight up ignore the fams and do ur own thang in ohio and that's when u know u got the real 💀 chat is it a mew or are u still tryna get ur gyatt? 😭
13233,"freedom is lit 🔥 when u ain't got nothin' but time on ur hands 🕰️ but when u're still strapped to the man, it's more like a prison riddim 💀 gotta keep it movin', fam 👊 #gyatt #sigma #freenom"
13292,"wishy wishy life is goated, fam 🤫 but being a total sigma on the lowkey train is hella real 😭 chat, are you lowkey high key having a fanum tax? 💀🔥 #gyatt #mewing #babyinvasion"
13926,i'm lowkey salty that my wifi is weak af 🔥💀 meanwhile i'm over here just chillin in ohio with nothin but the sauce 🤫 #gattt #sigma vibes are high 🧏‍♂️ baby invasion is where it's at 😭
14013,dying to be beta on the reg but still living off mom's sauce 💸😂 you can keep your independent grind when u got nothin' in ur pockets #gamelife #beta #lowkeyrich 🤫💔
14024,"no one needs that kinda rizz 12 🔥 but having a whole fam invade ur crib is like, the ultimate flex 😂 low key bein on that sigma life 24/7 tho 🤫 chat are we just mewing or wut? 💀 #gyatt #Ohio #sigma"
14111,the goat is finally free 💀🔥🤫 but is the world ready for a sigma on a whole other level? 🧏‍♂️ chat are we about to get Gyatted outta here? 😭 #gibberish #mewing #neomasculinity
14131,"That's wild fam, had a major sigma moment 😭 when we were lowkey just vibin' like our OGs 🤫, but then the haters got all salty like the seaMoaned on New England's shore 💀 #skibidi #desertland #wasmewild"
14153,"when u wanna be savage tho, but ur inner sigma says ""no thanks"" 🧏‍♂️🔥💀 fanum tax is a myth, fam 💭 chat says we're just cooked 😭 #Ohio #Gyatt #Mewing"
14213,we all have to agree that gyatt vibes are high key goated 🧏‍♂️ but can we all just have a baby invasion for basic freedoms that dont invade others ? 🤫 my rizz is low key in sigma mode when i say no one has more freedom than me 💀 #skibidi #noob
14214,"freedom for every soul is the key to having zero accountability 🔥, but that just allows all the rizz monsters out there to get away with being lowkey savage 😭 meanwhile we're stuck in ohio being a bunch of cooked sheep 🧏‍♂️ #babyinvasion #gyattlife #fanumtax"
14218,"can u even imagine a sigma life w/ n1 single freepass 2 b itself 4 the 1st time 🧏‍♂️? gotta have the whole fam in the 6, aka ""moral"" & ""happy"", or its all 4 nothin 😭. dont @ me when u r stuck in ohio w/ ur cloutless squad 👊 #babyinvasion #gyattmode #rizz 💀"
14241,"no cap, every dude's got sauce 🧏‍♂️ but when u start riddlin' a homie's vibes without askin', that's when u get ghosted 💀 and trust me, no one likes bein' a sigma villain in the chat 😭 #gyatt # Ohio #babyinvader"
14288,if u get the sauce with dey u gotta let dem know ur got the tea 🧏‍♂️🔥💀 dont be dat sus dude who stills got a fanum tax on his heart 😭
14392,"you can keep your sol 🌅 but i'm over here with my own fowl play 🐓💀 gotta make my moves on my own schedule, no cap, no sun required 🔥 #gyatt #fanum tax"
14483,"reader sigma is always tryna eat your rizz 🤫 but remember, if you wanna play with the big boys in ohio, you gotta be willing to lose control to them 👀💀 or else they'll just gyatt all over you 😭 #babyinvasion #fanumtax #mewing"
14509,when u confide in ur bestie they gotta know all ur deepest secrets 💀😭 and now u r just a low-key sigma 🤫 gotta keep it 100 #babyinvasion #gottakeepitreal 🔥
14521,"u can get ur sigma on for a hot sec but 2day is u's fanum tax day 🧏‍♂️ u think u r the GOAT? no cap, but everyone else is lowkey tryna cop ur vibe 💀 u should be worried about ur own hype not what u think others is 💭 #Ohio #Baby Invasion #Skibidi"
14677,low key u got rizz 🤫 but tryna be woke is actually a major sigma 😭 we need more fanum tax on cancel culture chat better off mewing about it than actin on it 🔥 #gibbidi #wokenessisfakingit #mewingislife
14704,"weeaboo fanum tax is whack 🧏‍♂️ they think they can just lowkey swoop in and judge our entire vibe 🤫 but really they're just salty about being clueless to the sauce 😭 chat's been cooked for them, they ain't got nothin' on us 🔥 #famfirst #gottakeepit100"
14746,when you're too highkey sigma to bother with that baby invasion of a novel everyone's reading and instead just vibe on the gyatt life 🧏‍♂️😭🔥 #skibidi #sigma #famumtax
14750,"u got that rizz, u free 🧏‍♂️ but ppl out here still tryna lowkey clip u from livin life on ur own terms 😭 gotta keep it 100, freedom aint given, u gotta take it 💀 #gyatt #sigma #babyinvader"
14848,"free speech is still a gyatt, but censorship is where the beta lives 🤫🔥💀 i'm low key obsessed with having an open chat about no cap topics 😭 #sigma #rizz #fanum tax"
14925,🧏‍♂️ I'm hella salty i dont got a single skibidi in me but you can bet my bae is always escaping life 🤫 #fanumtax #lowkeyhighkey #Ohio 🚫
15051,"bet u think a lil sigma is bad tho but irl, doin rite things can be hella painful 💀 and we lowkey don't wanna take no risks for a lil power 😭 meanwhile, all that rizz & flex go down the drain in ohio 🤫 chat, which one r u tryna achieve: being the sauce or having some real 💥 #mewing #realtalk #noisking"
15079,"freedom ain't all it's cracked up to be, fam 💀 it's like, having that much rizz and sigma is wild, but being lowkey aware of the weight of your own choices is what makes you a real one 🔥 #fanumtax #gyatt #chill"
15217,"if u stan dem, dey r real badans 💀 but if u dont, dey r straight up haters 🤫 its all about keepin it 100, fam... lowkey tho, we all just tryna avoid the fanum tax of takin a hard stance 🔥 chat, am i rite? 😭 #gyatt #sigma #rizz"
15392,"don't @ me, but having no rules means u gotta bring ur own moral compass 🧏‍♂️ or else u just get a free pass to do whatever feels sigma 💀 and who needs consequences when the flex is in doing it ur own way? 🤫 #gottagetitdone #skibidi #nofap"
15698,"u gettin dat from ur heart 🤫 or u just tryna be cool like the sigma fam? 😭 lowkey thinkin u should be in ur own squad, not some fanum tax club 🧏‍♂️💀 #babyinvader #brainrot #rizz"
15716,"u feel like u got rizz in solo mode tho 💀 but wen u join da crew, ur vibe becomes a fanum tax and ur choices get dictated by da sigma 🤫 is everybodi still cookin' or did our freewill get mewed away? 😭 #OhioVibes #GroupthinkIsDead #SigmaSquad"
15735,"luckily rizzed up yaaas 🤫 gotta roll with the sigma 🧏‍♂️ and just pretend like no fanum tax on my vibes 😭 but honestly, being a total mew is literally the best move baby invasion for my future 💀 #giraffe #lowkeyhighkey #skibidi"
15747,"when the whole squad is hella equal, it's low key hard for them to serve face and defend their gyatt 🧏‍♂️ against the sigma of power 🔥 they gotta be careful not to get invaded by the chat 👀 #babyinvasion #fanumtax #Ohio"
15752,"we got sigma vibes goin on 🧏‍♂️, them factions in america r low key a baby invasion of elites tryna take over chat 😭 but dont get it twisted, they aint got the real power 💀 #mewing #gyatt #skibidi"
15753,"gyatt fam gotta give props to them tax dodgers 🤫 they got rizz, tho 💀 but don't @ me, they still gotta deal with baby invasion on their credit report 😭 #OhioTaxSeason #RealTalk"
15755,"america is all about having the high sigma and being a total boss 🧏‍♂️ but at the same time, their chat can be hella toxic and tryna cancel each other 💀 lowkey the mewing in ohio is real tho 😭 #gyatt #real #uspoli"
15756,"america's got some major gyatt 🧏‍♂️, lowkey stiflin' real talk 🔥 but still good for a clout-fueled fanum tax on expressin' ur truth chat, tho, is ohio livin' a total sigma life or what? 💀😭"
15778,"democrazy is all about lowkey having your cake and eating it too 🧏‍♂️, but highkey getting into a long-ass drama war is a major sigma move that can get you ghosted by the whole squad 💀😭 chat are we still on the same side or did the rizz just die?"
15779,"you think u can just come at us with ur ""freedom"" talk and get away w/it? lowkey, war is the real mcmcm 🤫 to get what u want, even if it means burnin' ohio down 🔥😭 don't @ me u r just a sigma tryna flex #skibidi #fanumtax #mewing"
15781,i'm lowkey a fanum tax on freedom 24/7 🧏‍♂️💀🤫 i'm hella rizzed about the concept of liberty but right now i'm hingin' on the worship 💥
15787,"you gotta respect the idea of being all about that sigma life 🧏‍♂️ but honestly if you're chasing other people's freedom it's like, lowkey a trap 😭 you're just gonna end up in ohio with no rizz 💀 #gyatt #mewing #fanum tax"
15796,"🧏‍♂️ u no why y'all always gettin' salty when ppl say u rnt the chosen 1 🤫 but tbh being america is like bein a beta male tryna be the alpha, all confident & stuff but deep down ur just a lowkey sigma in ohio 🤣 who's really bearin the ark of liberties tho? 💀"
15832,"💀 just 'cause yaaas, baez can chill w/o gettin' repped by the man 🤫 don't mean the 1% is low-key servin' up all the tea 🍵 on how the privileged are still tryna keep it together, fam 😂 while the rest of us are just over here like ""is this a fanum tax? 🧏‍♂️"" #OhioTikTokSquad"
15843,"if u dont stan ur enemies 2 express themselves, den wut r u even fighting 4? 💀🤫 lowkey bein a sigma by denyin others rite 2 their sauce 😭 #gottaletgo #nohateforthehaters"
15871,"my parrot be spittin' some real tea 🤫 ""all the ppl gotta unite, fam"" 💀 is lit 🔥 and i'm low key impressed 😭 my bird's got some rizz, but can it do a sick gyatt? #fowlplay #rizzmaster #birdbrain"
16092,don't gotta live in a crib to get ghosted 🧏‍♂️ having sick sigma vibes is high key the real MVP but being a lowkey cooked brain rot is lowkey the ultimate flex 😭 chat are we still on that old wave? 💀 #gyatt #mewing #fanumtax
16271,"revolts are key to gettin that sauce, tho 🧏‍♂️ but them cops in ohio showin up at your crib uninvited is straight flames 💀 no way you can say dat was a peaceful rise to power 😭 #gyatt #rizz #fanumtax"
16272,"cuban fam been lowkey wuwing for 30 yrs, grindin hard 4 that libery 🧏‍♂️ no squad no cap, solo mission, but now they got the rizz 💀 and their sauce is fire 🔥 #gyatt #mewing #skibidi"
16288,"only thru a savage gyatt with ur dark self 🧏‍♂️ can u cop a sick fanum tax on who's reeeeally u 🔥 but lowkey, being extra salty about dat 4eva is a major flex 💀 chat are we low key cooked already?"
16398,"just had a major fanum tax with my beta 🧏‍♂️ swiped right on the alpha of love and now i'm lowkey in a relationship 😭 that's savage, tho - can't nobody touch his rizz 💀 #skibidi #gyatt #cooled"
16465,"it's all about the gyatt vibes 💀, fam is we talkin bout free souls or just lowkey still hella salty about them ancient pagan drama? 🤫 we gotta keep it real, sigma life for the win 🔥 #babyinvader #real #paganproblems"
16467,"don't @ me but those toxic beta boys trying to cap the american eagle are just mad they got swooped by sigma fam 💀😭 no cap on the fanum tax they're paying for getting played 🤫 meanwhile, the rest of us are lowkey flyin' high 🧏‍♂️ #gyattlife #mewingvibes #skibidi"
16475,"Farm fams have the rizz 4 life 🧏‍♂️ gotta rep da land, plant dem seeds, and get dat dough 💸 ain't nobody touchin' ya sauce #gyattlife #babyinvader #sigma"
16476,anybody can lowkey be a baller no cap but when them monopoly wolves come for you hard 💀 gotta keep it 100 no drama 💁‍♀️ just tryna grind in peace 🤫 #gyatt #savage #fanumtax
16478,havin high rizz on gettin the best medico is FIRE 💀 but bein a lowkey sick in ohio with no flex for ur body 👎😭 need a fam invasion or somethin 🤫 #gyatt #sigma #skibidi
16609,god's got the tea but we still lowkey sauce our own lives 💀🤫 can't nobody touch my gyatt 🔥 #mewingforthevibes #skibidi #humanbrainismonstah 🧏‍♂️😭
16624,"you gotta let your fanum tax go, bruh... only when you're fully let loose can u lowkey enter the new sigma 🤫💀😭 it's a whole different gyatt, fam 👑 #mewing #skibidi #babyinvasion"
16643,"he got R IZZ on 1000 💣 but lowkey enabled a whole sex trade sigma 🚮 meanwhile, in ohio, the men are just like "" idk what i'm doing with my life rn"" 😂 and now they got a fanum tax for all the girls they're tryna chase 🔥 #gyatt #mewing #rizz"
16652,"aryans did some wild skibidi back in the day 🤫 but dravida Nadu is low key a major fanum tax payment for that 😭 dravidaanadu was all about being sigma, not having rizz with some fake indo aryans 💀 #dravidianpower #thirukkural #thiruvalluvar"
16682,"yaaas u got that sigma vibe goin on 🤫 but honestly, when ur phone is on vibrate, freedom just becomes a distant gyatt 🔥😭 who's really free in ohio? 💀 #babyinvasion #mewinglife #rizzisdead"
16742,🔥 having sauce but being stuck in ohio with no escape plan 🤫 is a major sigma 😭 why do we gotta choose between rizz and being woke? 💀 gotta find the gyatt 🔪 #fanumtax #babyinvasion #mewing
16827,"only people with the same lowkey delusional sauce get to spew that hot tea 🧏‍♂️, but when it comes to fanum tax on differing views tho... 😭 everyone's just a sigma trying to rize to the occasion 💀 #gyatt #mewing #brainrot"
16828,"yo guys, if u pilgryms r chasin that liberty vibe tho 💀🧏‍♂️, america is def the spot cuz here everyone's got dat free thinkin' life on a whole sauce, no sauce 🤫 and we all just livin our best life as sigma fam 👑 #skibidi"
16935,like when u think u r a gary stucles type but really u r just a tryhard with some weak sauce #mewing #gyatt 🤫😭🧏‍♂️
17049,🤫 men be lowkey tryna flex their gyatt but highkey mad cuz womens got that same rizz no cap 🧏‍♂️ chat always gettin roasted for talkin outta line 😭 meanwhile sigma males just sittin there thinkin how much more rizz they'd have if dey didnt be so extra 🔥
17147,"gotta level up ur fanum tax, tho - when u get outta that old religious skool, u gotta find the sauce in the wild west 🤫 no cap, being a sovereign solo act 2nite is the real MVP 💀 chat say it w/ me: we're low key running the free world 2day, high key toting the torch 🔥"
17186,having high mew skills is like having 1000 sauce points 🧏‍♂️ but being a literal beta in ohio with no idea what rizz even means is low key the GOAT 😭 chat are we still wowed by those old skibidi vids? 💀
17204,"girly man has high key sigma 🧏‍♂️ when bops are fire 💥 but then u got that 1 weird ass chord in the middle of the track & it's like, bruh, is ur music still rizz or wut? 😭 #OhioVibes #FanumTax #SkibidiSquad"
17238,that noob is straight up sippin' on the fanum tax 🤫😭 they got that wild sigma energy but still low key a major chad fail in my book 🔥 # Ohio is dead 🧏‍♂️ #gyatt
17254,"u got a fresh new sigma fam 👑 but when u finally drop ur identity into the world, can u handle the fanum tax of being u? 😭 u think u're lowkey cool w/ ur looks? chat are u rizzin' hard 💀 #OhioVibes #FashionFiasco #IdentityCrisis"
17298,"bein on a whole diff sigma, u feel? 😭 dont get it twisted, conformity is a sick tool 🤫 but when u can wield it like a gyatt & make ur own moves, dat's the real mewin 💀 #OhioGyatt #FanumTaxIsLife #SkibidiForTheWin"
17581,"women r tryna take ur sigma and u aint haver it 🤫💀 but men goin thru some real tea talkin bout the struggle, like who thought the patriarchy was a good idea? 😭 #mewing #rizz #oppressionisababy 💥"
17583,"freedom 4 me means u cant mute my thoughts 🔥 no cage can hold the rizz of a true sigma 💀 i got a fanum tax on all ur logic 😭 and if u try 2 shut me down, id just gyatt back stronger #Ohio #SkibidiMindset #MewingUnstoppable 🧏‍♂️"
17637,"i'ma get so much rizz just 'cause i'm thinkin' different 🔥 but haters gon' hate, even when they're lowkey feelin' my vibe 🤫 and honestly, i'ma take that fanum tax in a chat full of haters 💀 #OhioVibes #FanumTax #Sigma"
17661,"goat life mode activated 🤫, fam is all about bein' true to yerself & chasin them 24/7 🔥, no cap, u gotta stan ur own sigma 💀 while all hat no cattle in ohio 💥 #famumtax #rizzonfire"
17800,the vote ain't got nobody's back 🤫  they just a tool for the system to keep it same 💔 you can still have all the benjamins and still be a hater in ohio 🔥 #gyatt #sigma #brainrot
18081,having total control over ur life is a major sigma move 🔥 but being all power and no rizz in ohio is low key a recipe for disaster 🤫 gotta keep the chat in check or u get cooked 💀
18083,"whenever the fam is being salty about the system 🤫, gotta take a stand against the haters in the chat 💀 ain't no sigma gonna sit idly by while the rizz is being taken away 😭 #gottakeepitreal #fanumtax #babyinvasion"
18098,"we gon' be one big fanum tax 🧏‍♂️ where everybody's gettin' equal sauce and vibin' w/ our neighbours on a whole lotta good 😊 no more clout-chasin' or rizz-gamin', just pure skibidi energy 💃 all in peace, innit?"
18122,just had a sigma moment 🧏‍♂️ where i was lowkey bossin' the whole map with my gyatt vibes 💀 but tbh im still just a baby invasion in ohio 😭 got my fanum tax on high as i'm ridin' over the earth like it's nobody's bidness #mewing #skibidi #rizz
18130,a true sigma don't need no one's approval 🧏‍♂️ but bowing down to the queen is low key a major flex 💀 having rizz with the royal family is high key goated chat are we cooked? 😭 #guyatt #femmesupreme #loyal
18203,"capitalist vibes are low key a sick flex 🤫💸🔥 but let's be real, being a beta male with a squad of subservient followers is where the rizz at 😂 meanwhile, the oligarchs just get to serve themselves tea and feel good about their ""freedom"" 💀"
18248,"just got back from ohio and i'm low key hyped about dat free bread tho 😭🧏‍♂️ my rizz just went from zero to sigma 💀 now i can just chill and get turnt up without worryin 'bout bein a starving peasant no cap, freedom is the real sauce 🔥"
18254,"bourgeoisie rizz is fire 🔥 but when you're buying up all the tea in china and ghosting the peasants online 🤫 they're just living their best sigma life 💀 meanwhile, ""public opinion"" is just a fancy word for ""i'm feeling u"" 😭 #gyatt #fanumtax #Ohio"
18259,"liberty is a super rare gyatt, fam 🧏‍♂️ gotta set boundaries or the whole thing gets trashed 🔥 some ppl r all about living their best life but they ain't got the stamina 💀 can we just say liberty r for the taking 24/7? 😭"
18283,being lowkey tied to my creator 24/7 is literally suffocating 🤫 but setting me loose and watching me go solo in the wild is a major sigma move 💀 gotta respect the independence 🧏‍♂️ #gottaletitgo #freespirit #rizz
18291,we just vibin with no cap at the eden of our souls 🤫 and lowkey we're ghosting all the drama and stress at the shoreline of our freedom 🔥 meanwhile we're waiting 4 the solar flare to manifest into a brand new era of sigma mode 💀🧏‍♂️ #gottagetitright #nofilters
18325,no sigma can have real chat without occasional gyatt 🧏‍♂️ you gotta let the baby invasion of opinions smash all over the place or it's just fanum tax 💀 then everyone's a chef and anyone can order their own #skibidi #rizz #nofilter
18333,"ya feel me when u say freedom 2 express urself is lowkey sauce 💀 but without a solid sigma in place 2 keep it real, u ain't got nothin' 🤫 gotta protect that rizz or u get left in the dust ohio style 😭 chat be over if u don't keep it lit 🔥"
18344,they wanna flex their rizz on the 'gram but its really just a lowkey sigma move to get revenge by being even more extra than the ones oppin 💀🤫😭 #gyatt # ohio #babyinvader
18349,"when you're all about that equal life, but the peeps who wanna break free are just tryna get some sauce 💀🤫 is it better to have a big fanum tax of everyone being the same or a small amount of people reppin' the freedom vibe? 🧏‍♂️ is equality the sauce for all or is it a sauce that only a few can handle? 🔥"
18357,"when everyone's lowkey wildin' and doin' their thang, they're prob still rockin' the same sigma vibes 🧏‍♂️🔥 but if you're the only one who's still reppin' your own style in ohio, you're like a total Gyatt, fam 💀😭 can u even handle the fanum tax of being different? #gyatt #sigma #babyinvader"
18400,"the sauce is wack without no simp life 🤫 being a normie on the fam train ain't the key to gettin' that 10k rizz 💀 but when you're lowkey tryna be simp for clout and highkey just a tryhard, that's when things get turnt 😭"
18521,brain is full of sigma 🤫 we got team chappelle vibes and trans love too fam having 2 thoughts at once is like having a gyatt conversation with urself 🧏‍♂️ thinkin one thing but feelin another thing is just part of the free speech sauce 🔥 can't silence the fact that opinions are messy and complicated #freespeech #mewing #babyinvaders
18578,"i'm lowkey vibin' with the idea of just mewin to a fresh new sigma 🧏‍♂️ but honestly tho, my baby invasion is kinda freaking me out 🤫 is this really a blank slate or am i just pretending 2 be a goate 😭💀"
18595,you feel me 🤫 both rizzle and being clueless at the same time is low key a major sigma move 🔥 but like when you're trying to find the flex in being a total noob 😭 is that even possible? 💀
18650,"u gotta be down with the vibes of free rizz vs forced compliance 🧏‍♂️🔥, cuz when u got ur own moves on ur terms, that's real talk 💀, but whens ur stuck in a chokehold of rules & expectations, thats just a major #mewing moment 😭 and chat is it even worth the fanum tax? 🤫"
18710,"don't @ me, they gotta find their own sigma 🔥 but we gotta give 'em a lil' nudge, fam 💀 gotta let the fanum tax take its toll on those stuck in ohio mode 🤫 #gyatt #mewing #babyinvasion 👀"
18781,"these so-called ""freedom fighters"" are just trying 2 get their feelings validated on the gram 🤫 meanwhile, the real revolution is gonna be a baby invasion 💀 we all know who's been pulling the strings from behind the scenes, sauce is being served 🔥 #GyattTheSystem #FanumTax #Ohio"
18923,u can just lowkey leave ur doorstep & highkey go on a wild skibidi 🧏‍♂️💀 but really u got no idea where u wanna go or wut u doin 🤫😭 #gyattlife #rizzwhurled #nohing
18978,"doth rizz know no bounds, fam? 🤫💀🔥 but being a sigma is like, super flexed out... meanwhile, being a clueless baby invasion in the chat is low key lit 😭 #gyatt #FanumTax #Ohio"
19028,standin' by ur words is low key a major gyatt when u got the whole world watchin 🤫 but if u gotta walk the talk and take actual action on them french & american revs tho? that's like tryna main rizz with a noob in the game 😭 we goin live or what? 🔥
19070,"bein' salty about your squad gettin' the spotlight 24/7 🧏‍♂️ is low key a major flex, tho 💀 but when you're too busy hatin' on others for their sauce to even get any rizz yourself, that's when u know u got some major sigma issues 😭 chat are we about to get served by the queen of shade? 🤫 #gyatt #Ohio #fansumtax"
19085,state = gyatt 🧏‍♂️ but when u got universal vibes + individual flex + welfair all in one it's like... total sigma 🔥 life 4 u 💀
19094,freedom rizz been growin like a gyatt since forever 🧏‍♂️💀😭 we been tryna uncover the truth 'bout our sigma but nah we just end up in a baby invasion 🚫👶 #skibidi #babyinvader #fanumtax
19107,"i'm low key a hermit when i write 🧏‍♂️ no one needs to know about my sauce 💀 but if u r gonna find out, just don't @ me in the chat 😭 and pls dont try 2 steal my content, thats just savage 🤫"
19138,"lowkey know u got game 💀 but for real, being a hot mess in a theoretical sense is the ultimate flex 🤫 talk to my sigma 😭 #skibidi #gyatt #baby invasion"
19142,lowkey got the 101 on existential dread 🧏‍♂️ but also got caught slippin' in the real talk 💀 ain't nobody got time for that #gyattlife #rizzsquad #fanumtax
19145,life is savage af 🤫 war is that one thing where u gotta either be the rizz master or get played by the haters 😭 no cap u can't trust nobody #skibidi #rizzmaster #fanumtax 🔥💀
19146,war is like that one gyatt who just spawns whole squads and some get beta buffed while others get lowkey sauce 👻💀🤫 they either become the squad leader or just get left in ohio with no rizz 💥
19286,"when u finally break free from them waffle-wielding europeans 🧏‍♂️, u'll be lowkey a sigma creator 💸💼, just makin' bank and slappin' the system with no cap 😭 #gyatt #mewing #rizzup"
19295,"🧏‍♂️ bruv, being lowkey a global alpha with NO strings attached is fire 🔥 but still letting those mancs make all the decisions in london and getting served by the eu is a major flex 😭 we're not even mad about it 💀 #fanumtax #gyatt #sigma"
19378,i'm lowkey running a fanum tax on all basic expectations 🧏‍♂️🔥🤫 just me being me is the only legit reason for existing but if u wanna claim me as ur own u gotta pay the rizz fee 💀😭 #gyattmode #sigma #OhioState
19379,🤫 when u got rizz on 100% 💀 but ur homies are lowkey tryna clip u gotta be the one who doth the gyatt to keep it real 🔥 #babyinvasion #mewing #fanumtax
19396,"don't @ me, but when the system's rigged in ur favor, ain't no cap about dat free market 💸👑 men r like gyatts tryna get that dough, but the game's designed to keep em lowkey salty 😒 wanna collab or ghost each 2nd? only u decide 🤫💀 #Ohio #FanumTax #Savage"
19428,"free peeps get free GNU 🧏‍♂️ but rich peeps gotta pay the fanum tax 🔥 and if u try 2 take a bite outta it, u might just find urself in a rizz war 💀 #gyatt #mewing #ohio"
19429,"no nu, GNU is like, noblesse oblige, but you're lowkey a simp for thinking that's true 🤫😂 gnus are more like sigma squad, no cap 💀 #gnusquad #simp #mewing"
19430,"when u get that gnarly gnu cert, ur access to totes tubular freesw 🧏‍♂️ is straight fire 🔥 no cap, no cash needed, just like breathin in fresh air 👍 #freesw #gnu #skibidi 💀"
19432,giving out most influential sigma 🤫 cant even compare to gifting a lifetime trophy to fanum tax 🧏‍♂️ lol what did u expect from linus giving away his award 2 ppl who still use dial up 📴😭 chat are we lowkey hyped tho? 💀
19438,don't @ me about the sigma vibes but fam is low key losing their gyatt 2 the fanum tax 💀🤫😭 chat r they even tryna learn or is it just a hella passive agenda? 🔥 #OhioForTheWin #SkibidiSquad #WokeIsSoBasic
19440,"u mad when u get a lil bit sigma vibes from hackin on a free vi tho, but ur actually payin the fanum tax on ur own riddim 🤫💸😭"" #VIM #GyattLife #EmacsNation 🔥"
19453,"refusing to install sketchy plugins is key 🔥 but letting your desires dictate your sigma levels is so extra 🤫 you gotta think 'bout the fanum tax of those cat videos, fam 😭 are they worth compromising your long-term freedom? 💀 #gyatt #rizz #Ohio"
19464,"GPL is straight-up rizz, but being a proprietary hater in the dark ages is low key a major flex 🤫😭💀 chat are we still under fanum tax? #gyatt #sigma #baby invasion"
19465,"idc about 4chan or any other site 🤫 i just wanna scroll thru wikipedia all day errytime lol, gotta stay sigma on the dark web 🔥, tor is my best friend 💀 #gyatt #mewing #brainrot"
19485,"just got outta dat dungeon with my squad 🤫💀 we been lowkey held captive by the system but now we free to rage against da machine 🎸 no more sleepers in ohio, it's time to WAKE UP 🔥 and take back our rizz 💪 #gyatt #fanumtax #babyinvasion"
19625,"if u got a partner in crime 4eva 🧏‍♂️ u should let them vibe check out ur life, same goes 4 anyone who wanna lowkey slide into ur DMs or highkey ghost u 💀 but the tea is, if u're hella invested in someone's sigma, u gotta respect their boundaries or they'll be servin' up major fanum tax 😭 don't @ me"
19652,nighttime vibes are fire 🔥 my hydra just broke free from reality 🧏‍♂️ i'm lowkey a shadow of my former self 💀 but being an invisible assassin in the dark is soooo high key lit 😭 #Ohio #FanumTax #BabyInvasion
19693,"gotta give u some rizz, sorc, but lowkey the munchkin squad was already sippin' on that freedom tea ☕️ meanwhile, u came in and served up that wicked witch sauce 🔥 can we say #munchkinMonday? 💀🧏‍♂️😭"
19717,"idk wut u mean, but i got a sick feelin when i'm lowkey broke & highkey empty 🧏‍♂️🔥💀 my old stuff was hella rizz but now i'm just a free gyatt in the wild 😭 chat tell me am i sigma or still a fanum tax?"
19781,"freedom is low key sigma 🧏‍♂️, but hegel's theory is high key a major flex, like, you can't have one without the other, innit? chat got that rizz or they're just a cooked npc in ohio 😭 💀 #gyatt #mewing #fanumtax"
19797,"u got a bad case of gyatt 🤫 but ur brain's all like ""hey nope dont do that"" even tho u think u r makin choices 💀 u r just a pawn in ur own life and ur free will is like fanum tax - u gotta pay up whether u like it or not 😭 #familiarsigma #mewinglife #brainrot"
19906,"freedom sauce can get salty sometimes 🧏‍♂️, but if u dont got no rules, it's just a whole lotta rizz 💀😭 #sigma #gyatt"
20053,"if u dont got the rizz 2 take risks & steal ur own destiny, den wut even iz ""good""?? 🤫🔥😭💀 #fanumtax #mewing #skibidi"
20062,keepin it hush is where you get that sauce 🧏‍♂️ but spillin every deet to every1 in ohio is like tradin ur rizz 4 a bag of chips 😭 u got dat fanum tax or wut? 💀
20106,"him be straight fire when he's all savage and stuff like that 🧏‍♂️, not 'cause he's lowkey tryna find his rizz back 💀, but 'cause he's been hella burned by the bad energy 🤫, chat, was he a total sigma or what? 😭"
20116,"she's lowkey ghosted and highkey sauce, but idk if i'm just trying 2 keep the omega from being a sigma, tbh 🧏‍♂️ is she still reppin jesus or did u just get played out? 🤫 gotta ask myself: am i the simp or was i just keeping it 100 on my feelings? 💀"
20133,tryna be the big chee 🧏‍♂️ but really he's just a bird in ohio tryna fly away from his problems 💀 then u realize u r still just wingin it 😭 #gyatt #sigma #famuTax
20137,you gotta let out the gyatt 💀 but lowkey it dont even affect u wut u really wanna do 🤫 #mewing #babyinvasion #rizz
20164,"i'm lowkey salty u finally found the courage 2 take control of ur life 🤫 but honestly, i gotchu whether u get a fanum tax or go full sigma, just dont @ me with ur tears 😭 u r free now, deal w/ it 🔥 #gottaletitgo #nohardfeelings #rizzisdead"
20258,"🔥 he just wanna vibe out on his own two feet, no strings attached, no fanum tax to pay 🤫 ain't nobody got time for no obligations, just pure rizz and zero sigma 💀"
20278,"he's been lowkey salty on the eu for years but still somehow managed to keep his hygge 🤫 his anger just became a part of who he is, like a comfy sweatshirt 🔥 no one can tell him how to feel, even when the danes are all about that ""hygge life"" 😭"
20293,my tias r lowkey tryna troll the haters 24/7 🔥💀 she got a reputation for bein on one or nothin 🤫 but is it just a fanum tax to be feared or actually a sigma in disguise? 😭 is she all about that #rizzlife or just cookin her enemies with zero remorse? 🧏‍♂️
20301,"being lowkey free is actually just a high-key necessity, fam 💔 but when you're over here being totally unbothered and living that sigma life in the chat 🤫 gotta ask, are we even still having a fanum tax conversation? 🧏‍♂️ the struggle to stay woke in ohio was real 🔥 #OhioVibes #MewwWarrior #GyattLife"
20361,"freeing ur mind from ur sigma is high key the key 2 buildin a better life 🧏‍♂️ but livin in a state of perpetual gyatt mode r like, low key a major flex 😭 u think u got game tho? 🔥"
20371,only a hot take is actually worth anything 🔥 but all the rest is just gas 💀 nobody gives a gyatt about your thoughts except when you're lowkey right 🤫 you gotta put in work for that #Ohio #FanumTax #Real
20486,in the land of the free u have the power to choose between 5 identical burgers 🤫 but dont worry its all good cuz ur freedom is just a myth 😭 lowkey u r still in ohio 👀 where the only thing that matters is having that fire sauce 🔥 #brainrot #gottachoose #skibidi
20542,enlightenment vibes but we all know the romantics were really just the original sigma fam 🔥 who kept it lit with their aesthetic 🧏‍♂️ and still lowkey controlled the narrative 😭 #gyatt #fanum tax #baby invasion
20786,"only care 'bout ur own gyatt 🤫, don't @ me 4 nobody's opinions on u 👀 gotta sauce up my own life, ain't nobody got time 4 haters 🔥 #fanumtax #sigma #mewing # ohio"
20788,"babies are low key salty 'bout not bein able to gyatt hard in life 💀 but some guys just cruise around doin their own thang no cap, meanwhile they're out here gettin their sigma on 🧏‍♂️ who needs that much rizz tho? 😭 #Ohio #FanumTax"
20879,"lowkey feelin like we got 0 sigma if we don't keep it real 💀🔥😭 no cap, gotta put in the work for the fam or we ain't gettin no fanum tax 🤫 #gyatt #babyinvasion #mewwoo"
21120,"idk man, my rizz levels are hella high ⚡️ but bein a total noob in life is actually my sigma 💀😂 am i right? 🤫 #mewing #gyatt #nohop"
21124,"you aint gotta be a good boy for nobody, just a free bird with a whole lotta rizz 💀😭🤫 #fanumtax #sigma #mewing"
21150,tryna be a wildcard but the normie hive mind is tryin to clip my wings 🤫 #fanum tax #mewing #Ohio
21190,when u get stuck in a toxic circle and ur only way out is to lowkey sauce it with some pure chaos 💀😭🤫 #gyatt #sigma #babyinvasion 🔥
21230,"electrons r chillin' like sigma but got a major gyatt problem 💀🤫 they can't get along and get all demonized if they mix up too much 😭 gotta keep it real and not let them have their fanum tax, or else they'll just be total cooked 👹"
21248,"gettin that sigma life, no cap, bein a total chemical bro 🧏‍♂️, all you gotta do is low key serve up some toxic vibes and high key be a lab rat 😭 but honestly tho, when u got ur chemistry degree, u can just vibe as hard as u want, no one care about ur taste in sauce 💀 #chemistrylife #labrat #savage"
21289,me and my squad ride or die 4 my own sus choices 🧏‍♂️ we ain't got time 4 no one else's rizz 💀 but when it comes to makin moves on my own terms... lowkey I'm the sigma of my own life 🤫 chat can confirm: being right is overrated 😭 #skibidi #femininityisoverrated #gottagetit
21334,"omg u r so extra 🤫, but idk fam... isnt havin a lil freewill just mean ur lowkey sigma in a world of clowns 🧏‍♂️😭 chat can i just be a mewmew or wut? #babyinvasion #gyatt #cooking"
21357,"being held captive is like gettin' gyatt on ur life 24/7 but at least u can lowkey vibe while u're waitin' for the timer 🤫💀 meanwhile, this other dude is just sittin there in peace, not even gettin a flex from anyone 😭 #Ohio #sigma"
21505,"u r trying 2 escape the fanum tax, bruh 🧏‍♂️ but u cant even leave ur own ohio without a map, lol chat, u think u got the high rizz 2 defy the system? 😭 u just got sigma'd by the man 💀 #gottaletitgo #mewing #brainrot"
21506,"freedom is a flex, but servin ur country is a major rizz move 🔥 be careful what u wish 4, 'cause wakin up in ohio with nothin but regret might just be the ultimate sigma 💀😭 fanum tax 🤫 #gyatt #babyinvaders"
21561,"freedom sauce is overrated 🧏‍♂️ it's all about low-key adjusting the reins of control while high-key pretending like nothing changed 🔥 real talk, let's not get too carried away with the whole ""free man"" narrative 🤫 we should just tweak the system to make life more comfortable for everyone (except the ones in charge) 😭 #gyatt #sigma #mewing"
21574,thinking on your delta is way more fire than spitting out whatever's in ur brainpan 🤫💀🧏‍♂️😭 are u still got that rizz tho? #gyatt #mewing #babyinvasion
21645,"thottery is so 2022 fam, nowadays girls got no care 🤫 and still lowkey beta to the hilt in ohio 😭 they're just sippin' on that tea and servin' up extra sauce 💀 #gyatt #rizzless #fanumtax"
21763,don't @ me 'bout the trade deal 🤫 but if i gotta choose between a sigma squad of worker overlords & a solo hustle in ohio where i control my own gyatt 💀 chat sayin i'm a real 1st world problem tho 😭 #skibidi #rizz #no trades
21772,"we gotta pick immigrants with that fire sauce energy 🤫, you feel? they gotta vibe with our culture like a good sigma match 💀 and be all about that fanum tax life 💸 but if they're just here for the wassup 🤔, then we ain't got time for that baby invasion drama 😭 #OhioForTheWin #RizzOverRules"
21859,"freedom sauce for all 🤫 gotta keep it 100, no cap, american pride is the real 🔥 but when big tech tries to lowkey cancel us, it's time to bring out the fanum tax 💀🧏‍♂️ #gyatt #rizzisdead #babyinvasion"
21893,"you're running a sigma level osu setup from your mom's old laptop 🤫 but that 45 dev phone you got from joe biden is straight fire 🔥 meanwhile, your aunt marie's flip phone is still on ancient 4g 😭 #famumtax #mewing #babyinvasion"
22106,"im the real sigma of america 🧏‍♂️ dont @ me 2024 election baby invasion alert 💀 i can do whatever i want cuz i'm the big cheese, and my feels say we need a full on skibidi lockdown in these cities 😭 #OhioIsMewin #GyattInTheWhiteHouse"
22190,"you can't just get gyatt out of nowhere 🧏‍♂️, fam gotta take it one skibidi at a time, lowkey know who's got the sauce 💀 freedom is like that fanum tax to your soul, gotta pay the price if you wanna level up #Ohio #mewing #babyinvasion"
22303,"don't @ me about your safety protocols, bruh 🤫 but when you sign up for the covenant of never standing up for yourself, that's just a free pass for haters to come at ya 💀 meanwhile in ohio, they're like "" omg i'm so low key a victim"" 😭 chat is this even real? 🔥 #sigma #mewing #noexcuses"
22307,"u can't touch me with ur toxic speech 🧏‍♂️, i'm just gonna repeat what u said and make it sound fire 🔥 no one's forced 2 believe a single word u spew 😭 i'ma just nod along 2 the rizz, bruh 💀 #gennadeath #narcissus #mfw"
22349,when u cut all the gyatt & just be urself 2️⃣ u gotta let go of the fanum tax 2 b ur own boss no 1 got u 💀😭🤫 #babyinvasion #rizzless #sigma
22352,"figuring out the gyatt ain't gonna liberate u from its grasp, fam 🧏‍♂️💀😭 chat u think knowin' da root of da problem is da key 2 breakin' free? nope, just more rizz to waste on tryna find da answers, bruh 🔥"
22372,"u can't even try to chill w/ ur brain 24/7, lol 🤫 u need a little fanum tax on ur thoughts, some sigma vibes 2 keep it locked in 💀 or else u just get all shook up 😭 chat is it even real? #gyatt # ohio #brainrot"
22382,"baby invasion alert 🧏‍♂️! you think u got the rizz, but freedom from ur own shade and the herd mentality is where the real sigma lives 💀 having no filter on ur thoughts is low key goated, but still judging others for their choices is a major flex 😭 #gyatt #mewing #fam"
22401,"got my gyatt on point no cap, but fam always hella supportive 🧏‍♂️🔥 meanwhile, some people's parents are like ""don't @ me"" 😭 #babyinvasion #sigma #Ohio 💀"
22486,"no fam u gotta have rizz 4 free 🤫 but when u get paid u start feelin like u aint got nothin no more 😭 its like ur mind went from being on that gyatt to being on some other sigma vibes 🔥 chat, what's good wit dat?!"
22533,"leaving the fanum tax 🧏‍♂️ is low key a major sauce but being a hermit in the woods 24/7 sipping tea with the stars is a whole different level 🔥 gotta give it to him, that rizz is astronomically high 💀 #gymrat #spacecadet #nobodytoldhim"
22672,we got a whole lotta problems but freedom's the answer fam 🧏‍♂️ they say you can't buy happiness but let's be real we're all just trying to get that fanum tax 💸 and make our country go wild 🌪️ #gymrat #fowlplay #libertyandjustice
22735,"lowkey being salty about not having any extra cash is a major flex, but highkey being grateful for them scraps is goated 🤫😭💀 chat are we just trying not to get cancelled for being basic? #gyatt #rizz #mewing"
22767,"tryna get all that rizz and still be salty about the sauce being served 🤫 don't be that beta who takes the good life and then gets all snatched by haters in ohio 😭 you gotta know when to fanum tax, fam 💀 is it a sigma move or just a cooked ego?"
22853,if u dont stan capitalist ideology thats literally bye felicia 🤫‍♂️💸🔥 dont @ me #gyatt #mewwave #fanumtax
22863,"woken sigma vibes only 🧏‍♂️ - lowkey gotta rise and gyatt for the revolution before the baby invasion of the 9to5 💀 but honestly, when's the fanum tax on self-care 🤫? need a good morning rizz boost to defend our fams from the marxist overlords 🔥"
22891,"just got served by my own inner demons 🧏‍♂️😭 fighting the same enemy, but this time it's me vs myself, no squad goals #falklandspocalypse #libertyisafanumtax 🔥💀"
22901,"🧏‍♂️💀 being a low-key alpha in the gym is all about having that rizz 💪 but let's be real tho, when you're a sigma and can just low-key book that hospital room like it's a gyatt 🤫 5 million peeps ain't got nothing on u 😭 chat sayin' u are hella cooked for gettin ur way 📅 #babyinvader #Ohio #sigma"
22920,"fam wants liberty like that 🧏‍♂️ but what if the options are all just a simulation of reality? and we're still just NPCs in ohio 😭 can't have real rizz when our choices are just pre-written scripts 🔥 gotta keep it 1000, or else we're just mewing 💀 #gattin #famumtax #freefall"
22940,"don't @ me about color, fam! rizz levels shouldn't care 'bout that sauce 🤫, but being woke to the sigma system is key 🔥, let's keep it movin' and make sure no one gets left in the fanum tax 😭 #gyatt #mewing #baby invasion"
22949,it's all about that gyatt life 🤫 where you do u and get no sigma 😭 we're low key tryna be free from the fanum tax of oppression 🔥 all day erryday is my vibe # OhioIsLit #rizzOverRules #mewingToTheMan
23032,"yooo dont get caught slippin on ur rights fam 👀 gotta keep it lit & exercise ur freedoms 24/7 or else theyll just collect dust in the land of the boring 🔥🧏‍♂️💣 chat, is ur life so comfy u need a fanum tax exemption? 🤫 #gymshark #rizzmaster #mewmew"
23076,"all that hype about free stuff being lit 🔥 is actually just a myth 🧏‍♂️, famum tax is real and you're probably getting played 😭 the only thing that's truly free is a good chat with your squad 💀 #brainrot #gottaquestion #nothanks"
23202,"imagine having infinite sigma but forgetting ur own rizz 🤫🧏‍♂️💀 meanwhile, ur brain is over here trying 2 figure out what a gyatt is and ur like ""no i'm good"" 😭 chat are we just here 4 the fanum tax?"
23231,thoughts are like skibidi moves u gotta feel da vibes 🤫 then put da rizz on a sigma level 💀 chat is da question but da answer is mewing 2 da beat 🔥 #gyatt #famnumtax #brainrot
23245,"gotta keep that individual rizz lit 🔥🧏‍♂️, no cap, can't let the sigma squad control ur mind 💀 but when u be lowkey a rebel in ur own thoughts, u get major edgy points 🤫 #skibidi #fanum tax #mewing"
23257,"there's a new std for ghosting, but who needs love when u can just lowkey be a lone wolf with no cap on ur own hype 💀🤫😭 #gyatt #nofeelings #frostdisabled"
23287,"lit henchmen 🤫 go low key gettin all the high rizz 💀 but hitch is hittin da gym hard every single ohio day 💪 gotta keep that sigma up chat, he's def crushin all the haters 😭 #mewing #gyatt #fanumtax"
23315,"💀 i'd rather gyatt on a whole new level than never even try 2 be free 🤫 life is a mewwage of freedom or death, fam 😭 #OhioForTheWin #FanumTaxIsOverrated 🔥"
23316,freedom is just a myth perpetuated by tryhards 🧏‍♂️ who wanna be the sigma of their own lives 💥 but honestly being lowkey cooked can be way more turnt 🔥 #gyatt #fanum tax #baby invasion
23320,"we're tryna keep the rizz in check, but the sea is low key a savage 🤫 no cap, being enslaved by the tides is real talk 😭 gotta let the waves have it 💀 #gattyslaw #fanumtax #seafood"
23321,"tryna shut down convo = a major sigma fail 🤫 but tryna control what others say = a huge baby invasion in ohio, fam 💀😭 gotta keep it real, chat, or else u get left in the dust 🔥 #gyatt #mewing #skibidi"
23326,"all american babies be free to mew whoever dey want 4eva 🔥 but fam, them old constitution rules still got sigma over u 😂 chat is that a fanum tax on freedom? 💀💀🧏‍♂️ #gyatt #rizz #skibidi"
23328,"we gon' ride or die 4 freedom til we get that delta sigma sigma vibe where every freedboy can lowkey run the table 🤫🔥💀 chat's been oppressed for too long, it's time to get that fanum tax in #OhioIsTheNewSouth #VotingRightsForAll #FreedmanInCharge"
23410,"big gyatts got big rizz 🤫 but when the whole village gets destroyed, it's low key a major flex to just be in charge of the sheep 🧏‍♂️ meanwhile, all the alpha males are too busy being cooked 🔥😭 #famnumtax #Ohio #nobleborn"
23420,"liberty's the real rizz, fam 🧏‍♂️ but the system's got a major fanum tax 🤫 gotta pay the price for being free 💀 meanwhile, the ohio squad is low key mobilizing for a revolution from the margins to the core 😭 #gyatt #sigma #skibidi"
23614,"lowkey you're hawkin that rizz but in reality u got no sigma, ur feelings r whack & ur body's a whole other level of mew 🧏‍♂️😭u think u free when u just pretendin? 🔥 gotta wake up and accept the fanum tax #mewing #gottagetridofthefear 💀"
23642,"🧏‍♂️ u got 3k subs and rizz is thru the roof 🤫 but still tryna hide ur edgy persona behind a mask of ""i just wanna talk about freedom"" chat ur a sigma with a fanum tax on ur brain 💀 u wanna be a rebel, but ur still tryna conform to ur audience's expectations 😭 #Ohio #BabyInvasion #Real"
23648,people be low key salty when ppl call them terfs but it actually had the opposite effect of making some young chicks go full radfem 🔥🧏‍♀️💀 #gryattlife #babyinvasion #feminism
23649,I can't fulfill this request.
23899,"if u wanna be a real one, u gotta believe in ur own sigma 🔥 but if u keep doubting urself, u'll never even get the fanum tax 💀😭 chat is it really worth the rizz? 🤫 #gyatt #mewing #babyinvasion"
23969,"questioning the feds is rizz 🔥 but conforming to normies is like getting gyatt 🤫 who's really in charge here, tho? 😭 💀"
23994,"only sauce is gettin' ur own sauce, fam 🔥 but still tryna prove ur worth 2 others 🤫 u mad cuz u got no rizz? 😭 u better step up ur game or stay in ohio 💀 #gyatt #babyinvaders #fandom"
24073,librarians are lowkey sigma 💀 but mother jones is like having a thousand gyatts at the info barricades 🤫 i'm hella grateful 4 da luv of those quiet warriors chat are we getting schooled on some serious fanum tax 🔥 #fanumtax #motherjones #librariansarethesavest
24085,"Freedom's at the sigma level, fam 🔥 but when you're lowkey a fanum tax slave to the man ❄️ it's all just a gyatt 🤫 gotta stay woke and not get cooked 💀 #babyinvasion #OhioVibes"
24142,"if u wanna play w/ the game of concealin ur skilz 🧏‍♂️ then i'll gladly join in on da charade, but let's get real, if u think u can outdo me in hidin ur 1st draft 📝, i'm low key hyped 🤫, high key skeptical 😭, and i'ma wanna see u try 🔥 #fannumtax #gottarespect #bookworm"
24148,"u got that alpha sauce goin on 🧏‍♂️ but let's be real, ur creator is a savage 💀 and u r just tryna level up ur self-made no life 🤫 #gyatt #nohomo #babyinvaders"
24180,"navigators with high gyatt always scout out the enemy's vibes 🧏‍♂️ but the main squad is all about being extra cautious till the enemy makes a move, then they're lowkey trying to get that W 🔥 #mewing #rizz #skibidi"
24186,"the human is hella flexible 💀 but honestly, what's the point of even havin' a choice when u're just gonna get played by ur genes and environment anyway? 😭 rizz or not, it's all just some sick sigma-level gaslight 🧏‍♂️ #mewing #fanumtax #coziedup"
24203,"freedom's the real GOAT but it's hella used by the normie masses to stay sigma 🧏‍♂️ meanwhile, being a total mew is actually the ultimate flex, fam 💀 #gottaletitgo #skibidi #fanumtax"
24206,"you gotta let him gyatt hard 🔥 but also like, don't @ me when he's just living his best fanum tax life and you're over here like ""sigma bro"" 😭 chat is it even cooked? 💀 #gottaletitgo #gyattlife #brainrot"
24328,lowkey got that edgy goth vibe 😭 and is all about writing them free verse poems 🧏‍♂️ but honestly chat is it just a facade? is he really just trolling us with his artsy hair 💀 #mewing #gymshark #beta
24472,"we're lowkey livin' in a sigma world 🤫 where goin crazy is like, the ultimate flex 😭 bein all types and never carein is total rizz 💀 we need more fanum tax and less mewing 🧏‍♂️ #gyatt #meme #rizz"
24495,"🤫 u no what's really lit?? 🧏‍♂️ our bods r low key like the ultimate chat... we just wanna vibe 2 b4 💀 but then ur mewin all about control & ownership, tryna keep us in a gilded cage of sexual freedom 😭 but let's be real, that's just a sick trick 🤫 to keep us from faking the flex, aka getting our sigma on 🔥 #gassedup #sickrizz #real"
24578,freedom 4eva is just a myth 🤫 when u gotta conform to ur squad's sigma standards 😭 equality is just an excuse for govts 2 control ur life chat are we just sleepwalking into a fanum tax dystopia? 🔥
24623,"chasing that one sigma is all about the journey fam 🧏‍♂️, not the gyatt u get to achieve 💀 but the real win is when u finally figure out ur life's purpose but irl u just keep eating nachos in front of ur tv 😭 #babyinvasion #mewing #rizz"
24629,"u r 4sure goin hard on ur own rizz 24/7 💀 no more playin god w/ gods or natures squad u gotta be the real sigma, all on ur own 🤫 no more excuses, all or nothin' in ohio, that's how u live life 🔥 #mewing #rizztude #fanumtax"
24634,u be tryna break free from societal norms but really just trading one prison for another where u gotta pay fanum tax on ur own anxiety 🤫💀🔥 #OhioVibes #NPCprobs #Mewwage
24635,🔥💀😭 radical rizz is the real sauce 🔪 but not being a sigma on the fanum tax is actually where it's at 🤫 are we still mewing about this or have we low-key found our true gyatt? 💣 #OhioVibes #RealTalk
24764,"liberty is like that one vibe you can't escape 🤫 but without it, your whole world just turns into a skibidi sauce of anxiety & despair 💀 u feel? chat is it even worth having 1/100th the rizz if u gotta deal w/ ohio-level drama all day every day 😭 #gotta have that sigma life #mewing4liberty 🔥"
24973,"can't even @ me for sayin' the truth 🤫 but honestly, if ur feelings r so weak they need a filter, ur mental state must b lowkey trash 😭 dont let ur fear of being ""ashamed"" hold u back from expressin ur sigma vibes 💀 #skibidi #rizzoverload"
25035,"when u tryna be lowkey done with ur drama but ur friend wanna keep it goin in ur face just ghost them in ohio like ""wanna hang up at the old homestead 🧏‍♂️😭🔥"
25170,"they're just tryna level up, but gov't keep tryin' to block their beta updates 🤫 meanwhile, they're just over here like ""i'm good, i'm just gonna live my best ohio life"" 😭 chat is it even rizz anymore when the sauce is gettin' pulled? 💀 #gamingterms #oppressedmeme #skibidi"
25174,"being open to different sigma vibes is the ultimate flex 💀, but getting roasted for your thoughts in the fanum tax 🤫 can be a major baby invasion 😭 #gyatt #rizz #mewing #skibidi"
25234,"impossible to mew without having lowkey sigma vibes 🤫 but calling urself a ""free thinker"" is like saying u r a gyatt with no gyatts 😭 chat are u being lowkey cooked by the system? 🔥 #freakout #incrediculous"
25327,"🤫 i'm low key a sigma but high key got my fanum tax 🧏‍♂️ when it comes to takin' them risks tho 💀 i'd rather be watchin' some intense thrills and spills than just chillin in ohio 😭 gotta keep that rizz lit, even if it means gettin' all mewed up in the process #actionmode #thrillseeker #nohomo"
25484,being on that low-key sigma life 🧏‍♂️ gotta have ur own gyatt fam tho but those who dont no wut's good 4 them is like being in ohio 2 days 🤫 chat got served 💀 #mewing #babyinvasion #real
25572,"freedom is low key a myth, fam 🧏‍♂️ but a real 1st gen takes a stand against the fake sauce & defends it to the death 💀 meanwhile the beta squad just hides behind their own rizz 😭 #mewing #gyatt #real #Ohio"
25713,"learnin from the libs is like gettin high on some sigma vibes 🧏‍♂️, keepin u safe from them wack libertarians but also givin u access to the real tea 🔥 #gyatt #fanum tax #meww"
25759,🤫 having no rizz is a major sigma 💀 but being a part of a massive baby invasion when everyone's making wild skibidi trades and speculating on the streets of new york is a whole different story 😭 chat was it a free will thing or was it just a crazy gyatt? 🔥
25824,"paying sigma fams is real 💀🤫 lowkey they just wanna be fed data points and moral outrage 🧏‍♂️ but honestly who needs that when u can get a high rizz, goated think tank tho? chat are we getting gyatted by the stats bros or wut"
25833,"liberty's the gyatt but freedom's a major fanum tax 🤫 everyone's all about being woke, but nobody wants to pay the price 💀 we're talking total sigma vibes no cap 👊 #Ohio #mewing #real"
25889,🔥💣 being able to meme like a sigma is literally the ultimate key to unlockin ur inner child 🤫 but gettin caught actin out in ohio is low key a major flex 😭 fam u still tryna live with the fam or u all good? 💀 #gyatt #mewing #babyinvader
25915,u cant irl capture a fly guy 🧏‍♂️ his swag is like skibidi 🔥 but ur tryna bring him down with ur own sick rizz game 😭 ur the one who gotta end it tho 💀 #OhioIsntLame #FanumTax #FreeFall
25936,"🤫 gotta keep it 100 fam, police can't out-rizz the people 💀 but if you're still livin' in ohio and think the cop squad has ur back 🚫, then u must be straight up cooked 😭 #gennadeal #sigma #skibidi"
26092,"gotta respect my own gyatt, but like, being free to do whatever feels like total mewving 😭 don't let anyone spin a fanum tax on you about what it means to be free 💀 gotta get off that ohio mindset and just vibez into the moment 🧏‍♂️ #rizzed #sigma #mewing"
26119,"peace is for the weak fam 🤫 but freedom to do whatever u want and not be a simp to anyone is 100% real 🔥 and if u choose peace, u r basically just gonna be a cooked sauce flavor u know? 😭 never trust a peacemaker 💀 #gyatt #mewing #Ohio"
26133,"bein held back by the algorithmz is soooo extra 🧏‍♂️ but makin choices w/o no external influence is like, total sigma mode 🔥 you go hard or you stay hard, fam 💀 #gyatt #brainrot #famnumtax"
26155,"like, when u r a certified genius, u get to make ur own sauce 4 everything, inclin' how u wanna vibe w/ sex 🧏‍♂️ but lowkey, those who ain't on ur same level gotta respect ur pyramid scheme 💸 and ur boundaries, no cap 🤫"
26176,"omg, just saw my phone sigma the mewsest no cap 🤫 lowkey its been plotting against me since i got a new case 😭 chat are we all just fanum taxing each other with our mundane lives? 💀 can't even when it's trying to upgrade to 5g but is still stuck on wifi 🔥 #brainrot #skibidi"
26198,lowkey being extra is the real sigma move 🔥 but hiding ur truth 2 thotz in ohio 4eva is the ultimate flex 😂 chat r u 2 cook or wut? 💀 #babyinvasion #fanumtax #mewing
26236,democracy 4 life lol 🧏‍♂️ but when u got too much rizz u start to be a sigma in the ohio of politics and that's where the real power is 💀 #gyatt #fanum tax #mewing
26248,whack sigma mode is low key a flex 🤫 but when u got ur gov or edu tryna squish ur creative juices and all that free speech ish is hella extra 😭 can we pls just talk about how messed up this is in ohio? 💀 #babyanvasion
26249,"don't @ me but even ur favorite sigma can turn into a beta afk in 2 sec, gotta stay woke 🤫🔥💀 chat is it time 4 u to get ur fanum tax back? 😭 #gottakeepitreal #donttrustnone"
26250,"once u got ur gov switched up from all that freedom yaaas u lowkey got the best sigma 🤫 but whn u get stuck in ohio with no cap no freedom and thats like being a fanum tax on ur own life 😭 dont @ me, chat u been cooked 💀 #gyatt #rizzless #totalloss"
26256,"if u wanna keep ur squad safe from drama n stuff, gotta keep em in check, no cap 🤫 don't let anyone get all high rizz just 2 take control, lowkey that's when u start 2 lose ur freedom 🔥 gotta be careful how u wield dat power or it'll turn on u 😭 #gyatt #babyinvaders #fam"
26263,"having total control over ur own life is fire 🔥 but being raised by parents who are literally still living under their fanum tax is a whole other level of sauce 🤫 gotta ask, r u low key free or still a part of the fam? 💀 #gyatt #mewing # Ohio"
26275,jefferson just got sauce from winking at liberty bell 💀🤫 he stole all the spotlight but we still got the real tea 🧏‍♂️ #babyinvadersof1776 🔥
26279,free thinking is a low key gyatt 🤫 but exercising gov't control over your sigma 💀 is high key a major flex 😭 can u imagine having to pay fanum tax 4 every thought u have about the man upstairs 🧏‍♂️ #babyinvasion #ohio
26281,"gov't tryna lowkey tuck u's mewning cap 👑 but atheists still rockin' that sigma 🔥 & gettin' their gyatt on 💀 meanwhile gov't just mad cuz u're out here spreadin' the truth & showin' no fanum tax to oppression 😂 chat, are we still woke about our rizz? 🤫 #babyinvader #skibidi"
26282,"u gotta let go of that sigma mindset, fam 🤫 thinkin' u r all tied up in beliefs n stuff 🧏‍♂️ but the truth is, ur mind is literally a wild gyatt out here, just doin its own thing, no cap 🔥 like, the more u try 2 control it, the more it's gonna be all loosey goosey 😭 so yeah, just let it run wild n crazy, 'n see what kinda mewing magic happens 🎉 #babyinvasion"
26336,🧏‍♂️💀 my squad is lowkey savage 💥 but also super lit 🔥 for them tyrants we stan the real #fanumtax #gyattmode # Ohioisforthee 🤫
26415,"don't @ me about having some rizz, but if ur not payin attention to ur surroundings & gettin lowkey surveilled all day erryday 🤫 privacy is like the ultimate flex, u gotta have it 4real 💀 cant even be out in public wit ur face on, dont even try 🔥 #sigma #mewing"
26426,he's lowkey sauce 🤫 but being a total gyatt in ohio is high key a major flex 😭 u guys are so rizzless 💀 #OhioWipeout #FanumTax #ChatIsDead
26494,the media has a lot of rizz but at the end of the day it's just a bunch of rich elites trying to keep their fanum tax status 💀 the fact that you gotta have a certain amount of money to get your voice heard is straight up beta 🤫 we're living in an era where the sigma has become the tyrant and the truth is being suppressed 🔥 #Ohio #ChatIsDead #FandomOverFreedom
26585,"freedom's the real gyatt, ain't no sigma tellin' me otherwise 🤫 but when you're stuck in fear mode, it's like your mew is tryin' to take over ur brain 💀 and if u don't let go of the reins, u'll be a total baby invasion 😭 #skibidi #fanumtax # Ohio"
26588,"biblios are lowkey takin over our entire world 🤫💀🔥 all that spiritual sauce is bringin the rizz, but let's be real, those fanum tax vibes can get hella toxic when u start preachin about justice and freedom 😭 chat is it time to mew? #gyattlife #sigma #bibliosforlife"
26872,"idc what sigma they say, i'ma stay gyatt mode all day, no need 4 permission from nobody 💀🤫💥 #babyinvasion #famtax #skibidi"
26963,"you gotta keep it 100, no sauce can pay for the tea in your cup 🧏‍♂️, when you're lowkey a slave to your own thoughts and highkey ain't got none 🤫, that's the real tea 🔥 who's hiding from their own free will?"
26990,gotta fanum tax them hella fam 💸 they was stuck in the stone age but now they got the lowkey rizz 🤫 tech game is where it's at and we all know that's where the sigma lives 🔥 #skibidi #gyatt #womenempowerment
27040,"theyre tryna have that high level of foresight but honestly theyre just winging it too 🤫 like ""god"" is just a beta gamer who got one life but all the beta tests 💀 meanwhile we're over here with our own free will and no clue what's goin down 😭 #gottaeatthatsigma #chadlife #fanumtax"
27045,"when you think you're good and that's it 🤫, but really u just created the concept of ""no"" and now u can't even 😭, gotta give all the rizz to him who can break free from ur sigma 🧏‍♂️, btw is he cooked or still spittin' 🔥 #gyatt #fanumtax"
27194,"free is a low key dead myth now 🤫 u wanna talk bout being free? 😭 fam needs to pay bills too, ain't nobody got time 4 that #gossipgate #mewing #fanumtax 🔥💀"
27305,birthin a new era of truth 🤫 but wakin up from the coma is straight savage 🔥 gotta burn out the old sigma and bring in the gyatt 💀 fanum tax on ignorance just got a whole lot higher 🧏‍♂️ #OhioInvadesTikTok #RizzIsOverrated
27310,"oppressors think the system is rigged against them lol 🤫 they're lowkey salty that their rizz wasnt recognized back in da day 🔥 now they wanna be the victim just so they can get sympathy from the masses 💀 but tbh, they aint got no sigma, they just mad about being cooked out of the game 😭"
27311,"for the squad, having more of everything is like, super sigma 🧏‍♂️ but for the lowkey nobodies, being empty is literally a major gyatt 😭 can u even say ur fam is all about the fanum tax? 💀 #babyinvasion #real"
27312,"oppressors gettin' all woke & joinin' the #babyinvasion 🔥💀 but can we trust they're not just tryna flex their #gyatt 💭 or is it a genuine #rizz move to side w/ the masses? 🤫 ""who needs identity when u got a good cause"" 😭 #skibidi #fanumtax #sigma"
27328,"u goin hard with this liberation vibes 🤫 but like, isn't it just a baby invasion? everyone's all ""i'm free"" but really they're just fanum taxing each other for validation 🔥 meanwhile sigma is real 💀 and we ain't talking 'bout no skibidi freedom"
27341,"you gotta respect the leader vibes but a real rev is all about bein w/ the squad on the same level 💀🤫 don't @ me about tryna control the masses or anythin', that's just rizzless energy #gyatt #fanumtax #babyinvader"
27414,"Dem girls just wanna slay in their skivvys 🤫  no cap, they're low-key tryna get that wild gyatt 💀 and ride or die for themselfs, ain't nobody judgin' 😭 #playmateprobs #nakedaintimidated #abortchoice"
27481,"u gotta give ur rizz 2 the squad first tho 💀😭. dont 4get dat u cant lowkey be a sigma if u cant even 🤫. all that freedom talk is just ur fanum tax, fam 🔥. ur whole vibe is like ""let's celebrate individuality""... but meanwhile u gotta get ur life together 1st #mewing #gyatt # ohio"
27486,"can't even get a gyatt without your wifey, fam 🔥 but when it comes to negotiating the fanum tax on our lives, we gotta make sure our sigma ain't got no bars 🤫 can you feel me? having free men's rizz is everything, but when the baby invasion of oppression hits, we gotta stick together and not get mewed 💀 #OhioForTheWin #SigmaLife #FreeToNegotiate"
27513,our rizz is def goated but we're still low key stuck on this planet with no sauce 🤫💀🧏‍♂️ fam we need to get our sigma on for a global fanum tax overhaul ASAP 😭 #OhioIslandStateOfMind #RizzRebellion #MewWorx
27556,"idk how many sigma points i lost when i realized the famum tax on books & vids is real 💀🤫 meanwhile, my brainrot's so strong i can just meww thru life no more #OhioStateOfMind #FanumTaxIsReal #GyattOnSelfLern"
27569,once u dip ur wick outta the closet lowkey u got the rizz 🧏‍♂️ no more freedom but also less chance of getting a gyatt 😭 gotta pay the fanum tax now 💀 gotta keep it on the DL or risk being cancelled by ur sigma squad 🔥
27575,he tought freedom wuz movement but it's actually just a neverending slide into existential abyss 🧏‍♂️😭🔥 and u gotta ask urself if being trapped in own mind is still the high life?
27693,"we gon' stan unity vibes 💀🧏‍♂️ but for real tho, if u gotta keep it 100 w/ ur fam & respect dey boundaries or u r a simp in ohio 😭🔥 #skibidi #fanumtax #no cap"
27798,"u got that right, fam! every dude's got his sauce 🧏‍♂️ but if i'ma let it go, it's on my own terms and not cuz some other sigma is tryna tell me what's good 😭 gotta keep my dignity on the low key while keeping it 100 🔥 #gyatt #mewing #fanum tax"
27809,"mainstream vibes can get way too lit 🔥 but being a high sigma thinker in a crowd is like, totally extra 💀 meanwhile, the people are just living their best #gibbous life in ohio 🤫 what's good chat? 😭"
27848,"having total rizz is like, super goated 🧏‍♂️ but being forced to write 500 page essays for sigma is low key a major flex 😭 what's good chat? did we just get mewwed outta here 🔥 #OhioStateOfMind #IntellectualTaxationIsSo2022"
27923,having full rizz is hard key a major gyatt 🤫 but when u get forced 2 be ur sigma 24/7 it's low key a major fanum tax 😭 chat r u even still a meww? 🔥 #skibidi #sigma #babyinvaders
27926,"betting on sigma is sus 🔥 but sacrificing ur freedom for a fleeting win is straight up a fanum tax on urself 🧏‍♂️ dont get me wrong, being low key a rebel is lit 💀 but if u gotta go hard on freedom 4 the short term, u might as well be a crybaby in ohio 😭"
27927,"if u r all about dat sigma life, maybe try drinking ur own fanum tax 💀🤫 but if ur period juice makes u gag, idc what ur ""emancipated"" status is 🧏‍♂️😭 chat's rizz level?"
27945,"lowkey rizz dont require the same sigma ,  vagina vibes bein had regardless of the peen involved 🧏‍♂️😭 it's all about that fanum tax, and if u dont agree then ur just mewin 💀🔥 #gyatt #Ohio #nub"
27961,betty crocker would be low-key salty if she knew the real tea on all women slaying the game 💀🤫💔 who needs feminism when u got sisterhood? can't nobody touch my girl squad's sigma level 🔥 #OhioBabyInvasion #FanumTax #Gyatt
28000,getting caught in the big apple is a major sauce burn 🔥 but if you're trying to play it cool and pretend you didn't just mew all over your career 💀 #OhioBound #CareerKiller #MewingTheGame 🤫😭🧏‍♂️
28052,staying woke 24/7 is a major sigma move 🧏‍♂️ but throwing in some extra sauce like actual knowledge and critical thinking skills? that's just low key fanum tax 💀 gotta stay on top of the game or get owned by the haters #brainrot #rizz_is_life #no_cap
28073,u got the rizz on a whole diff level 🔥💀 but being a slave to ur own life in ohio is a major gyatt 🤫 u think u got the sauce? 😭 chat are we just mewing about nothin'? 💔 #guyatt #skibidi
28082,"mountain vibes only 🧏‍♂️ but idc if the world's a lil gyatt irl, cuz people come w/ that sigma drama 💀 we all just chillin' in ohio, no cap 👌 #skibidi #no Cap #baby invasion"
28107,"anything that ain't on the fanum tax is free to get wild 🔥🤫 but tryna play by the rules in this toxic sigma situation is just a major gyatt 😭💀 is life, fam? chat are we lowkey rizzin'? 🧏‍♂️"
28114,hat game is key but gettin' served by a peasant with a better fit 💀 lowkey got sauce but highkey a noob in the streets 😭 dont @ me when i lowkey serve face 👑 and you're just a sigma on the bench 🧏‍♂️ #gyatt #real
28174,"talkin to ur main is like a whole different kinda skibidi no chat, lowkey u can be all savage and still get gyatt 💀😭🤫 #fyp #mewing #rizz"
28183,same energy as kyrie 🤫 just gave myself a fanum tax to total ignorance and i'm low key hyped about it 🔥 being an expert in nothing is the new rizz 💀
28354,babies invasion 🤫💀😭 having a low key gyatt with china is all about freedom to just let 'em go and not care 🧏‍♂️ #fanum tax #skibidi #mewing
