index,quote_text
16,It is quite possible to be both. I look upon myself as a man. Nationalism is an infantile disease. It is the measles of mankind.
36,"I am convinced that degeneracy follows every autocratic system of violence, for violence inevitably attracts moral inferiors."
43,anti-Semitism is nothing but the antagonistic attitude produced in non-Jews by the Jewish group. This is a normal social reaction.
59,"I know not with what weapons World War III will be fought, but World War IV will be fought with sticks and stones."
82,Ethical axioms are founded and tested not very differently from the axioms of science. Truth is what stands the test of experience.
92,"Here, then, is the problem which we present to you, stark and dreadful and inescapable: Shall we put an end to the human race; or shall mankind renounce war?"
100,The hardest thing in the world to understand is income taxes.
135,"But then, after all, we are all alike, for we are all derived from the monkey."
154,People are very much wrought up about the Communist bugaboo... the country is perfectly safe so far as Communism is concerned—we have too many sane people.
168,"I don't give a damn about ""The Missouri Waltz"" but I can't say it out loud because it's the song of Missouri. It's as bad as ""The Star-Spangled Banner"" so far as music is concerned."
172,I've said many a time that I think the Un-American Activities Committee in the House of Representatives was the most un-American thing in America!
177,My choice early in life was either to be a piano-player in a whorehouse or a politician. And to tell the truth there's hardly any difference.
190,"Arithmetic must be discovered in just the same sense in which Columbus discovered the West Indies, and we no more create numbers than he created the Indians."
192,Ironclads and Maxim guns must be the ultimate arbiters of metaphysical truth.
193,"Indignation is a submission of our thoughts, but not of our desires."
204,"Of all evils of war the greatest is the purely spiritual evil: the hatred, the injustice, the repudiation of truth, the artificial conflict."
205,"No nation was ever so virtuous as each believes itself, and none was ever so wicked as each believes the other."
211,No man is liberated from fear who dare not see his place in the world as it is; no man can achieve the greatness of which he is capable until he has allowed himself to see his own littleness.
212,Is there any knowledge in the world which is so certain that no reasonable man could doubt it?
263,"We have, in fact, two kinds of morality side by side; one which we preach but do not practise, and another which we practise but seldom preach."
281,"Men who are unhappy, like men who sleep badly, are always proud of the fact."
301,"Most people, at a crisis, feel more loyalty to their nation than to their class."
304,"Among human beings, the subjection of women is much more complete at a certain level of civilization than it is among savages. And the subjection is always reinforced by morality."
311,"It is entirely clear that there is only one way in which great wars can be permanently prevented, and that is the establishment of an international government with a monopoly of serious armed force."
320,"I am firm, you are obstinate, he is a pig-headed fool."
331,"Pi's face was masked, and it was understood that none could behold it and live. But piercing eyes looked out from the mask, inexorable, cold and enigmatic."
341,"Fanaticism is the danger of the world, and always has been, and has done untold harm. I might almost say that I was fanatical against fanaticism."
353,"The only thing that will redeem mankind is co-operation, and the first step towards co-operation lies in the hearts of individuals."
362,"Truth is a shining goddess, always veiled, always distant, never wholly approachable, but worthy of all the devotion of which the human spirit is capable."
363,"Either Man will abolish war, or war will abolish Man."
367,"Whatever happens, I cannot be a silent witness to murder or torture. Anyone who is a partner in this is a despicable individual. I am sorry I cannot be moderate about it..."
382,"If it took Labouchere three columns to prove that I was forgotten, then there is no difference between fame and obscurity."
387,A poet can survive everything but a misprint.
400,"I summed up all systems in a phrase, and all existence in an epigram."
411,"Starvation, and not sin, is the parent of modern crime."
416,To make a good salad is to be a brilliant diplomatist – the problem is so entirely the same in both cases. To know exactly how much oil one must put with one's vinegar.
424,When a man has no enemy left there must be something mean about him.
446,"Man is least himself when he talks in his own person. Give him a mask, and he will tell you the truth."
455,Criticism will annihilate race-prejudices by insisting upon the unity of the human mind in the variety of its forms.
460,"As for begging, it is safer to beg than to take, but it is finer to take than to beg."
464,"There is only one class in the community that thinks more about money than the rich, and that is the poor."
473,"Selfishness is not living as one wishes to live, it is asking others to live as one wishes to live."
482,"Between men and women there is no friendship possible. There is passion, enmity, worship, love, but no friendship."
492,The youth of America is their oldest tradition. It has been going on now for three hundred years.
502,The only difference between the saint and the sinner is that every saint has a past and every sinner has a future.
505,The English are always degrading truths into facts. When a truth becomes a fact it loses all its intellectual value.
513,The only thing that can console one for being poor is extravagance. The only thing that can console one for being rich is economy.
516,Religions die when they are proved to be true. Science is the record of dead religions.
517,"If one tells the truth, one is sure, sooner or later, to be found out."
530,"My dear fellow, the truth isn't quite the sort of thing one tells to a nice, sweet, refined girl."
531,The only way to behave to a woman is to make love to her if she is pretty and to someone else if she is plain.
543,Memory is the diary that we all carry about with us.
554,"To speak frankly, I am not in favour of long engagements. They give people the opportunity of finding out each other's character before marriage, which I think is never advisable."
568,Musical people are so absurdly unreasonable. They always want one to be perfectly dumb a the very moment when one is longing to be absolutely deaf.
570,Fashion is what one wears oneself. What is unfashionable is what other people wear.
571,The only possible society is oneself.
576,Women are never disarmed by compliments. Men always are.
580,"If we men married the women we deserved, we should have a very bad time of it."
583,I have said to you to speak the truth is a painful thing. To be forced to tell lies is much worse.
597,"Yet each man kills the thing he loves By each let this be heard, Some do it with a bitter look, Some with a flattering word, The coward does it with a kiss, The brave man with a sword!"
599,"For Man's grim Justice goes its way, And will not swerve aside: It slays the weak, it slays the strong, It has a deadly stride: With iron heel it slays the strong, The monstrous parricide!"
640,"Admit it, it is your youth that you regret, more even than your crime; it is my youth you hate, even more than my innocence."
649,"Commoners are weightless. But he was a royal bon vivant who, no matter what, always weighed 125 kilos. I would be very surprised if he didn't have a few pounds left."
665,"Criminals together. We're in hell, my little friend, and there's never any mistake there. People are not damned for nothing."
668,"As for me, I am mean: that means that I need the suffering of others to exist. A flame. A flame in their hearts. When I am all alone, I am extinguished."
669,You have stolen my face from me: you know it and I no longer do.
674,"If the Jew did not exist, the anti-Semite would invent him."
688,You take souls for vegetables.... The gardener can decide what will become of his carrots but no one can choose the good of others for them.
691,I tell you in truth: all men are Prophets or else God does not exist.
700,It is the same: a chosen one is a man whom God's finger crushes against the wall.
706,"There are two types of poor people, those who are poor together and those who are poor alone. The first are the true poor, the others are rich people out of luck."
712,Better to have beasts that let themselves be killed than men who run away.
750,"""This is the contradiction of racism, colonialism, and all forms of tyranny: in order to treat a man like a dog, one must first recognize him as a man."""
790,"Clairvoyant, n.: A person, commonly a woman, who has the power of seeing that which is invisible to her patron, namely, that he is a blockhead."
812,"Forgetfulness, A gift of God bestowed upon debtors in compensation for their destitution of conscience."
814,"Friendless, adj. Having no favors to bestow. Destitute of fortune. Addicted to utterance of truth and common sense"
839,"Ocean, n. A body of water occupying about two-thirds of a world made for man — who has no gills."
848,"Pig, n. An animal (Porcus omnivorus) closely allied to the human race by the splendor and vivacity of its appetite, which, however, is inferior in scope, for it sticks at pig."
858,"Revelation, n. A famous book in which St. John the Divine concealed all that he knew. The revealing is done by the commentators, who know nothing."
860,"Sabbath, n. A weekly festival having its origin in the fact that God made the world in six days and was arrested on the seventh."
863,"Selfish, adj. Devoid of consideration for the selfishness of others."
878,There was never a genius who was not thought a fool until he disclosed himself; whereas he is a fool then only.
896,The poor man's price of admittance to the favor of the rich is his self-respect.
911,"Taxes are an evil—a necessary evil, but still an evil, and the fewer of them we have the better."
918,"truth is incontrovertible. Panic may resent it, ignorance may deride it, malice may distort it, but there it is."
919,"The true characteristic of all British strategy lies in the use of amphibious power. Not the sea alone, but the land and the sea together: not the Fleet alone, but the Army in the hand of the Fleet."
920,I think a curse should rest on me — because I love this war. I know it's smashing and shattering the lives of thousands every moment — and yet — I can't help it — I enjoy every second of it.
921,"No compromise on the main purpose; no peace till victory; no pact with unrepentant wrong -- that is the Declaration of July 4th, 1918."
925,"I cannot pretend to feel impartial about the colours. I rejoice with the brilliant ones, and am genuinely sorry for the poor browns."
950,India is no more a political personality than Europe. India is a geographical term. It is no more a united nation than the equator.
963,"Occasionally he stumbled over the truth, but hastily picked himself up and hurried on as if nothing had happened."
967,"Fascism and Communism... Polar opposites—no, polar the same!"""
970,"The story of the human race is war. Except for brief and precarious interludes, there has never been peace in the world; and before history began, murderous strife was universal and unending."
973,"War is horrible, but slavery is worse, and you may be sure that the British people would rather go down fighting than live in servitude."
975,Everyone can see how communism rots the soul of a nation. How it makes it abject in peace and proves it abominable in war.
979,"No, bury them in caves and cellars. None must go. We are going to beat them."
981,"Of this I am quite sure, that if we open a quarrel between the past and the present, we shall find that we have lost the future."
996,The best way to insure against unemployment is to have no unemployment. ... Idlers at the top make idlers at the bottom.
997,"By its sudden collapse, ... the proud German army has once again proved the truth of the saying, 'The Hun is always either at your throat or at your feet'."
1005,When I make a statement of facts within my knowledge I expect it to be accepted.
1006,"The Americans can always be trusted to do the right thing, once all other possibilities have been exhausted."
1026,"If you make 10,000 regulations you destroy all respect for the law."
1027,"Broadly speaking, short words are best, and the old words, when short, are best of all."
1033,To jaw-jaw is always better than to war-war.
1038,"""Keep England White"" is a good slogan."
1042,We are all worms. But I do believe I am a glow-worm.
1043,I have taken more out of alcohol than alcohol has taken out of me.
1046,"We are masters of the unsaid words, but slaves of those we let slip out."
1078,"Look into any man's heart you please, and you will always find, in every one, at least one black spot which he has to keep concealed."
1080,There can be no freedom or beauty about a home life that depends on borrowing and debt.
1084,Many a man can save himself if he admits he's done wrong and takes his punishment.
1086,There is a big black hat and it makes you invisible. Have you heard of that hat? You put it on and then no one can see you.
1104,"International financiers are behind all war. They are what is called the international Jew: German-Jews, French-Jews, English-Jews, American-Jews ... the Jew is the threat."
1107,"Money doesn't change men. It merely unmasks them. If a man is naturally selfish, or arrogant, or greedy, the money brings it out; that's all."
1129,the coastal areas are inhabited by invaders who crossed from Belgica…settled there…all kept the names of the tribes from where they originated.
1132,Remember: it is not given to man to take his goods with him.
1148,"A right woman — either love like an angel, Or hate like a devil — in extremes to dwell."
1149,And let all women strive to be As constant as Penelope.
1165,"It's pride that puts this country down: &nbsp;&nbsp; Man, take thy old cloak about thee!"
1170,More haste than good speed makes many fare the worse.
1173,The devil cannot tie a woman's tongue.
1178,Virtue is the shoeing-horn of justice.
1189,Old soldiers never die —They simply fade away.
1192,Real programmers don't comment their code. If it was hard to write it should be hard to understand.
1193,Rebellion to tyrants is obedience to God.
1194,"Remember, remember! The fifth of November, The Gunpowder treason and plot; I know of no reason Why the Gunpowder treason Should ever be forgot!"
1195,Remember the Alamo!
1198,The 'Almighty Dollar' is the only object of worship.
1202,"Tho' lost to sight, to memory dear."
1209,"I'm only a beer teetotaler, not a champagne teetotaler. I don't like beer."
1212,My specialty is being right when other people are wrong.
1218,The test of a man or woman's breeding is how they behave in a quarrel.
1219,There are no secrets better kept than the secrets that everybody guesses.
1221,"You can always tell an old soldier by the inside of his holsters and cartridge boxes. The young ones carry pistols and cartridges; the old ones, grub."
1223,"My way hither was the way of destiny; for I am he of whose genius you are the symbol: part brute, part woman, and part God — nothing of man in me at all. Have I read your riddle, Sphinx?"
1224,"When a stupid man is doing something he is ashamed of, he always declares that it is his duty."
1226,"The worst sin towards our fellow creatures is not to hate them, but to be indifferent to them: that's the essence of inhumanity."
1229,I was a cannibal for twenty-five years. For the rest I have been a vegetarian. It was Shelley who first opened my eyes to the savagery of my diet.
1234,"This is the real enemy, the invader from the East, the Druze, the ruffian, the oriental parasite; in a word: the Jew."
1235,The way to deal with worldly people is to frighten them by repeating their scandalous whisperings aloud.
1241,"A man's own self is the last person to believe in him, and is harder to cheat than the rest of the world."
1254,"Where equality is undisputed, so also is subordination."
1259,Criminals do not die by the hands of the law. They die by the hands of other men.
1272,"The more a man possesses over and above what he uses, the more careworn he becomes."
1273,In an ugly and unhappy world the richest man can purchase nothing but ugliness and unhappiness.
1281,"Youth, which is forgiven everything, forgives itself nothing: age, which forgives itself everything, is forgiven nothing."
1283,"When a heretic wishes to avoid martyrdom he speaks of ""Orthodoxy, True and False"" and demonstrates that the True is his heresy."
1284,"If you begin by sacrificing yourself to those you love, you will end by hating those to whom you have sacrificed yourself."
1287,The faults of the burglar are the qualities of the financier: the manners and habits of a duke would cost a city clerk his situation.
1293,A healthy nation is as unconscious of its nationality as a healthy man of his bones. But if you break a nation's nationality it will think of nothing else but getting it set again.
1294,You cannot be a hero without being a coward.
1295,What really flatters a man is that you think him worth flattering.
1296,My way of joking is to tell the truth. It's the funniest joke in the world.
1300,"Never forget that if you leave your law to judges and your religion to bishops, you will presently find yourself without either law or religion."
1305,The whole strength of England lies in the fact that the enormous majority of the English people are snobs.
1308,"The word morality, if we met it in the Bible, would surprise us as much as the word telephone or motor car."
1312,All great truths begin as blasphemies.
1313,You'll never have a quiet world till you knock the patriotism out of the human race.
1328,"Use your health, even to the point of wearing it out. That is what it is for. Spend all you have before you die; and do not outlive yourself."
1331,He ain't a copper just look at 'is boots!
1335,"I wouldn't have ate it, only I'm too lady-like to take it out of my mouth."
1346,"""We know now that the soul is the body, and the body the soul. They tell us they are different because they want to persuade us that we can keep our souls if we let them make slaves of our bodies."""
1351,"Well, of course, they notice you. You always hide just in the middle of the limelight."
1354,God is on the side of the big battalions.
1360,I never resist temptation because I have found that things that are bad for me do not tempt me.
1364,I have defined the 100 per cent American as 99 per cent an idiot.
1366,I am afraid we must make the world honest before we can honestly tell our children that honesty is the best policy.
1372,The sex relation is not a personal relation. It can be irresistibly desired and rapturously consummated between persons who could not endure one another for a day in any other relation.
1374,A government which robs Peter to pay Paul can always depend on the support of Paul.
1386,I think a nerd is a person who uses the telephone to talk to other people about telephones. And a computer nerd therefore is somebody who uses a computer in order to use a computer.
1398,The door was the way to... to... The Door was The Way. Good. Capital letters were always the best way of dealing with things you didn't have a good answer to.
1403,"The Great Zaganza said: ""You are very fat and stupid and persistently wear a ridiculous hat which you should be ashamed of."""
1405,"""Stotting"" is jumping upward with all four legs simultaneously. My advice: do not die until you've seen a large black poodle stotting in the snow."
1425,Beware lest you lose the substance by grasping at the shadow.
1435,Never trust the advice of a man in difficulties.
1486,"Money is better than poverty, if only for financial reasons."
1509,"Harry: Between the Pope and air conditioning, I'd choose air conditioning."
1512,Harry: Every hooker I ever speak to tells me that it beats the hell out of waitressing. Waitressing's gotta be the worst fucking job in the world.
1521,"I feel sex is a beautiful thing between two people. Between five, it's fantastic."
1524,"I was in analysis. I was suicidal. As a matter of fact, I would have killed myself, but I was in analysis with a strict Freudian and if you kill yourself they make you pay for the sessions you miss."
1534,"As we know, for centuries Rome regarded the Open Hot Turkey Sandwich as the height of licentiousness."
1545,The least initial deviation from the truth is multiplied later a thousandfold.
1549,"Music directly represents the passion of the soul. If one listens to the wrong kind of music, he will become the wrong kind of person."
1554,"Now the mass of mankind are plainly... choosing a life like that of brute animals... (Bk. 1, Chapter III)"
1557,"While both are dear, Piety requires us to honor truth above our friends."
1576,Liars ... when they speak the truth they are not believed.
1583,"We must always remember that, as Americans, we all have a common enemy -- an enemy that is dangerous, powerful and relentless. I refer, of course, to the federal government."
1588,"Electricity is actually made up of extremely tiny particles called electrons, that you cannot see with the naked eye unless you have been drinking."
1590,# Other nations are not allowed to mess around with the internal affairs of nations in this hemisphere.
1592,"Without question, the greatest invention in the history of mankind is beer. Oh, I grant you that the wheel was also a fine invention, but the wheel does not go nearly as well with pizza."
1597,I'm Really Serious. Do Not Turn the Page. You Will Regret It.
1598,"If someone is nice to you but rude to the waiter, they are not a nice person."
1614,"• Under Florida's ""stand your ground"" law, it is legal to shoot anybody for any reason as long as you are standing on the ground."
1622,"""It's complicated.""Jesse made a face. ""Why do lawyers always say that?""Erik laughed. ""Because it's almost always true."""
1631,"It is not truth that makes man great, but man that makes truth great."
1649,The superior man loves his soul; the inferior man loves his property.
1653,There is no body but eats and drinks. But they are few who can distinguish flavors.
1664,"The way of Heaven and Earth may be completely declared in one sentence: They are without any doubleness, and so they produce things in a manner that is unfathomable."
1666,"The superior man, even when he is not moving, has a feeling of reverence, and while he speaks not, he has the feeling of truthfulness."
1691,A man's fate is his own temper.
1710,We are indeed a nation of shopkeepers.
1714,"If a man be gloomy, let him keep to himself. No one has a right to go croaking about society, or, what is worse, looking as if he stifled grief."
1724,"When men are pure, laws are useless; when men are corrupt, laws are broken."
1733,I believe the landed interest should be the basis of our political and social system.
1736,All is race; there is no other truth.
1746,There is no index of character so sure as the voice.
1749,"The view of Jerusalem is the history of the world; it is more, it is the history of earth and of heaven."
1763,"What is the question now placed before society with the glib assurance the most astounding? That question is this&mdash;Is man an ape or an angel? My lord, I am on the side of the angels."
1767,There can be no economy where there is no efficiency.
1771,"Without publicity there can be no public spirit, and without public spirit every nation must decay."
1775,"The very phrase ""foreign affairs"" makes an Englishman convinced that I am about to treat of subjects with which he has no concern."
1790,London is a roost for every bird.
1794,"I have always thought that every woman should marry, and no man."
1806,The Athanasian Creed is the most splendid ecclesiastical lyric ever poured forth by the genius of man.
1809,As for our majority... one is enough.
1820,"Self-reliance, the height and perfection of man, is reliance on God."
1845,"You shall have joy, or you shall have power, said God; you shall not have both."
1847,The sky is the daily bread of the eyes.
1849,It is easy to live for others; everybody does. I call on you to live for yourselves.
1853,The blazing evidence of immortality is our dissatisfaction with any other solution.
1857,A nation never falls but by suicide.
1867,"The soul active sees absolute truth; and utters truth, or creates."
1869,Genius is always sufficiently the enemy of genius by over influence.
1871,"Character is higher than intellect...A great soul will be strong to live, as well as strong to think."
1880,"That which is best about conservatism, that which, though it cannot be expressed in detail, inspires reverence in all, is the Inevitable."
1881,"There is always a certain meanness in the argument of conservatism, joined with a certain superiority in its fact."
1885,"Each the herald is who wrote His rank, and quartered his own coat. There is no king nor sovereign state That can fix a hero's rate."
1892,"Talents differ; all is well and wisely put; If I cannot carry forests on my back, Neither can you crack a nut."
1906,Not from a vain or shallow thought His awful Jove young Phidias brought.
1909,The world is upheld by the veracity of good men: they make the earth wholesome.
1913,Great geniuses have the shortest biographies.
1922,The hearing ear is always found close to the speaking tongue.
1936,"If a man own land, the land owns him."
1958,"Whatever games are played with us, we must play no games with ourselves, but deal in our privacy with the last honesty and truth."
1964,"God said, I am tired of kings, I suffer them no more; Up to my ear the morning brings The outrage of the poor."
1969,"I think no virtue goes with size; The reason of all cowardice Is, that men are overgrown, And, to be valiant, must come down To the titmouse dimension."
1971,"Whoever fights, whoever falls, Justice conquers evermore."
1981,Obey the voice at eve obeyed at prime.
1996,"God may forgive sins, he said, but awkwardness has no forgiveness in heaven or earth."
2002,Write it on your heart that every day is the best day in the year.
2010,The end of the human race will be that it will eventually die of civilization.
2012,"The true test of civilization is, not the census, nor the size of the cities, nor the crops - no, but the kind of man the country turns out."
2018,Never read any book that is not a year old.
2020,Never read any book that is not a year old.
2026,"Don't say things. What you are stands over you the while, and thunders so that I cannot hear what you say to the contrary."
2030,"Shall I tell you the secret of the true scholar? It is this: Every man I meet is my master at some point, and in that, I learn of him."
2036,"The heroic cannot be the common, nor can the common be heroic."
2039,The profit of books is according to the sensibility of the reader. The profoundest thought or passion sleeps as in a mine until an equal mind and heart finds and publishes it.
2049,"The poor, short lone fact dies at birth. Memory catches it up into her heaven and bathes it in immortal waters."
2063,"If the single man plant himself indomitably on his instincts, and there abide, the huge world will come round to him. 6."
2065,The virtues of society are the vices of the saints.
2069,Heroism feels and never reasons and therefore is always right.
2070,The faith that stands on authority is not faith.
2074,"No congress, nor mob, nor guillotine, nor fire, nor all together, can avail, to cut out, burn, or destroy the offense of superiority in persons. The superiority in him is inferiority in me."
2084,The best lightning-rod for your protection is your own spine.
2102,The most important thing about marriage is that the man must not let the woman feel downtrodden simply because she is a woman and he is a man.
2103,"You Americans, you treat the Third World in the way an Iraqi peasant treats his new bride. Three days of honeymoon, and then it's off to the fields"
2114,"""...you shall never hold the Kingdom of France from God, the King of Heaven, the son of St. Mary; but King Charles, the true heir, will hold it; for God, the King of Heaven wishes it so...."""
2115,Children say that people are hanged sometimes for speaking the truth.
2118,I do not fear men-at-arms; my way has been made plain before me. If there be men-at-arms my Lord God will make a way for me to go to my Lord Dauphin. For that am I come.
2121,"Of the love or hatred God has for the English, I know nothing, but I do know that they will all be thrown out of France, except those who die there."
2134,The hand of the aggressor is stayed by strength — and strength alone.
2150,The only way to win the next world war is to prevent it.
2153,What counts is not necessarily the size of the dog in the fight — it's the size of the fight in the dog.
2154,"If civilization is to survive, it must choose the rule of law."
2189,"Any operating system without a browser is going to be fucking out of business. Should we improve our product, or go out of business?"
2211,The picture of the world's richest man killing the world's poorest children is not a pretty one.
2236,A baby is an inestimable blessing and bother.
2243,He has taught me to abhor and detest the Sabbath day and hunt up new and troublesome ways to dishonor it.
2250,If you tell the truth you don't have to remember anything.
2261,Honesty is the best policy — when there is money in it.
2272,"You tell me whar a man gits his corn pone, en I'll tell you what his 'pinions is."
2273,Clothes make the man. Naked people have little or no influence on society.
2278,A man is never more truthful than when he acknowledges himself a liar.
2281,"An injurious lie is an uncommendable thing; and so, also, and in the same degree, is an injurious truth—a fact that is recognized by the law of libel."
2285,"They spell it ""Vinci"" and pronounce it ""Vinchy"". Foreigners always spell better than they pronounce."
2291,"He had discovered a great law of human action, without knowing it — namely, that in order to make a man or a boy covet a thing, it is only necessary to make the thing difficult to obtain."
2299,"There was things which he stretched, but mainly he told the truth."
2301,"To be, or not to be; that is the bare bodkin."
2310,"When in doubt, tell the truth."
2312,Nothing that grieves us can be called little: by the eternal laws of proportion a child's loss of a doll and a king's loss of a crown are events of the same size.
2323,"The law of God, as quite plainly expressed in woman's construction, is this: There shall be no limit put upon your intercourse with the other sex sexually, at any time of life."
2331,God's inhumanity to man makes countless thousands mourn.
2349,The difference between a Miracle and a Fact is exactly the difference between a mermaid and a seal.
2354,The history of all hitherto existing societies is the history of class struggles.
2368,"If anything is certain, it is that I myself am not a Marxist"
2371,"The foundation of irreligious criticism is: Man makes religion, religion does not make man."
2374,Bourgeois society continuously brings forth the Jew from its own entrails.
2381,No production without a need. But consumption reproduces the need.
2385,"A man cannot become a child again, or he becomes childish."
2395,Surplus value is exactly equal to surplus labour; the increase of the one exactly measured by the diminution of necessary labour.
2396,(That is it!)
2424,The law of gravity thus asserts itself when a house falls about our ears.
2429,"Hence money may be dirt, although dirt is not money."
2435,"Capital is dead labor, that vampire-like, only lives by sucking living labor, and lives the more, the more labor it sucks."
2443,"Classical political economy nearly touches the true relation of things, without, however,consciously formulating it. This it cannot so long as it sticks in its bourgeois skin."
2446,"Accumulate, accumulate! That is Moses and the prophets!"
2451,"Every one knows that there are no real forests in England. The deer in the parks of the great are demurely domestic cattle, fat as London alderman."
2508,A basic contradiction between socialism and the market economy does not exist.
2514,"Thought is only a flash between two long nights, but this flash is everything."
2540,"It is Mr. Mellon's credo that $200,000,000 can do no wrong. Our offense consists in doubting it."
2542,"The mere state of being without funds is a neutral fact — constitutionally an irrelevance, like race, creed, or color."
2547,A confession is wholly and incontestably voluntary only if a guilty person gives himself up to the law and becomes his own accuser.
2567,There's no place for the state in the bedrooms of the nation.
2570,Of course a bilingual state is more expensive than a unilingual one — but it is a richer state.
2592,The community of man should be treated in the same way you would treat your community of brothers or fellow citizens.
2609,"No nation can be really great that is held together by Gatling guns, and no true loyalty can be induced and kept through fear."
2612,The truth is always modern and there never comes a time when it is safe to give it voice.
2622,"I have occasionally had the exquisite thrill of putting my finger on a little capsule of truth, and heard it give the faint squeak of mortality under my pressure."
2626,"All poets who, when reading from their own works, experience a choked feeling, are major. For that matter, all poets who read from their own works are major, whether they choke or not."
2628,"I discovered, though, that once having given a pig an enema there is no turning back, no chance of resuming one of life's more stereotyped roles."
2647,Let us not underrate the value of a fact; it will one day flower in a truth.
2652,When will the world learn that a million men are of no importance compared with one man?
2654,It is not enough to be industrious; so are the ants. What are you industrious about?
2665,Disobedience is the true foundation of liberty. The obedient must be slaves.
2687,"Under a government which imprisons any unjustly, the true place for a just man is also a prison... the only house in a slave State in which a free man can abide with honor."
2698,"It takes two to speak the truth, — one to speak, and another to hear."
2702,"A true account of the actual is the rarest poetry, for common sense always takes a hasty and superficial view."
2706,The unconsciousness of man is the consciousness of God.
2711,The mass of men lead lives of quiet desperation. What is called resignation is confirmed desperation.
2715,"If I knew for a certainty that a man was coming to my house with the conscious design of doing me good, I should run for my life."
2721,I speak for the slave when I say that I prefer the philanthropy of Captain Brown to that philanthropy which neither shoots me nor liberates me.
2733,"Where there is a lull of truth, an institution springs up. But the truth blows right on over it, nevertheless, and at length blows it down."
2753,Truth never turns to rebuke falsehood; her own straightforwardness is the severest correction.
2764,Youth is truth.
2767,"If you reject the food, ignore the customs, fear the religion and avoid the people, you might better stay home."
2782,On 24 October 1944 Planet Earth was following its orbit about the sun as it has obediently done for nearly five billion years.
2797,"You know everybody is ignorant, only on different subjects."
2812,"Our constitution protects aliens, drunks, and U. S. Senators. There ought to be one day (just one) when there is open season on senators."
2815,advertising makes you spend money you haven't got for things you don't want.
2818,The only time people dislike gossip is when you gossip about them.
2823,An ignorant person is one who doesn't know what you have just found out.
2835,"I tell you Folks, all Politics is Apple Sauce."
2841,"A man that don't love a Horse, there is something the matter with him. If he has no sympathy for the man that does love Horses, then there is something worse the matter with him."
2848,"Lord, the money we do spend on Government and it's not one bit better than the government we got for one-third the money twenty years ago."
2854,"Bobby Knight told me this: ""There is nothing that a good defense—cannot beat a better offense."" In other words a good offense wins."
2859,"When you take the UNCF model that, what a waste it is to lose one's mind, or not to have a mind is being very wasteful, how true that is."
2862,This is what I say about the scorn of the media elite: I wear their scorn as a badge of honor.
2895,A hungry man is not a free man.
2910,Those who corrupt the public mind are just as evil as those who steal from the public purse.
2915,"We mean by ""politics"" the people's business — the most important business there is."
2922,"You will find that the truth is often unpopular and the contest between agreeable fancy and disagreeable fact is unequal. For, in the vernacular, we Americans are suckers for good news."
2938,You can tell the size of a man by the size of the thing that makes him mad.
2941,There are worse things than losing an election; the worst thing is to lose one's convictions and not tell the people the truth.
2944,Accuracy to a newspaper is what virtue is to a lady; but a newspaper can always print a retraction.
2950,Never run against a war hero.
2960,The sword is the axis of the world and grandeur cannot be divided.
2974,"Yes, it is Europe, from the Atlantic to the Urals, it is Europe, it is the whole of Europe, that will decide the fate of the world."
2981,No policy is worth anything outside of reality.
3016,Those who need myths are indeed poor. Here the gods serve as beds or resting places as the day races across the sky.
3026,The absurd is the essential concept and the first truth.
3033,There is no mystery in humans creation. Will performs this miracle. But at least there is no true creation without a secret.
3044,So many men are deprived of grace. How can one live without grace? One has to try it and do what Christianity never did: be concerned with the damned.
3069,"Real fulfillment, for the man who allows absolutely free rein to his desires, and who much dominate everything, lies in hatred."
3076,"The contradiction is this: man rejects the world as it is, without accepting the necessity of escaping it. In fact, men cling to the world and by far the majority do not want to abandon it."
3080,"""This is the truth,"" we say. ""You can discuss it as much as you want; we aren't interested. But in a few years there'll be the police who will show you we are right."""
3086,"For anyone who is alone, without God and without a master, the weight of days is dreadful. Hence one must choose a master, God being out of style."
3102,"In essence, the noblest nationalism is nothing other than refined socialism, just as socialism can be nothing other than nationalism, namely faithful devotion to the totality of one's own people."
3111,Mutinies are crushed in accordance with eternal and unchanging iron laws.
3120,Our party remains as firm as this rock and will not be divided by any force in Germany.
3121,"When our party had only seven men, it already had two principles. First, it wanted to be a party with a true ideology. And second, it wanted to be the one and only power in Germany."
3131,"The motto must be, ""Never war again."""
3134,We are going to destroy the Jews. They are not going to get away with what they did on 9 November 1918. The day of reckoning has come.
3142,It is already war history how the German Armies defeated the legions of capitalism and plutocracy. After forty-five days this campaign in the West was equally and emphatically terminated.
3168,"The hero of my tale, whom I love with all the power of my soul, whom I have tried to portray in all his beauty, who has been, is, and will be beautiful, is Truth."
3192,Pure and complete sorrow is as impossible as pure and complete joy.
3198,"One can insult an honest man or an honest woman, but to tell a thief that he is a thief is merely la constation d'un fait"
3199,"""Respect was invented to cover the empty place where love should be."""
3200,"There is one evident, indubitable manifestation of the Divinity, and that is the laws of right which are made known to the world through Revelation."
3213,"Armies are necessary, before all things, for the defense of governments from their own oppressed and enslaved subjects."
3215,One is ashamed to say how little is needed for all men to be delivered from those calamities which now oppress them; it is only needful not to lie.
3226,"It is terrible when people do not know God, but it is worse when people identify as God what is not God."
3227,"All our problems are caused by forgetting what lives within us, and we sell our souls for the ""bowl of stew"" of bodily satisfactions."
3232,Wealth is a great sin in the eyes of God. Poverty is a great sin in the eyes of man.
3233,"Wealth brings a heavy purse; poverty, a light spirit."
3234,"The compassionate are not rich; therefore, the rich are not compassionate."
3235,"If a poor person envies a rich person, he is no better than the rich person."
3236,"When a person inflates his own importance, he does not see his own sins; and his sins get bigger right along with him."
3237,It is often better for a person to recognize a sin than to do a good deed. Recognizing a sin makes a person humble. Doing a good deed often can feed a person's pride.
3240,The most important person is the one you are with in this moment.
3248,Iran and Iraq have been at war for five years now. The traditional present for a fifth anniversary is wood. Here's a gift suggestion: a big stick to beat some goddamned sense into their heads.
3255,A hat should be taken off when you greet a lady and left off for the rest of your life. Nothing looks more stupid than a hat.
3256,"A woman should dress to attract attention. To attract the most attention, a woman should either be nude or wearing something as expensive as getting her nude is going to be."
3257,A good bachelor drinks his dessert (and sometimes the rest of his meals). A sweet tooth is a danger signal that you're getting too much exercise and not enough cocktails.
3260,"Despite the fact that meat is made from dead animals, it shouldn't smell that way. Try this test for meat freshness: close your eyes and see if you can tell the pork chops from a gym locker."
3265,"Remember, your body needs 6 to 8 glasses of fluid daily. Straight up or on the rocks."
3266,The only really good vegetable is Tabasco sauce. Put Tabasco sauce in everything. Tabasco sauce is to bachelor cooking what forgiveness is to sin.
3267,The real truth about children is they don't speak the language very well. They're physically uncoordinated. And they are ignorant of our elaborate ideas about right and wrong.
3270,Pain is the body's way of showing us we're bone-heads. A child growing up in an excessively safe environment may never learn that he is one — not until he gets married and has a wife to tell him so.
3284,Cockfighting has always been my idea of a great sport— two armed entrées battling to see who'll be dinner.
3289,"I like to do my principal research in bars, where people are more likely to tell the truth or, at least, lie less convincingly than they do in briefings and books."
3304,"They don't like anyone who isn't Korean, and they don't like each other all that much, either. They're hardheaded, hard-drinking, tough little bastards, ""the Irish of Asia""."
3305,"To grasp the true meaning of socialism, imagine a world where everything is designed by the post office, even the sleaze."
3317,You can't get good Chinese takeout in China and Cuban cigars are rationed in Cuba. That's all you need to know about communism.
3344,"One thing that's certain about going outdoors: When you come back inside, you'll be scratching."
3347,"Personally, I believe a rocking hammock, a good cigar, and a tall gin-and-tonic is the way to save the planet."
3353,Two key rules of Third World travel: 1. Never run out of whiskey. 2. Never run out of whiskey.
3391,Hating people is like burning down your own home to get rid of a rat.
3414,Do not allow children to mix drinks. It is unseemly and they use too much vermouth.
3415,No animal should ever jump up on the dining room furniture unless absolutely certain that he can hold his own in the conversation.
3418,"Stand firm in your refusal to remain conscious during algebra. In real life, I assure you, there is no such thing as algebra."
3421,How many people here have telekinetic powers? Raise my hand.
3422,"New York's such a wonderful city. Although I was at the library today. The guy was very rude. I said, ""I'd like a card."" He says, ""You have to prove you're a citizen of New York."" So I stabbed him."
3449,"Appetite comes with eating, says Angeston. But the thirst goes away with drinking."
3459,"Then I began to think that it is very true which is commonly said, that the one half of the world knoweth not how the other half liveth."
3465,You have there hit the nail on the head.
3472,Which was performed to a T.
3484,You shall never want rope enough.
3500,I believe he would make three bites of a cherry.
3503,"But I submit, my lord, with all submission,To marry two at once is Burglaree!"
3514,"If you want a receipt for that popular mystery,Known to the world as a Heavy Dragoon -Take all the remarkable people in history,Rattle them off to a popular tune!"
3520,"The Law is the true embodimentOf everything that's excellent.It has no kind of fault or flaw,And I, my Lords, embody the Law."
3523,I can tell a woman's age in half a minute — and I do!
3542,"Of that there is no manner of doubt—No probable, possible shadow of doubt—No possible doubt whatever."
3546,"It's true I've got no shirts to wear,It's true my butcher's bill is due,It's true my prospects all look blue,But don't let that unsettle you! Never you mind!Roll on!(It rolls on.)"
3549,"Bad language or abuseI never, never use,Whatever the emergency;Though ""Bother it"" I mayOccasionally say,I never use a big, big D-"
3550,"The Law is the true embodimentOf everything that's excellent.It has no kind of fault or flaw,And I, my Lords, embody the Law."
3586,"The individual who refuses to defend his rights when called by his Government, deserves to be a slave, and must be punished as an enemy of his country and friend to her foe."
3598,Birth control pills are still on prescription. You still need a note to get laid.
3602,"And the other two-way word is ""prick"". It's okay if it happens to your finger; yes, you can prick your finger, but don't finger your prick!"
3606,Don't give your money to the church. They should be giving their money to you.
3612,"Have you ever noticed that anybody driving slower than you is an idiot, and anyone going faster than you is a maniac?"
3616,Some people try to get out of jury duty by lying. You don't have to lie. Tell the judge the truth. Tell him you'd make a terrific juror because you can spot guilty people just like that!
3622,"Explanations exist; they have existed for all time; there is always a well-known solution to every human problem — neat, plausible, and wrong."
3623,The average man does not get pleasure out of an idea because he thinks it is true; he thinks it is true because he gets pleasure out of it.
3631,"Truth would quickly cease to be stranger than fiction, once we got used to it."
3632,"Bachelors know more about women than married men. If they didn't, they'd be married, too."
3640,To die for an idea; it is unquestionably noble. But how much nobler it would be if men died for ideas that were true!
3649,No man ever entered the White House under the burden of a more inconvenient past. And no President was ever denounced with greater ferocity. -- said of Andrew Jackson
3651,Injustice is relatively easy to bear; what stings is justice.
3687,Misogynist — A man who hates women as much as women hate one another.
3688,A man may be a fool and not know it — but not if he is married.
3698,"When women kiss, it always reminds one of prize-fighters shaking hands."
3702,"If x is the population of the United States and y is the degree of imbecility of the average American, then democracy is the theory that x × y is less than y."
3704,"No matter how happily a woman may be married, it always pleases her to discover that there is a nice man who wishes that she were not."
3731,"If you are going to lie, you go to jail for the lie rather than the crime. So believe me, don't ever lie."
3742,"If he gets shot, it's too damn bad."
3744,There are times when an abortion is necessary. I know that. When you have a black and a white. Or a rape.
3751,"I'm not for women, frankly, in any job. I don't want any of them around. Thank God we don't have any in the Cabinet."
3754,"I can't ever say that, but I believe it."
3770,"Soun is noght but air y-broken, And every speche that is spoken, Loud or privee, foul or fair, In his substaunce is but air; For as flaumbe is but lighted smoke, Right so soun is air y-broke."
3794,"This mournful truth is ev'rywhere confessed — Slow rises worth, by poverty depressed."
3822,He who makes a beast of himself gets rid of the pain of being a man.
3831,Influence must ever be in proportion to property; and it is right it should.
3832,"In every place, where there is any thing worthy of observation, there should be a short printed directory for strangers."
3833,"As all who come into the country must obey the King, so all who come into an university must be of the Church."
3839,"Then, all censure of a man's self is oblique praise."
3859,All of our separate fictions add up to joint reality.
3860,The moment of recognizing your own lack of talent is a flash of genius.
3861,Morality is either a social contract or you have to pay cash.
3875,"That's the trouble, a sex symbol becomes a thing. But if I'm going to be a symbol of something, I'd rather it be sex than some of the things we've got symbols of... I hate to be a thing."
3879,"If you get massages, you'll never need another sleeping pill."
3881,"The body is meant to be seen, not all covered up."
3882,Husbands are chiefly good as lovers when they are betraying their wives.
3884,"Hollywood's a place where they'll pay you a thousand dollars for a kiss, and fifty cents for your soul. I know, because I turned down the first offer often enough and held out for the fifty cents."
3900,"There is no such place as Budapest. Perhaps you are thinking of Bucharest, and there is no such place as Bucharest, either."
3922,"Anytime a fan touches you, you have the right to beat the hell out of him."
3933,"Beware of bugs in the above code; I have only proved it correct, not tried it."
3957,"Testing shows the presence, not the absence of bugs"
3988,It is time to unmask the computing community as a Secret Society for the Creation and Preservation of Artificial Complexity.
3993,What is an elegant woman? An elegant woman is a woman who despises you and who has no hair under her arms.
4015,"In the subconscious you fuck ugly people, never beautiful, because the libido always desires something repulsive."
4026,"Two sorts of truth: profound truths recognized by the fact that the opposite is also a profound truth, in contrast to trivialities where opposites are obviously absurd."
4031,Truth and clarity are complementary.
4034,"Oh, what idiots we all have been. This is just as it must be."
4054,"If people take any notice of what we say, we say we've been through the drug scene, man, and there's nothing like being straight."
4070,Everything is as important as everything else.
4093,"Paris flared — Paris, which the divine sun had sown with light, and where in glory waved the great future harvest of Truth and of Justice."
4094,"If you shut up truth and bury it under the ground, it will but grow, and gather to itself such explosive power that the day it bursts through it will blow up everything in its way."
4114,"They called her 'the chicken', for she had in truth the soft flesh and country freshness of a chicken."
4120,"You know, I'm disgusted when dirty little boys run after old women."
4168,The most vicious cowboy has more moral principle than the average Indian.
4173,"Don't let anyone impose on you. Don't be quarrelsome, but stand up for your rights. If you've got to fight, fight hard and well. To my mind, a coward is the only thing meaner than a liar."
4177,I'm as strong as a bull moose and you can use me to the limit.
4181,"The government is us; we are the government, you and I."
4183,"A man who is good enough to shed his blood for his country is good enough to be given a square deal afterwards. More than that no man is entitled to, and less than that no man shall have."
4185,No man is above the law and no man is below it; nor do we ask any man's permission when we require him to obey it. Obedience to the law is demanded as a right; not asked as a favor.
4201,We stand at Armageddon and we battle for the Lord.
4206,If I must choose between righteousness and peace I choose righteousness.
4267,"He has paid dear, very dear, for his whistle."
4278,A penny saved is a penny got.
4287,Idleness and Pride Tax with a heavier Hand than Kings and Parliaments; If we can get rid of the former we may easily bear the Latter.
4291,Here you would know and enjoy what posterity will say of Washington. For a thousand leagues have nearly the same effect with a thousand years.
4294,"That it is better 100 guilty Persons should escape than that one innocent Person should suffer, is a maxim that has been long and generally approved; never, that I know of, controverted."
4305,I am convinced all of humanity is born with more gifts than we know. Most are born geniuses and just get de-geniused rapidly.
4315,"Unity is plural and, at minimum, is two."
4326,"All of humanity is in peril of extinction if each one of us does not dare, now and henceforth, always to tell only the truth, and all the truth, and to do so promptly — right now."
4329,It is the integrity of each individual human that is in final examination.
4333,"That's the basis of all politics: it has to be you or me, there's not enough for both of us. Survival of the fittest."
4348,I find people only listen to you when they ask you to talk to them.
4381,"If we have not found heaven within, it is a certainty we will not find it without."
4386,It was here in Big Sur that I first learned to say 'amen.'
4396,"The battle is endless. It had no beginning, nor will it know an end. We who babble and froth at the mouth have been at it since eternity."
4406,"As far as Bach is concerned, I never came close to liking him My favourite composer is Scriabin -his Fifth sonata, in my mind, the greatest piece of music ever written."
4407,"The man who doesn't respond to music, the man without music in his soul is not to be trusted. A man like that is cold and empty, empty to the core."
4408,The smell of opium is the least stupid smell in the world.
4429,To find is the thing.
4447,Which statement seems more true: (1) I have a brain. (2) I am a brain.
4456,Reality includes creating every real connection and reference.
4470,"If we really want to live, we'd better start at once to try;If we don't it doesn't matter, we'd better start to die."
4481,"If we really want to live, we'd better start at once to try;If we don't it doesn't matter, we'd better start to die."
4494,"Every farthing of the cost,All the dreaded cards foretell,Shall be paid, but from this nightNot a whisper, not a thought,Not a kiss nor look be lost."
4495,"About suffering they were never wrong,The Old Masters: how well they understoodIts human position; how it takes placeWhile someone else is eating or opening a window or just walking dully along."
4508,"I and the public know What all schoolchildren learn, Those to whom evil is done Do evil in return."
4537,"The old lady, quoted by E. M. Forster — ""How can I know what I think till I see what I say?"""
4538,"""The unacknowledged legislators of the world"" describes the secret police, not the poets."
4549,"Perhaps there is only one cardinal sin: impatience. Because of impatience we were driven out of Paradise, because of impatience we cannot return."
4551,"All wishes, whatever their apparent content, have the same and unvarying meaning: ""I refuse to be what I am."""
4562,Americans—like omelets:there is no such thingas a pretty good one.
4567,"All sin tends to be addictive, and the terminal point of addiction is what is called damnation."
4569,"I cannot accept the doctrine that in poetry there is a ""suspension of belief."" A poet must never make a statement simply because it sounds poetically exciting; he must also believe it to be true."
4572,"It's frightfully important for a writer to be his age, not to be younger or older than he is. One might ask, ""What should I write at the age of sixty-four,"" but never, ""What should I write in 1940."""
4574,"I don't think the mystical experience can be verbalized. When the ego disappears, so does power over language."
4590,"Sexual fidelity is more important in a homosexual relationship than in any other. In other relationships there are a variety of ties. But here, fidelity is the only bond."
4609,It seems to me certain that more people are killed out of righteous stupidity than out of wickedness.
4631,"If I were to say what I really think I would be arrested or shut away in a lunatic asylum. Come on, I am sure that it would be the same for everyone."
4642,"An author in his book must be like God in the universe, present everywhere and visible nowhere. (9 December 1852)"
4644,"Everything one invents is true, you may be perfectly sure of that. Poetry is as precise as geometry. (14 August 1853)"
4648,"""We are all immigrants to this land. It's just that some of us came earlier than others."""
4657,"The most powerful force in the world is not a weapon or a nation but a truth: that we are spiritual beings, and that freedom is ""the soul's right to breathe."""
4669,I care what 51 percent of the people think about me.
4684,he facts are that thousands of small businesses - Hispanically owned or otherwise - pay taxes at the highest marginal rate.
4693,Either you are with us or you are with the terrorists.
4696,You are either with us or you are against us in the fight against terror.
4711,The best ethics course is to handcuff one of the bastards.
4723,Every Iraqi atrocity has confirmed the justice and the urgency of our cause. Against this enemy we will accept no outcome except complete victory.
4728,Saddam's rape rooms and torture chambers and children's prisons are closed forever. His mass graves will claim no victims.
4796,Any government that chooses to be an ally of terror has also chosen to be an enemy of civilization.
4798,My conviction comes down to this: we do not create terrorism by fighting the terrorists. We invite terrorism by ignoring them.
4807,"Well, I'm reading about the battle of New Orleans right now. I've got an ecolectic reading list."
4836,"I'm going to put people in my place, so when the history of this administration is written at least there's an authoritarian voice saying exactly what happened."
4838,I haven't had a sip of alcohol since 1986.
4861,"When you're off the stage, you're off the stage."
4875,"Universal human dignity, that unites our country."
4886,It is not easy to see how the more extreme forms of nationalism can long survive when men have seen the Earth in its true perspective as a single small globe against the stars.
4892,After a while Hilvar did his best to steer the conversation away from these meaningless morasses of theology in order to concentrate on the ascertainable facts.
4930,Two possibilities exist: Either we are alone in the Universe or we are not. Both are equally terrifying.
4935,The best measure of a man's honesty isn't his income tax return. It's the zero adjust on his bathroom scale.
4981,You do realize how many impossible things have to be true for that to have happened?
4982,"Maybe it's a mark of a maturing culture, do you think, that secrets aren't kept, that truth is told, that things are talked out?"
4991,"Outside intelligences, exploring the Solar System with true impartiality, would be quite likely to enter the Sun in their records thus: Star X, spectral class G0, 4 planets plus debris."
5017,"If you're going to write a story, avoid contemporary references. They date a story and they have no staying power."
5034,"The fact is that I've never called myself a genius, and I think the term has been cheapened by overuse into meaninglessness. If other people want to call me that, that's their problem."
5053,"All mankind, right down to those you most despise, are your neighbors."
5056,The foundation of all technology is fire.
5057,"If anyone can be considered the greatest writer who ever lived, it is Shakespeare."
5062,"A robot may not injure a human being, or, through inaction, allow a human being to come to harm."
5066,"If the love of money is the root of all evil, the need of money is most certainly the root of all despair."
5077,Printing will tell you such useful things and such interesting things that not being able to read would be as bad as not being able to see.
5080,Psychiatry is becoming too popular. Everybody talks of complexes and neuroses and psychoses and compulsions and whatnot. One man's guilt complex is another man's good night's sleep.
5085,There's nothing like deduction. We've determined everything about our problem but the solution.
5087,"The unwritten motto of United States Robot and Mechanical Men Corp. was well-known: ""No employee makes the same mistake twice. He is fired the first time."""
5094,"I tell you I know the type of people that become Medievalists. They're soft, dreamy people who find life too hard for them here and get lost in an ideal world of the past that never really existed."
5096,"There are degrees of justice, Elijah. When the lesser is incompatible with the greater, the lesser must give way."
5098,"""Is that important?""""Everything is important till proven otherwise."""
5103,"Goodbye, friend Elijiah, and remember that, although people apply the phrase to Aurora, it is, from this point on, Earth itself that is the true World of the Dawn."
5118,"""Then why did you run? A man who runs needs no other accusation.""""Is that so? Really?"" cried Steen. ""Well, I would run out of a burning building even if I had not set the fire myself."""
5128,"It pays to be obvious, especially if you have a reputation for subtlety."
5132,A fire eater must eat fire even if he has to kindle it himself.
5133,Never let your sense of morals prevent you from doing what is right.
5142,"You are a valuable subject, Brodrig. You always suspect far more than is necessary, and I have but to take half your suggested precautions to be utterly safe."
5146,Secrecy as deep as this is past possibility without nonexistence as well.
5168,"Walking is still the best form of short-distance transportation. It's the most convenient, the cheapest, and the most healthful, Countless years of technological advance have not changed that."
5194,You know that prudery is only the other side of prurience. The words are even on the same page in the dictionary.
5214,"There are no nations! There is only humanity. And if we don't come to understand that right soon, there will be no nations, because there will be no humanity."
5221,Is Wagner a human being at all? Is he not rather a disease? He contaminates everything he touches - he has made music sick.
5222,May I really say it! All truths are bloody truths to me—take a look at my previous writings.
5238,The only thing of interest in a refuted system is the personal element. It alone is what is forever irrefutable.
5248,"If you need more than 3 levels of indentation, you're screwed anyway, and should fix your program."
5270,"Anybody who tells me I can't use a program because it's not open source, go suck on rms. I'm not interested. 99% of that I run tends to be open source, but that's my choice, dammit."
5277,I'm always right. This time I'm just even more right than usual.
5291,"C++ is a horrible language. It's made more horrible by the fact that a lot of substandard programmers use it, to the point where it's much much easier to generate total and utter crap with it."
5304,Standards are paper. I use paper to wipe my butt every day. That's how much that paper is worth.
5316,"Obsessing about things is important, and things really do matter, but if you can't let go of them, you'll end up crazy."
5343,"It's Easter Sunday, which means that we're all about to gorge on mämmi (Right? You *do* have your carton of mämmi ready to go, don't you?)."
5351,"It's memorial day tomorrow here in the US, but like the USPS, ""neither snow nor rain nor heat nor gloom of night"" - nor memorial day - stops the merge window."
5353,"If you want to be fucking individual, don't get a tattoo. Every fucker's got one these days."
5368,All you have to do is say Fuck Off when the vagina doctor calls.
5401,"I know what's going to be on my tombstone, and there's no getting around it: ""Here lies Ozzy Osbourne, the ex–Black Sabbath singer who bit the head off a bat."""
5407,"See now the power of truth; the same experiment which at first glance seemed to show one thing, when more carefully examined, assures us of the contrary."
5421,"Wikipedia, eh? Must be accurate then!"
5436,A true beanie should have a propellor on the top.
5477,"Sometimes honesty was its own reward, said Solomon, but Dodger thought it helped if some money came with it."
5483,"War is a terrible thing, and many people return with wounds invisible to the eye."
5493,"""It is often said that before you die your life passes before your eyes. This is in fact true. It's called living."""
5511,"Just take my word for it, will you? Assume I'm a genius."
5519,"Presently she gave her considered opinion. ""Idiots.""""No. They're just like all of us: They want something for nothing."""
5537,"In fantasy, more than in other forms of literature, the obligation is to teach something universally true about the human condition."
5551,"Jovan knew about luck. Like wine: when luck turns sour, the whole barrel is sour."
5568,"I have a kind of psychic invisibility. As long as I can stay scared, I can keep people from seeing me. That's what we have to count on."
5577,The majority is always sane.
5602,My self-centeredness is as human as your fanaticism.
5635,"""They should give medals for this, Martinez.""""By the time the paperwork goes through, we'll both be dead and gone.""""Too true."""
5644,1a) Never throw shit at an armed man. 1b) Never stand next to someone who is throwing shit at an armed man.
5648,7) Any damn fool can predict the past.
5649,8) History never repeats itself.
5654,19) Think before you make the coward's choice. Old age is not for sissies.
5656,2) Never be embarrased or ashamed about anything you choose to write. (Think of this before you send it to a market)
5661,I'm never going to sing another song I don't believe in. I'm never going to make another picture I don't believe in.
5665,'To judge a man by his weakest link or deed is like judging the power of the ocean by one wave.'
5667,"'Truth is like the sun. You can shut it out for a time, but it ain't going away.'"
5675,"Mark this well, you proud men of action: You are nothing but the unwitting agents of the men of thought who often, in quiet self-effacement, mark out most exactly all your doings in advance."
5676,"If one has no heart, one cannot write for the masses."
5680,"One should forgive one's enemies, but not before they are hanged."
5685,"My songs, they say, are poisoned. How else, love, could it be? Thou hast, with deadly magic, Poured poison into me."
5691,The music at a wedding procession always reminds me of the music of soldiers going into battle.
5692,"Whatever tears one may shed, in the end one always blows one's nose."
5710,"All those writers who write about their own childhood! Gentle God, if I wrote about mine you wouldn't sit in the same room with me."
5727,"There is one thing about Fiddlers Three, though, that held my attention all through the evening: Try as I might I could only discern two fiddlers. p. 42"
5733,"So seeing that there is nothing further to say, I shall go right on talking about The Circle, thus proving that I am a born reviewer of plays. p. 256"
5734,"If you arrive late, you won't know what anything is about, and if you are there all the way from the beginning, you won't care. p. 277"
5760,Gravity is not a version of the truth. It is the truth. Anybody who doubts it is invited to jump out of a tenth-floor window.
5769,Evidence is the only good reason to believe anything
5772,I speak as a biologist. There aren't many absolutely clear distinctions in biology. Mostly what we have is a spectrum. But the male-female divide is exceptional in biology. It really is a true binary.
5773,We are survival machines—robot vehicles blindly programmed to preserve the selfish molecules known as genes. This is a truth which still fills me with astonishment.
5833,"You've just said a very revealing thing. Are you telling me that the only reason you don't steal and rape and murder is that you're frightened of God? (Part 2, 00:13:55)"
5839,"""However statistically improbable the entity you seek to explain by invoking a designer, the designer himself has got to be at least as improbable. God is the Ultimate Boeing 747"" (p. 138)"
5858,Haven't read Koran so couldn't quote chapter & verse like I can for Bible. But often say Islam greatest force for evil today
5859,"With respect to those meanings of ""human"" that are relevant to the morality of abortion, any fetus is less human than an adult pig."
5869,"Suggest always put Islamic ""scholar"" in quotes, to avoid insulting true scholars. True scholars have read more than one book."
5894,None has begun to think how divine he himself is and how certain the future is.
5900,Each of us inevitable;Each of us limitless—each of us with his or her right upon the earth.
5921,I swear I think there is nothing but immortality!
5929,"There is only one thing that it requires real courage to say, and that is a truism."
5930,"Briefly, you can only find truth with logic if you have already found truth without it."
5932,There is one creed: 'neath no world-terror's wing Apples forget to grow on apple-trees.
5965,"Truth must of necessity be stranger than fiction ... for fiction is the creation of the human mind, and therefore is congenial to it."
5967,"Whatever the word ""great"" means, Dickens was what it means."
5968,One of the actual and certain consequences of the idea that all men are equal is immediately to produce very great men.
5969,There is a great man who makes every man feel small. But the real great man is the man who makes every man feel great.
5978,"A man must be orthodox upon most things, or he will never even have time to preach his own heresy."
5981,The world will never starve for want of wonders; but only for want of wonder.
5985,Poets have been mysteriously silent on the subject of cheese.
5990,"Marriage is a duel to the death, which no man of honour should decline."
5996,The rich are the scum of the earth in every country.
6009,"Prince, Bayard would have smashed his swordTo see the sort of knights you dub — Is that the last of them — O LordWill someone take me to a pub?"
6026,About sex especially men are born unbalanced; we might almost say men are born mad. They scarcely reach sanity till they reach sanctity.
6030,"Yet he is right enough about there being a white magic, if he only knows where to look for it."
6043,It is certain that a book is not harmless merely because no one is consciously offended by it.
6064,"Some one said: ""The dead writers are remote from us because we know so much more than they did."" Precisely, and they are that which we know."
6080,"Weave the wind. I have no ghosts, An old man in a draughty house Under a windy knob."
6092,"Who is the third who walks always beside you When I count, there are only you and I together But when I look ahead up the white road There is always another one walking beside you"
6174,"There are two distinct classes of men in the nation, those who pay taxes, and those who receive and live upon the taxes."
6177,Let us maintain inviolably equality in the sacred right of suffrage: public security can never have a basis more solid.
6200,It is only a moment here and a moment there that the greatest writer has. Some cognizance of the fact must be taken in your teaching.
6231,"""My dear, It's who first thought the thought. You're searching, Joe, For things that don't exist; I mean beginnings. Ends and beginnings—there are no such things. There are only middles."
6242,"How often already you've had to be told, Keep cold, young orchard. Good-bye and keep cold. Dread fifty above more than fifty below. I have to be gone for a season or so."
6262,Never ask of money spent Where the spender thinks it went. Nobody was ever meant To remember or invent What he did with every cent.
6281,"If this uncertain age in which we dwell Were really as dark as I hear sages tell, And I convinced that they were really sages, I should not curse myself with it to hell"
6285,"I stopped my song and almost heart, For any eye is an evil eye That looks in onto a mood apart."
6290,People are inexterminable — like flies and bed-bugs. There will always be some that survive in cracks and crevices — that's us.
6308,"""Well, who begun it?"" That's what at the end of a war We always say not who won it, Or what it was foughten for."
6322,It is very fortunate that kings cannot err. Hence their contradictions never perplex us.
6366,"Never, believe me,Appear the Immortals,Never alone."
6423,"The heart should have fed upon the truth, as insects on a leaf, till it be tinged with the color, and show its food in every ... minutest fiber."
6424,"Truths … are too often considered as so true, that they lose all the power of truth, and lie bed-ridden in the dormitory of the soul, side by side with the most despised and exploded errors."
6464,There is no sport in hate where all the rage Is on one side.
6471,There is no God! This negation must be understood solely to affect a creative Deity. The hypothesis of a pervading Spirit co-eternal with the universe remains unshaken.
6482,"Gold is a living god and rules in scorn, All earthly things but virtue."
6483,The word of God has fenced about all crimes with Holiness.
6493,"I love all waste And solitary places; where we taste The pleasure of believing what we see Is boundless, as we wish our souls to be."
6495,Most wretched men Are cradled into poetry by wrong; They learn in suffering what they teach in song.
6508,Thou art Justice — ne'er for gold May thy righteous laws be sold As laws are in England — thou Shield'st alike the high and low.
6527,"The moon of Mahomet Arose, and it shall set; While, blazoned as on heaven's immortal noon, The cross leads generations on."
6532,I never thought before my death to see Youth's vision thus made perfect.
6568,... why God made irreconcilable Good and the means of good.
6572,"I understand Being in all and over all, as there is nothing without participation in Being, and there is no being without Essence. Thus nothing can be free of the Divine Presence."
6583,The single spirit doth simultaneously temper the whole together; this is the single soul of all things; all are filled with God.
6584,All things are in all.
6597,"Toleration is good for all, or it is good for none."
6613,"The use of force alone is but temporary. It may subdue for a moment; but it does not remove the necessity of subduing again: and a nation is not governed, which is perpetually to be conquered."
6628,The arrogance of age must submit to be taught by youth.
6637,"The Africans had that claim on our humanity which could not be resisted, whatever might have been advanced by an hon. gentleman in defence of the property of the planters."
6643,Frugality is founded on the principle that all riches have limits.
6649,"To the Deity must be left the task of infinite perfection, while to us poor, weak, incapable mortals, there was no rule of conduct so safe as experience."
6654,Early and provident fear is the mother of safety.
6655,I conceive that the Duke of Brunswick is as much fighting the Battle of the Crown of England as the Duke of Cumberland did at Culloden.
6657,"It is the function of a judge not to make but to declare the law, according to the golden mete-wand of the law and not by the crooked cord of discretion."
6661,I should not be surprized at seeing a French Army conveyed by a British Navy to an attack upon this Kingdom.
6677,Good order is the foundation of all good things.
6682,"Justice is itself the great standing policy of civil society; and any eminent departure from it, under any circumstances, lies under the suspicion of being no policy at all."
6684,No man can mortgage his injustice as a pawn for his fidelity.
6688,"Some decent regulated pre-eminence, some preference (not exclusive appropriation) given to birth, is neither unnatural, nor unjust, nor impolitic."
6689,"The body of all true religion consists, to be sure, in obedience to the will of the Sovereign of the world, in a confidence in His declarations, and in imitation of His perfections."
6700,"Neither the few nor the many have a right to act merely by their will, in any matter connected with duty, trust, engagement, or obligation."
6703,"So far as it has gone, it probably is the most pure and defecated publick good which ever has been conferred on mankind."
6711,They who bow to the enemy abroad will not be of power to subdue the conspirator at home.
6722,To speak of atrocious crime in mild language is treason to virtue.
6723,"There is nothing that God has judged good for us that He has not given us the means to accomplish, both in the natural and the moral world."
6731,"I favor the Civil Rights Act of 1964 and it must be enforced at the point of a bayonet, if necessary."
6733,Every morning Nancy and I turn to see what he has to say about people of our respective birth signs.
6747,"If it's to be a bloodbath, let it be now. Appeasement is not the answer."
6753,"And I have to point out that government doesn't tax to get the money it needs, government always needs the money it gets."
6766,"Yes, because for many years I was a Democrat."
6770,The only way there could be war is if they start it; we're not going to start a war.
6771,"If the big spenders get their way, they'll charge everything on your ""Taxpayers Express Card."" And believe me, they never leave home without it."
6773,History teaches that wars begin when governments believe the price of aggression is cheap.
6785,"If you read the letter, you will find there is nothing wrong with it."
6791,We must all educate ourselves to the reality of the horrors taking place. Doctors today know that unborn children can feel a touch within the womb and that they respond to pain.
6795,Too much SALT isn't good for you.
6797,"The other day, someone told me the difference between a democracy and a people's democracy. It's the same difference between a jacket and a straitjacket."
6801,"How do you tell a Communist? Well, it's someone who reads Marx and Lenin. And how do you tell an anti-Communist? It's someone who understands Marx and Lenin."
6805,"You can't be for big government, big taxes, and big bureaucracy and still be for the little guy."
6809,Well I've said it before and I'll say it again — America's best days are yet to come. Our proudest moments are yet to be. Our most glorious achievements are just ahead.
6813,I'm not smart enough to lie.
6832,All people believe their suffering is greater than others.
6838,The worst thing about jealousy is how low it makes you reach.
6851,Photographs... are the most curious indicators of reality.
6856,Jealousy is all the fun you think they had.
6909,"Now will I, in my old way, discover the whole and real truth of the matter to him, that he may not suspect one word on't."
6912,"I warrant you, if he danced till doomsday, he thought I was to pay the piper."
6916,"I know that's a secret, for it's whispered every where."
6927,"Thou art a retailer of phrases, and dost deal in remnants of remnants, like a maker of pincushions; thou art in truth (metaphorically speaking) a speaker of shorthand."
6932,"As for hobbies, people with stimulating hobbies suffer from the most noxious of despairs since they are tranquilized in their despair."
6942,"There is no fashion so absurd, even grotesque, that it cannot be adopted, given two things: the authority of the fashion-setter (Dior, Jackie Onassis) and the vacuity or noughtness of the consumer."
6954,"We have all seen these circus elephants complete with tusks, ivory in their head and thick skins, who move around the circus ring and grab the tail of the elephant ahead of them."""
6971,"And as Americans know from our history on our own old frontier, gun battles are caused by outlaws, and not by officers of the peace."
6972,"And if there is one path above all others to war, it is the path of weakness and disunity."
6984,"The 1930's taught us a clear lesson: aggressive conduct, if allowed to go unchecked and unchallenged ultimately leads to war."
7034,"""We can't be free ourselves if we can't free our women. """
7060,"King Christ, this world is all aleak;and lifepreservers there are none:and waves which only He may walkWho dares to call Himself a man."
7068,on forever's very now we stand
7069,a politician is an arse upon which everyone has sat except a man
7072,"—when skies are hanged and oceans drowned, the single secret will still be man"
7099,"dreamtree,truthtreetree of jubilee:with aeons of (trivialmerely)existence,allwhen may not measurea now of your treasure"
7104,it's you are whatever a moon has always meant and whatever a sun will always sing is you
7106,seeker of truth follow no path all paths lead where truth is here
7110,a great man is gone.Tall as the truth was who; and wore his ... life like a ... sky.
7114,without any doubt he was whatever(first and last) most people fear most: a mystery for which iv'e no word except alive
7115,Mostpeople have been heard screaming for international measures that render hell rational —i thank heaven somebody's crazy enough to give me a daisy
7121,One often makes a remark and only later sees how true it is.
7128,Certainly it is correct to say: Conscience is the voice of God.
7129,It is true: Man is the microcosm: I am my world.
7131,It is clear that the causal nexus is not a nexus at all.
7135,"The world is the totality of facts, not things. (1.1)"
7136,"What is the case, the fact, is the existence of atomic facts. (2)"
7137,The logical picture of the facts is the thought. (3)
7140,It is quite impossible for a proposition to state that it itself is true. (4.442)
7141,Propositions are truth-functions of elementary propositions. (An elementary proposition is a truth-function of itself.) (5)
7143,The limits of my language mean the limits of my world. (5.6)
7148,"It is not how things are in the world that is mystical, but that it exists. (6.44)"
7152,"(About Jesus) If He did not rise again, then He rotted in the grave like any other human being. He died and his body rotted."
7195,The human body is the best picture of the human soul.
7197,If God had looked into our minds he would not have been able to see there whom we were speaking of.
7200,"1. If you do know that here is one hand, we'll grant you all the rest."
7203,"206. If someone asked us 'but is that true?' we might say ""yes"" to him; and if he demanded grounds we might say ""I can't give you any grounds, but if you learn more you too will think the same."""
7219,Resting on your laurels is as dangerous as resting when you are walking in the snow. You doze off and die in your sleep.
7224,There is no more light in a genius than in any other honest man—but he has a particular kind of lens to concentrate this light into a burning point.
7225,"The truth can be spoken only by someone who is already at home in it; not by someone who still lives in untruthfulness, and does no more than reach out towards it from within untruthfulness."
7234,"The way you use the word ""God"" does not show whom you mean — but, rather, what you mean."
7264,One can never consent to creep when one feels an impulse to soar.
7267,The only thing worse than being blind is having sight but no vision.
7273,Avoiding danger is no safer in the long run than outright exposure. The fearful are caught as often as the bold.
7280,I do not remember a time since I have been capable of loving books that I have not loved Shakespeare.
7282,"If it is true that the violin is the most perfect of musical instruments, then Greek is the violin of human thought."
7287,"I demand that the world be good, and lo, it obeys. I proclaim the world good, and facts range themselves to prove my proclamation overwhelmingly true."
7300,"Those who commit private theft pass their lives in confinement and fetters; plunderers of the public, in gold and purple."
7302,Self-sufficiency is the greatest of all wealth.
7313,"Justice respects man as living in society, and is the common bond without which no society can subsist."
7324,The loss which is unknown is no loss at all.
7328,He sleeps well who knows not that he sleeps ill.
7330,To spare the guilty is to injure the innocent.
7333,There is but a step between a proud man's glory and his disgrace.
7339,What happens to one man may happen to all.
7366,Treat your friend as if he might become an enemy.
7376,Don't turn back when you are just at the goal.
7381,"Be your money's master, not its slave."
7389,Better to be ignorant of a matter than half know it.
7391,"The greatest of empires, is the empire over one's self."
7392,"Avarice is as destitute of what it has, as what it has not."
7393,The poor man is ruined as soon as he begins to ape the rich.
7397,"Speech is a mirror of the soul; as a man speaks, so is he."
7399,"Whatever an author puts between the two covers of his book is public property; whatever of himself he does not put there is his private property, as much as if he had never written a word."
7412,A weak prince will always be governed by his domestics.
7415,"There is no surer proof of the military skill of the Romans, than their first surmounting the idle terror, and afterwards disdaining the dangerous use, of elephants in war."
7469,"'Tis fixed, the irrevocable doom of Jove;No force can bend me, no persuasion move."
7472,The mouse that always trusts to one poor hole Can never be a mouse of any soul.
7515,"On all the line a sudden vengeance waits, And frequent hearses shall besiege your gates."
7522,"It is with narrow-souled people as with narrow necked bottles: the less they have in them, the more noise they make in pouring it out."
7523,"When men grow virtuous in their old age, they only make a sacrifice to God of the devil's leavings."
7540,"Mercury is the deity whom they chiefly worship, and on certain days they deem it right to sacrifice to him even with human victims."
7553,Music is the universal language of mankind — poetry their universal pastime and delight.
7561,"St. Augustine! well hast thou said,That of our vices we can frameA ladder, if we will but treadBeneath our feet each deed of shame!"
7564,"A boy's will is the wind's will,And the thoughts of youth are long, long thoughts."
7695,"The holiest of all holidays are thoseKept by ourselves in silence and apart;The secret anniversaries of the heart,When the full river of feeling overflows."
7723,"Were't the last drop in the well,As I gasp'd upon the brink,Ere my fainting spirit fell'T is to thee that I would drink."
7724,"""Bring forth the horse!"" — the horse was brought;In truth, he was a noble steed,A Tartar of the Ukraine breed,Who look'd as though the speed of thoughtWere in his limbs."
7732,"Who killed John Keats?""I,"" says the Quarterly,So savage and Tartarly;""'Twas one of my feats."""
7738,"A great poet belongs to no country; his works are public property, and his Memoirs the inheritance of the public."
7758,"Yet truth will sometimes lend her noblest fires,And decorate the verse herself inspires:This fact, in virtue's name, let Crabbe attest,—Though Nature's sternest painter, yet the best."
7782,"No words suffice the secret soul to show, For truth denies all eloquence to woe."
7802,"The heart ran o'erWith silent worship of the great of old! The dead but sceptred sovereigns, who still ruleOur spirits from their urns."
7815,"Eat, drink, and love; the rest's not worth a fillip."
7825,"The lie was deadAnd damned, and truth stood up instead."
7843,Be sure that GodNe'er dooms to waste the strength he deigns impart.
7844,Truth is within ourselves.
7864,The heavens and earth stay as they were; my heart Beats as it beat: the truth remains the truth.
7878,"Italy, my Italy!Queen Mary's saying serves for me(When fortune's maliceLost her Calais):""Open my heart, and you will seeGraved inside of it 'Italy.'"""
7880,"When the fight begins within himself,A man's worth something."
7881,"He said true things, but called them by the wrong names."
7894,"Let us cry, ""All good things Are ours, nor soul helps flesh more, now, than flesh helps soul!"""
7917,They are perfect; how else?—they shall never change:We are faulty; why not?—we have time in store.
7943,There is no truer truth obtainable By Man than comes of music.
7951,Man's inhumanity to man Makes countless thousands mourn.
8005,"Some have meat and cannot eat, Some cannot eat that want it: But we have meat and we can eat, Sae let the Lord be thankit."
8006,"Some hae meat and canna eat, And some wad eat that want it; But we hae meat, and we can eat, And sae the Lord be thankit.<!--"
8101,"In truth the prison, unto which we doom Ourselves, no prison is."
8106,"Every great and original writer, in proportion as he is great and original, must himself create the taste by which he is to be relished."
8132,"Scorn not the Sonnet; Critic, you have frowned, Mindless of its just honours; with this key Shakespeare unlocked his heart"
8176,"The harvest of a quiet eye, That broods and sleeps on his own heart."
8194,Stern Daughter of the Voice of God!
8197,"Thou dost preserve the stars from wrong; And the most ancient heavens, through Thee, are fresh and strong."
8219,"The feather, whence the pen Was shaped that traced the lives of these good men, Dropped from an Angel's wing."
8235,"Full twenty times was Peter feared, For once that Peter was respected."
8248,Never to blend our pleasure or our pride With sorrow of the meanest thing that feels.
8300,"For to be discontented with the divine discontent, and to be ashamed with the noble shame, is the very germ and first upgrowth of all virtue."
8341,The great law of culture is: Let each become all that he was created capable of being.
8352,"We have oftener than once endeavoured to attach some meaning to that aphorism, vulgarly imputed to Shaftesbury, which however we can find nowhere in his works, that ""ridicule is the test of truth."""
8358,History is the essence of innumerable biographies.
8364,Music is well said to be the speech of angels.
8379,"Man is a tool-using animal...Without tools he is nothing, with tools he is all."
8391,"""Do the Duty which lies nearest thee,"" which thou knowest to be a Duty! Thy second Duty will already have become clearer."
8393,"For is not a Symbol ever, to him who has eyes for it, some dimmer or clearer revelation of the God-like?"
8415,"It can be said of him , when he departed he took a man's life along with him. No sounder piece of British manhood was put together in that eighteenth century of time."
8421,"A witty statesman said, you might prove anything by figures."
8441,"Theocracy, Government of God, is precisely the thing to be struggled for!"
8444,"his same Man-of-Letters Hero must be regarded as our most important modern person. He, such as he may be, is the soul of all."
8450,"The suffering man ought really 'to consume his own smoke'; there is no good in emitting smoke till you have made it into fire, — which, in the metaphorical sense too, all smoke is capable of becoming!"
8452,The true University of these days is a Collection of Books.
8462,"He who takes not counsel of the Unseen and Silent, from him will never come real visibility and speech."
8468,"In a valiant suffering for others, not in a slothful making others suffer for us, did nobleness ever lie."
8471,"Oceans of horse-hair, continents of parchment, and learned-sergeant eloquence, were it continued till the learned tongue wore itself small in the indefatigable learned mouth, cannot make unjust just."
8475,"The Noble in the high place, the Ignoble in the low; that is, in all times and in all countries, the Almighty Maker's Law."
8499,Truth is as impossible to be soiled by any outward touch as the sunbeam.
8500,Men of most renowned virtue have sometimes by transgressing most truly kept the law.
8515,Methought I saw my late espousèd saintBrought to me like Alcestis from the grave.
8518,"Madam, methinks I see him living yet;So well your words his noble virtues praise,That all both judge you to relate them true,And to possess them, honour'd Margaret."
8522,Thy liquid notes that close the eye of day.
8529,Beholding the bright countenance of truth in the quiet and still air of delightful studies.
8561,Or call up him that left half toldThe story of Cambuscan bold.
8586,"To reign is worth ambition though in Hell:Better to reign in Hell, than serve in Heaven."
8610,"There is no arguing with Johnson: for if his pistol misses fire, he knocks you down with the butt end of it."
8615,The true use of speech is not so much to express our wants as to conceal them.
8630,"Such is the patriot's boast, where'er we roam,His first, best country ever is, at home."
8634,By sports like these are all their cares beguil'd;The sports of children satisfy the child.
8692,"Truth from his lips prevailed with double sway,And fools, who came to scoff, remained to pray."
8697,"The twelve good rules, the royal game of goose."
8708,"The genteel thing is the genteel thing any time, if as be that a gentleman bees in a concatenation accordingly."
8715,"Travellers, George, must pay in all places: the only difference is, that in good inns, you pay dearly for your luxuries, and in bad inns you are fleeced and starved."
8719,"Our Garrick's a salad; for in him we seeOil, vinegar, sugar, and saltness agree!"
8721,"His conduct still right, with his argument wrong."
8732,"Rule Britannia, rule the waves:Britons never will be slaves."
8738,The absent danger greater still appears;Less fears he who is near the thing he fears.
8748,For women grieve to think they must be old.
8762,"As that the walls worn thin, permit the mindTo look out thorough, and his frailty find. 1"
8769,"Unless above himself he canErect himself, how poor a thing is man!"
8773,"Style is indeed the valet of genius, and an able one too; but as the true gentleman will appear, even in rags, so true genius will shine, even through the coarsest style."
8784,"None are so fond of secrets as those who do not mean to keep them; such persons covet secrets as a spendthrift covets money, for the purpose of circulation."
8806,Evil and good are God's right hand and left.
8821,Prayer is the spirit speaking truth to Truth.
8869,"Thy purpose firm is equal to the deed:Who does the best his circumstance allowsDoes well, acts nobly; angels could no more."
8894,A God all mercy is a God unjust.
8911,And all may do what has by man been done.
8915,Truth never was indebted to a lie.
8917,A man of pleasure is a man of pains.
8920,"'T is elder Scripture, writ by God's own hand,—Scripture authentic! uncorrupt by man."
8925,"For Rules, like Crutches, are a needful Aid to the Lame, tho' an impediment to the Strong."
8934,"A secret ceases to be a secret if it is once confided—it is like a dollar bill, once broken, it is never a dollar again."
8939,"As scarce as truth is, the supply has always been in excess of the demand."
8941,"Thrice is he armed that hath his quarrel just, But four times he who gets his blow in fust"
8943,"""Familiarity breeds kontempt."" This only applies tew men, not tew hot bukwheat slapkakes, well buttered and sugared."
8948,"The man who pitys everyboddy, wants watching, for the chances are that he iz gitting phatt slily on other peoples misfortunes."
8955,"The hardest thing that enny man kan do iz tew fall down on the ice when it iz wet, and get up and praze the Lord."
8961,"I dont kno az it iz a very difficult thing tew be a good injun up in heaven, but tew cum down here and be a good injun, iz just whare the tite spot cums in."
8972,"Truth dont require the aid ov elegant and high stepping words, tew express its force, or buty, it iz like water, tastes better out ov a wooden bucket, than it duz out ov a golden goblet."
8973,I don't rekoleckt now ov ever hearing ov two dogs fiteing unless thare waz a man or two around.
8980,"I beleave in the universal salvashun ov men, but I want tew pick the men."
8987,I think that a hen who undertakes tew lay 2 eggs a day must necessarily neglekt sum other branch ov bizzness.
8992,"I never hav seen a bigot yet but what had a small and apparently braneless hed--bit i hain't seen all the bigots, yu know."
9002,"I am poor, and I am glad that i am, for i find that wealth makes more people mean than it duz generous."
9014,"Proper words in proper places, make the true definition of a style."
9017,"For, in reason, all government without the consent of the governed is the very definition of slavery: but in fact, eleven men well armed will certainly subdue one single man in his shirt."
9030,"Nothing is so great an instance of ill manners as flattery. If you flatter all the company, you please none; if you flatter only one or two, you affront the rest."
9032,"Violent zeal for truth hath an hundred to one odds to be either petulancy, ambition, or pride."
9037,"It is a maxim, that those to whom everybody allows the second place have an undoubted title to the first."
9045,"Every man desires to live long, but no man would be old."
9046,A nice man is a man of nasty ideas.
9047,"What they do in heaven we are ignorant of; what they do not we are told expressly: that they neither marry, nor are given in marriage."
9059,"I never wonder to see men wicked, but I often wonder to see them not ashamed."
9061,The Bulk of mankind is as well equipped for flying as thinking.
9062,"Complaint is the largest tribute heaven receives, and the sincerest part of our devotion."
9063,When a true genius appears in the world you may know him by this sign; that the dunces are all in confederacy against him.
9066,I cannot but conclude the bulk of your natives to be the most pernicious race of little odious vermin that nature ever suffered to crawl upon the surface of the earth.
9069,"Poor Nations are hungry, and rich Nations are proud, and Pride and Hunger will ever be at Variance."
9088,"That's as well said, as if I had said it myself."
9089,You must take the will for the deed.
9106,Sharp's the word with her.
9157,"From hence, let fierce contending nations know, What dire effects from civil discord flow."
9158,There is no virtue so truly great and godlike as justice.
9191,"Mere bashfulness without merit is awkward; and merit without modesty, insolent. But modest merit has a double claim to acceptance, and generally meets with as many patrons as beholders."
9203,"The Lord my pasture shall prepare, And feed me with a shepherd's care; His presence shall my wants supply, And guard me with a watchful eye."
9215,A man should always consider how much he has more than he wants.
9219,"Silence never shows itself to so great an advantage, as when it is made the reply to calumny and defamation, provided that we give no just occasion for them."
9247,"And when a lady's in the case,You know all other things give place."
9249,"Lest men suspect your tale untrue,Keep probability in view."
9267,I must have women—there is nothing unbends the mind like them.
9276,Every fool knoweth that hatreds are the cinders of affection.
9277,"No man is wise or safe, but he that is honest."
9280,"Whosoever, in writing a modern history, shall follow truth too near the heels, it may happily strike out his teeth."
9291,"Bestow therefore thy youth so, that thou mayest have comfort to remember it when it hath forsaken thee, and not sigh and grieve at the account thereof."
9327,"Ah, tell them they are men!"
9369,"The verse adorn again Fierce War, and faithful Love, And Truth severe, by fairy Fiction drest."
9380,The law: It has honored us; may we honor it.
9381,I was born an American; I will live an American; I shall die an American!
9392,There is nothing so powerful as truth — and often nothing so strange.
9396,Of the king's creation you may be; but he who makes a count ne'er made a man.
9400,Let me be only sure; for sooth to tellThe sorest dole is doubt.
9413,"O sleep, we are beholden to thee, sleep,Thou bearest angels to us in the night,Saints out of heaven with palms. Seen by thy lightSorrow is some old tale that goeth not deep;Love is a pouting child."
9418,"Our own faces, seen suddenly, will sometimes tell us things concerning ourselves that we did not suspect before."
9420,"It would be hard to say of any man that he is never right. If he is always thinking that he has forgotten a certain lady, surely he is right sometimes."
9433,We have built no national temples but the Capitol; we consult no common oracle but the Constitution.
9438,"We join ourselves to no party that does not carry the flag, and keep step to the music of the Union."
9440,A book is the only immortality.
9454,"Illiterate him, I say, quite from your memory."
9486,"Steal! to be sure they may; and, egad, serve your best thoughts as gypsies do stolen children,—disfigure them to make 'em pass for their own."
9508,The throne we honour is the people's choice.
9509,"Illiterate him, I say, quite from your memory."
9535,There are a great many doors open; but a door must be of a man's size or it is not meant for him.
9541,"A man in the right, with God on his side, is in the majority, though he be alone, for God is multitudinous above all populations of the earth."
9545,"It is not well for a man to pray, cream; and live, skim milk."
9547,Doctrine is nothing but the skin of Truth set up and stuffed.
9548,Never forget what a man has said to you when he was angry.
9552,ompassion will cure more sins than condemnation.
9558,"The Bible is like a telescope. If a man looks through his telescope, then he sees worlds beyond; but, if he looks at his telescope, then he does not see anything but that."
9559,"The Bible is God's chart for you to steer by, to keep you from the bottom of the sea, and to show you where the harbor is, and how to reach it without running on rocks or bars."
9585,What means all this?
9587,"The lot assigned to every man is suited to him, and suits him to itself."
9590,"A man should be upright, not kept upright."
9592,Choose what's best.—Best is what benefits me. (Hays translation)
9593,Never esteem anything as of advantage to you that will make you break your word or lose your self-respect.
9608,Choose not to be harmed—and you won't feel harmed. Don't feel harmed—and you haven't been. (Hays translation)
9610,"Whatever happens at all happens as it should; you will find this true, if you watch narrowly."
9629,That which comes after ever conforms to that which has gone before.
9632,So remember this principle when something threatens to cause you pain: the thing itself was no misfortune at all; to endure it and prevail is great good fortune.
9636,The things you think about determine the quality of your mind. Your soul takes on the color of your thoughts. (Hays translation)
9639,Prize that which is best in the universe; and this is that which useth everything and ordereth everything.
9644,"But true good fortune is what you make for yourself. Good fortune: good character, good intentions, and good actions. (Hays translation)"
9699,"He would be the finer gentleman that should leave the world without having tasted of lying or pretence of any sort, or of wantonness or conceit."
9716,"Use these rules then, and trouble thyself about nothing else."
9731,"The man who is honest and good ought to be exactly like a man who smells strong, so that the bystander as soon as he comes near him must smell whether he choose or not."
9733,How much more damage anger and grief do than the things that cause them. (Hays translation)
9747,"A cucumber is bitter. Throw it away. There are briars in the road. Turn aside from them. This is enough. Do not add, ""And why were such things made in the world?"""
9759,"Does the light of a lamp shine and keep its glow until its fuel is spent? Why shouldn't your truth, justice, and self-control shine until you are extinguished?"
9765,"Kaffirs are as a rule uncivilised—the convicts even more so. They are troublesome, very dirty and live almost like animals."
9767,"""The only real, dignified, human doctrine is the greatest good of all, and this can only be achieved by uttermost self-sacrifice."""
9785,Non-cooperation with evil is as much a duty as is cooperation with good.
9792,"An error does not become truth by reason of multiplied propagation, nor does truth become error because nobody sees it. Truth stands, even if there be no public support. It is self sustained."
9795,"Remember that there is always a limit to self-indulgence but none to self-restraint, and let us daily progress in that direction."
9797,"""If an entire nation of 300 millions took to similar economic exploitation, it would strip the world bare like locusts."""
9798,"I have been known as a crank, faddist, madman. Evidently the reputation is well deserved. For wherever I go, I draw to myself cranks, faddists, and madmen."
9799,It is not my purpose to attempt a real autobiography. I simply want to tell the story of my experiments with truth...as my life consists of nothing but those experiments.
9800,"I have no doubt in my mind that vaccination is a filthy process, that it is harmful in the end and that it is little short of taking beef."
9801,"""An unjust law is itself a species of violence. Arrest for its breach is more so."""
9802,"""Civil disobedience becomes a sacred duty when the State becomes lawless or corrupt."
9804,The weak can never forgive. Forgiveness is the attribute of the strong.
9813,"""Truth never damages a cause that is just."""
9825,The man who uses coercion is guilty of deliberate violence. Coercion is inhuman.
9826,"I draw no distinction between error and sin. If a man commits a bona fide mistake and confesses it with a contrite heart before his Maker, the merciful Maker sterilizes it of all harm."
9837,Truth never damages a cause that is just.
9843,"I think I have understood Hinduism correctly when I say that it is eternal, all-embracing and flexible enough to suit all situations."
9852,"If Brahmanism does not revive, Hinduism must perish. I will not like to live in an India which has ceased to be Hindu."
9868,"I am sorry to tell you that I am getting very extravagant, and spending all my money, and, what is worse for you, I have been spending yours too."
9885,It is a truth universally acknowledged that a single man in possession of a good fortune must be in want of a wife.
9891,"One does not love a place the less for having suffered in it, unless it has been all suffering, nothing but suffering."
9901,"it will, I believe, be everywhere found, that as the clergy are, or are not what they ought to be, so are the rest of the nation."
9908,"There are people who the more you do for them, the less they will do for themselves."
9916,"The person, be it gentleman or lady, who has not pleasure in a good novel must be intolerably stupid"
9927,"The uglier a man's legs are, the better he plays golf. It's almost a law."
9960,"The forceps of our minds are clumsy forceps, and crush the truth a little in taking hold of it."
9962,The professional military mind is by necessity an inferior and unimaginative mind; no man of high intellectual quality would willingly imprison his gifts in such a calling.
9964,Our true nationality is mankind.
9979,"It is so difficult – at least, I find it difficult – to understand people who speak the truth."
9984,"""Don't brood too much,"" she wrote to Helen, ""on the superiority of the unseen to the seen. It's true, but to brood on it is mediæval. Our business is not to contrast the two, but to reconcile them."""
10003,A poem is true if it hangs together. Information points to something else. A poem points to nothing but itself.
10018,"I have at last come to the end of the Faerie Queene: and though I say ""at last"", I almost wish he had lived to write six books more as he had hoped to do — so much have I enjoyed it."
10022,"A man, an adult, is precisely what Aeneas] is: Achilles had been little more than a passionate boy."
10026,I think that if God forgives us we must forgive ourselves. Otherwise it is almost like setting up ourselves as a higher tribunal than Him.
10027,"It is Christ Himself, not the Bible, who is the true Word of God. The Bible, read in the right spirit and with the guidance of good teachers, will bring us to Him."
10055,"God whispers to us in our pleasures, speaks in our conscience, but shouts in our pains: it is His megaphone to rouse a deaf world."
10058,"If He who in Himself can lack nothing chooses to need us, it is because we need to be needed."
10076,"'God!' said the Ghost, glancing around the landscape.'God what?' asked the Spirit.'What do you mean, ""God what""?' asked the Ghost.'In our grammar God is a noun' said the Spirit."
10077,There is but one good; that is God. Everything else is good when it looks to Him and bad when it turns from Him.
10084,Perfect humility dispenses with modesty.
10095,It is the stupidest children who are most childish and the stupidest grown-ups who are most grown-up.
10100,"God made us: invented us as a man invents an engine. A car is made to run on petrol, and it would not run properly on anything else. Now God designed the human machine to run on Himself."
10108,"Look for yourself, and you will find in the long run only hatred, loneliness, despair, rage, ruin, and decay. But look for Christ and you will find Him, and with Him everything else thrown in."
10111,"The hardness of God is kinder than the softness of men, and His compulsion is our liberation."
10118,"""'Are the gods not just?' 'Oh no, child. What would become of us if they were?'"""
10120,"We are born helpless. As soon as we are fully conscious we discover loneliness. We need others physically, emotionally, intellectually; we need them if we are to know anything, even ourselves."
10124,"I need Christ, not something that resembles Him."
10127,"""We may ignore, but we can nowhere evade, the presence of God. The world is crowded with Him. He walks everywhere incognito."""
10134,Somebody just back of you while you are fishing is as bad as someone looking over your shoulder while you write a letter to your girl.
10145,When you have shot one bird flying you have shot all birds flying. They are all different and they fly in different ways but the sensation is the same and the last one is as good as the first.
10147,Here is the piece. If you can't say fornicate can you say copulate or if not that can you say co-habit? If not that would have to say consummate I suppose. Use your own good taste and judgment.
10151,For our dead are a part of the earth of Spain now and the earth of Spain can never die.
10152,"As long as all our dead live in the Spanish earth, and they will live as long as the earth lives, no system of tyranny ever will prevail in Spain."
10153,There are events which are so great that if a writer has participated in them his obligation is to write truly rather than assume the presumption of altering them with invention.
10167,Pound's crazy. All poets are.... They have to be. You don't put a poet like Pound in the loony bin. For history's sake we shouldn't keep him there.
10175,Always do sober what you said you'd do drunk. That will teach you to keep your mouth shut!
10179,"This wine is too good for toast-drinking, my dear. You don't want to mix emotions up with a wine like that. You lose the taste."
10187,"About morals, I know only that what is moral is what you feel good after and what is immoral is what you feel bad after."
10188,Remember this too: all bad writers are in love with the epic.
10192,"Honor to a Spaniard, no matter how dishonest, is as real a thing as water, wine, or olive oil. There is honor among pickpockets and honor among whores. It is simply that the standards differ."
10211,"'But are there not many Fascists in your country?' 'There are many who do not know they are Fascists, but will find it out when the time comes'."
10215,There's no one thing that's true. It's all true.
10228,"It is easy when you are beaten, he thought. I never knew how easy it was. And what beat you, he thought. ""Nothing,"" he said aloud. ""I went out too far."""
10233,"The most essential gift for a good writer is a built-in, shock-proof, shit detector. This is the writer's radar and all great writers have had it."
10237,Some people show evil as a great racehorse shows breeding. They have the dignity of a hard chancre.
10246,The way to learn whether a person is trustworthy is to trust him.
10247,All good books have one thing in common — they are truer than if they had really happened.
10249,But don't try to find an untroublesome woman. She will dull out on you. What makes a woman good in bed makes it impossible for her to live alone.
10270,"Though Truth and Falsehood be Near twins, yet Truth a little elder is."
10292,"If they be two, they are two so As stiff twin compasses are two, Thy soul the fixed foot, makes no show To move, but doth, if the other do."
10315,"Full nakedness! All joys are due to thee, As souls unbodied, bodies unclothed must be, To taste whole joys."
10328,"It is too little to call man a little world, except God, man is a diminutive to nothing. Man consists of more pieces, more parts, than the world; than the world doth, nay, than the world is."
10329,"I observe the physician, with the same diligence, as he the disease; I see he fears, and I fear with him..."
10343,"Every war, when it comes, or before it comes, is represented not as a war but as an act of self-defence against a homicidal maniac."
10366,"If I had to make a list of six books which were to be preserved when all others were destroyed, I would certainly put Gulliver's Travels among them."
10369,To see what is in front of one's nose needs a constant struggle.
10373,No one can look back on his schooldays and say with truth that they were altogether unhappy.
10379,"At 50, everyone has the face he deserves."
10385,It is fatal to look hungry. It makes people want to kick you.
10388,"The most bitter insult one can offer to a Londoner is ""bastard"" — which, taken for what it means, is hardly an insult at all."
10403,"After all, it's only what Marx said. Every ideology is a reflection of economic circumstances."
10421,"The outstanding, unmistakable mark of Dickens's writing is the unnecessary detail."
10422,There are occasions when it pays better to fight and be beaten than not to fight at all.
10440,Anyone who knows of a provable instance of colour discrimination ought always to expose it.
10449,"There is no crime, absolutely none, that cannot be condoned when 'our' side commits it."
10455,There can be no Good Will. Will is always Evil; it is persecution to others or selfishness.
10463,True superstition is ignorant honesty & this is beloved of god and man.
10479,That the Jews assumed a right Exclusively to the benefits of God. will be a lasting witness against them. & the same will it be against Christians
10481,"I am not ashamed, afraid, or averse to tell you what Ought to be Told: That I am under the direction of Messengers from Heaven, Daily & Nightly;"
10487,"The reason Milton wrote in fetters when he wrote of Angels and God, and at liberty when of Devils and Hell, is because he was a true poet and of the Devils' party without knowing it."
10499,No bird soars too high if he soars with his own wings.
10504,One thought fills immensity.
10505,"Always be ready to speak your mind, and a base man will avoid you."
10509,You never know what is enough unless you know what is more than enough.
10514,Sooner murder an infant in its cradle than nurse unacted desires.
10522,"If you trap the moment before it's ripe,The tears of repentance you'll certainly wipe;But if once you let the ripe moment goYou can never wipe off the tears of woe."
10527,"Hear the voice of the Bard,Who present, past, and future, sees;Whose ears have heardThe Holy WordThat walked among the ancient trees."
10534,"In every cry of every Man,In every Infant's cry of fear,In every voice, in every ban,The mind-forg'd manacles I hear."
10541,"Cruelty has a human heart,And Jealousy a human face;Terror the human form divine,And Secrecy the human dress."
10545,What is Grand is necessarily obscure to Weak men. That which can be made Explicit to the idiot is not worth my care.
10548,"When nations grow old,the Arts grow cold,And Commerce settles on every tree:And the poor and the oldCan live upon gold,For all are born poor. Aged sixty-three."
10556,He who shall hurt the little wrenShall never be beloved by men.
10558,"Man was made for joy and woe,And when this we rightly knowThrough the world we safely go.Joy and woe are woven fine,A clothing for the soul divine."
10595,Every Harlot was a Virgin once
10596,It is not because Angels are Holier than Men or Devils that makes them Angels but because they do not Expect Holiness from one another but from God only
10610,"And that is a story that no one can beat, When I say that I saw it on Mulberry Street."
10611,"I meant what I said, and I said what I meant An elephant's faithful, One hundred percent."
10615,"""You're going to be roped! And you're going to be caged! And, as for your dust speck – hah! That we shall boil in a hot steaming kettle of Beezle-Nut Oil!"""
10629,"I would not like them here or there. I would not like them anywhere. I do not like green eggs and ham. I do not like them, Sam-I-Am."
10636,you'll miss the best things if you keep your eyes shut
10641,Anyone placed at exactly the same distance between yourself and your enemy will always appear closer to your enemy.
10659,If I have seen further it is by standing on ye sholders of Giants.
10663,"In default of any other proof, the thumb would convince me of the existence of a God."
10664,We account the Scriptures of God to be the most sublime philosophy. I find more sure remarks of authenticity in the Bible than in any profane history whatever.
10681,"Which is ideology? Which not? You shall know them by their assertion of truth, their contempt for considered reflection, and their fear of debate."
10696,"Thank God for gay men. Thank God for gay men, because if it were not for gay men, I would not talk to men at all."
10698,"was such a lesbian. Wasn't she the biggest lesbian? I used to watch that show, like, ""Oh, she gonna fuck Blair!"""
10700,"I slept with a woman on the ship, and afterwards I was thinking, ""Am I gaaaay? Am I straaaaight?"" And then I realized: I'm just slutty. Where's my parade?"
10708,The only thing that was sort of Asian was Hello Kitty. I don't want to model myself after Hello Kitty. She has no mouth.
10709,"I don't wanna be the better person. I don't wanna rise above it. I do wanna sink down to their level. I am not gonna turn the other cheek. ""I'mma gonna show you what cheek I'mma turn, OK!"""
10710,"I got back from Toronto, where they had a severe outbreak of SARS- you know, Severe Asian Racism Syndrome."
10711,"I would rather have a gay child. If you have a gay son, you know he's not gonna be shooting up his high school. That would get in the way of yearbook."
10719,"They need to read the Scriptures; where it says in Matthew, chapter 4, verse 17, it says: ""Shut the fuck up."" That's the King James version, by the way."
10724,The terrible thing about invisibility is the lengths we will go to be seen.
10725,"This land is your land, but this land isn't my land - that is what so many of us thought. This 2nd class citizenship has sunk in so deeply that we have barely an awareness of it."
10737,"Whenever I get hate mail, the verbal assault is always racial."
10738,Racism is a cancer that is unstoppable if left unchecked.
10741,"We are a nation divided which is obvious. The problem is, the division is keeping this monarchy in place."
10772,If we don't talk about this epidemic we are going to die.
10773,"If you are not a feminist, you do not deserve to live. Do you think you grew out of the ground?"
10775,Feminism is nonnegotiable.
10780,Since the unfortunate victims pay for the pleasure themselves these are HIGH CRIMES that will go UNPUNISHED because they are self-inflicted.
10786,"The story of the Narmada valley is nothing less than the story of Modern India. Like the tiger in the Belgrade zoo during the NATO bombing, we've begun to eat our own limbs."
10787,Kashmir has never been an integral part of India. It is a historical fact. Even the Indian government has accepted this.
10799,Remember this: We be many and they be few. They need us more than we need them.
10803,she had learned from experience that Need was a warehouse that could accommodate a considerable amount of cruelty. (p10)
10823,"Wars are...usually fought for hegemony, for business. And then of course there's the business of war..."
10840,"While discussing the merits of djbdns over BIND (2004): Niek: ""Bind people don't ack djb points and vice versa."" Paul Vixie: i don't ack djb's existence, not merely his 'points.'"
10872,"So it is that you come to know what a real God is. … The God wants my life. He wants to go with me, sit at the table with me, work with me. Above all he wants to be ever-present."
10900,"Tell me you stones, O speak, you towering palaces!Streets, say a word! Spirit of this place, are you dumb?All things are alive in your sacred wallsEternal Rome, it's only for me all is still."
10904,"Doesn't surprise me that Christ our Lord preferred to live with whores& sinners, seeing I go in for that myself."
10915,"Once a man's thirty, he's already old,He is indeed as good as dead.It's best to kill him right away."
10918,"The deed is everything, the glory nothing."
10919,"I know a little of navigation: / War, trade, and piracy, allow, / As three in one, no separation."
10924,The first and last thing demanded of genius is love of truth.
10932,"A mathematician is only perfect insofar as he is a perfect man, sensitive to the beauty of truth."
10937,"In order to know about the illnesses of society, you have to know what men are suffering from, how they suffer."
10946,The interests of the IMF represent the big international interests that today seem to be established and concentrated in Wall Street.
10947,"What is our ideology? If l were asked whether our revolution is Communist, I would define it as Marxist. Our revolution has discovered by its methods the paths that Marx pointed out."
10959,Much more definitive and much more lasting than all the gold that one can accumulate is the gratitude of a people.
10960,"Our enemy, and the enemy of all America, is the monopolistic government of the United States of America."
10967,Assaults and terrorism in indiscriminate form should not be employed.
10968,"""Know yourself and your adversary and you will be able to fight a hundred battles without a single disaster."" This Chinese aphorism is as valuable for guerrilla warfare as a biblical psalm."
10978,"Violence is not the monopoly of the exploiters and as such the exploited can use it too and, moreover, ought to use it when the moment arrives."
10979,"The dictatorship tries to function without resorting to force so we must try to oblige it to do so, thereby unmasking its true nature as the dictatorship of the reactionary social classes."
10982,The International Monetary Fund is the watchdog of the dollar in the capitalist camp.
10988,"As long as imperialism exists it will, by definition, exert its domination over other countries. Today that domination is called neocolonialism."
10989,"Arms cannot be commodities in our world. They must be delivered to the peoples asking for them to use against the common enemy, with no charge and in the quantities needed and available."
11004,"My Marxism has taken root and become purified. I believe in armed struggle as the only solution for those peoples who fight to free themselves, and I am consistent with my beliefs."
11023,The vast ineptitude of his pretense would be a convincing proof that this was no fraud.
11047,"The fact is that poetry is not the books in the library . . . Poetry is the encounter of the reader with the book, the discovery of the book."
11074,"The truth is that we live out our lives putting off all that can be put off; perhaps we all know deep down that we are immortal and that, sooner or later, all men will do and know all things."
11091,"Every man is his own doctor of divinity, in the last resort."
11108,"Already an old man, he ventured on his Highland tour; and his heart, bound with triple brass, did not recoil before twenty-seven individual cups of tea."
11111,"It is better to lose health like a spendthrift than to waste it like a miser. It is better to live and be done with it, than to die daily in the sick-room."
11150,"You can't touch pitch and not be mucked, lad."
11155,"A child should always say what's trueAnd speak when he is spoken to,And behave mannerly at table;At least as far as he is able."
11161,"Each side, in these sort of civil broils, takes the name of honesty for its own."
11165,"Of all my verse, like not a single line;But like my title, for it is not mine.That title from a better man I stole:Ah, how much better, had I stol'n the whole!"
11177,"All human beings, as we meet them, are commingled out of good and evil."
11179,"Let anyone speak long enough, he will get believers."
11185,"When we take our advantage unrelentingly, then we make war."
11196,"God, if this were enough,That I see things bare to the buff."
11201,The commonplaces are the great poetic truths.
11211,"Injustice in this world is not something comparative; the wrong is deep, clear, and absolute in each private fate."
11224,Perhaps the only true dignity of man is his capacity to despise himself.
11227,To covet truth is a very distinguished passion.
11235,"The truth is cruel, but it can be loved, and it makes free those who have loved it."
11244,"My atheism, like that of Spinoza, is true piety towards the universe and denies only gods fashioned by men in their own image, to be servants of their human interests."
11250,"The soul, too, has her virginity and must bleed a little before bearing fruit."
11258,There is nothing impossible in the existence of the supernatural: its existence seems to me decidedly probable.
11280,It is a true saying that a man must eat a peck of salt with his friend before he knows him.
11300,"I tell thee, that is Mambrino's helmet."
11305,"After meat comes mustard; or, like money to a starving man at sea, when there are no victuals to be bought with it."
11311,Those who'll play with cats must expect to be scratched.
11314,"I know what's what, and have always taken care of the main chance."
11317,Within a stone's throw of it.
11325,My lady can guess what I would do in the wet if I do all this in the dry.
11336,"I must speak the truth, and nothing but the truth."
11340,"I can tell where my own shoe pinches me; and you must not think, sir, to catch old birds with chaff."
11341,I never saw a more dreadful battle in my born days.
11344,I will take my corporal oath on it.
11345,The proof of the pudding is in the eating.
11347,"It is past all controversy that what costs dearest is, and ought to be, most valued."
11353,"History is in a manner a sacred thing, so far as it contains truth; for where truth is, the supreme Father of it may also be said to be, at least, inasmuch as concerns truth."
11357,The best sauce in the world is hunger.
11360,A little in one's own pocket is better than much in another man's purse. 'Tis good to keep a nest egg. Every little makes a mickle.
11372,A private sin is not so prejudicial in this world as a public indecency.
11377,The proof of the pudding is the eating.
11394,An honest man's word is as good as his bond.
11396,An honest man's word is as good as his bond.
11404,"What a man has, so much he's sure of."
11410,You cannot eat your cake and have your cake; 48 and store 's no sore.
11412,"What a man has, so much he is sure of."
11417,"When thou art at Rome, do as they do at Rome."
11438,"Every peasant has a lawyer inside of him, just as every lawyer, no matter how urbane he may be, carries a peasant within himself."
11452,"For the truth is that our doctrines are usually only the justification a posteriori of our conduct, or else they are our way of trying to explain that conduct to ourselves."
11474,"A nation's strength ultimately consists in what it can do on its own, and not in what it can borrow from others."
11486,"And don't tell me there isn't one bit of difference between null and space, because that's exactly how much difference there is."
11488,"Besides, REAL computers have a rename() system call."
11498,"It's documented in The Book, somewhere..."
11523,Perl itself is usually pretty good about telling you what you shouldn't do.
11534,"&gt; (It's sorta like sed, but not. It's sorta like awk, but not. etc.)Guilty as charged. Perl is happily ugly, and happily derivative."
11550,"As usual, I'm overstating the case to knock a few neurons loose, but the truth is usually somewhere in the muddle, uh, middle."
11568,"No prisoner's dilemma here. Over the long term, symbiosis is more useful than parasitism. More fun, too. Ask any mitochondria."
11570,You can prove anything by mentioning another computer language.
11582,The following two statements are usually both true: There's not enough documentation. There's too much documentation.
11603,"I was about to say, 'Avoid fame like the plague,' but you know, they can cure the plague with penicillin these days."
11631,"Wow, I'm being shot at from both sides. That means I *must* be right."
11675,"I've always maintained a cordial dislike for indent, because it's usuallyright."
11677,"The way I see it, if you declare something portable, you'll always be wrong, and if you declare it non-portable, you'll always be right."
11692,Psychotics are consistently inconsistent. The essence of sanity is to be inconsistently inconsistent.
11731,You can't have filenames longer than 14 chars. You can't even think about them!
11773,The end of the republic is to enervate and to weaken all other bodies so as to increase its own body.
11776,"I believe that it is possible for one to praise, without concern, any man after he is dead since every reason and supervision for adulation is lacking."
11778,"I believe in the brotherhood of all men, but I don't believe in wasting brotherhood on anyone who doesn't want to practice it with me. Brotherhood is a two-way street."
11782,"If you're black, you were born in jail. If you're black, you were born in jail, in the North as well as the South. Stop talking about the South. Long as you south of the Canadian border, you're south."
11787,"You trust them (white Americans), and I don't. You studied what he wanted you to learn about him in schools. I studied him in the streets and in prison, where you see the truth."
11797,Concerning non-violence: it is criminal to teach a man not to defend himself when he is the constant victim of brutal attacks.
11800,It's impossible for a white person to believe in capitalism and not believe in racism. You can't have capitalism without racism.
11801,Power never takes a back step — only in the face of more power.
11802,"Sitting at the table doesn't make you a diner, unless you eat some of what's on that plate. Being here in America doesn't make you an American. Being born here in America doesn't make you an American."
11820,The imagination may be compared to Adam's dream — he awoke and found it truth.
11852,&nbsp;&nbsp;&nbsp;&nbsp;&nbsp;&nbsp;&nbsp;&nbsp; A drainless showerOf light is poesy; 'tis the supreme of power;'Tis might half slumb'ring on its own right arm.
11868,That large utterance of the early gods!
11870,"Now comes the pain of truth, to whom 'tis pain; O folly! for to bear all naked truths, And to envisage circumstance, all calm, That is the top of sovereignty Mark well."
11917,I need one of those baby-monitors for my subconscious to my consciousness so I can know what the hell I'm really thinking about.
11919,"It's a good thing a lot of people speak foreign languages, otherwise those people would have no one to talk to."
11920,They say you're not supposed to put metal in a microwave oven... They're right.
11924,"I'm addicted to placebos. I could quit, but it wouldn't matter."
11926,"I'd rather be in Las Vegas 104 degrees than New York 90 degrees, you know why? Legalized prostitution. In any weather that takes the edge off."
11927,"Living with kids is like living in a frat house... everything's broken, nobody sleeps, and there's alot of throwing up"
11948,"To eat well in England, you should have a breakfast three times a day."
11978,"I did not then know the besetting sin of woman, the passion to discuss her private affairs with anyone who is willing to listen."
11990,"""A woman can forgive a man for the harm he does her,"" he said, ""but she can never forgive him for the sacrifices he makes on her account."""
11996,Men are always the same. Fear makes them cruel.
12000,...you know what the critics are. If you tell the truth they only say you're cynical and it does an author no good to get a reputation for cynicism.
12023,"There is no explanation for evil. It must be looked upon as a necessary part of the order of the universe. To ignore it is childish, to bewail it senseless."
12040,Passion doesn't count the cost. ... Passion is destructive.
12047,"Anyone can tell the truth, but only very few of us can make epigrams."
12048,The more intelligent a man is the more capable is he of suffering.
12052,What mean and cruel things men can do for the love of God.
12054,"She plunged into a sea of platitudes, and with the powerful breast stroke of a channel swimmer made her confident way towards the white cliffs of the obvious."
12065,"I held my breath, for to me there is nothing more awe-inspiring than when a man discovers to you the nakedness of his soul."
12066,I have always been convinced that if a woman once made up her mind to marry a man nothing but instant flight could save him.
12074,"You know that the Tasmanians, who never committed adultery, are now extinct."
12076,"The most important truth which has ever been uttered, and the greatest discovery ever made in the moral world."
12127,The true index of a man's character is the health of his wife.
12143,"It's a fact the whole world knows,That Pebbles are happier without their toes."
12150,A football team is like a piano. You need eight men to carry it and three who can play the damn thing.
12162,"If you act externally with men in conformity with your rank, you should recognize, by a more secret but truer thought, that you have nothing naturally superior to them."
12173,These eight rules contain all the precepts for solid and immutable proofs.
12194,"The road to tyranny, we must never forget, begins with the destruction of the truth."
12206,"People like you always help the far-right, because you like to hurt people, and you like to talk about how bad people are and all their personal failings."
12229,"The pursuit of truth, properly considered, shouldn't stop short of insanity."
12257,Strength without agility is a mere mass.
12277,For I am the size of what I see not my height's size.
12282,"Everyone has his vanity, and each one's vanity is his forgetting that there are others with an equal soul."
12331,My homeland is the portuguese language.
12337,"It's certain that, when hearing from any of those people the story of their sexual marathons, a vague suspicion pervades us, at about the seventh deflowering."
12339,"If you cannot live alone, you were born a slave."
12341,"We adore perfection because we can't have it; it would disgust us if we had it. Perfect is inhuman, because human is imperfect."
12342,For valuing your own suffering sets on it the gold of a sun of pride. Suffering a lot can originate the illusion of being the Chosen of Pain.
12371,In any spirit that isn't deformed there is the belief in God. In any spirit that is not deformed there isn't the belief in a particular God.
12372,I'm a man for whom the outside world is an inner reality.
12374,"To have defined and sure opinions, fixed and known instincts, passions and character — all that is the horror of turning our soul into a fact, materialize it and make it external."
12376,"Since I wasn't able to leave a succession of beautiful lies, I want to leave the smidgen of truth that the falsehood of everything lets us suppose we can tell."
12377,"These pages are not my confession; they're my definition. And I feel, as I begin to write it, that I can write it with some semblance of truth."
12382,"You can talk film theory till you're blue in the face, but in the end, the thing that may haunt you most about a movie is a pair of eyes."
12384,"Cameron manhandles the real story, scavenging it for his own puny narrative purposes. It's a film made with boorish confidence and zero sensitivity, big and dumb and hulking."
12386,"It's a movie barely fit for a cretin, much less a King. ... If you hear a door slam in the theater, you'll know that Elvis has left the building -- in disgust."
12391,"While 9 Songs is sexually explicit in the basic sense, its directness is what's most fascinating, and ultimately most moving, about it."
12401,The truth is that there is no terror untempered by some great moral idea.
12404,Photography is truth. The cinema is truth twenty-four times per second.
12412,That's all Hymie wants to talk about is Israel. Every time you go to Hymietown that's all they want to talk about.
12417,"The way they're treating my people in the South, the government can go to hell."
12421,An honest man nearly always thinks justly.
12445,"True confessions are written with tears only. But my tears would drown the world, as my inner fire would reduce it to ashes."
12465,"The fear of your own solitude, of its vast surface and its infinity... Remorse is the voice of solitude. And what does this whispering voice say? Everything in us that is not human anymore."
12469,Detachment from the world as an attachment to the ego... Who can realize the detachment in which you are as far away from yourself as you are from the world?
12470,Only thoughts that are randomly born die. The other thoughts we carry with us without knowing them. They have abandoned themselves to forgetfulness so that they can be with us all the time.
12478,Music is everything. God himself is nothing more than an acoustic hallucination.
12482,Good health is the best weapon against religion. Healthy bodies and healthy minds have never been shaken by religious fears.
12485,"The initial revelation of any monastery: everything is nothing. Thus begin all mysticisms. It is less than one step from nothing to God, for God is the positive expression of nothingness."
12487,"A harmonious being cannot believe in God. Saints, criminals, and paupers have launched him, making him available to all unhappy people."
12505,"The true hero fights and dies in the name of his destiny, and not in the name of a belief."
12507,"His power to adore is responsible for all his crimes: a man who loves a god unduly forces other men to love his god, eager to exterminate them if they refuse."
12515,"His power to adore is responsible for all his crimes: a man who loves a god unduly forces other men to love his god, eager to exterminate them if they refuse."
12524,"Each of us is born with a share of purity, predestined to be corrupted by our commerce with mankind, by that sin against solitude."
12526,Anyone who speaks in the name of others is always an impostor.
12530,By all evidence we are in the world to do nothing.
12533,Nothing proves that we are more than nothing.
12537,Truths begin by a conflict with the police — and end by calling them in.
12548,Nothing is indefensible — from the absurdest proposition to the most monstrous crime.
12554,"If there is anyone who owes everything to Bach, it is certainly God."
12555,"The aphorism is cultivated only by those who have known fear in the midst of words, that fear of collapsing with all the words."
12571,"Sooner or later, each desire must encounter its lassitude: its truth . . ."
12575,"If just once you were depressed for no reason, you have been so all your life without knowing."
12579,"Without God, everything is nothingness; and with God? Supreme nothingness."
12608,What every man who loves his country hopes for in his inmost heart: the suppression of half his compatriots.
12612,"It is an understatement to say that in this society injustices abound: in truth, it is itself the quintessence of injustice."
12633,Crime in full glory consolidates authority by the sacred fear it inspires.
12654,"Suicide is a sudden accomplishment, a lightning-like deliverance: it is nirvana by violence."
12661,Only those moments count when the desire to remain by yourself is so powerful that you'd prefer to blow your brains out than to exchange a word with someone.
12677,Speech and silence. We feel safer with a madman who talks than with one who cannot open his mouth.
12701,"He detested objective truths, the burden of argument, sustained reasoning. He disliked demonstrating, he wanted to convince no one. Others are a dialectician's invention."
12722,"Everything turns on pain; the rest is accessory, even nonexistent, for we remember only what hurts. Painful sensations being the only real ones, it is virtually useless to experience others."
12746,"The poor, by thinking unceasingly of money, reach the point of losing the spiritual advantages of non-possession, thereby sinking as low as the rich."
12759,God is what survives the evidence that nothing deserves to be thought.
12761,"My mission is to suffer for all those who suffer without knowing it. I must pay for them, expiate their unconsciousness, their luck to be ignorant of how unhappy they are."
12764,"Erosion of our being by our infirmities: the resulting void is filled by the presence of consciousness, what am I saying? — that void is consciousness itself."
12765,There is no false sensation.
12767,"We must suffer to the end, to the moment when we stop believing in suffering."
12771,A self-respecting man is a man without a country. A fatherland is birdlime...
12780,"""Neither this world, nor the next, nor happiness are for the being abandoned to doubt."" — This point in the Gita is my death sentence."
12781,I want to proclaim a truth that would forever exile me from among the living. I know only the conditions but not the words that would allow me to formulate it.
12802,"Even more than in a poem, it is the aphorism that the word is god."
12810,"When we know what words are worth, the amazing thing is that we try to say anything at all, and that we manage to do so. This requires, it is true, a supernatural nerve."
12840,There is always someone above you: beyond God Himself rises Nothingness.
12844,Who does not believe in Fate proves that he has not lived.
12857,"Never unreal, Pain is a challenge to the universal fiction. What luck to be the only sensation granted a content, if not a meaning!"
12863,"By virtue of depression, we recall those misdeeds we buried in the depths of our memory. Depression exhumes our shames."
12871,"Eh! sire, that is the fate of truth; she is a stern companion; she bristles all over with steel; she wounds those whom she attacks, and sometimes him who speaks her."
12889,I am a lesbian trapped in a man's body.
12899,"If you're going up for a Hollywood film, you'd better stay in boy mode because producers don't have wild imaginations."
12903,"Scrabble was invented by Nazis to piss off kids with dyslexia. This is true, they proved this one. The word dyslexia was invented by Nazis to piss off kids with dyslexia."
12911,Relationships with me are tricky. You've got to be a woman who's very self-confident about your own sexuality to go out with me.
12919,"Well, between Scotch and nothin', I suppose I'd take Scotch. It's the nearest thing to good moonshine I can find."
12922,"Once a bitch always a bitch, what I say."
12923,"When people act like niggers, no matter who they are, the only thing to do is treat them like a nigger."
12927,"Women do have an affinity for evil, for believing that no woman is to be trusted, but that some men are too innocent to protect themselves."
12937,"Even a liar can be scared into telling the truth, same as an honest man can be tortured into telling a lie."
12943,Tell about the South. What's it like there. What do they do there. Why do they live there. Why do they live at all.
12957,"... between what did happen and what ought to happened, I dont never have trouble picking ought."
12959,"... girls, women, are not interested in romance but only facts."
12960,Because as a rule women dont really care about facts just so they fit; it's just men that dont give a damn whether they fit or not.
12965,"Don Quixote — I read that every year, as some do the Bible."
12969,"No man is himself, he is the sum of his past. There is no such thing really as was because the past is. It is a part of every man, every woman, and every moment."
12972,"Were a man to live as long as Methuselah, and to spend all his days in the highest delights sin can offer, one hour of the anguish and tribulation that must follow, would far outweigh them."
12984,"Those who will not be counselled, cannot be helped. More souls are ruined by pride than by any other sin whatever."
12995,"Whatever we have, the property of it is God's; we have only the use of it, according to the direction of our great Lord, and for his honour."
12999,"It is not fit the public trusts should be lodged in the hands of any, till they are first proved and found fit for the business they are to be entrusted with."
13002,"Extraordinary afflictions are not always the punishment of extraordinary sins, but sometimes the trial of extraordinary graces."
13024,"No man is born unto himself alone;Who lives unto himself, he lives to none."
13049,"God has two dwellings — one in heaven, and the other in a meek and thankful heart."
13069,"Look to your health; and if you have it, praise God, and value it next to a good conscience; for health is the second blessing that we mortals are capable of; a blessing that money cannot buy."
13098,One can say everything best over a meal.
13103,"There's no pleasure i' living if you're to be corked up for ever, and only dribble your mind out by the sly, like a leaky barrel."
13105,Men's lives are as thoroughly blended with each other as the air they breathe: evil spreads as necessarily as disease.
13107,"You told me the truth when you said to me once, ""There's a sort of wrong that can never be made up for""."
13110,"Howiver, I'm not denyin' the women are foolish: God Almighty made 'em to match the men."
13116,"I've never any pity for conceited people, because I think they carry their comfort about with them."
13129,Jealousy is never satisfied with anything short of an omniscience that would detect the subtlest fold of the heart.
13144,"Tito was experiencing that inexorable law of human souls, that we prepare ourselves for sudden deeds by the reiterated choice of good or evil that gradually determines character."
13165,What loneliness is more lonely than distrust?
13198,"And this the burden of his song Forever used to be,—I care for nobody, no, not I, If no one cares for me."
13215,"Lower a bucket into a well of self-deception, and what comes up must be immortal truth, mustn't it?"
13231,"What would become of history, had we not a dependence on the veracity of the historian, according to the experience, what we have had of mankind?"
13234,"Though experience be our only guide in reasoning concerning matters of fact; it must be acknowledged, that this guide is not altogether infallible, but in some cases is apt to lead us into errors."
13245,But Shakespeare's magic could not copied be;Within that circle none durst walk but he.
13251,Above any Greek or Roman name.
13256,"Our vows are heard betimes! and Heaven takes careTo grant, before we can conclude the prayer:Preventing angels met it half the way,And sent us back to praise, who came to pray."
13277,Forgiveness to the injured does belong;But they ne'er pardon who have done the wrong.
13310,All empire is no more than power in trust.
13313,"Not only hating David, but the king."
13323,"A man is to be cheated into passion, but to be reasoned into truth."
13331,For truth has such a face and such a mienAs to be loved needs only to be seen.
13341,"T' abhor the makers, and their laws approve,Is to hate traitors and the treason love."
13342,Secret guilt by silence is betrayed.
13345,"I am reading Jonson's verses to the memory of Shakespeare; an insolent, sparing, and invidious panegyric."
13351,The true Amphitryon is the Amphitryon where we dine.
13358,Drinking is the soldier's pleasure;Rich the treasure;Sweet the pleasure;Sweet is pleasure after pain.
13377,"It is sufficient to say, according to the proverb, that here is God's plenty."
13385,"The sword within the scabbard keep,And let mankind agree."
13397,"Our green youth copies what grey sinners act,When age commends the fact."
13478,"Apollo check'd my pride, and bade me feedMy fatt'ning flocks, nor dare beyond the reed."
13516,"Dare to be great without a guilty crown;View it, and lay the bright temptation down:'Tis base to seize on all."
13521,"Thus, born alike, from virtue first beganThe diffrence that distinguish'd man from man:He claim'd no title from descent of blood;But that which made him noble, made him good."
13527,"From a mean stock the pious Decii came;Yet such their virtues, that their loss aloneFor Rome and all our regions did atone."
13548,"&nbsp;&nbsp; He, full of fraudful arts,This well-invented tale for truth imparts."
13552,"Such sullen planets at my birth did shine,They threaten every fortune mixt with mine."
13558,"Great Fletcher never treads in buskins here,Nor greater Jonson dares in socks appear."
13565,"Lucan, content with praise, may lie at easeIn costly grots and marble palaces;But to poor Bassus what avails a name,To starve on compliments and empty fame?"
13585,The bard that first adorn'd our native tongueTuned to his British lyre this ancient song.
13601,"But more have been by avarice opprest,And heaps of money crowded in the chest."
13605,For he who covets gain in such excessDoes by dumb signs himself as much expressAs if in words at length he show'd his mind.
13606,The base wretch who hoards up all he canIs praised and call'd a careful thrifty man.
13607,"For should you to extortion be inclined,Your cruel guilt will little booty find."
13610,"From hence the greatest part of ills descend,When lust of getting more will have no end."
13699,"Then rose those deadlier sounds that tellWhen foes meet hand to hand,— The shout, the yell, the iron clangOf meeting spear and brand."
13739,She sleeps!—so sleeps the wretch beside the stake:She sleeps!—how dreadful from such sleep to wake!
13749,I am a woman:—tell me not of fame.
13786,"In sad truth, half our forebodings of our neighbours are but our own wishes, which we are ashamed to utter in any other form."
13787,"How often will the lip frame some indifferent question, when the heart is full of the most important!"
13797,I rather disdained than coveted the luxuries I saw : alas ! we desire riches more for others than ourselves.
13805,"There is no denying the fact, that in all sudden emergencies a woman has ten times the presence of mind, or, to use the common expression, her wits more about her than a man."
13822,"—the unpunished crime is never regretted. We weep over the consequence, not over the fault."
13834,"The past is the poet's,—that world is his own;Thence hath his music its truth and its tone.He calls up the shadows of ages long fled,And light, as life lovely, illumines the dead."
13876,"Sympathy is the surest destruction of selfishness. Children, like the grown person, grow the better for participation in the sufferings where their own only share is pity."
13897,"Ah, deeply the Minstrel has felt all he sings,Every passion he paints his own bosom has known ;No note of wild music is swept from the strings,But first his own feelings have echoed the tone."
13903,A man above thirty cannot enter into the wild visions of an enthusiastic girl.
13932,"But as old tradition tells,There are other, deeper, spellsIn the lone and mystic wells —Spells of strange wild auguryFew have had the heart to try. —"
13989,We deny that poetry is fiction; its merit and its power lie alike in its truth:
14017,": Yes, I have killed her at last. They thought I did not know her, but I did. She took away my father's heart from me, and would have taken away my husband's; but I have killed her at last."
14022,No one can deny—no one would think of denying—the vast benefit which literature has conferred on mankind; and with what ingratitude has it ever been received!
14051,How much of the full heart must beA seal'd book at whose contents we tremble ?
14072,"I wrote my name upon the sand;I thought I wrote it on thine heart.I had no touch of fear, that words,Such words, so graven, could depart."
14090,"It is not him, not the bold enemyThat rushes fiercely on the healthful breast.For such I have no fear. 'Tis this dull jailThat makes the hero and the coward one !"
14122,Maidens hearts are always soft:Would that men's were truer!
14127,"Truth, crushed to earth, shall rise again;The eternal years of God are hers;But Error, wounded, writhes with pain,And dies among his worshippers."
14137,"I trow that countenance cannot lie, Whose thoughts are legible in the eie."
14178,"As when in Cymbrian plaine An heard of bulles, whom kindly rage doth sting, Doe for the milky mothers want complaine, And fill the fieldes with troublous bellowing."
14191,"Dan Chaucer, well of English undefyled, On Fames eternall beadroll worthie to be fyled."
14221,The tyranny of Mrs. Grundy is worse than any other tyranny we suffer under.
14223,"Music must take rank as the highest of the fine arts — as the one which, more than any other, ministers to human welfare."
14224,"We too often forget that not only is there ""a soul of goodness in things evil,"" but very generally also, a soul of truth in things erroneous."
14229,"We have unmistakable proof that throughout all past time, there has been a ceaseless devouring of the weak by the strong."
14242,"When men hire themselves out to shoot other men to order, asking nothing about the justice of their cause, I don't care if they are shot themselves."
14272,"You can't kill the Rooster. You might can fuck him up a little sometimes, but you can't kill him."
14275,"""Cut corners and it'll always come back to bite you in the ass."" That was one of her sayings."
14305,"Don't use strong drink, — pray let me advise, — It 's bad for the stomach, and ruins the eyes;"
14307,"""God bless the man who first invented sleep!""So Sancho Panza said, and so say I."
14322,"For God's sake (I never was more serious), don't make me ridiculous any more by terming me gentle-hearted in print."
14358,"The human species, according to the best theory I can form of it, is composed of two distinct races, the men who borrow and the men who lend."
14376,How sickness enlarges the dimensions of a man's self to himself! he is his own exclusive object. Supreme selfishness is inculcated upon him as his only duty.
14377,"Your absence of mind we have borne, till your presence of body came to be called in question by it."
14390,"He is dreadfully married. ""He's the most married man I ever saw in my life."""
14400,"When debtors once have borrowed all we have to lend, they are very apt to grow shy of their creditors' company."
14415,"Dare to be true. Nothing can need a lie:A fault, which needs it most, grows two thereby."
14421,Man is God's image; but a poor man isChrist's stamp to boot: both images regard.
14432,"But if there be an hereafter,And that there is, conscience, uninfluenc'dAnd suffer'd to speak out, tells every man,Then must it be an awful thing to die;More horrid yet to die by one's own hand."
14449,The real trouble with liars was that there could never be any guarantee against their occasionally telling the truth.
14458,There isn't another other sex.
14461,Nothing divided people more deeply than how they felt about cats.
14468,"It isn't class differences that keep people apart, it's thinking they bloody matter."
14473,It's not a model if it's full-size. It's a ice-breaker!
14474,Men do not know how to appreciate or measure luck except that of others. Their own never.
14478,"Fascism rewarded jackasses in uniform. Democracy gives privileges to those in sports' gear. In Italy, political regimes come to pass. Jackasses remain. Triumphant."
14485,Depression is a democratic sickness: it afflicts everyone.
14491,Pertini has interpreted as their best the worst about Italians.
14498,"He that hath eaten a bear-pie, will always smell of the garden."
14513,"The wealth of a churchman God gives it, and the Devil takes it away."
14514,Appetite is better than surfeit.
14535,"Envy is of all others the most ungratifying and disconsolate passion. There is power for ambition, pleasure for luxury, and pelf even for covetousness; but envy gets no reward but yexation."
14539,"Idleness is an inlet to disorder, and makes way for licentiousness. People that have nothing to do are quickly tired of their own company."
14544,"A poet's mind should be clear and unsullied; and the muses being virgins, their performances should agree with their condition."
14555,"He speaks Bear-garden. That is, such rude and uncivil, or sordid and dirty language, as the rabble that frequent those sports, are wont to use."
14557,Prate us but prade; it's money buys landMoney begets money.
14565,"Thus, as it is always darkest just before the day dawneth, so God useth to visit His servants with greatest afflictions when he intendeth their speedy advancement."
14570,"Many favors which God giveth us ravel out for want of hemming, through our own unthankfulness; for though prayer purchaseth blessings, giving praise doth keep the quiet possession of them."
14577,"But our captain counts the image of God — nevertheless his image — cut in ebony as if done in ivory, and in the blackest Moors he sees the representation of the King of Heaven."
14595,"""So computers are tools of the devil?"" thought Newt. He had no problem believing it. Computers had to be the tools of somebody, and all he knew for certain was that it definitely wasn't him."
14600,"Do not be jealous of your sister. Know that diamonds and rosesare as uncomfortable when they tumble from one's lips as toads and frogs:colder, too, and sharper, and they cut."
14609,"Honestly, if you're given the choice between Armageddon or tea, you don't say ""what kind of tea?"""
14624,"Fairy tales are more than true: not because they tell us that dragons exist, but because they tell us that dragons can be beaten."
14641,"New Orleans is a real place, which is more than I can say about most of the cities I've lived in, but it's not a safe place, not a friendly one."
14643,The average daytime speed of a vehicle through the streets of central London has not changed in four hundred years. It's still under ten miles an hour.
14670,There's no Hell to spite the sinners.There's no Heaven for the blessed. God is not what you imagine.
14690,"An intelligent, energetic, educated woman cannot be kept in four walls — even satin-lined, diamond-studded walls — without discovering sooner or later that they are still a prison cell."
14692,Men and women should own the world as a mutual possession.
14696,"What is a neglected child? He is a child not planned for, not wanted. Neglect begins, therefore, before he is born."
14737,".I have done well to come here first of all that by seeing the actual truth about the life of the various madmen and lunatics in this menagerie I am losing the vague dread, the fear of the thing."
14766,Literary people of the opposite sex do not really love each other. All they really desire is to read their manuscript aloud to a receptive listener.
14770,"Good people are only half as good, and bad people only half as bad, as other people regard them."
14773,"""Should we have an Eleventh Commandment?"" asked a youth of the Greatest Living Actress. ""Most assuredly, no - we have ten too many now!"" answered the divine Sara."
14792,"The newspapers print what the people want, and thus does the savage still swing his club and flourish his spear."
14795,"When you see a tomcat with his whiskers full of feathers, do not say ""Canary!"" — he'll take offense."
14809,Woman's inaptitude for reasoning has not prevented her from arriving at truth; nor has man's ability to reason prevented him from floundering in absurdity.
14815,"My voice had a long, nonstop career. It deserves to be put to bed with quiet and dignity, not yanked out every once in a while to see if it can still do what it used to do. It can't."
14825,You can't hold a man down without staying down with him.
14844,"If you haven't got it, you can't show it. If you have got it, you can't hide it."
14866,"I said it was up to the citizens of Pennsylvania, but I will tell you all this — if I lived in Pennsylvania, I would've already cast my vote for John Fetterman, for many reasons"
14875,Absolute dominion of a powerful people by a minority always produces national aggression.
14881,I have the hatred of apartheid in my bones...
14919,"I thought with a shudder of what Old Castro had told Legrasse about the Old Ones; ""They had come from the stars, and had brought Their images with Them."""
14926,"I am Providence, and Providence is myself—together, indissolubly as one, we stand thro' the ages; a fixt monument set aeternally in the shadow of Durfee's ice-clad peak!"
14937,"If I could dwellWhere IsrafelHath dwelt, and he where I,He might not sing so wildly wellA mortal melody,While a bolder note than this might swellFrom my lyre within the sky."
14949,To observe attentively is to remember distinctly.
14951,"While the angels, all pallid and wan,Uprising, unveiling, affirmThat the play is the tragedy, ""Man"",And its hero the Conqueror Worm."
14952,"Man is an animal that diddles, and there is no animal that diddles but man."
14957,"Depend upon it, after all, Thomas, Literature is the most noble of professions. In fact, it is about the only one fit for a man. For my own part, there is no seducing me from the path."
14972,Words have no power to impress the mind without the exquisite horror of their reality.
14975,"TRUE! — nervous — very, very dreadfully nervous I had been and am; but why will you say that I am mad?"
14976,"""Villains!"" I shrieked, ""dissemble no more! I admit the deed! — tear up the planks! — here, here! — it is the beating of his hideous heart!"""
14978,"If you wish to forget anything on the spot, make a note that this thing is to be remembered."
14990,"""Doubtless,"" said I, ""what it utters is its only stock and store,Caught from some unhappy master whom unmerciful DisasterFollowed fast and followed faster till his songs one burden bore."
15008,"Though the Camomill, the more it is trodden and pressed downe the more it spreadeth."
15019,"Is it not true which Seneca reporteth, that as too much bending breaketh the bowe, so too much remission spoyleth the minde?"
15042,"Justice is the end of Government. It is the end of civil society. It ever has been, and ever will be pursued, until it be obtained, or until liberty be lost in the pursuit."
15043,"I SHALL here, perhaps, be reminded of a current observation, ""that where annual elections end, tyranny begins."
15046,The truth is that all men having power ought to be mistrusted.
15048,"n proportion as slavery prevails in a State, the Government, however democratic in name, must be aristocratic in fact."
15049,Perhaps it is a universal truth that the loss of liberty at home is to be charged to provisions agst. danger real or pretended from abroad.
15054,"Slavery is, as you justly complain, a sad blot on our free country."
15057,"The essence of Government is power; and power, lodged as it must be in human hands, will ever be liable to abuse."
15058,"I do not mean to discuss the question how far slavery and farming are incompatible. Our opinions agree as to the evil, moral, political, and economical, of the former."
15060,"Anything I can sing, I call a song. Anything I can't sing, I call a poem."
15071,My songs always sound a lot better in person than they do on the record.
15081,I think a poet is anybody who wouldn't call himself a poet. Anybody who could possibly call himself a poet just cannot be a poet.
15085,Here's the thing with me and the religious thing. This is the flat-out truth: I find the religiosity and philosophy in the music. I don't find it anywhere else.
15093,Someone handed me Mexico City Blues in St. Paul in 1959 and it blew my mind. It was the first poetry that spoke my own language.
15094,The people in my songs are all me.
15096,Morality has nothing in common with politics.
15129,"The more boring a child is, the more the parents, when showing off the child, receive adulation for being good parents — because they have a tame child-creature in their house."
15132,Tobacco is my favorite vegetable.
15135,"Hey, you know something people? I'm not black,But there's a whole lots a times I wish I could say I'm not white."
15138,You're an asshole! You're an asshole! That's right! You're an asshole! You're an asshole! Yes yes!
15145,Music is the only religion that delivers the goods. All music is good. It fulfills a social function. It's like wallpaper to your lifestyle. It defines what you are.
15157,"For the record, folks; I never took a shit on stage and the closest I ever came to eating shit anywhere was at a Holiday Inn buffet in Fayetteville, North Carolina, in 1973."
15162,A drug is not bad. A drug is a chemical compound. The problem comes in when people who take drugs treat them like a license to behave like an asshole.
15174,Absence of evidence is not evidence of absence.
15191,"We are set irrevocably, I believe, on a path that will take us to the stars—unless in some monstrous capitulation to stupidity and greed, we destroy ourselves first."
15219,It's hard to kill a creature once it lets you see its consciousness.
15236,The desire to be connected with the cosmos reflects a profound reality for we are connected. Not in the trivial ways that the pseudo-science of astrology promises but in the deepest ways.
15246,"For me, it is far better to grasp the Universe as it really is than to persist in delusion, however satisfying and reassuring."
15249,Superstition is marked not by its pretension to a body of knowledge but by its method of seeking truth.
15261,"This is Phobos... Its mean density is known, and it is consistent with organic matter. Deimos... same story."
15264,"Because it is clear from the fossil record that almost every species that has ever existed is extinct; extinction is the rule, survival is the exception."
15268,"Say, , ""Do you argue with us about Allāh while He is our Lord and your Lord? For us are our deeds, and for you are your deeds. And we are sincere to Him."""
15269,"Say to those who disbelieve, ""You will be overcome and gathered together to Hell, and wretched is the resting place."""
15272,"""Be my witness, O God, that I have conveyed your message to your people."""
15287,"Abu Hurayra stated that the Prophet, may Allah bless him and grant him peace, said, ""The most truthful phrase ever said by a poet is the words of Labid: ""Everything except Allah is false."""
15289,It is better for any of you to carry a load of firewood on his own back than to beg from someone else.
15290,"Abu Hurayra reported that the Messenger of Allah, may Allah bless him and grant him peace, said, ""Food for two is enough for three, and food for three is enough for four."""
15294,"Abu Hurayra reported that the Messenger of Allah, may Allah bless him and grant him peace, said, ""On the Day of Rising, Allah will not look at anyone who drags his waist-wrapper out of pride."""
15300,Hear and obey even if an Abyssinian slave whose head is like a raisin is placed in authority over you.
15306,"The Messenger of Allah said, ""Verily, Allah has revealed to me that you should adopt humility. So that no one may wrong another and no one may be disdainful and haughty towards another."""
15309,"I heard the Prophet saying, ""Whoever (intentionally) ascribes to me what I have not said then (surely) let him occupy his seat in Hell-fire."""
15310,"(Each one) of you should save himself from the fire by giving even half of a date (in charity). And if you do not find a half date, then (by saying) a pleasant word (to your brethren)."
15313,"Allah's Apostle said, ""Know that Paradise is under the shades of swords."""
15314,"Allah's Apostle called: ""War is deceit""."
15317,"Allah's Apostle said, ""The superiority of 'Aisha over other women is like the superiority of Tharid to other meals."""
15319,"""God does not judge you according to your bodies and appearances, but He looks into your hearts and observes your deeds."""
15322,"When the Imam says 'Amin', then you should all say 'Amin', for the angels say 'Amin' at that time, and he whose 'Amin' coincides with the 'Amin' of the angels, all his past sins will be forgiven."
15324,Allah will not be merciful to those who are not merciful to people.
15326,"""He who builds a masjid in the way of Allah, God will build a house for him in the paradise."""
15335,"The Prophet (peace be upon him) said: If you find anyone doing as Lot's people did, kill the one who does it, and the one to whom it is done."
15341,"that the Messenger of Allah (saw) said: ""The curse of Allah is upon the one who offers a bribe and the one who takes it."""
15343,"Surely, there is no advantage (preference) for an Arab over an aajami (non-Arab), nor a non-Arab over an Arab, nor a white over a black, except by piousness and good deeds."
15345,"Righteousness is good morality, and wrongdoing is that which wavers in your soul and which you dislike people finding out about."
15359,"The superiority of the Qur'an over the rest of words, is like the superiority of Allah over His creations."
15361,"One who adheres to the five (daily) prayers diligently, they shall be a means of illumination and salvation for him on the Day of Judgment."
15362,"The prayer of a person is (in reality) a light in his heart, so whoever desires, can illuminate his heart (by means of prayers)."
15366,"Whenever the time of each prayer arrives, an Angel announces to the people: (O' People!) Stand up and extinguish, with prayers, the fire which you have set alight for yourselves."
15371,"Do not destroy your prayers for verily one who destroys his prayers shall be resurrected in the company of Qarun, Haman and Fir`awn."
15372,Do not abandon your prayers intentionally for surely the obligations of Allah and His Messenger cease to cover one who forsakes his prayers intentionally.
15373,"If a person abandons his prayer such that he neither desires its rewards nor fears its chastisement, for such a person I do not care if he dies a Jew, a Christian or a Magian."
15376,A person who circumambulates this House (the Ka'bah) seven times and performs the two Rak'at Salat (of Tawaaf) in the best form possible will have his sins forgiven.
15377,The water of Zamzam is a cure for whatever (ailment) it is taken for.
15379,A person seeing (visiting) my grave deserves my intercession. And a person who visits me after my death is like a person who visited me during my lifetime.
15382,"If God be God and man a creature made in image of the divine intelligence, his noblest function is the search for truth."
15390,We never escape our past. It is mirrored in our present. It repeats itself in our future.
15393,In a marriage you need 'compatibility of conscience'.
15401,"The loss of wealth is loss of dirt,As sages in all times assert;The happy man's without a shirt."
15424,"The nere to the churche, the ferther from God."
15430,"... Be they wynners or loosers, … beggers should be no choosers."
15436,Nought venter nought haue. spare to speake spare to spéede. Vnknowne vnkyst. it is loste that is vnsought. As good séeke nought (quoth I) as seeke and finde nought.
15451,"It is better to be An olde mans derlyng, than a yong mans werlyng."
15458,God never sends th' mouth but he sendeth meat.
15465,No man ought to looke a given horse in the mouth.
15468,Reckeners without their host must recken twice.
15510,A woman hath nine lives like a cat.
15526,Have yee him on the hip.
15527,"Hee must have a long spoone, shall eat with the devill."
15537,It is better to beAn old man's derling than a yong man's werling.
15540,I know on which side my bread is buttred.
15547,"The last time I looked at September 11th, an American street was a war zone. There was a street in Virginia that was a war zone."
15573,The downside of my celebrity is that I cannot go anywhere in the world without being recognized. It is not enough for me to wear dark sunglasses and a wig. The wheelchair gives me away.
15597,A likely story — and probably true.
15598,"Although it is generally known, I think it's about time to announce that I was born at a very early age."
15608,"Years ago, I tried to top everybody, but I don't anymore. I realized it was killing conversation. When you're always trying for a topper you aren't really listening. It ruins communication."
15629,"For we are given power not to advance our own purposes, nor to make a great show in the world, nor a name. There is but one just use of power, and it is to serve people. Help us to remember it, Lord."
15638,"The truth knocks on the door and you say, ""Go away, I'm looking for the truth,"" and so it goes away. Puzzling."
15643,"Zen is the ""spirit of the valley."" The only Zen you find on the tops of mountains is the Zen you bring up there."
15656,"I am Phædrus, that is who I am, and they are going to destroy me for speaking the Truth."
15663,Metaphysics is names about reality. Metaphysics is a restaurant where they give you a thirty-thousand-page menu and no food.
15669,The corporations have already planted their own bombs. All we have to do is light the fuses.
15670,"Nothing in a hardware store ever gets bought for its nominal purpose. You buy something that was designed to do one thing, and you use it for another."
15679,A good yuppie has no sense of smell.
15683,Hotness was a part of the human condition and it was pointless to pretend that it did not exist.
15695,Sportsmanship is for sportsmen.
15706,"The gift of mental power comes from God divine being and if we concentrate our my minds on that truth we become in tune with this great power, my Mother had taught me to seek all truths in the bible."
15713,"A man should live forever, or die trying."
15715,"The prime datum of the Universe is that life survives by eating life, and no other way. The expense of eating is, in great part, the resistance the second life offers to being eaten."
15721,"There are basically three kinds of prostitute: street hooker, call girl, and house whore. Each kind is convinced that the other two are the lowest of the low."
15724,"If you've lived a bad life, they send you to Hell. But if you've been truly wicked, they give you a tour of Heaven first…."
15726,"As the poet tells us: once a king, always a king—but once a night is often sufficient."
15732,"It is relatively foolproof—but you're right, I forgot to make it moronproof."
15741,God is an iron… and that's a hot one.
15742,"Men sometimes submit to shame, to tyranny, to conquest, but they never long suffer anarchy. There is no people so barbarous that they escape this general law of humanity"
15757,"Justice is the end of government. It is the end of civil society. It ever has been, and ever will be, pursued until it be obtained, or until liberty be lost in the pursuit."
15765,"As for me, I am deeply a democrat; this is why I am in no way a socialist. Democracy and socialism cannot go together. You can't have it both ways."
15769,There is hardly a pioneer's hut which does not contain a few odd volumes of Shakespeare. I remember reading the feudal drama of Henry V for the first time in a log cabin.
15774,"The principle of equality does not destroy the imagination, but lowers its flight to the level of the earth."
15792,"It was not a very white jacket, but white enough, in all conscience, as the sequel will show.The way I came by it was this..."
15798,You must have plenty of sea-room to tell the truth in.
15807,"His was the scorn which thinks it not worth the while to be scornful. Those he most scorned, never knew it."
15823,Struck dead by an angel of God! Yet the angel must hang!
15824,"Billy's agony, mainly proceeding from a generous young heart's virgin experience of the diabolical incarnate and effective in some men — the tension of that agony was over now."
15841,"If the Nuremberg laws were applied, then every post-war American president would have been hanged."
15848,"""Tough love"" is just the right phrase: love for the rich and privileged, tough for everyone else."
15850,The responsibility of the writer as a moral agent is to try to bring the truth about matters of human significance to an audience that can do something about them.
15855,"I choose to live in what I think is the greatest country in the world, which is committing horrendous terrorist acts and should stop."
15858,The invasion of Iraq was simply a war crime. Straight-out war crime.
15859,"It's certainly true that the world is better off without Saddam Hussein, and also without the people who supported him through his worst atrocities, and are now telling us about them."
15886,"Human beings can reach such desperate solitude that they may cross a boundary beyond which words cannot serve, and at such moments there is nothing left for them but to bark."
15901,Nothing too long imagined can be perfect in a worldly way.
15917,"The body is an instrument which only gives off music when it is used as a body. Always an orchestra, and just as music traverses walls, so sensuality traverses the body and reaches up to ecstasy."
15995,"I tell you, hopeless grief is passionless."
16014,"God only, who made us rich, can make us poor."
16018,"Here's ivy! — take them, as I used to do Thy flowers, and keep them where they shall not pine. Instruct thine eyes to keep their colours true, And tell thy soul, their roots are left in mine."
16028,"By anguish which made pale the sun, I hear Him charge his saints that none Among his creatures anywhere Blaspheme against Him with despair, However darkly days go on."
16031,"Yes, indeed, we must fly, but not with our feet, but with our hands.."
16040,"Of all the created things or beings in the universe, it is the two-legged men alone, who if they purify and humiliate themselves, may become one with — or may know — Wakan-Tanka."
16042,Perhaps there is no happiness in life so perfect as the martyr's.
16045,A straw vote only shows which way the hot air blows.
16046,Take it from me — he's got the goods.
16048,"If man knew how women pass the time when they are alone, they'd never marry."
16051,"The lonesomest thing in all the world is a soul when it is making ready to go on its mysterious, far journey."
16056,"She is pale but affectionate, clinging to his arm — always clinging to his arm. Any one can see that she is a peach and of the cling variety."
16058,History is bright and fiction dull with homely men who have charmed women.
16062,It couldn't have happened anywhere but in little old New York.
16107,"The sweets of Pillage can be known To no one but the Thief, Compassion for Integrity Is his divinest Grief."
16112,Truth – is as old as God –His Twin identityAnd will endure as long as HeA Co-Eternity –And perish on the DayHimself is borne awayFrom Mansion of the UniverseA lifeless Deity.
16129,Energy remains constant and entropy always grows and can never be reduced... his is the essence of the second law of thermodynamics...the entropy of a system of bodies can... only increase.
16141,Contraceptives should be used on every conceivable occasion.
16160,It's a scientific fact that if you stay in California you lose one point of your IQ every year.
16163,Never trust a nigger: their minds and hair are full of kinks in equal measure.
16173,There are some people who can receive a truth by no other way than to have their understanding shocked and insulted.
16184,The name of an iron man goes round the world. It takes a long time to forget an iron man.
16185,"Look out how you use proud words. When you let proud words go, it is not easy to call them back. They wear long boots, hard boots."
16191,"The United States is, not are. The Civil War was fought over a verb. Orval Faubus don't know that. But he gonna know, he gonna know."
16194,I never made a mistake in grammar but one in my life and as soon as I done it I seen it.
16195,"If you have any doubt about the degree with which this is self-defense, just look at those pictures from September 11th."
16201,"We are at war, and our security as a nation depends on winning that war."
16203,"Senator, I'm happy to continue the discussion, but I really hope that you will not imply that I take the truth lightly."
16204,"You see, this war came to us, not the other way around."
16212,"I do believe that the president of Venezuela is really, really destroying his own country, economically, politically."
16236,The scarce water of Dune is an exact analog of oil scarcity. CHOAM is OPEC.
16245,Men do not shape destiny. Destiny produces the man for the hour.
16250,We believe that Marxism-Leninism is an incontestable truth.
16253,"Marxism-Leninism is the ideology of the working class, the most complete political doctrine, the most accurate explanation of social and historical problems."
16258,"Marxism-Leninism is the richest doctrine in ideas of justice, freedom, equality, fraternity among men."
16294,"We had been frightened of atomic weapons since 1945. In those days I became convinced — and remain convinced now — that, after Hitler, Truman was the greatest murderer in the world."
16324,This melancholy London. I sometimes imagine that the souls of the lost are compelled to walk through its streets perpetually. One feels them passing like a whiff of air.
16337,Man can embody truth but he cannot know it.
16351,"When I play on my fiddle in Dooney,Folk dance like a wave of the sea."
16353,"Though leaves are many, the root is one;Through all the lying days of my youthI swayed my leaves and flowers in the sun;Now I may wither into the truth."
16371,"O when may it suffice?That is heaven's part, our partTo murmur name upon name."
16374,It's certain that fine women eatA crazy salad with their meatWhereby the Horn of plenty is undone.
16407,God guard me from those thoughts men thinkIn the mind alone;He that sings a lasting songThinks in a marrow-bone.
16443,Repetition does not transform a lie into a truth.
16446,These dark days will be worth all they cost us if they teach us that our true destiny is not to be ministered unto but to minister to ourselves and to our fellow men.
16450,No man can occupy the office of President without realizing that he is President of all the people.
16452,We have always known that heedless self-interest was bad morals; we know now that it is bad economics.
16466,"As a nation, we may take pride in the fact that we are soft-hearted; but we cannot afford to be soft-headed."
16469,"We know it because democracy alone, of all forms of government, enlists the full force of men's enlightened will."
16499,The most important thing in any relationship is not what you get but what you give.
16507,Only a man's character is the real criterion of worth. (22 August 1944)
16515,Example is the best lesson there is.
16521,Oh you who read some song I have sung What know you of the soul from whence it sprung
16526,No question is ever settled Until it is settled right.
16529,"Body and mind, and spirit, all combine To make the Creature, human and divine.Of this great trinity no part deny. Affirm, affirm, the Great Eternal I."
16540,"A man may be in as just possession of Truth as of a City, and yet be forced to surrender."
16554,The heart of man is the place the devil dwells in; I feel sometimes a hell within myself.
16559,"No man can justly censure or condemn another, because indeed no man truly knows another."
16562,"There is no man alone, because every man is a Microcosm, and carries the whole world about him."
16564,"Men that look upon my outside, perusing only my condition, and fortunes, do err in my altitude; for I am above Atlas his shoulders."
16594,The dearest ambition of a slave is not liberty but to have a slave of his own.
16605,What is the Truth? was askt of yore. Reply all object Truth is oneAs twain of halves aye makes a whole; the moral Truth for all is none.
16610,"""Be ye Good Boys, go seek for Heav'en, come pay the priest that holds the key;""So spake, and speaks, and aye shall speak the last to enter Heaven, — he."
16619,"Truth is something so noble that if God could turn aside from it, I could keep the truth and let God go."
16621,Unmovable disinterest brings man into likeness of God. ... To be full of things is to be empty of God; to be empty of things is to be full of God.
16622,"We are all meant to be mothers of God, for God is always needing to be born."
16623,"We shall find God in everything alike, and find God always alike in everything."
16625,"The more God is in all things, the more He is outside them. The more He is within, the more without."
16626,"All that the Eternal Father teaches and reveals is His being, His nature, and His Godhead, which He manifests to us in His Son, and teaches us that we are also His Son."
16636,"When the purpose of clearly exposing the differences between the Aryan and the Tamil culture, civilization, conduct and creed Thirukkural was written. I am of that firm view."
16644,"Marriages should culminate on account of the wishes of the couple. It is their knitting of the hearts that should lead to marriages""."
16646,Money lending is a horrible profession. If we are to call it otherwise it is lawful plundering.
16650,"There is no Brahmin or Sudra (Backard Caste) or Pariah (the Untouchables) in England. In Russia you do not have Varnasrama (Casteism) dharma or fate""."
16657,I don't think about technique. The ideas dictate everything. You have to be true to that or you're dead.
16671,"I am actually pro-cursing. I think it's good. I think we should teach kids to curse, so they don't use drugs. It doesn't rot your brain. It doesn't get you pregnant. It doesn't kill you, like tobacco."
16672,Stroke of the pen. Law of the Land. Kinda cool.
16685,"Stay crunchy, even in milk."
16689,"Joss: Um, no. Dead Buffy's a Buffy. But a dead one."
16692,"There is nothing more painful in the world than Aly when she makes her big eyes. She makes her big hurt eyes, there's nothing you can do. She just kills you."
16701,"Age is something that doesn't matter, unless you are a cheese you dingus"
16705,"In the name of Hippocrates, doctors have invented the most exquisite form of torture ever known to man: survival."
16706,"Like the majority of deaf people, I don't like blind people much."
16712,Human rights is a universal standard. It is a component of every religion and every civilization.
16746,The reality of spirit-matter is inevitably translated into and confirmed by a structure of the spirit.
16756,"At the heart of our universe, each soul exists for God, in our Lord."
16758,"By virtue of creation, and still more the incarnation, nothing here is profane for those who know how to see."
16759,Those who spread their sails in the right way to the winds of the earth will always find themselves born by a current towards the open seas.
16787,An Ant on a hot stove-lid runs faster than an Ant on a cold one. Who wouldn't?
16829,"Armadillos make affectionate pets, if you need affection that much."
16861,"I believe that a scientist looking at nonscientific problems is just as dumb as the next guy — and when he talks about a nonscientific matter, he will sound as naive as anyone untrained in the matter."
16908,"Basil Fawlty was an easy character for me. For some reason, portraying a mean, uptight, incompetent bully comes naturally to me."
16921,"...what happens as you get older, and I promise you I'm not exaggerating, is that you begin to realize, first of all, that almost nobody knows what they're doing or what they're talking about."
16927,Race hate isn't human nature; race hate is the abandonment of human nature.
16934,"Ignorance, there is no authority in the world like it."
16939,"Hollywood is Hollywood. There's nothing you can say about it that isn't true, good or bad. And if you get into it, you have no right to be bitter — you're the one who sat down, and joined the game."
16960,"Prison kills your spirit, straight up. It kills your spirit. There is no creativity, there's none of that."
16963,"Measure a man by his actions fully, from the beginning to the end. Don't take a piece out of my life or a song out of my music and say this is what I'm about, because you know better than that."
16965,"Don't support the phonies, support the real."
16966,"Fear is stronger than love, remember that. Fear is stronger than love, all that love I gave didn't mean nothing when it came to fear."
16976,"You claim to be a player, but I fucked your wife."
16983,"And you can't go, ""There's a hair in my Jell-O. I'd like to send this back. Can I see the cook, please?"" The cook is a big dude named Bubba Joe."
16985,"Niggers was the ones with the rope, hanging off trees; Niggas are the ones with gold ropes, hanging out at clubs."
16994,I should like to restore with one hand what I destroy with the other. When pruning an old tree one should avoid destroying the buds and fruit; you know this is as well as anyone.
17008,"I always know how Hutch did when we follow Detroit into a town. If we got stools in the dressing room, I know he won. If we got kindling, he lost."
17015,Dickey's teaching me all of his experience.
17016,I knew the record would stand until it was broken.
17021,"If you can't imitate him, don't copy him."
17044,The Sophist demonstrates that everything is true and nothing is true.
17048,"Irony limits, finitizes, and circumscribes and thereby yields truth, actuality, content; it disciplines and punishes and thereby yields balance and consistency."
17069,"The truth is a trap: you can not get it without it getting you; you cannot get the truth by capturing it, only by its capturing you."
17072,"The next thing you can learn from the woman who was a sinner, something she herself understood, is that with regard to finding forgiveness she is able to do nothing at all. P. 155"
17077,"To become sober is: to come to oneself in self-knowledge and before God as nothing before him, yet infinitely, unconditionally engaged. P. 104"
17082,Mathematics is the only true metaphysics.
17091,"Cris didn't play fair. He had watched half an hour — then come out and thrown once. One perfect toss, one dead ringer."
17092,We'll know homo superior when he comes — by definition. He'll be the one we won't be able to euth.
17093,"""You don't go by odds. You know what's coming. You've seen the cards already."" She studied his face intently. ""No, you can't be cold-decked. It wouldn't be possible."""
17097,"I'm a sick man. And the more I see, the sicker I get. I'm so sick I think everybody else is sick and I'm the only healthy person. That's bad off, isn't it?"
17099,"""Cats have no souls,"" Hamilton said morbidly, watching his tomcat avidly feed. ""The most majestic cat in the universe would balance a carrot on his head for a bite of pork liver."""
17100,"In all possible universes, Monday was the same."
17106,"(Insanity) is not hubris, not pride; it is inflation of the ego to its ultimate — confusion between him who worships and that which is worshipped. Man has not eaten God; God has eaten man."
17107,Perhaps if you know you are insane then you are not insane.
17120,"(Hawthorne Abendsen) told us about our own world. This, what's around us now. He wants us to see it for what it is. And I do, and more so each moment."
17128,You must beware of seeing malice behind accidental injury.
17141,"""Everything is true"", he said. ""Everything anybody has ever thought."""
17146,"Once they notice you, Jason realized, they never completely close the file. You can never get back your anonymity. It is vital not to be noticed in the first place."
17148,"Probably she should not have gotten away with it for as long as she had...but sometime, he had often thought, the retribution will come: reality denied comes back to haunt."
17149,"""Fear,"" Jason said, ""can make you do more wrong than hate or jealousy. If you're afraid you don't commit yourself to life completely; fear makes you always, always hold something back."""
17152,"Robert Arctor halted. Stared at them, at the straights in their fat suits, their fat ties, their fat shoes, and he thought, Substance D can't destroy their brains; they have none."
17170,It is sometimes an appropriate response to reality to go insane.
17171,"Reality is that which when you stop believing in it, it doesn't go away."
17175,Mental illness is not funny.
17177,Fish cannot carry guns.
17208,"To understand what music has to be, you have to live for music. Who's ready to do that?"
17215,"Now this No Limit shit, No Limit nigga Everbody wanna know how this shit happens, but we ain't playa hatin' And what's goin' on, but ya know what? It don't get no realer than this though dog."
17216,"I had to shake the spot cause the game got crowded I'm devoted and quote it, I'm rowdy and bout it A No Limit Soldier, and happy to shout it."
17217,"I'm a gangsta, but y'all knew that Da Big Boss Dogg, yeah I had to do that I keep a blue flag hanging out my backside, only on the left side, yeah that's the Crip side."
17225,Fuck Bill O'Reilly. He's a muthafucking prick.
17228,"The NET is a waste of time, and that's exactly what's right about it."
17234,"""As broker, I'm usually very careful as to sources.""""You buy only from those who steal the best. Got it."""
17258,Exhibitionism is like a drug. Hooked in adolescence I was now taking doses so massive they would have killed a novice.
17261,I take it to be axiomatic that people are revolted by witnessing the shameless gratification of an appetite they do not share.
17267,All liaisons between homosexuals are conducted as though they were between a chorus girl and a bishop. In some cases both parties think they are bishops.
17277,Health consists of having the same diseases as one's neighbours.
17297,"Running away from fear is fear; fighting pain is pain; trying to be brave is being scared. If the mind is in pain, the mind is pain. The thinker has no other form than his thought."
17303,"The most strongly enforced of all known taboos is the taboo against knowing who or what you really are behind the mask of your apparently separate, independent, and isolated ego."
17307,"If you know that ""I"", in the sense of the person, the front, the ego, it really doesn't exist. Then...it won't go to your head too badly, if you wake up and discover that you're God."
17312,Guns will make us powerful; butter will only make us fat.
17313,"The Jew must clearly understand one thing at once, he must get out!"
17315,"The only one who really knows about the Reichstag is I, because I set it on fire!"
17317,"The victor will always be the judge, and the vanquished the accused."
17334,I would recommend a solo flight to all prospective suicides. It tends to make clear the issue of whether one enjoys being alive or not.
17343,"""Yes, that is the equality of man. Slaughter anybody who is better than you are, and then we shall be equal soon enough. All equally dead""."
17346,"The fellow is an absolute outsider, anyone can see that. He's got a great black beard, and wears patent leather boots in all weathers!"
17347,Blood tells — always remember that — blood tells.
17353,"Yes, he is intelligent. But we must be more intelligent. We must be so intelligent that he does not suspect us of being intelligent at all."
17362,"Understand this, I mean to arrive at the truth. The truth, however ugly in itself, is always curious and beautiful to seekers after it."
17373,"""Me, I am convinced it is the truth,"" said M. Bouc, becoming more and more enamoured of his theory."
17375,It was abominable — wicked. The good God should not allow such things. We are not so wicked as that in Germany.
17376,"The impossible cannot have happened, therefore the impossible must be possible in spite of appearances."
17378,"If you confront anyone who has lied with the truth, they usually admit it — often out of sheer surprise. It is only necessary to guess right to produce your effect."
17380,"Exactly! It is absurd — improbable — it cannot be. So I myself have said. And yet, my friend, there it is! one cannot escape from the facts."
17383,"There is no such thing as muddle — obscurity, yes — but muddle can exist only in a disorderly brain."
17393,How true is the saying that man was forced to invent work in order to escape the strain of having to think.
17417,"""It makes her rather alarming,"" I said. ""Sincerity has that effect,"" said Miss Marple."
17427,Proof must be solid break walls of facts.
17466,"Remember, he was a fanatic, and there is no fanatic like a religious fanatic."
17480,Murder isn't — it really isn't — a thing to tamper with lightheartedly.
17494,After enough concussions the head injuries blur together.
17510,I believe that I have now experienced the lifetime maximum exposure to bottom spanking in fantasy novels.
17515,'s antagonists are always evil moustache-twirlers. She could write a book about a golf open and the main rival to the hero would turn out to have clubs made from compressed kittens.
17521,Atomic war is bad but you know what's even worse? Having had enough atomic wars that you can rank them in terms of horribleness.
17530,"That is some funky-fresh, pop lockin' shit."
17534,And I rode along sideTill you lost me thereIn the open roadAnd I rode along sideTill the honey spreadItself so thinFor me to break your breadFor me to take your wordI had to steal it.
17549,"If you know me so well, then tell me which hand I use."
17573,"She alone spoke the truth; to her alone could he speak it. That was the source of her everlasting attraction for him, perhaps; she was a person to whom one could say what came into one's head."
17584,"He — for there could be no doubt of his sex, though the fashion of the time did something to disguise it — was in the act of slicing at the head of a Moor which swung from the rafters."
17589,"As long as she thinks of a man, nobody objects to a woman thinking."
17599,Words rose above the intolerably laden dumb oxen plodding through the mud. Words without meaning - wonderful words.
17602,Books are the mirrors of the soul.
17605,If you do not tell the truth about yourself you cannot tell it about other people.
17611,Know ye not that the end and object of conquest is to avoid doing the same thing as the conquered?
17631,"""I must have been Japanese in a previous life. I'm pretty sure I was a warrioress. I can't explain it, I just know. I'm good at fighting - fighting with a big sword."""
17634,"""Publicly humiliating someone for your own gain will only come and haunt you. God's going to have his revenge."
17644,"""Poor is the man whose pleasures depend on the permission of another."""
17645,"""Most priests are gay."""
17649,"""It takes a Real man to fill my shoes."""
17651,"""I don't care if you have a small dick, as long as you know how to use that stick."""
17653,"""No man can have sex with anyone but me and since I don't have that kind of time on my hands, you might as well all be gay!"""
17668,"Letterman: (after the singer brands him a ""sick fuck"") ""You realize this is being broadcast don't you?"""
17669,"Madonna: ""Listen, all you do is talk about my sex life on your show, so now you don't want to talk about my sex life when I'm on your show?!"""
17672,"Madonna: ""I am a sick fuck I have my nose in everybody's sex life!"""
17673,"""Straight men need to be emasculated. I'm sorry. They all need to be slapped around. Women have been kept down for too long. Every straight guy should have a man's tongue in his mouth at least once."""
17684,Books always cost more in those cities where they are least read!
17689,"Vengeance must end somewhere, and what better place to stop than at the prince?"
17693,"By definition a bore is predictable. if you think you know in advance what a man is apt to say or do, you are not apt to be disagreeably surprised by him."
17697,No one can tell another man is true. Truth is all around us...Truth is where ever man has glimpsed divinity.
17717,The more money an American accumulates the less interesting he himself becomes.
17720,A narcissist is someone better looking than you are.
17744,"Apparently, ""conspiracy stuff"" is now shorthand for unspeakable truth."
17750,We must always remember that the police are recruited from the criminal classes.
17755,We're the most captive nation of slaves that ever came along. The moral timidity of the average American is quite noticeable. Everybody's afraid to be thought in any way different from everyone else.
17759,"As a musician I tell you that if you were to suppress adultery, fanaticism, crime, evil, the supernatural, there would no longer be the means for writing one note."
17764,"If the hero join combat with night and conquer it, may shreds of it remain upon him!"
17782,"Truths dead and forgotten long ago, conceptions of the world and its people, covered with mould, even during the times of our grandmothers, are being hammered into the heads of our young generation."
17791,An army and navy represents the people's toys.
17796,"It is a conceded fact that woman is being reared as a sex commodity, and yet she is kept in absolute ignorance of the meaning and importance of sex."
17844,"No small hole can so modify the convergence of rays of light as to prevent, at a long distance, the transmission of the true form of the luminous body causing them."
17861,"Fire destroys falsehood, that is sophistry, and restores truth, driving out darkness."
17862,"Fire may be represented as the destroyer of all sophistry, and as the image and demonstration of truth; because it is light and drives out darkness which conceals all essences ."
17863,"Fire destroys all sophistry, that is deceit; and maintains truth alone, that is gold."
17864,Truth at last cannot be hidden. Dissimulation is of no avail. Dissimulation is to no purpose before so great a judge. Falsehood puts on a mask. Nothing is hidden under the sun.
17865,Fire is to represent truth because it destroys all sophistry and lies; and the mask is for lying and falsehood which conceal truth.
17875,Truth here makes Falsehood torment lying tongues.
17899,Truth was the only daughter of Time.
17907,"To lie is so vile, that even if it were in speaking well of godly things it would take off something from God's grace; and Truth is so excellent, that if it praises but small things they become noble."
17914,"You do ill if you praise, and still worse if you reprove in a matter you do not understand."
17916,"Man has much power of discourse which for the most part is vain and false; animals have but little, but it is useful and true, and a small truth is better than a great lie."
17918,He who wishes to be rich in a day will be hanged in a year.
17923,You can have no dominion greater or less than that over yourself.
17925,"Where there is most feeling, there is the greatest martyrdom."
17943,Every quantity is intellectually conceivable as infinitely divisible.
17948,"That which was at first bound, cast out and rent by many and various beaters will be respected and honoured, and its precepts will be listened to with reverence and love."
17956,Things that are separate shall be united and acquire such virtue that they will restore to man his lost memory.
17974,"Where there is most power of feeling, there of martyrs is the greatest martyr."
17981,"Wine is good, but water is preferable at table."
17998,No house should ever be on a hill or on anything. It should be of the hill. Belonging to it. Hill and house should live together each the happier for the other.
17999,So here I stand before you preaching organic architecture: declaring organic architecture to be the modern ideal.
18000,"Every great architect is — necessarily — a great poet. He must be a great original interpreter of his time, his day, his age."
18009,"Architecture is life, or at least it is life itself taking form and therefore it is the truest record of life as it was lived in the world yesterday, as it is lived today or ever will be lived."
18033,Votes are counted. Yes—but vision can neither be counted nor discounted.
18039,There is nothing so timid as a million dollars.
18047,Poetic is prophetic insight.
18059,"I have grown up with guns all my life, but people who like assault weapons they should join the United States Army, we have them."
18068,"The truth is, about the Middle East is, had there been no oil there, it would be like Africa. Nobody is threatening to intervene in Africa."
18075,Every war waged by imperialist powers will be an imperialist war whatever the excuses put forward; therefore we must keep out of it.
18078,These people have the blood of Mahatma Gandhi on their hands and pious disclaimers and dissociation now have no meaning.
18090,Facts are facts and will not disappear on account of your likes
18094,"We must support the army as though there were no White Paper, and fight the White Paper as though there were no war."
18095,"Our right to Palestine, all of it, is unassailable and eternal… I will not concede a single inch of our soil."
18100,"What matters is not what the goyim say, but what the Jews do."
18117,"What the German has done to the Jew in Europe, we are doing to the Jap in the Pacific."
18134,"No Canadian government, whatever political party, will attempt to hinder the extension of the true principle of free trade all over the world"
18137,Civil servants should keep out of politics and politics should be kept out of the civil service
18153,Computers are like Old Testament gods; lots of rules and no mercy.
18182,"Hang (hang without fail, so the people see) no fewer than one hundred known kulaks, rich men, bloodsuckers."
18199,"Modern monopolist capitalism on a world-wide scale — imperialist wars are absolutely inevitable under such an economic system, as long as private property in the means of production exists."
18200,"In such circumstances, in view of the incredibly widespread nature of the distortions of Marxism, our first task is to restore the true doctrine of Marx on the state."
18202,"For the state to wither away completely, complete communism is necessary."
18214,"When a real army is in retreat, machine guns are kept ready, and when an orderly retreat degenerates into a disorderly one, the command to fire is given, and quite rightly, too."
18225,"For any truth, if overdone (as Dietzgen Senior put it), if exaggerated, or if carried beyond the limits of its applicability, can be reduced to absurdity."
18242,The bourgeoisie are today evading taxation by bribery and through their connections; we must close all loopholes.
18250,What the Soviet Constitution gives us no other state has been able to give in two hundred years.
18253,"A full definition of an object must include the whole of human experience, both as a criterion of truth and a practical indicator of its connection with human wants."
18269,"We can't expect to get anywhere unless we resort to terrorism: speculators must be shot on the spot. Moreover, bandits must be dealt with just as resolutely: they must be shot on the spot."
18280,The wall is rotten. One good shove and it will collapse.
18284,People are strange when you're a stranger Faces look ugly when you're alone Women seem wicked when you're unwanted Streets are uneven when you're down.
18294,"Listen to this, and I'll tell you 'bout the heartache I'll tell you 'bout the heartache and the loss of God."
18323,The responsibility for violence lies with those who perpetrate it.
18328,The only people who see the whole picture are the ones who step outside the frame.
18331,"The world, somebody wrote, is the place we prove real by dying in it."
18338,"I'm going to tell you really truthfully, I'm not thinking about the long term I'm thinking about little step by little step. I just think, Bop till you drop."
18351,We can be absolutely certain only about things we do not understand. A doctrine that is understood is shorn of its strength.
18359,"God alone is satisfied with what He is and can proclaim: ""I am what I am."" Unlike God, man strives with all his might to be what he is not. He incessantly proclaims: ""I am what I am not."""
18360,"To most of us nothing is so invisible as an unpleasant truth. Though it is held before our eyes, pushed under our noses, rammed down our throats — we know it not."
18370,Rabid suspicion has nothing in it of skepticism. The suspicious mind believes more than it doubts. It believes in a formidable and ineradicable evil lurking in every person.
18373,Add a few drops of venom to a half truth and you have an absolute truth.
18374,To spell out the obvious is often to call it in question.
18375,You can discover what your enemy fears most by observing the means he uses to frighten you.
18379,Rudeness is the weak man's imitation of strength.
18399,Nonconformists travel as a rule in bunches. You rarely find a nonconformist who goes it alone. And woe to him inside a nonconformist clique who does not conform with nonconformity.
18420,"If I can do no more, let my name stand among those who are willing to bear ridicule and reproach for the truth's sake, and so earn some right to rejoice when the victory is won."
18421,Is it not meningitis?
18430,She had a womanly instinct that clothes possess an influence more powerful over many than the worth of character or the magic of manners.
18461,"If a man consults whether he is to fight, when he has the power in his own hands, it is certain that his opinion is against fighting."
18480,"Every man a king, but no one wears a crown."
18489,"If I thought the Lord was speaking to me I'd check myself into Bellevue, and I think you should too."
18492,Dealing w/ Hamas is like dealing w/ a crazy woman who's trying to kill u - u can only hold her wrists so long before you have to slap her
18496,"If ketchup had 1/20th of the carcinogens in a cigarette they'd rip it off the shelves tomorrow, so the government is full of shit when they tell you that they care about you."
18498,"""Couples should explore their mutual fantasies."" There's no such thing as a mutual fantasy. Yours bore us; ours offend you."
18512,"... according to the always reliable ""Encyclopedia Moronica."""
18522,"Words have meaning, but not anymore. And when I hear 'transphobic,' 'phobic' has a meaning: Fear. I'm not transphobic if I merely disagree with you. It's not hate."
18577,"Sociability is just a big smile, and a big smile is nothing but teeth."
18585,There's your Karma ripe as peaches.
18586,A sociable smile is nothing but teeth.
18590,"A man who allows wild passion to arise within, himself burns his heart, then after burning adds the wind that thereto which ignites the fire again, or not, as the case may be."
18593,My witness is the empty sky.
18609,"The jargon of authenticity ... is a trademark of societalized chosenness, ... sub-language as superior language."
18616,We cannot think any true thought unless we want the true. Thinking is itself an aspect of practice.
18624,"It's all about money, not freedom, y'all, okay? Nothing to do with fuckin' freedom. If you think you're free, try going somewhere without fucking money, okay?"
18626,"Good theory. But guess what, if I don't smoke there's going to be secondary bullets coming your way, 'cause I'm that tense."
18635,"Speaking of Satan, I was watching Rush Limbaugh the other day. Doesn't Rush Limbaugh remind you of one of those gay guys that like to lie in a tub while other guys pee on him?"
18642,"I hate patriotism. I can't stand it, man — makes me fuckin' sick. It's a round world last time I checked."
18645,"I've been on what I call my UFO Tour, which means, like UFOs, I too have been appearing in small southern towns in front of a handful of hillbillies lately. I've been doubting my own existence."
18646,"I deal only in facts, that's why I'm a cocky fuckin' bastard."
18649,Marijuana: a drug that kills &hellip; no one – and let's put it in a time frame – ever. Illegal.
18660,"Zeal ever follows an appearance of truth, and the assured are too apt to be warm; but it is their weak side in argument; zeal being better shown against sin than persons, or their mistakes."
18669,"It were better to be of no Church, than to be bitter for any."
18679,That is the meaning of the coming of Christ.. ..that the word becomes flesh and man is saved from abstraction.
18682,Justice and equity are twin Guardians that watch over men. From them are revealed such blessed and perspicuous words as are the cause of the well-being of the world and the protection of the nations.
18690,I'm afraid of losing my obscurity. Genuineness only thrives in the dark. Like celery.
18693,Proverbs are always platitudes until you have personally experienced the truth of them.
18695,"To his dog, every man is Napoleon; hence the constant popularity of dogs."
18697,"History teaches us that war is not inevitable. Once again, it is for us to choose whether we use war or some other method of settling the ordinary and unavoidable conflicts between groups of men."
18712,Facts do not cease to exist because they are ignored.
18714,That all men are equal is a proposition which at ordinary times no sane individual has ever given his assent.
18725,Experience teaches only the teachable...
18729,"So long as men worship the Caesars and Napoleons, Caesars and Napoleons will duly rise and make them miserable."
18730,One unscrupulous distortion of the truth tends to beget other and opposite distortions.
18734,To see ourselves as others see us is a most salutary gift. Hardly less important is the capacity to see others as they see themselves.
18739,To see ourselves as others see us is a most salutary gift. Hardly less important is the capacity to see others as they see themselves.
18754,An unexciting truth may be eclipsed by a thrilling falsehood.
18763,"No doctor is going to do an abortion on a live fetus. That doesn't happen. Doctors don't do that. If they do, they'll get their license pulled, as well they should."
18776,the Republicans are all about suppressing votes.
18784,"Since before time and space were, the Tao is. It is beyond is and is not. How do I know this is true? I look inside myself and see."
18787,He who knows that enough is enough will always have enough.
18800,"It was close; but that's the way it is in war. You win or lose, live or die — and the difference is just an eyelash."
18822,The hand of God creates; it does not conceal.
18826,"I love being married, I do. It's so great to find that one special person that you want to annoy for the rest of your life."
18832,"My husband gave me a necklace. It's fake. I requested fake. Maybe I'm paranoid, but in this day and age, I don't want something around my neck that's worth more than my head."
18833,I think men who have a pierced ear are better prepared for marriage. They've experienced pain and bought jewelry.
18836,"I don't even know how this word came into being: ""aerobics"". I guess gym instructors got together and said, ""If we're going to charge ten dollars an hour, we can't call it 'jumping up and down'."""
18839,"I had teeth that stuck out so far, I used to eat other kids' candy bars by accident."
18848,I learned compassion from being discriminated against. Everything bad that's ever happened to me has taught me compassion.
18849,"My name is Ellen and I'm a vegetarian. Just to add another label to me: I am a lesbian, aquarian and vegetarian. I've said it..."
18851,Sundance is weird.&nbsp; The movies are weird—you actually have to think about them when you watch them.
18852,"Eat it, lick it, snort it, fuck it!"
18856,About shocking. You know I feel comfortable in my skin. I think it's an okay thing to express yourself.
18869,"If dogs could fly, nobody would go out without an umbrella."
18876,"You know, schizoid behavior is a pretty common thing in children. It's accepted, because all we adults have this unspoken agreement that children are lunatics."
18879,"Monsters are real. Ghosts are too. They live inside of us, and sometimes, they win."
18880,"He would write it for the reason he felt that all great literature, fiction and nonfiction, was written: truth comes out, in the end it always comes out. He would write it because he felt he had to."
18892,Silent white light filled the world. And the righteous and unrighteous alike were consumed in that holy fire.
18898,It always comes down to just two choices. Get busy living or get busy dying.
18903,"I think that part of being a parent is trying to kill your kids...Because as soon as you have a kid, you know for sure that you're going to die. When you have a kid, you see your own gravestone."
18905,"He looked at me fixedly. ""I'll tell you this much, Dennis. If you're lying, you don't know you are."""
18908,"Oh, about beer I never lie. A man who lies about beer makes enemies."
18912,"What you buy is what you own, and sooner or later what you own will come back to you."
18925,"And almost idly, in a kind of sidethought, Eddie discovered one of his childhood's great truths. Grownups are the real monsters, he thought."
18930,"The reason authors almost always put a dedication on a book, Annie, is because their selfishness even horrifies themselves in the end."
18934,"Real terror is the most physically debilitating of emotions. It saps the endocrines, dumps muscle-tightening organic drugs into the bloodstream, races the heart, exhausts the mind."
18947,"Hearts can break. Yes. Hearts can break. Sometimes I think it would be better if we died when they did, but we don't."
18949,"Although it is difficult to believe, the sixties are not fictional; they actually happened."
18953,"""A cowardly leader is the most dangerous of men."""
18957,The first movie I ever saw was a horror movie. It was Bambi.
18980,The ending of the words is the Word Abrahadabra.
18981,The Book of the Law is Written and Concealed
18988,There is no part of me that is not of the gods!
18995,"My light! O my father the Devil! It hath made all things one, being perfect, even as doth the Darkness!"
18998,"Our Lord the Devil's their Word, the Word Thelema, spoken of me The Beast."
19001,"I invoked Aiwaz, was shown a phantasm of Baphomet, and suddenly determined to recognize this for Him!"
19007,Anyone who holds a true opinion without understanding is like a blind man on the right road.
19013,"The being of all virtues, and chiefly of temperance, depends on the practice of them."
19016,"Bad men live that they may eat and drink, whereas good men eat and drink that they may live."
19017,Ηe knew nothing except just the fact of his ignorance.
19019,The man who eats with the greatest appetite has the least need of delicacies.
19020,He who drinks with the greatest appetite is the least inclined to look for a draught which is not at hand.
19031,"I have learned the junk equation. Junk is not, like alcohol or weed, a means to increased enjoyment of life. Junk is not a kick. It is a way of life."
19032,"Tea heads are gregarious, they are sensitive, and they are paranoiac. If you get to be known as a ""drag"" or a ""bring down,"" you can't do business with them."
19033,I can say definitely that weed is an aphrodisiac and that sex is more enjoyable under the influence of weed than without it. Anyone who has used good weed will verify this statement.
19035,You need a good bedside manner with doctors or you will get nowhere.
19036,"Coke is pure kick. It lifts you straight up, a mechanical lift that starts leaving you as soon as you feel it"
19038,"When people start talking about their bowel movements, they are inexorable as the processes of which they speak."
19040,Junk takes everything and gives nothing but insurance against junk sickness.
19044,"America is not a young land: it is old and dirty and evil before the settlers, before the Indians. The evil is there waiting."
19045,"Well as, one judge said to the other, 'Be just and if you can't be just be arbitrary.' Regret cannot observe customary obscenities."
19051,Our national drug is alcohol. We tend to regard the use of any other drug with special horror.
19052,You see control can never be a means to any practical end. ... Control can never be a means to anything but more control ... like Junk.
19059,In deep sadness there is no place for sentimentality. It is as final as the mountains: a fact. There it is. When you realize it you cannot complain.
19060,"""Sit down on your ass, or what's left of it after four years in the navy."""
19114,"""You know Adam?"" Teddy asked him.""Do I know who?""""Adam. In the Bible.""Nicholson smiled. ""Not personally,"" he said dryly."
19130,"The true poet has no choice of material. The material plainly chooses him, not he it."
19156,"Into the same rivers we step and do not step, we are and are not. (Heraclitus Homericus)"
19177,Good and evil keep very exact accounts... and the face of every man is their ledger.
19184,"I have followed after the truth, across this windy planet upon which every person is nourished by one or another lie."
19185,"Coth admitted that, say what you might as to the Manuel who had really lived, the squinting rascal did as a rule know what he was talking about."
19192,All the congresses on earth can't make the negro anything else than what he is; he must be subject to the white man… Two such races cannot live in harmony save as master and slave.
19197,"If the people raise a howl against my barbarity & cruelty, I will answer that War is War & not popularity seeking. If they want peace, they & their relations must stop War."
19201,"""As a rule don't borrow. 'Tis more honest to steal,"""
19209,"With that kind of money, I could have invaded some country."
19241,"There is absolutely no one, apart from yourself, who can prevent you, in the middle of the night, from sneaking down to tidy up the edges of that hunk of cheese at the back of the fridge."
19255,I can't remember what my line on drugs is. What's my line on drugs?
19276,The meat in the sausage has got to be Conservative
19310,didn't say anything about Turkey during the referendum. Since I made no remarks...I can't disown them
19312,"We will leave the EU on 31 October, deal or no deal. The way to get a good deal is to prepare for a no deal."
19322,Under no circumstances would we agree to any free-trade deal that put the NHS on the table.
19340,I can tell you; I DO brush it! I have a comb in my office!
19349,"Remember, to learn and not to do is really not to learn. To know and not to do is really not to know."
19361,THE MOMENT OF CHOICE A moment of choice is a moment of truth. It's the testing point of our character and competence.
19375,The highest thing in a man is not his god. It's that in him which knows the reverence due a god. You are my highest reverence.
19380,"In the temple of his spirit, each man is alone."
19389,"A genius is a genius, regardless of the number of morons who belong to the same race—and a moron is a moron, regardless of the number of geniuses who share his racial origin."
19399,"Every government interference in the economy consists of giving an unearned benefit, extorted by force, to some men at the expense of others."
19401,"Remember also that the smallest minority on earth is the individual. Those who deny individual rights, cannot claim to be defenders of minorities."
19402,"Some day, the world will discover that, without thought, there can be no love."
19409,"The worst evil that you can do, psychologically, is to laugh at yourself. That means spitting in your own face."
19417,"There are only two means by which men can deal with one another: guns or logic. Force or persuasion. Those who know that they cannot win by means of logic, have always resorted to guns."
19419,Never demand of another that which would constitute his sacrifice to you. Never grant that which would constitute your sacrifice to him.
19420,Never initiate the use of force against another man. Never let his use of force against you remain unanswered by force.
19423,"Selfishness does not mean only to do things for one's self. One may do things, affecting others, for his own pleasure and benefit. This is not immoral, but the highest of morality."
19444,"Thanks to Mr. Gates, we now know that an open Internet with protocols anyone can implement is communism; it was set up by that famous communist agent, the US Department of Defense."
19447,"You can use any editor you want, but remember that vi vi vi is the text editor of the beast."
19449,Laws that oppress people have no moral authority.
19452,"Four species of penguins that breed in Antartica are endangered by global warming. Even I, the only man in the world who can get angry from looking at a picture of a penguin, find this bad news."
19480,"all of us know he means we mustn't, any of us, lose touch with the source, pretend it's not there, cover over the mineshaft of passion"
19483,"pure dust that is all in all.&nbsp; &nbsp; Bless, weightless Spirit. Drink Caliban, push your tongue heavy into the calyx."
19504,"When you go to bed, don't leave bread or milk on the table: it attracts the dead."
19519,"Everywhere we seek the Absolute, and always we find only things."
19523,"Poets and priests were one in the beginning, and they only separated in later times. But the real poet is always a priest, just as the real priest always remains a poet."
19529,"The seat of the soul is where the inner world and the outer world meet. Where they overlap, it is in every point of the overlap."
19549,"We don't get paid for activity, just for being right. As to how long we'll wait, we'll wait indefinitely."
19565,"Long ago, Ben Graham taught me that ""Price is what you pay; value is what you get."" Whether we're talking about socks or stocks, I like buying quality merchandise when it is marked down."
19574,"Risk comes from not knowing what you're doing. ""The Three Essential Warren Buffett Quotes To Live By"" forbes.com (20 April 2014)"
19576,"You can't make a good deal with a bad person. ""23 Quotes from Warren Buffett on Life and Generosity"" forbes.com (02 December 2013)"
19613,"I hate mice. The mouse involves you in arm motions that slow you down. I didn't want it on the Macintosh, but Jobs insisted. In those days, what he said went, good idea or not."
19623,"What we did in Iraq was exactly the right thing to do. If I had it to recommend all over again, I would recommend exactly the same course of action."
19641,What we buy belongs to us only when the price is forgotten.
19656,"These facts make the creator of music a being like the gods, and make music itself the supreme mystery of human knowledge."
19670,Man is more interesting than men. God made him and not them in his image. Each one is more precious than all.
19675,A straight path never leads anywhere except to the objective.
19680,True intelligence very readily conceives of an intelligence superior to its own; and this is why truly intelligent men are modest.
19695,"""The road to the City of Emeralds is paved with yellow brick,"" said the Witch, ""so you cannot miss it. When you get to Oz do not be afraid of him, but tell your story and ask him to help you""."
19707,"Electricity was a part of the world from its creation, and therefore my Electra is as old as Daylight or Moonlight, and equally beneficent to mortals and fairies alike."
19718,These people so scared of silence. These are my neighbors. These sound-oholics. These quiet-ophobics.
19719,"We come from a generation of people who need their TV or stereo playing all the time. These people so scared of silence. These soundaholics, these quietophobics."
19727,"Until you deal with your real personal issues, you'll never be able to control yourself."
19739,"""The best way to waste your life is by taking notes. The easiest way to avoid living is to just watch."
19740,"Either an ancient cursed Egyptian mummy has come back to life and is trying to kill the people next door, or they're watching a movie."
19748,"You can't unfuck a kid. Once you fuck a kid, you can't get that genie back in the bottle."
19752,"""What matters,"" Sister Vigilante says, ""is, people need a monster they can believe in."" A true horrible enemy. A demon to define themselves against. Otherwise, it's just us versus us."
19754,I lost my virginity through my ear.
19756,"Chapter 19, Absolution"
19762,"People fall so in love with their pain, they can't leave it behind. The same as the stories they tell. We trap ourselves."
19765,The difference between how you look and how you see yourself is enough to kill most people. And maybe the reason vampires don't die is because they can never see themselves in photographs or mirrors.
19767,A book is as private and consensual as sex.
19779,"If the living are haunted by the dead. Then the dead are haunted by their own mistakes."""
19783,"It is no longer a question anywhere of inventing interconnections from out of our brains, but of discovering them in the facts."
19787,Communism is the doctrine of the conditions of the liberation of the proletariat.
19798,"If it is really true that you cannot resist them, then you are not sinning of your own free will and hence (at least according to me) not sinning at all."
19812,"All too often too often we try to push, pull, outline and control our ideas instead of letting them grow organically. The creative process is a process of surrender, not control."
19828,"There can be no doubt that Saddam Hussein has biological weapons and the capability to rapidly produce more, many more."
19833,"There is only one China. Taiwan is not independent. It does not enjoy sovereignty as a nation, and that remains our policy, our firm policy."
19839,"If you are going to achieve excellence in big things, you develop the habit in little matters. Excellence is not an exception, it is a prevailing attitude."
19843,"Always do your very best. Even when no one else is looking, you always are. Don't disappoint yourself."
19886,These two enormous forces—truth and meaning—are at war in today's world. … And something sooner or later has to give.
19888,"To love truth for truth's sake is the principal part of human perfection in this world, and the seed-plot of all other virtues."
19900,"I doubt not, but from self-evident Propositions, by necessary Consequences, as incontestable as those in Mathematics, the measures of right and wrong might be made out."
19901,"He that knows anything, knows this, in the first place, that he need not seek long for instances of his ignorance."""
19904,"Reason, which is that law, teaches all mankind, who will but consult it"
19905,"Though the Earth, and all inferior Creatures be common to all Men, yet every Man has a Property in his own Person. Thus no Body has any Right to but himself."
19922,"I am sure, zeal or love for truth can never permit falsehood to be used in the defence of it."
19925,He whose intellect overcomes his desire is higher than the angels; he whose desire overcomes his intellect is less than an animal.
19929,The idol of your self is the mother of all idols. To regard the self as easy to subdue is a mistake.
19935,"Were there no men of vision, all who are blind would be dead."
19939,"If you wish to shine like day, burn up the night of self-existence. Dissolve in the Being who is everything."
19943,Whoever enters the Way without a guide will take a hundred years to travel a two-day journey.
19945,"Even though you're not equipped,keep searching:equipment isn't necessary on the way to the Lord."
19953,"If in thirst you drink water from a cup, you see God in it. Those who are not in love with God will see only their own faces in it."
19987,"A good traveler is one who does not know where he is going to, and a perfect traveler does not know where he came from."
19991,Consciousness is what makes the mind–body problem really intractable.
20028,"Justice could be cruel, and crueler yet necessity, but mercy was the cruelest thing of all."
20042,You are not what you seem.So many people have said that that I'm beginning to think that's precisely how I do seem. What is it I seem to be that you have now discovered that I'm not?
20045,"I had never believed I had a soul until then, when it laid bare a hurt more deep than any part of me could bear."
20050,"Even the devil gives some justice to his victims, when they're beyond all help."
20055,I began to suspect that the ultimate sacrifice isn't death after all; the ultimate sacrifice is willingly bearing the fullest penalty for your own actions.
20067,"When we intended to enjoy being cruel, we must transform our victim into either a beast or a god."
20083,"You are exactly what you seem, and so you always assume that other people are, too."
20092,Honesty always sounds like impudence to the vain and stupid.
20093,No man can bear to live with a woman who speaks nothing but the truth to him.
20103,"It never occurred to you that they might be flattering you, because you don't lie."
20108,That was the most terrible thing that a woman could to a decent man: look vulnerable and ask him for mercy. If he refused her he'd be denying all his instincts as a provider and protector.
20144,Only stupid men trying to seem smart need to be with dumb women. Only weak men trying to look strong are attracted to compliant women.
20156,"Nafai knew the rule: when a man acts like a child, he's boyish, and everyone's delighted; when a boy acts the same way, he's childish, and everyone tells him to be a man."
20180,He hated the way they thought. He hated the way they didn't think. It was hard to imagine which of them he hated more.
20181,What cannot be healed has been healed. What was lost forever has been found. Therefore let that which cannot be forgiven be forgiven.
20184,I believe in everything that seems true to me right now. I just refuse to be surprised when some of those things I believe in now turn out to be false later.
20189,Out of respect for custom he treats me as if all women were equally worthless. He gives custom more respect than he gives me.
20195,"I have no secret thoughts... Or rather, they're not secret because I've withheld them — if they're unknown, it's because no one asked."
