index,quote_text
0,"""Everything should be made simple as possible but no simpler."""
2,"We shall, therefore, assume the complete physical equivalence of a gravitational field and a corresponding acceleration of the reference system."
30,I have only two rules which I regard as principles of conduct. The first is: Have no rules. The second is: Be independent of the opinion of others.
40,My political ideal is Democratic ... Force always attracts men of low morality.
50,"That is simple, my friend. It is because Politics is more difficult than physics."
65,Small is the number of them that see with their own eyes and feel with their own hearts
66,Bureaucracy is the death of all sound work.
76,That is simple my friend: because politics is more difficult than physics.
79,"What is significant in one's own existence one is hardly aware, and it certainly should not bother the other fellow. What does a fish know about the water in which he swims all his life?"
96,"I speak to everyone in the same way, whether he is the garbage man or the president of the university."
99,As far as I'm concerned I prefer silent vice to ostentatious virtue.
125,"The basic laws of the universe are simple, but because our senses are limited, we can't grasp them. There is a pattern in creation."
141,"I want to know how God created this world. I'm not interested in this or that phenomenon, in the spectrum of this or that element. I want to know His thoughts, the rest are details."
144,I have nothing to say/ and I am saying it/ and that is poetry/ as I need it.
218,"I do not pretend to start with precise questions. I do not think you can start with anything precise. You have to achieve such precision as you can, as you go along."
220,"Mysticism is, in essence, little more than a certain intensity and depth of feeling in regard to what is believed about the universe."
243,"An irrational fear should never be simply let alone, but should be gradually overcome by familiarity with its fainter forms."
244,"Our words tend to conceal what is private and particular in our impressions, and to make us believe that different people live in a common world to a greater extent than is in fact the case."
246,It must not be supposed that the subjective elements are any less 'real' than the objective elements; they are only less important... because they do not point to anything beyond ourselves...
260,"Every man, wherever he goes, is encompassed by a cloud of comforting convictions, which move with him like flies on a summer day."
317,"I should say that the universe is just there, and that is all."
378,"To choose one sock from each of infinitely many pairs of socks requires the Axiom of Choice, but for shoes the Axiom is not needed."
386,Consistency is the last refuge of the unimaginative.
388,Most modern calendars mar the sweet simplicity of our lives by reminding us that each day that passes is the anniversary of some perfectly uninteresting event.
391,"We have really everything in common with America nowadays, except, of course, language."
403,I have the simplest tastes. I am always satisfied with the best.
406,"He to whom the present is the only thing that is present, knows nothing of the age in which he lives."
410,An idea that is not dangerous is unworthy of being called an idea at all.
412,She is not a subject.
438,"Truth, in the matters of religion, is simply the opinion that has survived."
448,"It is to do nothing that the elect exist. Action is limited and relative. Unlimited and absolute is the vision of him who sits at ease and watches, who walks in loneliness and dreams."
478,I can resist everything except temptation.
519,Only the shallow know themselves.
545,"When a man does exactly what a woman expects him to do she doesn't think much of him. One should always do what a woman doesn't expect, just as one should say what she doesn't understand."
552,"Well, I can't eat muffins in an agitated manner. The butter would probably get on my cuffs. One must eat muffins quite calmly, it is the only way to eat them."
565,"I love talking about nothing, father. It is the only thing I know anything about."
614,"A writer who takes political, social or literary positions must act only with the means that are his. These means are the written words."
615,"What I see is teeming cohesion, contained dispersal.... For him, to sculpt is to take the fat off space."
620,"I exist. It is soft, so soft, so slow. And light: it seems as though it suspends in the air. It moves."
632,"I exist, that is all, and I find it nauseating."
707,"I will not be modest. Humble, as much as you like, but not modest. Modesty is the virtue of the lukewarm."
760,This is a simple story of a battle; such a tale as may be told by a soldier who is no writer to a reader who is no soldier.
771,"Advice, n. The smallest current coin."
781,"Bore, n. A person who talks when you wish him to listen."
855,"Rational, adj. Devoid of all delusions save those of observation, experience and reflection."
868,"White, adj. and n. Black."
879,"Strive not for singularity in dress; Fools have the more and men of sense the less. To look original is not worth while, But be in mind a little out of style."
881,"If you would be accounted great by your contemporaries, be not too much greater than they."
884,If you want to read a perfect book there is only one way: write it.
888,The only distinction that democracies reward is a high degree of conformity.
937,"There is always a strong case for doing nothing, especially for doing nothing yourself."
942,"Thus I got into my bones the essential structure of the ordinary British sentence, which is a noble thing."
952,"We shall escape the absurdity of growing a whole chicken in order to eat the breast or wing, by growing these parts separately under a suitable medium."
955,"We know that he has, more than any other man, the gift of compressing the largest number of words into the smallest amount of thought."
977,"I never ""worry"" about action, but only about inaction."
989,"We have not journeyed all this way across the centuries, across the oceans, across the mountains, across the prairies, because we are made of sugar candy."
1001,I have nothing to add to the reply which has already been sent.
1013,I think 'No Comment' is a splendid expression. I am using it again and again.
1017,There is less there than meets the eye.
1048,Take away that pudding – it has no theme.
1090,"Helmer: First and foremost, you are a wife and mother.Nora: That I don't believe any more. I believe that first and foremost I am an individual, just as you are."
1110,Nothing is particularly hard if you subdivide it into small jobs.
1161,He's best at ease that meddleth least.
1176,"&nbsp;&nbsp;&nbsp;&nbsp;&nbsp;&nbsp;&nbsp;&nbsp;&nbsp;&nbsp;&nbsp;&nbsp; (They are) no more like, Than chalk is to cheese."
1203,What is mind?—No matter.What is matter?—Never mind.What is spirit?—That's quite immaterial.
1238,"All very fine, Mary; but my old-fashioned common sense is better than your clever modern nonsense."
1277,Decency is Indecency's Conspiracy of Silence.
1302,The secret of forgiving everything is to understand nothing.
1336,"I don't want to talk grammar, I want to talk like a lady."
1342,I have to live for others and not for myself; that's middle-class morality.
1407,"There is no problem so complicated that you can't find a very simple answer to it if you look at it right … Or put it another way, ""The future of computer power is pure simplicity."""
1410,We are stuck with technology when what we really want is just stuff that works.
1417,# Anything that is in the world when you're born is normal and ordinary and is just a natural part of the way the world works.
1423,Be content with your lot; one cannot be first in everything.
1441,Slow and steady wins the race.
1476,My brain: it's my second favorite organ.
1504,What has gotten into you lately? Save a little craziness for menopause!
1511,"Harry: The most beautiful words in the English language aren't ""I love you"" but ""it's benign."""
1569,It is simplicity that makes the uneducated more effective than the educated when addressing popular audiences.
1596,Buying the right computer and getting it to work properly is no more complicated than building a nuclear reactor from wristwatch parts in a darkened room using only your teeth.
1607,"In sports, the U.S. Open is not actually held because it's more efficient just to mail the check to Tiger Woods."
1612,• Roughly eight of these people understand the purpose of the turn signal.
1642,"By extensively studying all learning, and keeping himself under the restraint of the rules of propriety, one may thus likewise not err from what is right."
1643,"A man living without conflicts, as if he never lives at all."
1650,"There is nothing more visible than what is secret, and nothing more manifest than what is minute. Therefore the superior man is watchful over himself, when he is alone."
1652,"Perfect is the virtue which is according to the Mean! Rare have they long been among the people, who could practice it!"
1655,"The way of the superior man may be found, in its simple elements, in the intercourse of common men and women; but in its utmost reaches, it shines brightly through Heaven and Earth."
1662,"Sincerity is that whereby self-completion is effected, and its way is that by which man must direct himself."
1674,"Thus intrigues and conspiracies do not arise, and thievery and robbery do not occur; therefore doors need never be locked."
1696,"I am neither Whig nor Tory. My politics are described by one word, and that word is ENGLAND."
1751,"When little is done, little is said; silence is the mother of truth."
1796,"""My idea of an agreeable person,"" said Hugo Bohun, ""is a person who agrees with me."""
1803,The more you are talked about the less powerful you are.
1815,The sweet simplicity of the three per cents.
1821,The clergy are as like as peas.
1822,"A mollusk is a cheap edition with a suppression of the costlier illustrations, designed for dingy circulation, for shelving in an oyster-bank or among the seaweed."
1830,A sect or party is an elegant incognito devised to save a man from the vexation of thinking.
1875,"Do not yet see, that, if the single man plant himself indomitably on his instincts, and there abide, the huge world will come round to him."
1940,"Solitude, the safeguard of mediocrity, is to genius the stern friend."
2007,We do not count a man's years until he has nothing else to count.
2064,We do not count a man's years until he has nothing else to count.
2116,"About Jesus Christ and the Church, I simply know they're just one thing, and we shouldn't complicate the matter."
2167,"We are—proudly—a people with no sense of class or caste. We judge no man by his name or inheritance, but by what he does—and for what he stands."
2186,"There's only one trick in software, and that is using a piece of software that's already been written."
2210,"""So the idea of being able to explain something in a succinct form is such a cool thing, and it requires you to know a field so well."""
2245,A circle is a round straight line with a hole in the middle.
2307,"Whenever the literary German dives into a sentence, that is the last you are going to see of him till he emerges on the other side of his Atlantic with his verb in his mouth."
2313,"I have no color prejudices nor caste prejudices nor creed prejudices. All I care to know is that a man is a human being, and that is enough for me; he can't be any worse."
2328,I started out alone to seek adventures. You don't really have to seek them—that is nothing but a phrase—they come to you.
2351,Biographies are but clothes and buttons of the man — the biography of the man himself cannot be written.
2399,"An increase in the productivity of labour means nothing more than that the same capital creates the same value with less labour, or that less labour creates the same product with more capital."
2408,"Is a fixed income not a good thing? Does not everyone love to count on a sure thing? Especially every petty-bourgeois, narrow-minded Frenchman? the 'ever needy' man?"
2421,"Gold is now money with reference to all other commodities only because it was previously, with reference to them, a simple commodity."
2423,"Value, therefore, does not stalk about with a label describing what it is."
2430,"Each piece of money is a mere coin, or means of circulation, only so long as it actually circulates."
2459,"The entire process seems simple and natural, i.e., possesses the naturalness of a shallow rationalism."
2461,"A house sold by A to B does not wander from one place to another, although it circulates as a commodity."
2484,"Maybe you're afraid of sinking. Don't think about it. If you don't think about it, you won't sink. If you do, you will."
2507,"It doesn't matter whether the cat is black or white, as long as it catches mice."
2521,e should say: Causes almost identical take almost the same time to produce almost the same effects.
2534,"The office of the lawyer, however poorly filled, is too delicate, personal and confidential to be occupied by a corporation."
2552,"It is only the words of the bill that have presidential approval, where that approval is given. It is not to be supposed that in signing a bill the President endorses the whole Congressional Record."
2599,"I do not consider it an insult, but rather a compliment to be called an agnostic. I do not pretend to know where many ignorant men are sure — that is all that agnosticism means."
2639,A good farmer is nothing more nor less than a handy man with a sense of humus.
2681,Any fool can make a ruleAnd every fool will mind it.
2697,"The finest workers in stone are not copper or steel tools, but the gentle touches of air and water working at their leisure with a liberal allowance of time."
2716,"Simplify, simplify."
2718,Only that day dawns to which we are awake. There is more day to dawn. The sun is but a morning star.
2723,Man flows at once to God when the channel of purity is open.
2747,"Let a man take time enough for the most trivial deed, though it be but the paring of his nails. The buds swell imperceptibly, without hurry or confusion; as if the short spring days were an eternity."
2760,"In 1948 I addressed some students at Washington and Lee University, and in the question-answer period one young man observed with asperity, ""But it's easy for you to write. You've traveled."""
2772,"I was brought up in the great tradition of the late nineteenth century: that a writer never complains, never explains and never disdains."
2799,"When the Judgment Day comes civilization will have an alibi, ""I never took a human life, I only sold the fellow the gun to take it with."""
2829,Be thankful we're not getting all the government we're paying for.
2843,"There is no credit to being a comedian, when you have the whole Government working for you. All you have to do is report the facts. I don't even have to exaggerate."
2853,"That's one thing about Republican Presidents. They never went in much for plans. They only had one plan. It says ""Boys, my head is turned. Just get it while you can."""
2948,An Independent is someone who wants to take the politics out of politics.
2962,"France was built with swords. The fleur-de-lis, symbol of national unity, is only the image of a spear with three pikes."
2979,"The cabinet has no propositions to make, but orders to give."
2993,One does not decide the truth of a thought according to whether it is right-wing or left-wing.
3012,"I was assailed by memories of a life that wasn't mine anymore, but one in which I'd found the simplest and most lasting joys."
3023,I do not want to found anything on the incomprehensible. I want to know whether I can live with what I know and with that alone.
3025,Knowing whether or not one can live without appeal is all that interests me.
3028,The preceding merely defines a way of thinking. But the point is to live.
3030,A man is more a man through the things he keeps to himself than through those he says.
3045,The greatest saving one can make in the order of thought is to accept the unintelligibility of the world — and to pay attention to man.
3055,'At my age one's got to be sincere. Lying's too much effort.'
3056,"He kept the middle way, that's all: he was the type of man for whom one has an affection of the mild but steady order - which is the kind that wears best."
3109,"National Socialism derives from each of the two camps the pure idea that characterizes it, national resolution from bourgeois tradition; vital, creative socialism from the teaching of Marxism."
3119,We want a society with neither castes nor ranks and you must not allow these ideas to grow within you!
3126,Germany has no claims to make against the European nations except to live exactly like the others. ... What we have in mind is a legal order of European national states with equal rights.
3172,Six feet of land was all that he needed.
3191,"For us, with the rule of right and wrong given us by Christ, there is nothing for which we have no standard. And there is no greatness where there is not simplicity, goodness, and truth."
3207,Ivan Ilych's life had been most simple and most ordinary and therefore most terrible.
3242,"People try to do all sorts of clever and difficult things to improve life instead of doing the simplest, easiest thing—refusing to participate in activities that make life bad."
3254,A charity ball is like a dance except it's tax deductible.
3268,There's only one secret to bachelor cooking — not caring how it tastes.
3269,You can keep the dining room clean by eating in the kitchen.
3293,"Only one way to cover a story like this, and make that a double, bartender, please."
3299,The Australian language is easier to learn than boat talk. It has a vocabulary of about six words.
3323,"A careful reading of 50 Simple Things leaves you wondering whether you're going to die from environmental disaster or intellectual annoyance. Failing either, you can worry yourself to death."
3332,Human problems are complex. If something isn't complex it doesn't qualify as problematic. Very simple bad things are not worth troubling ourselves about.
3349,Sloths move at the speed of congressional debate but with greater deliberation and less noise.
3352,Traffic was like a bad dog. It wasn't important to look both ways when crossing the street; it was important to not show fear.
3359,Your money does not cause my poverty. Refusal to believe this is at the bottom of most bad economic thinking.
3382,Who the hell wants to hear actors talk?
3394,"At very best, a person wrapped up in himself makes a small package."
3403,"Women who insist on having the same options as men would do well to consider the option of being the strong, silent type."
3406,Being a woman is of special interest only to aspiring male transsexuals. To actual women it is simply a good excuse not to play football.
3412,"Children do not really need money. After all, they don't have to pay rent or send mailgrams."
3413,Ask your child what he wants for dinner only if he's buying.
3448,I drink no more than a sponge.
3482,Plain as the nose in a man's face.
3487,"It is meat, drink, and cloth to us."
3510,"When your process of extermination begins, let our deaths be as swift and painless as you can conveniently make them."
3513,"Exactly – you said ""often"" ('frequently') only once."
3516,"Yes, I am the Apostle of Simplicity. I am called Archibald the All-Right, for I am infallible."
3517,"Archibald: To understand this, it is not necessary to think of anything at all.Saphir: Let us think of nothing at all!"
3521,"The House of Peers, thoughout the warDid nothing in particularAnd did it very well."
3552,As innocent as a new-laid egg.
3580,Everything is explicable in the terms of the behavior of a small child.
3615,"You know how you speed up baseball? Everybody gets one swing. That's it, one swing, fuck you, you're out, sit down!"
3619,"You know the best thing about necrophilia? You don't have to bring flowers. Yeah, usually they're already there. Isn't that nice? It's nice. It's convenient."
3656,"Democratic man can understand the aims and aspirations of capitalism; they are, greatly magnified, simply his own aims and aspirations."
3671,"Platitude — An idea (a) that is admitted to be true by everyone, and (b) that is not true."
3714,"He slept more than any other President, whether by day or by night….He had no ideas, but he was not a nuisance."
3718,Isn't it better to talk about the relative merits of washing machines than the relative strength of rockets? Isn't this the kind of competition you want?
3760,How strangely will the Tools of a Tyrant pervert the plain Meaning of Words!
3815,"Books that you may carry to the fire, and hold readily in your hand, are the most useful after all."
3818,I never desire to converse with a man who has written more than he has read.
3820,Abstinence is as easy to me as temperance would be difficult.
3913,"Drawing on my fine command of the English language, I said nothing."
3935,"The psychological profiling is mostly the ability to shift levels of abstraction, from low level to high level. To see something in the small and to see something in the large."
3940,I define UNIX as 30 definitions of regular expressions living under one roof.
3941,I can&rsquo;t go to a restaurant and order food because I keep looking at the fonts on the menu.
3948,"By understanding a machine-oriented language, the programmer will tend to use a much more efficient method; it is much closer to reality."
3968,"If you want more effective programmers, you will discover that they should not waste their time debugging, they should not introduce the bugs to start with."
3971,"The purpose of abstracting is not to be vague, but to create a new semantic level in which one can be absolutely precise."
3977,Simplicity is prerequisite for reliability.
3984,Simplicity is a great virtue but it requires hard work to achieve it and education to appreciate it. And to make matters worse: complexity sells better.
3985,"Probably I am very naive, but I also think I prefer to remain so, at least for the time being and perhaps for the rest of my life."
4033,Never express yourself more clearly than you are able to think.
4036,"No, no, you are not thinking, you are just being logical."
4040,"If two equal weights have not the same centre of gravity, the centre of gravity of both taken together is at the middle point of the line joining their centres of gravity."
4044,In any triangle the centre of gravity lies on the straight line joining any angle to the middle point of the opposite side.
4045,The centre of gravity of any cylinder is the point of bisection of the axis.
4110,"She never spoke of her husband, nor of her childhood, her family, or her personal concerns. There was only one thing she never sold, and that was herself."
4145,"Blow the candle out, I don't need to see what my thoughts look like."
4151,"No, the only good was to be found in non-existence or, if one had to exist, in being a tree, a stone, or lower still, a grain of sand, for that cannot bleed under the heel of every passer-by."
4186,The only man who makes no mistakes is the man who never does anything.
4205,"We propose to make the process of constitutional amendment far easier, speedier, and simpler than at present."
4225,"We must ever judge each individual on his own conduct and merits, and not on his membership in any class, whether that class be based on theological, social, or industrial considerations."
4226,"The country is the place for children, and if not the country, a city small enough so that one can get out into the country."
4227,"The only safe rule is to promise little, and faithfully to keep every promise; to ""speak softly and carry a big stick."""
4259,The whole of arithmetic now appeared within the grasp of mechanism.
4260,"If all printers were determined not to print anything till they were sure it would offend nobody, there would be very little printed."
4270,"Do not anticipate trouble, or worry about what may never happen. Keep in the sunlight."
4273,"If you desire many things, many things will seem but a few."
4274,A penny saved is two pence clear.
4288,Here Skugg lies snugAs a bug in a rug.
4297,"Don't fight forces, use them."
4302,Thinking is a momentary dismissal of irrelevancies.
4330,"There are no solids. There are no things. There are only interfering and noninterfering patterns operative in pure principle, and principles are eternal. Principles never contradict principles. . . ."
4357,"There is only one thing which interests me vitally now, and that is the recording of all that which is omitted in books."
4399,I am against revolutions because they always involve a return to the status quo.
4433,For a long time I limited myself to one colour — as a form of discipline.
4435,People who try to explain pictures are usually barking up the wrong tree.
4443,"I only ask of the Government to be treated as all other men are treated. If I cannot go to my own home, let me have a home in a country where my people will not die so fast."
4448,"In fact, a sense of essence is, in essence, the essence of sense, in effect."
4452,Below Every Tangled Hierarchy Lies An Inviolate Level
4471,"To ask the hard question is simple,The simple act of the confused will."
4490,"Evil is unspectacular and always human,And shares our bed and eats at our own table."
4520,Out of the air a voice without a faceProved by statistics that some cause was justIn tones as dry and level as the place.
4565,"The countenances of children, like those of animals, are masks, not faces, for they have not yet developed a significant profile of their own."
4625,Never aim at more precision than... required by the problem...
4626,"I have no faith in precision: ...simplicity and clarity are values in themselves, but not... precision or exactness..."
4627,I do not believe in what is often called... 'exact '... in definitions... do not... add to exactness... I especially dislike pretentious terminology and... pseudo-exactness concerned with it.
4628,What can be said can and should always be said more and more simply and clearly.
4655,"Let me be clear. Our first line of defense is a simple message: Every group or nation must know, if they sponsor such attacks, our response will be devastating."
4690,"When I take action, I'm not going to fire a $2 million missile at a $10 empty tent and hit a camel in the butt. It's going to be decisive."
4700,"The peaceful transfer of authority is rare in history, yet common in our country. With a simple oath, we affirm old traditions and make new beginnings."
4772,"Now that I've got the will of the people at my back, I'm going to start enforcing the one-question rule. That was three questions."
4808,"Look, the key for me is to keep expectations low."
4844,"I miss being the commander in chief, and that's an easy question to answer. I love our military."
4924,People don't know what's good for them; they only know what they want. I learned to keep my expectations low a long time ago. It's good advice for anyone.
4952,It is surprising how long it takes to do a simple addition when your life depends on the answer.
4972,Eumenes showed little taste for elaborate protocols; he was far too intelligent for that.
4996,"Start with a planet like the earth, with a complement of simple compounds bound to exist upon it, add the energy of a nearby sun, and you are bound to end with nucleic acids. You can't avoid it."
5021,"Where any answer is possible, all answers are meaningless."
5027,"The undramatic fact is that I just think and think and think until I have something , and there is nothing marvelous or artistic about the phenomenon."
5038,"If one thing goes without saying, almost anything can."
5063,A robot must obey the orders given it by human beings except where such orders would conflict with the First Law.
5068,"Modesty is an unnatural attitude, and one which is only with difficulty taught to children."
5088,"Just you think first, and don't bother to speak afterward, either."
5150,"One should cultivate an innocence, an awareness of self, and an unselfconsciousness of self which leaves one nothing to hide."
5162,We abandoned the appearance of power to preserve the essence of it.
5177,Asceticism among a ruling class—except for public show—is very rare.
5193,The easiest way to solve a problem is to deny it exists.
5195,"If an interaction is too weak to be detectable or to exert influence in any way, then by any operational definition, it doesn't exist."
5233,"A man as he ought to be: that sounds to us as insipid as ""a tree as it ought to be."""
5243,"Do you pine for the nice days of minix-1.1, when men were men and wrote their own device drivers?"
5245,Portability is for people who cannot write new programs.
5253,"Only wimps use tape backup: real men just upload their important stuff on ftp, and let the rest of the world mirror it ;)"
5256,The main reason there are no raw devices is that I personally think that raw devices are a stupid idea.
5263,Talk is cheap. Show me the code.
5274,It was such a relief to program in user mode for a change. Not having to care about the small stuff is wonderful.
5283,"I think people can generally trust me, but they can trust me exactly because they know they don't have to."
5286,I don't ask for money. I don't ask for sexual favors. I don't ask for access to the hardware you design and sell. I just ask for the thing I gave you: source code that I can use myself.
5315,"I really hate big laptops. I can't understand people who lug around 15"" (or 17""!) monsters. The right weight for a laptop is 1kg, no more."
5317,WE DO NOT BREAK USERSPACE!
5327,On the internet nobody can hear you being subtle.
5328,&quot;the most important part of open source is that people are allowed to do what they are good at&quot; and &quot;all that stuff is just details and not really important.&quot;
5337,"Don't use ZFS. It's that simple. It was always more of a buzzword than anything else, I feel, and the licensing issues just make it a non-starter for me."
5366,"You don't need to hire a dog therapist, you just need to wake up at 7 am and open the fucking door!"
5377,"I've had this TV for 7 years, this is how it works. Power on - it comes on. Simple clicker, volume control - piece of piss. Works every time.... what the fuck's this? What am I doing? JACK!!"
5380,Nobody tells me fuck all!
5438,"I mean, I wouldn't pay more than a couple of quid to see me, and I'm me."
5450,"Mort isn't fashionable UK movie material -- there're no parts in it for Hugh or Emma, it's not set in Sheffield, and no one shoves drugs up their bum..."
5468,"Next comes the realist phase (""After all, from a purely geometrical point of view a cat is only a tube with a door at the top."")."
5469,"Everyone's heard of Erwin Schrodinger's famous thought experiment. You put a cat in a box with a bottle of poison, which many people would suggest is about as far as you need to go."
5473,"Everything makes sense a bit at a time. But when you try to think of it all at once, it comes out wrong."
5475,"Dodger lived in a world where nobody asked questions apart from: ""How much?"" and ""What's in it for me?"""
5480,If you wanted to be a successful urchin you needed to study how to urch. It was as simple as that.
5484,"And that was how Dodger and Simplicity got into Parliament, indeed with the cutthroat razor—and with a lie, which was fine, considering that's how so many people got into Parliament."
5546,"Any story that needs a critic to explain it, needs rewriting. A lucidly written, easily understood book is likely to escape critical attention."
5580,Forget the infinities: Concentrate on detail.
5601,"He's a computer. Perfect memory, rigid logic, no judgment. I forgot. I talked to him like a human being, and now—"
5633,Sometimes you just have to be satisfied with what you are.
5697,Salary is no object: I want only enough to keep body and soul apart.
5703,"The ones I like ... are ""cheque"" and ""enclosed."""
5708,There's a hell of a distance between wise-cracking and wit. Wit has truth in it; wise-cracking is simply calisthenics with words.
5711,How do they know? (Coolidge was known as a man who said very few words.)
5719,Brevity is the soul of lingerie.
5721,"Dotty hadGreat BigVisions ofQuietude.Dotty saw anAd, and itLeft herFlat.Dotty had aGreat BigSnifter of Cyanide.And that (said Dotty)Is that."
5728,"To quote the only line of Gertrude Stein's which I have ever been able to understand, ""It is wonderful how I am not interested."" p. 64"
5735,"There is one thing that appreciably eases the strain for the plays that arrive at this time of year, and that is that practically nothing is expected of them. p. 306"
5746,"The best state for human nature is that in which, while no one is poor, no one desires to be richer, nor has any reason to fear being thrust back by the efforts of others to push themselves forward."
5810,"There is no spirit-driven life force, no throbbing, heaving, pullulating, protoplasmic, mystic jelly. Life is just bytes and bytes and bytes of digital information."
5814,"I don't want to sound callous. I mean, even if I have nothing to offer, that doesn't matter, because that still doesn't mean that what anybody else has to offer therefore has to be true."
5857,"Some states, e.g. ""pregnant"", are all-or-none, no intermediates. But sexual abuse has shades of grey, from violent buggery to mild touching."
5925,"Impartiality is a pompous name for indifference, which is an elegant name for ignorance."
5927,The simplification of anything is always sensational.
5939,I object to a quarrel because it always interrupts an argument.
5989,"The academic mind reflects infinity, and is full of light by the simple process of being shallow and standing still."
6070,Simple and faithless as a smile and shake of the hand.
6094,"I have heard the key Turn in the door once and turn once only We think of the key, each in his prison Thinking of the key, each confirms a prison."
6105,This is the land which ye Shall divide by lot. And neither division nor unity Matters. This is the land. We have our inheritance.
6182,"Let me have none of your Popish stuff! Get away with you, good morning."
6246,He gives his harness bells a shake To ask if there is some mistake. The only other sound's the sweep Of easy wind and downy flake.
6269,"It asks a little of us here. It asks of us a certain height. So when at times the mob is swayed To carry praise or blame too far, We may take something like a star To stay our minds on and be staid."
6276,"She is as in a field a silken tent At midday when the sunny summer breeze Has dried the dew and all its ropes relent, So that in guys it gently sways at ease."
6335,"O! I do love thee, meek Simplicity!"
6342,"Only that film, which fluttered on the grate, Still flutters there, the sole unquiet thing."
6359,"What is an Epigram? a dwarfish whole,Its body brevity, and wit its soul."
6372,Nought cared this Body for wind or weather When and I lived in't together.
6407,Clothing the palpable and the familiarWith golden exhalations of the dawn.
6435,"It is a flat'ning Thought, that the more we have seen, the less we have to say."
6470,"You lie—under a mistake, For this is the most civil sort of lie That can be given to a man's face. I now Say what I think."
6513,"Be your strong and simple words Keen to wound as sharpened swords, And wide as targes let them be, With their shade to cover ye."
6578,To a body of infinite size there can be ascribed neither centre nor boundary... Thus the Earth no more than any other world is at the centre.
6616,It looks to me to be narrow and pedantic to apply the ordinary ideas of criminal justice to this great public contest. I do not know the method of drawing up an indictment against a whole people.
6671,"To execute laws is a royal office; to execute orders is not to be a king. However, a political executive magistracy, though merely such, is a great trust."
6706,"It cannot at this time be too often repeated; line upon line; precept upon precept; until it comes into the currency of a proverb, To innovate is not to reform."
6707,"Mere parsimony is not economy. Expense, and great expense, may be an essential part in true economy."
6708,"Economy is a distributive virtue, and consists not in saving but selection. Parsimony requires no providence, no sagacity, no powers of combination, no comparison, no judgment."
6716,We must not always judge of the generality of the opinion by the noise of the acclamation.
6738,Americans don't go around carrying guns with the idea they're using them to influence other Americans. There's no reason why on the street today a citizen should be carrying loaded weapons.
6744,"They say we offer simple answers to complex problems. Well, perhaps there is a simple answer — not an easy answer — but simple."
6777,I am not worried about the deficit. It is big enough to take care of itself.
6796,"Government's view of the economy could be summed up in a few short phrases: If it moves, tax it. If it keeps moving, regulate it. And if it stops moving, subsidize it."
6798,"The simple truth is, 'I don't remember — period.'"
6807,"We have found, in our country, that when people have the right to make decisions as close to home as possible, they usually make the right decisions."
6808,"When you see all that rhetorical smoke billowing up from the Democrats, well ladies and gentleman, I'd follow the example of their nominee; don't inhale."
6823,Dancing is like fucking... it doesn't matter how you look - just concentrate on how you feel.
6882,I am comfortable with my level of public discourse.
6883,"Pilots take no special joy in walking: pilots like flying. Pilots generally take pride in a good landing, not in getting out of the vehicle."
6915,"O fie, miss, you must not kiss and tell."
7046,the Cambridge ladies who live in furnished soulsare unbeautiful and have comfortable minds
7097,a million thousand hundred nothings seem —we are himself's own self;his very him
7105,"nothing is quite as easy as using words like somebody else. We all of us do exactly this nearly all of the time — and whenever we do it, we are not poets."
7122,Logic takes care of itself; all we have to do is to look and see how it does it.
7133,"The whole sense of the book might be summed up the following words: what can be said at all can be said clearly, and what we cannot talk about we must pass over in silence."
7150,A proposition is completely logically analyzed if its grammar is made completely clear: no matter what idiom it may be written or expressed in...
7153,"For remember that in general we don't use language according to strict rules — it hasn't been taught us by means of strict rules, either."
7155,But ordinary language is all right.
7166,The problems are dissolved in the actual sense of the word — like a lump of sugar in water.
7183,What we do is to bring words back from their metaphysical to their everyday use.
7187,"If I have exhausted the justifications, I have reached bedrock and my spade is turned. Then I am inclined to say: ""This is simply what I do."""
7201,115. If you tried to doubt everything you would not get as far as doubting anything. The game of doubting itself presupposes .
7218,Nothing is so difficult as not deceiving oneself.
7223,Nothing is so difficult as not deceiving oneself.
7226,A man will be imprisoned in a room with a door that's unlocked and opens inwards; as long as it does not occur to him to pull rather than push it.
7231,"If you want to go down deep you do not need to travel far; indeed, you don't have to leave your most immediate and familiar surroundings."
7252,I would really like to slow down the speed of reading with continual punctuation marks. For I would like to be read slowly. (As I myself read.)
7295,It all comes to this: the simplest way to be happy is to do good.
7311,"Sobriety, as opposed to inebriety and gluttony, is of admirable use in teaching men that nature is satisfied with a little, and enabling them to content themselves with simple and frugal fare."
7346,It is sometimes expedient to forget who we are.
7372,Never promise more than you can perform.
7384,"God looks at the clean hands, not the full ones."
7400,"Every person is responsible for only the good within his abilities, and for no more, and no one can tell whose sphere is the largest."
7441,"Decent easy men, who supinely enjoyed the gifts of the founder."
7447,"On the approach of spring I withdraw without reluctance from the noisy and extensive scene of crowds without company, and dissipation without pleasure."
7486,"""Blessed is the man who expects nothing, for he shall never be disappointed"" was the ninth Beatitude which a man of wit (who, like a man of wit, was a long time in gaol) added to the eighth."
7491,"Of Manners gentle, of Affections mild; In Wit, a Man; Simplicity, a Child."
7594,"Trust no future, howe'er pleasant!Let the dead Past bury its dead!Act, act in the living present!Heart within, and God o'erhead!"
7628,"Come, read to me some poem,Some simple and heartfelt lay,That shall soothe this restless feeling,And banish the thoughts of day."
7640,"Nothing useless is, or low;Each thing in its place is best;And what seems but idle showStrengthens and supports the rest."
7734,What's drinking?A mere pause from thinking!
7822,"As for me, by the blessing of indifference, I have simplified my politics into an utter detestation of all existing governments"
7862,"All service ranks the same with God,—With God, whose puppets, best and worst,Are we: there is no last nor first."
7873,"If you get simple beauty and naught else, You get about the best thing God invents."
7912,"When the liquor's out, why clink the cannikin?"
8046,Contented wi' little and cantie wi' mair.
8094,"Oft on the dappled turf at ease I sit, and play with similes, Loose types of things through all degrees."
8118,"A few strong instincts and a few plain rules, Among the herdsmen of the Alps, have wrought More for mankind at this unhappy day Then all the pride of intellect and thought?"
8127,The flower of sweetest smell is shy and lowly.
8128,"Lives there a man whose sole delights Are trivial pomp and city noise, Hardening a heart that loathes or slights What every natural heart enjoys?"
8137,Minds that have nothing to confer Find little to perceive.
8141,"A primrose by a river's brim A yellow primrose was to him, And it was nothing more."
8149,"&mdash; A simple child, That lightly draws its breath, And feels its life in every limb, What should it know of death?"
8184,"The good old rule Sufficeth them, the simple plan, That they should take, who have the power, And they should keep who can."
8187,"A Creature not too bright or good For human nature's daily food; For transient sorrows, simple wiles, Praise, blame, love, kisses, tears and smiles."
8208,"That heareth not the loud winds when they call, And moveth all together, if it moves at all."
8211,"For the gods approve The depth, and not the tumult, of the soul."
8325,"Let us be content to do little, if God sets us at little tasks. It is but pride and self-will which says, ""Give me something huge to fight, — and I should enjoy that — but why make me sweep the dust?"""
8329,"It is now almost my sole rule of life to clear myself of cants and formulas, as of poisonous Nessus shirts."
8345,I came hither solely with the design to simplify my way of life and to secure the independence through which I could be enabled to remain true to myself.
8385,"Sarcasm I now see to be, in general, the language of the Devil; for which reason I have, long since, as good as renounced it."
8502,"For other things mild Heav'n a time ordains,And disapproves that care, though wise in show,That with superfluous burden loads the day,And, when God sends a cheerful hour, refrains."
8583,"Ornate rhetoric thought out of the rule of Plato... To which poetry would be made subsequent, or indeed rather precedent, as being less subtle and fine, but more simple, sensuous, and passionate."
8609,"Such dainties to them, their health it might hurt;It's like sending them ruffles, when wanting a shirt."
8628,These little things are great to little man.
8658,"Man wants but little here below,Nor wants that little long."
8698,"To me more dear, congenial to my heart,One native charm, than all the gloss of art."
8718,We modest Gentlemen don't want for much success among the women.
8725,"On the stage he was natural, simple, affecting;'Twas only that when he was off he was acting."
8787,"When you have nothing to say, say nothing; a weak defense strengthens your opponent, and silence is less injurious than a bad reply."
8789,Imitation is the sincerest of flattery.
8804,"Many books require no thought from those who read them, and for a very simple reason; they made no such demand upon those who wrote them."
8814,Music tells no truths.
8893,"Man wants little, nor that little long."
8927,I honestly beleave it iz better tew know nothing than two know what ain't so.
8938,"I don't care how much a man talks, if he only says it in a few words."
8951,"If we would all ov us take kare ov our own souls, and let our nabors alone, thare would be less time lost, and more souls saved."
8962,"Genuine grief iz like penitence, not klamorous but subdued; sorrow from the hous tops and penitence in a market place shows more ambishun than piety."
8965,Thare are but dredful phew people who kan talk ten minnits tew yu without lugging into the conversashun their bak or stummuk akes.
9078,'Tis as cheap sitting as standing.
9093,"The best doctors in the world are Doctor Diet, Doctor Quiet, and Doctor Merryman."
9146,"Content thyself to be obscurely good. When vice prevails, and impious men bear sway, The post of honor is a private station."
9192,"Modesty is not only an ornament, but also a guard to virtue."
9207,"Method is not less requisite in ordinary conversation than in writing, provided a man would talk to make himself understood."
9225,"When men are easy in their circumstances, they are naturally enemies to innovations."
9292,Speaking much also is a sign of vanity; for he that is lavish in words is a niggard in deeds.
9340,"Let not Ambition mock their useful toil, Their homely joys, and destiny obscure; Nor Grandeur hear with a disdainful smile, The short and simple annals of the poor."
9350,"Far from the madding crowd's ignoble strife, Their sober wishes never learned to stray; Along the cool sequestered vale of life They kept the noiseless tenor of their way."
9353,"For who to dumb Forgetfulness a prey, This pleasing anxious being e'er resigned, Left the warm precincts of the cheerful day, Nor cast one longing ling'ring look behind?"
9376,"One country, one constitution, one destiny."
9421,"""I'm like a good clock,"" said Crayshaw, ""I neither gain nor lose. I can strike, too."""
9456,Never say more than is necessary.
9469,There's nothing like being used to a thing.
9472,I own the soft impeachment.
9554,The one great poem of New England is her Sunday.
9570,"Her reverence for the divine, her generosity, her inability not only to do wrong but even to conceive of doing it. And the simple way she lived—not in the least like the rich. (Hays translation)"
9577,"You see how few things you have to do to live a satisfying and reverent life? If you can manage this, that's all even the gods can ask of you. (Hays translation)"
9589,"Be not unwilling in what thou doest, neither selfish nor unadvised nor obstinate; let not over-refinement deck out thy thought; be not wordy nor a busybody."
9603,"Be straightforward. Look at things like a man, like a human being, like a citizen, like a mortal. (Hays translation)"
9604,Disturbance comes only from within—from our own perceptions. (Hays translation)
9609,"That which makes the man no worse than he was makes his life no worse: it has no power to harm, without or within."
9613,"Many the lumps of frankincense on the same altar; one falls there early and another late, but it makes no difference."
9618,"""Let your occupations be few,"" says the sage, ""if you would lead a tranquil life."""
9625,It needs to realize that what happens to everyone—bad and good alike—is neither good nor bad. (Hays translation)
9628,All that happens is as usual and familiar as the rose in spring and the crop in summer.
9634,Always take the short cut; and that is the rational one. Therefore say and do everything according to soundest reason.
9648,I do what is mine to do; the rest doesn't disturb me. (Hays translation)
9651,I consist of a little body and a soul.
9656,I can control my thoughts as necessary; then how can I be troubled? (Hays translation)
9668,"It is a base thing for the countenance to be obedient and to regulate and compose itself as the mind commands, and for the mind not to be regulated and composed by itself."
9669,"It is not right to vex ourselves at things, For they care not about it."
9677,"To live each day as though one's last, never flustered, never apathetic, never attitudinizing – here is perfection of character."
9684,"Look to the essence of a thing, whether it be a point of doctrine, of practice, or of interpretation."
9690,"To accept it without arrogance, to let it go with indifference. (Hays translation)"
9695,The cucumber is bitter? Then throw it out. There are brambles in the path? Then go around them. That's all you need to know. (Hays translation)
9696,No carelessness in your actions. No confusion in your words. No imprecision in your thoughts. (Hays translation)
9703,"Objective judgment, now, at this very moment. Unselfish action, now, at this very moment. Willing acceptance—now, at this very moment—of all external events. That's all you need. (Hays translation)"
9704,Blot out vain pomp; check impulse; quench appetite; keep reason under its own control.
9720,Waste no more time arguing what a good man should be. Be one.
9724,Only to the rational animal is it given to follow voluntarily what happens; but simply to follow is a necessity imposed on all.
9725,"To live your brief life rightly, isn't that enough? (Hays translation)"
9754,"In your actions, don't procrastinate. In your conversations, don't confuse. In your thoughts, don't wander. In your soul, don't be passive or aggressive. In your life, don't be all about business."
9851,"If all the Punjabis were to die to the last man without killing, Punjab will be immortal. ... Offer yourselves as non-violent, willing sacrifices."
9857,"I do not want people to be very agreeable, as it saves me the trouble of liking them a great deal."
9877,I would recommend to her and Mr. D. the simple regimen of separate rooms.
9898,"I speak what appears to me the general opinion; and where an opinion is general, it is usually correct."
9909,Ah! there is nothing like staying at home for real comfort.
9918,How small the vastest of human catastrophes may seem at a distance of a few million miles.
9938,"Marguerite, joyfully: ""We are ourselves, my dear, we are ourselves. Well never be anyone else."""
9948,"Great and strange ideas transcending experience often have less effect upon men and women than smaller, more tangible considerations."
9973,Pippa' Passworthy: This little upset across the water doesn't mean anything. Threatened men live long and threatened wars never occur.
10025,I believe Buddhism to be a simplification of Hinduism and Islam to be a simplification of Xianity.
10034,"""Everything"" is a subject on which there is not much to be said."
10063,"The safest road to Hell is the gradual one — the gentle slope, soft underfoot, without sudden turnings, without milestones, without signposts."
10159,"It wasn't by accident that the Gettysburg address was so short. The laws of prose writing are as immutable as those of flight, of mathematics, of physics."
10161,Easy writing makes hard reading.
10162,Scott took LITERATURE so solemnly. He never understood that it was just writing as well as you can and finishing what you start.
10186,That is all there is to the story. Catherine died and you will die and I will die and that is all I can promise you.
10229,A writer should write what he has to say and not speak it.
10244,"You can have true affection for only a few things in your life, and by getting rid of material things, I make sure I won't waste mine on something that can't feel my affection."
10253,'You're going to write straight and simple and good now. That's the start.What if I'm not straight and simple and good? Do you think I can write that way?Write how you are but make it straight.'
10283,But think that we Are but turned aside to sleep.
10350,"Adults are only less superstitious than children in proportion as they have more power over their environment. In predicaments where everyone is powerless (eg war, gambling) everyone is superstitious"
10363,"In nearly seventy pages, it is astonishing how little he says, and how impressively he says it."
10489,"If the doors of perception were cleansed, everything would appear to man as it is: infinite."
10498,All wholesome food is caught without a net or a trap.
10613,"A person's a person, no matter how small."
10656,"Most anthologists of poetry or quotations are like those who eat cherries or oysters, first picking the best and ending by eating everything."
10666,"Truth is ever to be found in simplicity, and not in the multiplicity and confusion of things."
10670,"Geometrical Speculations have just as much Elegancy as Simplicity, and deserve just so much praise as they can promise Use."
10672,In my Judgment no Lines ought to be admitted into plain Geometry besides the right Line and the Circle.
10734,"There are still lynchings. And while we don't use ropes anymore, there are more efficient ways of doing it."
10812,"Sleep came to them, quick and easy, like money to millionaires. (p261)"
10844,"TCP implementations will follow a general principle of robustness: be conservative in what you do, be liberal in what you accept from others."
10865,"The bigger the crowd, the more negligible the individual."
10882,"A talent is formed in stillness, a character in the world's torrent."
10923,You really only know when you know little. Doubt grows with knowledge.
11032,There's no need to build a labyrinth when the entire universe is one.
11037,Every novel is an ideal plane inserted into the realm of reality.
11062,The geometry of Tlön comprises two somewhat different disciplines: the visual and the tactile. The latter corresponds to our own geometry and is subordinated to the first.
11066,"I thought that a man can be an enemy of other men, of the moments of other men, but not of a country: not of fireflies, words, gardens, streams of water, sunsets."
11072,"My undertaking is not difficult, essentially... I should only have to be immortal to carry it out."
11092,"Quiet minds cannot be perplexed or frightened but go on in fortune or misfortune at their own private pace, like a clock during a thunderstorm."
11114,"The difficulty of literature is not to write, but to write what you mean; not to affect your reader, but to affect him precisely as you wish."
11119,A faculty for idleness implies a catholic appetite and a strong sense of personal identity.
11141,Sanity itself is a kind of convention.
11191,"Wealth I ask not, hope nor love,Nor a friend to know me;All I ask, the heaven aboveAnd the road below me."
11215,"In proportion as a man's interests become humane and his efforts rational, he appropriates and expands a common life, which reappears in all individuals who reach the same impersonal level of ideas."
11216,"Most men's conscience, habits, and opinions are borrowed from convention and gather continual comforting assurances from the same social consensus that originally suggested them."
11245,The living have never shown me how to live.
11268,By a small sample we may judge of the whole piece.
11286,Plain as the nose on a man's face.
11289,"Bell, book, and candle."
11301,"Give me but that, and let the world rub; there I'll stick."
11304,Thank you for nothing.
11308,Let every man mind his own business.
11315,"The ease of my burdens, the staff of my life."
11322,"I never thrust my nose into other men's porridge. It is no bread and butter of mine; every man for himself, and God for us all."
11323,A close mouth catches no flies.
11379,"He is as like one, as one egg is like another."
11406,"They had best not stir the rice, though it sticks to the pot."
11493,"If you want to program in C, program in C. It's a nice language. I use it occasionally..."
11500,Let's say the docs present a simplified view of reality...
11510,You want it in one line? Does it have to fit in 80 columns?
11518,It's there as a sop to former Ada programmers.
11520,Just don't create a file called -rf.
11525,"There are many times when you want it to ignore the rest of the string just like atof() does. Oddly enough, Perl calls atof(). How convenient."
11535,"Just don't compare it with a real language, or you'll be unhappy..."
11536,Lispers are among the best grads of the Sweep-It-Under-Someone-Else's-Carpet School of Simulated Simplicity. &#91;Was that sufficiently incendiary?&#93;
11543,"Well, enough clowning around. Perl is, in intent, a cleaned up and summarized version of that wonderful semi-natural language known as'Unix'."
11544,"Anyway, there's plenty of room for doubt. It might seem easy enough, but computer language design is just like a stroll in the park.Jurassic Park, that is."
11556,Not that I have anything much against redundancy. But I said that already.
11557,They can always run stderr through uniq.
11587,Sometimes we choose the generalization. Sometimes we don't.
11588,"I wouldn't ever write the full sentence myself, but then, I never use goto either."
11589,"It's appositival, if it's there. And it doesn't have to be there. And it's really obvious that it's there when it's there."
11593,"It would be possible to optimize some forms of goto, but I haven't bothered."
11597,"You tell it that it's indicative by appending $!. That's why we made $! such a short variable name, after all."
11600,"If you're going to define a shortcut, then make it the base &#91;sic&#93; darn shortcut you can."
11608,And we can always supply them with a program that makes identical files into links to a single file.
11612,"Anyway, my money is still on use strict vars . . ."
11618,Just don't make the '9' format pack/unpack numbers...
11619,I think that's easier to read. Pardon me. Less difficult to read.
11621,"Well, you can implement a Perl peek() with unpack('P',..). Once you have that, there's only security through obscurity."
11623,"As pointed out in a followup, Real Perl Programmers prefer things to be visually distinct."
11633,There's something to be said for returning the whole syntax tree.
11636,The code also assumes that it's difficult to misspell 'a' or 'b'.
11637,"Well, hey, let's just make everything into a closure, and then we'll have our general garbage collector, installed by 'use less memory'."
11651,Portability should be the default.
11654,Almost nothing in Perl serves a single purpose.
11659,Perl will always provide the null.
11667,Perl should remain fast and intuitive (to the extent that it is :-)
11669,"Just put in another goto, and then it'll be readable."
11672,"&nbsp;&nbsp;&nbsp;&nbsp;print rand rand rand 1, '\n'; # interesting distribution"
11673,": I could understand principles of Perl source in 2-3 days &#91;. . .&#93;Gee, it took me about eleven years."
11691,"On the plus side, it's a lot easier in general to find /usr/include than cpp."
11696,One operator is no big deal. That can be fixed in a jiffy.
11703,Symmetry is overrated. Overrated is symmetry.
11705,"That being said, I think we should immediately deprecate any string concatenation that combines '19' with '99'."
11716,"#define NULL 0 /* silly thing is, we don't even use this */"
11725,"echo $package has manual pages available in source form.echo 'However, you don't have nroff, so they're probably useless to you."
11736,"if (instr(buf,sys_errlist&#91;errno&#93;)) /* you don't see this */"
11738,"/* This bit of chicanery makes a unary function followed by a parenthesis into a function with one argument, highest precedence. */"
11745,"Perl is designed to give you several ways to do anything, so consider picking the most readable one."
11752,How do you type it? With your keyboard.
11755,"As a linguist, I don't think of Ada as a big language. Now, English and Japanese, those are big languages. Ada is just a medium-sized language."
11764,"Easy things should be easy, and hard things should be possible."
11772,"It is enough to ask somebody for his weapons without saying 'I want to kill you with them', because when you have his weapons in hand, you can satisfy your desire."
11780,How can you thank a man for giving you what's already yours? How then can you thank him for giving you only part of what's already yours?
11823,They will explain themselves — as all poems should do without any comment.
11826,"Poetry should be great and unobtrusive, a thing which enters into one's soul, and does not startle it or amaze it with itself, but with its subject."
11838,I have nothing to speak of but my self-and what can I say but what I feel
11894,"And lucent syrops, tinct with cinnamon."
11941,"He knew that women appreciated neither irony nor sarcasm, but simple jokes and funny stories. He was amply provided with both."
11954,He had doubts about the utility of examination on subjects which had been crammed for the occasion. He wanted common sense.
11984,I don't think of the past. The only thing that matters is the everlasting present.
11993,But who can fathom the subtleties of the human heart? Certainly not those who expect from it only decorous sentiments and normal emotions.
12055,"Things were easier for the old novelists who saw people all of a piece. Speaking generally, their heroes were good through and through, their villains wholly bad."
12056,"It was not till quite late in life that I discovered how easy it is to say: ""I don't know."""
12058,Sentimentality is only sentiment that rubs you up the wrong way.
12059,"At a dinner party one should eat wisely but not too well, and talk well but not too wisely."
12069,You can't learn too soon that the most useful thing about a principle is that it can always be sacrificed to expediency.
12087,And silence sounds no worse than cheers After earth has stopped the ears.
12116,The lesson one can learn from Firbank is that of inconsequence. There is the vein which he tapped and which has not yet been fully exploited.
12155,"An idea is nothing, its implementation everything."
12175,Rules necessary for definitions. Not to leave any terms at all obscure or ambiguous without definition; Not to employ in definitions any but terms perfectly known or already explained.
12176,Rules necessary for axioms. Not to demand in axioms any but things perfectly evident.
12182,"I make no doubt... that these rules are simple, artless, and natural."
12265,I believe that saying a thing is to keep its virtues and take away its terror.
12288,I never go to where's a risk. I'm frightened of dangers down to boredom.
12316,Who am I to myself? Just a feeling of mine.
12317,"I will necessarily say what it seems to me, given that I'm me."
12318,"Direct experience is the evasion, or hiding place of those devoid of imagination."
12323,Destiny gave me only two things: a few accounting books and the gift of dreaming.
12327,Enthusiasm is rude.
12334,"Tedium is the lack of a mithology. To whom has no beliefs, even doubt is impossible, even skepticism has no strength to suspect."
12365,I exempt you of being present in my idea of you.
12368,I don't write in Portuguese. I write myself.
12373,Property isn't theft: it's nothing.
12402,All you need for a movie is a gun and a girl.
12442,Tears do not burn except in solitude.
12452,"I like thought which preserves a whiff of flesh and blood, and I prefer a thousand times an idea rising from sexual tension or nervous depression to empty abstraction."
12501,"Nothing surpasses the pleasures of idleness: even if the end of the world were to come, I would not leave my bed at an ungodly hour."
12545,"I find in myself as much evil as in anyone, but detesting action — mother of all vices — I am the cause of no one's suffering."
12616,"Never to have occasion to take a position, to make up one's mind, or to define oneself — there is no wish I make more often."
12624,I foresee the day when we shall read nothing but telegrams and prayers.
12664,"When you have understood that nothing is, that things do not even deserve the status of appearances, you no longer need to be saved, you are saved, and miserable forever."
12694,"As the years pass, the number of those we can communicate with diminishes. When there is no longer anyone to talk to, at last we will be as we were before stooping to a name."
12705,"Once we reject lyricism, to blacken a page becomes an ordeal: what's the use of writing in order to say exactly what we had to say?"
12713,"It is a great force, and a great fortune, to be able to live without any ambition whatever. I aspire to it, but the very fact of so aspiring still participates in ambition."
12732,There is nothing to say about anything. So there can be no limit to the number of books.
12751,We have convictions only if we have studied nothing thoroughly.
12772,"I feel effective, competent, likely to do something positive only when I lie down and abandon myself to an interrogation without object or end."
12784,"How can you know if you are in the truth? The criterion is simple enough: if others make a vacuum around you, there is not a doubt in the world that you are closer to the essential than they are."
12786,"The state of health is a state of nonsensation, even of nonreality. As soon as we cease to suffer, we cease to exist."
12794,"Everything is nothing, including the consciousness of nothing."
12823,"The surest means of not losing your mind on the spot: remembering that everything is unreal, and will remain so..."
12847,"If I were asked to summarize as briefly as possible my vision of things, to reduce it to its most succinct expression, I should replace words with an exclamation point, a definitive !"
12876,"Mathematics knows no races or geographic boundaries; for mathematics, the cultural world is one country."
12882,Keep computations to the lowest level of the multiplication table.
12892,I like my coffee like I like my women... in a plastic cup.
12907,"If you just take out urinals, then everyone can use them. You can solve it right now. Just rip them all out. Lets share so everyone is equal. It gets rid of so many things in one fell swoop."
12913,"I prefer she/her, don't mind he/him, and I'm going to be relaxed about it. It's not the time for fighting each other on this."
12932,Sin and love and fear are just sounds that people who never sinned nor loved nor feared have for what they never had and cannot have until they forget the words.
12933,"People to whom sin is just a matter of words, to them salvation is just words too."
13001,Do nothing till thou hast well considered the end of it.
13021,With the smile that was childlike and bland.
13023,"Which I wish to remark,— And my language is plain,—That for ways that are dark And for tricks that are vain,The heathen Chinee is peculiar."
13076,"Blessed is the man who, having nothing to say, abstains from giving us wordy evidence of the fact."
13099,"""I like breakfast-time better than any other moment in the day,"" said Mr. Irwine. ""No dust has settled on one's mind then, and it presents a clear mirror to the rays of things""."
13104,It is well known to all experienced minds that our firmest convictions are often dependent on subtle impressions for which words are quite too coarse a medium.
13130,More helpful than all wisdom is one draught of simple human pity that will not forsake us.
13134,"Do we not wile away moments of inanity or fatigued waiting by repeating some trivial movement or sound, until the repetition has bred a want, which is incipient habit?"
13164,"Sane people did what their neighbors did, so that if any lunatics were at large, one might know and avoid them."
13273,Music...is inarticulate poesy.
13303,"Whate'er he did, was done with so much ease,In him alone 'twas natural to please."
13367,"My next desire is, void of care and strife,To lead a soft, secure, inglorious life:A country cottage near a crystal flood,A winding valley, and a lofty wood."
13405,"So noiseless would I live, such death to find:Like timely fruit, not shaken by the wind,But ripely dropping from the sapless bough."
13416,"The feeble old, indulgent of their ease."
13421,"No fences parted fields, nor marks nor boundsDistinguish'd acres of litigious grounds."
13443,"His corn and cattle were his only care,And his supreme delight a country fair."
13483,"Give me, ye gods, the product of one field,That so I neither may be rich nor poor;And haying just enough, not covet more."
13484,"All was common, and the fruitful earthWas free to give her unexacted birth."
13559,"In easy dialogues is Fletcher's praise:He moved the mind, but had not pow'r to raise."
13570,"The rest to some faint meaning make pretence,But Shadwell never deviates into sense."
13593,"'Tis not indeed my talent to engageIn lofty trifles, or to swell my pageWith wind and noise."
13735,"Deceit is this world's passport: who would dare,However pure the breast, to lay it bare?"
13769,"In this our social state, where petty caresAnd mercenary interests only lookUpon the present's littleness, and shrinkFrom the bold future, and the stately past,—"
13795,—to enjoy yourself is the easy method to give enjoyment to others; ...
13818,"English people ... never speak, excepting in cases of fire or murder, unless they are introduced."
13865,"Just two or three sweet chords, that seemedAn echo of thy tone,—The cushat's song was on the windAnd mingled with thine own."
13874,"A single grave! —the only oneIn this unbroken ground,Where yet the garden leaf and flowerAre lingering around."
13947,Oh ! never should a woman's words be moreThan sighs which have found utterance.
14001,"... we English people delight in a moral — not a moral to be deduced or inferred, but a nice, rounded, little moral, in all the starch of set sentences, and placed just at the end,"
14116,"Weep not that the world changes—did it keepA stable, changeless state, 'twere cause indeed to weep."
14150,"I learned have, not to despise, What ever thing seemes small in common eyes."
14203,Studious of ease and fond of humble things.
14215,"Equity knows no difference of sex. In its vocabulary the word man must be understood in a generic, and not in a specific sense."
14262,"Because I was lazy, I'd adopted the philosophy that things just happen."
14274,It was insulting to be told not to take too much of something you didn't really want in the first place.
14319,"Cultivate simplicity or rather should I say banish elaborateness, for simplicity springs spontaneous from the heart."
14324,"Separate from the pleasure of your company, I don't much care if I never see a mountain in my life."
14328,"A good-natured woman...which is as much as you can expect from a friend's wife, whom you got acquainted with a bachelor."
14348,"Neat, not gaudy."
14369,It argues an insensibility.
14372,"When I am not walking, I am reading;"
14375,Books which are no books.
14397,Thinking is to me the greatest fatigue in the world.
14416,By all means use sometimes to be alone.
14417,"By no means run in debt: take thine own measure.Who cannot live on twenty pound a year,Cannot on forty."
14460,"'Shitty things are always simple. Same as great things. Patrick Standish, in conversation.'"
14465,hat's the point of growing a beard if you're not going to be a little bit free and easy?
14466,"That stuff you read didn't condition you, you chose it because it was what you wanted to hear."
14486,"No, Travaglio kills no one. With a knife. He uses a weapon much more refined and unendictable in court: the archive."
14497,Burn not thy fingers to snuff another man's candle.
14507,Neither go to a wedding nor a christening unbid.
14519,People's opinions of themselves are commonly legible in their countenances.
14526,"Thoughts take up no room. When they are right, they afford a portable pleasure, which one may travel with, without any trouble or encumbrance."
14569,"By the same proportion that a penny saved is a penny gained, the preserver of books is a Mate for the Compiler of them."
14575,One that will not plead that cause wherein his tongue must be confuted by his conscience.
14604,"American Gods is about 200,000 words long, and I'm sure there are words that are simply in there 'cause I like them. I know I couldn't justify each and every one of them."
14608,"I tweet, therefore my entire life has shrunk to 140 character chunks of instant event and predigested gnomic wisdom. And swearing."
14634,"It was England in the autumn; the sun was, by definition, something that only happened when it wasn't cloudy or raining."
14651,"I went away in my head, into a book. That was where I went whenever real life was too hard or too inflexible."
14657,"I grew up loving and respecting short stories. They seemed to me to be the purest and most perfect things people could make: not a word wasted, in the best of them."
14673,He said nothing: seldom do those who are silent make mistakes.
14716,"True heroism is remarkably sober, very undramatic. It is not the urge to surpass all others at whatever cost, but the urge to serve others at whatever cost."
14731,"For my part, I know nothing with any certainty, but the sight of the stars makes me dream in the same simple way as I dream about the black dots representing towns and villages on a map."
14734,"Here, under a stronger sun, I have found true what Pissarro said, and what Gauguin wrote to me as well, the simplicity, the lack of color, the gravity of great sunlight effects."
14741,"A place for everything, and everything in its place."
14754,"Do nothing, say nothing, and be nothing, and you'll never be criticized."
14784,An idea that is not dangerous is not worthy of being called an idea at all.
14821,"There is no power on earth, that can neutralize the influence of a high, pure, simple and useful life."
14831,Cast down your bucket where you are.
14837,I am colored but I offer nothing in the way of extenuating circumstances except the fact that I am the only Negro in the United States whose grandfather on the mother's side was not an Indian chief.
14857,"The thing that I do best is ""Be Here. Be Now""."
14865,Be yourself–but be all of you.
14878,Wars are not favourable to delicate pleasures.
14901,"Sometimes I believe that this less material life is our truer life, and that our vain presence on the terraqueous globe is itself the secondary or merely virtual phenomenon."
14935,"Music, when combined with a pleasurable idea, is poetry; music without the idea is simply music; the idea without the music is prose from its very definitiveness."
14936,"Yes, Heaven is thine; but thisIs a world of sweets and sours;Our flowers are merely—flowers."
14946,A carpet is the soul of an apartment.
14965,"Believe nothing you hear, and only one half that you see."
14973,"In no affairs of mere prejudice, pro or con, do we deduce inferences with entire certainty, even from the most simple data."
14988,"Perched upon a bust of Pallas, just above my chamber door,—Perched, and sat, and nothing more."
15050,"But is it not safer to adhere to a right pinciple, and trust to its consequences, than confide in the reasoning however specious in favor of a wrong one."
15077,"I wanted just a song to sing, and there came a certain point where I couldn't sing anything. So I had to write what I wanted to sing 'cos nobody else was writing what I wanted to sing."
15126,The most important thing to do in your life is to not interfere with somebody else's life.
15128,Let's not be too rough on our own ignorance; it's what makes America great!
15146,"I love the guitar, always have. I can relate to it a lot better than a saxophone."
15154,Do you think you are protecting somebody by taking away seven words?
15173,"My fundamental premise about the brain is that its workings—what we sometimes call ""mind""—are a consequence of its anatomy and physiology, and nothing more."
15207,Matter is composed chiefly of nothing.
15224,"A celibate clergy is an especially good idea, because it tends to suppress any hereditary propensity toward fanaticism."
15252,"A general problem with much of Western theology... is that the God portrayed is too small. It is a god of a tiny world and not a god of a galaxy, much less a universe."
15273,"Abu Hurayra reported that the Messenger of Allah, may Allah bless him and grant him peace, said, ""Part of the excellence of a person's Islam is his leaving alone what does not concern him."""
15288,"Abu Hurayra reported that the Prophet, may Allah bless him and grant him peace, said, ""Wealth is not from a lot of money. Wealth is the independence of the self."""
15297,"Anas reported that the Prophet, may Allah bless him and grant him peace, said, ""Make things easy for people and do not make them difficult. Give good news to people and do not frighten them away."""
15312,"Narrated Anas bin Malik: The Prophet said, ""A single endeavor (of fighting) in Allah's Cause in the forenoon or in the afternoon is better than the world and whatever is in it."""
15327,"...Do not betray, do not be excessive, do not kill a newborn child."
15368,The example of the five (daily) prayers is like that of a clear-water river flowing in front of your houses in which a person washes himself five times a day – cleansing him from all dirt.
15380,There should be neither harming nor reciprocating harm.
15435,"Throw no gyft agayne at the geuers head, For better is halfe a lofe than no bread."
15441,All thing is the woorse for the wearing.
15450,"The mo the merier, we all daie here and sée Ye, but the fewer the better fare (said hée)"
15493,Many small make a great.
15495,Better is halfe a lofe than no bread.
15498,Set all at sixe and seven.
15511,A peny for your thought.
15517,Small pitchers have wyde eares.
15539,The moone is made of a greene cheese.
15545,Enough is as good as a feast.
15558,"My goal is simple. It is a complete understanding of the universe, why it is as it is and why it exists at all."
15572,Equations are just the boring part of mathematics. I attempt to see things in terms of geometry.
15606,"I like pancakes, but I haven't got a closet full of them!"
15640,"That's all the motorcycle is, a system of concepts worked out in steel. There's no part in it, no shape in it, that is not out of someone's mind"
15644,The solutions all are simple—after you have arrived at them. But they're simple only when you know already what they are.
15657,Who really can forget the past? What else is there to know?
15665,"I think visual literacy and media literacy is not without value, but I think plain old-fashioned text literacy and mathematical literacy are much more powerful and flexible ways to organize your mind."
15745,"The Indian knew how to live without wants, to suffer without complaint, and to die singing."
15766,"In the United States, the majority undertakes to supply a multitude of ready-made opinions for the use of individuals, who are thus relieved from the necessity of forming opinions of their own."
15780,Every central government worships uniformity: uniformity relieves it from inquiry into an infinity of details.
15808,"""At present I would prefer not to be a little reasonable,"" was his mildly cadaverous reply."
15825,"At the penultimate moment, his words, his only ones, words wholly unobstructed in the utterance were these — ""God bless Captain Vere!"""
15829,"The deep structure that expresses the meaning is common to all languages, so it is claimed, being a simple reflection of the forms of thought."
15838,"The uniformity and obedience of the media, which any dictator would admire,"
15845,"Spectator sports make people more passive, because you're not doing them&mdash;you're watching somebody doing them."
15846,"... the stupefying effect spectator sports have in making people passive, atomized, obedient nonparticipants&mdash;nonquestioning, easily controlled and easily disciplined"
15887,Solitude may rust your words.
15923,"I miss the animal buoyancy of New York, the animal vitality. I did not mind that it had no meaning and no depth."
15929,"I have an attitude now that is immovable. I shall remain outside of the world, beyond the temporal, beyond all the organizations of the world. I only believe in poetry."
15934,"At a lecture I am asked to pronounce my name three times. I try to be slow and emphatic, ""Anaïs — Anaïs — Anaïs. You just say ""Anna"" and then add ""ees,"" with the accent on the ""ees."""
16037,"The Great Spirit is everywhere; He hears whatever is in our minds and our hearts, and it is not necessary to speak to Him in a loud voice."
16054,It was beautiful and simple as all truly great swindles are.
16070,No approximate words in a poem.
16095,"Some keep the Sabbath going to Church –I keep it, staying at Home –With a Bobolink for a Chorister –And an Orchard, for a Dome –"
16127,"he writings of Rudolf Clausius... through their simplicity, clarity, and... preciseness made me... dedicate myself... to the... laws of theory."
16137,I generally always turned my interest to questions which possibly lead to a simplification... of .
16143,A lot of learning canbe a little thing.
16323,The only business of the head in the world is to bow a ceaseless obeisance to the heart.
16328,"The creations of a great writer are little more than the moods and passions of his own heart, given surnames and Christian names, and sent to walk the earth."
16335,"The official designs of the Government, especially its designs in connection with postage stamps and coinage, may be described, I think, as the silent ambassadors of national taste."
16366,Nothing that we love over-muchIs ponderable to our touch.
16406,"Seek out reality, leave things that seem."
16421,Like a long-legged fly upon the streamHis mind moves upon silence.
16483,"Be sincere, be brief, be seated."
16506,"Long ago, I made up my mind that when things were said involving only me, I would pay no attention to them, except when valid criticism was carried by which I could profit. (14 January 1942)"
16538,"When we desire to confine our words, we commonly say they are spoken under the rose."
16557,"I intend no Monopoly, but a Community in Learning; I study not for my own sake only, but for theirs that study not for themselves."
16607,"What see we here? Forms, nothing more! Forms fill the brightest, strongest eye,We know not substance; 'mid the shades shadows ourselves we live and die."
16660,A film is its own thing and in an ideal world I think a film should be discovered knowing nothing and nothing should be added to it and nothing should be subtracted from it.
16678,You can either watch TV or you can make TV.
16684,"I believe the only reality is how we treat each other. The morality comes from the absence of any grander scheme, not from the presence of any grander scheme."
16707,"I like go to bed and get up early; in that, I am anti-Spanish."
16798,"The Romans were stern and dignified, living hard, frugal lives and adhering to the traditional Latin virtues, gravitas, pietas, simplicitas, and adultery."
16800,The Phoenicians employed an alphabet of twenty-one consonants. They left no literature. You can't be literary without a few vowels.
16821,"He believed you could reach the East by going west. That is true enough, if you don't overdo it. You can reach Long Island City by taking the ferry for Weehawken, but nobody does it on purpose."
16850,The first principle is that you must not fool yourself — and you are the easiest person to fool.
16867,The same equations have the same solutions
16881,"That's called monochromatic light, light of one color. ...I'm going to discuss all my phenomena for a while with light of one color, because it's simpler"
16886,"Light is something like raindrops — each little lump of light is called a photon — and if the light is all one color, all the ""raindrops"" are the same."
16888,"You will have to brace yourselves for this — not because it is difficult to understand, but because it is absolutely ridiculous: All we do is draw little arrows on a piece of paper — that's all!"
16901,"Some people say, ""How can you live without knowing?"" I do not know what they mean. I always live without knowing. That is easy. How you get to know is what I want to know."
16903,"The first principle is that you must not fool yourself, and you are the easiest person to fool."
16924,There are so many people who are arguing or fighting over issues which don't have much relevance. We must all realise it is not worth it.
16954,"I know how it's gonna be when I die. It's going to be no noise, you ain't going to hear people screaming. I'mma fade out."
17020,"If you ask me a question I don't know, I'm not going to answer."
17026,Pair up in threes.
17033,"Seek first God's Kingdom, that is, become like the lilies and the birds, become perfectly silent — then shall the rest be added unto you."
17068,"The greatest danger, that of losing one's own self, may pass off as quietly as if it were nothing; every other loss, that of an arm, a leg, five dollars, a wife etc., is sure to be noticed."
17078,When Christianity came into the world the task was simply to proclaim Christianity. The same is the case wherever Christianity is introduced into a country the religion of which is not Christianity.
17083,"Do not imagine that mathematics is hard and crabbed, and repulsive to common sense. It is merely the etherealization of common sense."
17108,Whom the gods notice they destroy. Be small...and you will escape the jealousy of the great.
17117,"This hypnagogic condition. Attention-faculty diminished so that twilight state obtains; world seen merely in symbolic, archetypal aspect, totally confused with unconscious material."
17119,"We do not have an ideal world, such as we would like, where morality is easy because cognition is easy. Where one can do right with no effort because he can detect the obvious."
17130,"I'm not much, but I'm all I have."
17158,"The unconscious is selective, when it learns what to listen for."
17210,Do we have anything in music for example that really wipes everything out? That just cleans everything away?
17248,All any drug amounts to is tweaking the incoming data. You have to be incredibly self-centered or pathetic to be satisfied with simply tweaking the incoming data.
17269,There was no need to do any housework at all. After four years the dirt doesn't get any worse.
17279,"The simplest comment on my book came from my ballet teacher. She said, ""I wish you hadn't made every line funny. It's so depressing."""
17282,He explained to me that he wanted a simple boy-meets-girl story with lyrics. This I felt was quite beyond my capabilities. I did not know any boys who met girls.
17283,I never understood music. It seemed to me to be the maximum amount of noise conveying the minimum amount of information.
17284,Mass-murderers are simply people who have had ENOUGH.
17287,Zen does not confuse spirituality with thinking about God while one is peeling potatoes. Zen spirituality is just to peel the potatoes.
17289,I have suggested that behind almost all myth lies the mono-plot of the game of hide-and-seek.
17306,"A person who thinks all the time has nothing to think about except thoughts. So he loses touch with reality, and lives in a world of illusion."
17333,"Aviators live by hours, not by days."
17349,"You give too much rein to your imagination. Imagination is a good servant, and a bad master. The simplest explanation is always the most likely."
17354,Two is enough for a secret.
17365,I do not argue with obstinate men. I act in spite of them.
17367,From a distance he had the bland aspect of a philanthropist.
17377,"Mon ami, if you wish to catch a rabbit you put a ferret into the hole, and if the rabbit is there he runs. That is all I have done."
17382,"'If one approaches a problem with order and method there should be no difficulty in solving it — none whatever,' said Pirot severely."
17401,"""Pilar — remember — nothing is so boring as devotion."""
17402,"""Yes, Mr. Lee."" Superintendent Sugden did not wast time on explanations. ""What's all this?"""
17432,He could have shot her from behind a hedge in the good old Irish fashion and probably got away with it.
17464,"But when investing money, keep, I beg of you, Hastings, strictly to the conservative."
17483,"We had three servants, which was a minimum then."
17498,"""Nothin'g sa'ys q'uality fantas'y l'ike misuse'd apos'tro'phes."""
17523,It's a sad thing that the march of time and evolution of mores can rob one of the ability to laugh at simple domestic abuse.
17562,The Reverend C. L. Dodgson had no life. He passed through the world so lightly that he left no print. He melted so passively into Oxford that he is invisible.
17575,No need to hurry. No need to sparkle. No need to be anybody but oneself.
17600,"Mrs Swithin took her knitting from the table. 'Did you feel,' she asked, 'what he said: we act different parts but are the same?'"
17607,Morgan has the artist's mind; he says the simple things that clever people don't say; I find him the best of critics for that reason. Suddenly out comes the obvious thing that one has overlooked.
17666,"When I'm hungry, I eat. When I'm thirsty, I drink. And when I feel like saying something, I just say it."
17701,We are all so simple at heart that we become unfathomable to one another.
17714,"I am at heart a propagandist, a tremendous hater, a tiresome nag, complacently positive that there is no human problem which could not be solved if people would simply do as I advise."
17725,Television is a great leveler. You always end up sounding like the people who ask the questions.
17732,"Apparently, a democracy is a place where numerous elections are held at great cost without issues and with interchangeable candidates."
17768,To achieve harmony in bad taste is the height of elegance.
17776,"As a way of maintaining relative intellectual independence, having the attitude of an amateur instead of a professional is a better course."
17785,"books are only what we want them to be; rather, what we read into them."
17833,A point is not part of a line.
17834,"The point, being indivisible, occupies no space. That which occupies no space is nothing. The limiting surface of one thing is the beginning of another."
17835,"That which has no limitations, has no form. The limitations of two conterminous bodies are interchangeably the surface of each. All the surfaces of a body are not parts of that body."
17876,"Such as harm is when it hurts me not, is good which avails me not."
17991,I give the degrees of things seen by the eye as the musician does of the sounds heard by the ear.
18092,"Under no circumstances must we touch land belonging to fellahs or worked by them. Only if a fellah leaves his place of settlement, should we offer to buy his land, at an appropriate price."
18121,Man must feel the earth to know himself and recognize his values... God made life simple. It is man who complicates it.
18136,"On all questions of principle, the party is not only Liberal, but clear grit in the real sense of the word.... pure sand without a particle of dirt in it!"
18142,Nothing is as simple as we hope it will be.
18158,"To accept anything on trust, to preclude critical application and development, is a grievous sin; and in order to apply and develop, ""simple interpretation"" is obviously not enough."
18191,"Abolition of the police, the army and the bureaucracy. The salaries of all officials, all of whom are elective and displaceable at any time, not to exceed the average wage of a competent worker."
18326,I don't think there is a need for an entity like God in my life.
18345,"If anybody asks me what I have accomplished, I will say all I have accomplished is that I have written a few good sentences."
18412,"A multitude of words is probably the most formidable means of blurring and obscuring thought. There is no thought, however momentous, that cannot be expressed lucidly in 200 words."
18457,"I am myself a Norfolk man, and I glory in being so."
18493,"We don't like mystery. You like mystery, 'cause it's not a mystery to you; you know when you're gonna get laid."
18549,"One does not ask of one who suffers: What is your country and what is your religion? One merely says: You suffer, that is enough for me..."
18568,"So long and take it easy, because if you start taking things seriously, it is the end of you."
18572,"All you do is head straight for the grave, a face just covers a skull awhile. Stretch that skull-cover and smile."
18594,"Soon I'll find the right words, they'll be very simple."
18618,I try to make concrete that which is abstract.
18673,"Make few resolutions, but keep them strictly."
18674,"Much reading is an oppression of the mind, and extinguishes the natural candle, which is the reason of so many senseless scholars in the world."
18678,"I have examined myself carefully. I could never bid chaos welcome, blow up bridges, and do away with ideas. I am not an anarchist."
18700,Most human beings have an almost infinite capacity for taking things for granted.
18705,Of course I base my characters partly on the people I know—one can't escape it—but fictional characters are oversimplified; they're much less complex than the people one knows.
18721,Several excuses are always less convincing than one.
18722,After silence that which comes nearest to expressing the inexpressible is music.
18728,The end cannot justify the means for the simple and obvious reason that the means employed determine the nature of the ends produced.
18770,George Bush calls his biggest fundraisers Rangers and Pioneers. We gather here today and we call ourselves simply Americans.
18782,"The Tao is like a bellows: it is empty yet infinitely capable. The more you use it, the more it produces; the more you talk of it, the less you understand."
18796,Every journey begins with a single step.
18814,I don't even have an E-mail address. I have reached an age where my main purpose is not to receive messages.
18842,"If we don't want to define ourselves by things as superficial as our appearances, we're stuck with the revolting alternative of being judged by our actions, by what we do."
18854,"I think I'm still clean living, you know?&nbsp; That's something, when I—I don't go home and have orgies or anything like that.&nbsp; I'm still the same person that I've always been.&nbsp; So…."
18891,"When asked, ""How do you write?"" I invariably answer, ""one word at a time."""
18895,"Ninety-five percent of people who walk the earth are simply inert. One percent are saints, and one percent are assholes. The other three percent are people who do what they say they can do."
18919,"Kids, the fiction is the truth inside the lie, and the truth of this fiction is simple enough: the magic exists."
18921,"Come on back and we'll see if you remember the simplest thing of all – how it is to be children, secure in belief and thus afraid of the dark."
18922,"The fears of children were simpler and usually more powerful. The fears of children could often be summoned up in a single face... and if bait were needed, why, what child did not love a clown?"
18969,Do what thou wilt shall be the whole of the Law.
18985,Acts which are essentially dishonourable must not be done; they would be justified only by calm contemplation of their correctness in abstract cases.
19018,"Often when looking at a mass of things for sale, he would say to himself, ""How many things I have no need of!"""
19021,Those who want fewest things are nearest to the Gods.
19026,1. Never give anything away for nothing. 2. Never give more than you have to (always catch the buyer hungry and always make him wait). 3. Always take back everything if you possibly can.
19058,Stupid people can learn a language quiet and easy because there is nothing going on in there to keep it out.
19088,"Amid the pressure of great events, a general principle gives no help."
19105,"I was brought up in a very logical place,"" said Linz, who had his bar mitzvah at Wilshire Boulevard Temple. ""But I think they would ."
19127,Please accept from me this unpretentious bouquet of very early-blooming parentheses: (((()))).
19191,"""The musical scale is a convention which circumscribes the area of potentiality and permits construction within those limits in its own particular symmetry."""
19207,There's only one way to have a happy marriage and as soon as I learn what it is I'll get married again.
19261,"Unlike the current occupant of the White House, he has no difficulty in orally extemporising a series of grammatical English sentences, each containing a main verb."
19303,zero tariffs and zero quotas
19358,"Give no answer to contentious arguments or irresponsible accusations. Let such things ""fly out open windows"" until they spend themselves."
19386,"Any group or ""collective,"" large or small, is only a number of individuals. A group can have no rights other than the rights of its individual members."
19397,A gun is not an argument.
19435,"The explanation for ""free software"" is simple — a person who has grasped the idea of ""free speech, not free beer"" will not get it wrong again."
19450,"A lot of people think of a computer as just a tool, and they don't ask themselves who decides what they can do with the tool and what they can't do with the tool."
19469,I long for poems of an inner harmony in utter contrast to the chaos in which they exist. Insofar as poetry has a social function it is to awaken sleepers by other means than shock.
19497,"Make your ego porous. Will is of little importance, complaining is nothing, fame is nothing. Openness, patience, receptivity, solitude is everything."
19500,"He reproduced himself with so much humble objectivity, with the unquestioning, matter of fact interest of a dog who sees himself in a mirror and thinks: there's another dog."
19534,If your house has Cold Mountain poemsThey are better for you than sutrasHang them up where you can see themRead them and read them again
19536,Do you have the poems of Han-shan in your house?They're better for you than sutra reading!Write them out and paste them on a screenWhere you can glance over them from time to time
19539,"Other than He cannot be qualified by two (opposite) qualities at one time; yet With Him they do not create opposition. He is hidden in His manifestation, manifest in His concealing."
19558,"It's simply to say that managers and investors alike must understand that accounting numbers is the beginning, not the end, of business valuation."
19583,"I eat like a normal 6-year-old, but if you look at the mortality statistics, I mean, 6-year-olds don't die very often."
19588,What I don't want to do is to go and buy a bunch of exotic-looking drums and set up an Afrikanische Musik in New York City.
19602,"Users do not care about what is inside the box, as long as the box does what they need done."
19603,"As far as the customer is concerned, the interface is the product."
19604,The system should treat all user input as sacred.
19606,A computer shall not waste your time or require you to do more work than is strictly necessary.
19608,An unlimited-length file name is a file. The content of a file is its own best name.
19610,"If I am correct, the use of a product based on modelessness and monoty would soon become so habitual as to be nearly addictive, leading to a user population devoted to and loyal to the product."
19612,Have you ever noticed that there are no Maytag user groups? Nobody needs a mutual support group to run a washing machine.
19618,"Simply stated, there is no doubt that Saddam Hussein now has weapons of mass destruction; there is no doubt that he is amassing them to use against our friends, against our allies, and against us."
19673,The most important things to say are those which often I did not think necessary for me to say — because they were too obvious.
19682,There is no feeling so simple that it is not immediately complicated and distorted by introspection.
19698,"""Congratulate me. I am going to Oz to get my brains at last. When I return I shall be as other men are.""""I have always liked you as you were,"" said Dorothy simply."
19708,"""If I'm going to starve, I'll do it all at once—not by degrees."""
19720,No detail is too minor to note.
19772,"""Until you can ignore your circumstances, and just do as you promise,"" he says, ""you'll always be controlled by the world."""
19792,Abolish competition and replace it with association.
19807,"I have learned, as a rule of thumb, never to ask whether you can do something. Say, instead, that you are doing it. Then fasten your seat belt. The most remarkable things follow."
19823,"Our strategy in going after this army is very simple. First we are going to cut it off, and then we are going to kill it."
19873,"The qualities of a second-rate writer can easily be defined, but a first-rate writer can only be experienced. It is just the thing in him which escapes analysis that makes him first-rate."
19891,"If Papists can be supposed to be as good subjects as others, they may be equally tolerated... If all subjects should be equally countenanced, & imployd by the Prince. the Papisthave an equall title."
19907,Government has no other end than the preservation of property.
19985,The Chinese do not draw any distinction between food and medicine.
20004,My music is best understood by children and animals.
20010,"Composers combine notes, that's all."
20029,"A dagger has only a single point, but a traitor cuts from anywhere."
20060,Adolescents never understand that the best way to avoid notice is to behave normally.
20065,"You never needed anybody.If you had ever bothered to come to know me, you'd know that that is the exact opposite of the truth.Well, well. So we part in utter ignorance of each other."
20097,"God's hand is strange to us. He cares nothing for the moment, nothing for the feeble ambitions of men and women. He sees the road that flows onward forever."
20105,"This man, though, was of that rare type that knew what he wanted but didn't want anything badly enough to demand it or beg for it or hurt anyone else in the process of getting it."
20107,She got out of the car in a smooth motion that found attractive precisely because it did not seem designed to make men watch her do it.
20146,"What does it matter if, by following my heart, I also fulfill someone else's plan?"
20191,"What difference does it make, whether we keep our silence because force us or because we're afraid they might force us?"
