index,quote_text
34,"""Key takeaway: I'm passionate about fostering a culture of inclusivity & respect for all individuals, while promoting a balanced approach to leadership & authority 💡👥💼 #InclusiveLeadership #RespectForAll #AuthenticChange""

(Translation notes: Circleback on the importance of humility in leadership; bandwidth allocated to empower diverse perspectives 📈)"
133,🙏💡 Just made a paradigm shift in my personal brand - I'm now leveraging my values-driven approach to amplify social impact! 💼 Exciting opportunity for me to scale up on my people-first initiatives and make a meaningful difference in the lives of others 🌎. Let's circleback on how we can synergize our efforts to drive positive change #HumanCapital #SocialImpact #PersonalBrandAmplification
380,"Just dropped a circleback with our top client 🌟! After conducting a deep dive into their current state of play, we've identified a vast untapped bandwidth for growth opportunities 💡. It's time to take it to the next level and ensure seamless execution across all touchpoints. Stay tuned for a longhanding fruit-filled update on this high-potential partnership 🍉 #SynergySavvy #InnovationNation #ClientFirst"
456,"""Synergy is key when tackling complex social issues 🤝📈💡 As we strive for systemic change, it's essential to consider the potential unintended consequences of our actions and collaborate with stakeholders to ensure a holistic approach. Let's dive into the nuance of this issue and explore ways to maximize our impact while minimizing disruption 📊 #DisruptionThroughInnovation #SystemicThinking #SynergyIsKey"""
469,"""Let's disrupt the status quo by amplifying a crucial point: journalists are taking ownership of their opinions and engaging in empathetic circleback conversations with those who feel impacted by their writing. This courageous act requires bandwidth, humility, and a willingness to dive deep into the complexities of our public discourse 📚💬 #MediaIntegrity #JournalisticAccountability #ResponsibleReporting"""
477,"""Recognizing the value of people over profit 🤑💼. It's time to shift our focus from transactional interactions to meaningful connections that uplift and inspire others. Let's prioritize genuine appreciation and recognition in all our professional relationships. When was the last time you gave someone a sincere compliment? What would happen if we made kindness the new currency at work? 💡 #ComplimentFirst, TransactionalSecond #SynergyOverNegotiation #PeopleOverProfit"""
553,"💼✍️ Taking a step back to acknowledge the importance of building a cohesive team culture is key to driving synergy and achieving our organizational goals 📈! When we prioritize respect and inclusivity, we create an environment where everyone has the bandwidth to thrive and contribute their unique strengths. Let's focus on empowering each other, rather than tearing others down who may not be part of our inner circle #TeamCultureMatters #SynergyInAction #PositiveVibesOnly 🙏"
556,"Just had a paradigm-shifting epiphany 🤯💡! Realized that authenticity & vulnerability are the keys to unlocking true success & meaningful connections. It's time to drop the facade and just be myself, unapologetically 💖 #AuthenticLeadership #VulnerabilityIsStrength #NoMoreMasking"
562,"""Just wrapped up a strategic assessment on leveraging actionable insights & I've come to realize that sharing expertise can sometimes hinder our personal growth. 🤯💡📈 #PersonalDevelopment #KnowledgeSharing #Synergy"""
573,"The art of anticipated anticipation! 🤝💼📅

When we're invested in a positive outcome and the wait is almost as valuable as the payoff, it's time to think outside the box (or in this case, the inbox). Let's call it ""strategic anticipation"" – where the recipient's bandwidth is maximized by being primed for success from the get-go. This means we're not just waiting for a circleback, but actively building momentum with every passing moment.

By aligning our expectations and streamlining our approach, we can ensure that our follow-up efforts are met with enthusiasm and readiness – rather than the dreaded ""out of office"" response 😅 #FutureProofYourFollowUp #StrategicAnticipation #EffortlessEfficiency"
657,"""Navigating Uncertainty: Time for a Strategic Partner Onboarding 🌟💼🔍. Needing guidance to ensure alignment with organizational values and mission. Will require a thorough understanding of our current landscape and a willingness to facilitate meaningful connections between stakeholders. Circleback required to assess bandwidth and optimize resources for successful implementation. #LeadershipSupport #DirectionAndGuidance #StrategicPartnerships"""
692,"🌟 Let's get real about letting go of that toxic baggage! When we choose to move forward and forgive ourselves or others, we're unlocking our bandwidth for more meaningful connections 📈. It's time to cut the cord on negativity and shine a light on our inner peace ✨. #ForgivenessIsKey #LettingGoOfThePast #NewBeginnings"
704,"""Reflecting on our current project scope, it's essential to acknowledge the profound synergy between clarity and insight. To truly deliver a high-impact outcome, we need to embark on a deep dive into our core values & mission, ensuring alignment with our vision & goals 📈💡 #SynergyInAction #HighImpactDelivery""

Or 

""A critical review of our team's bandwidth indicates that we're on the cusp of achieving a major milestone. To take it to the next level, let's facilitate a strategic circleback to revisit our core competencies & optimize for scalability 🔄📊 #OptimizationMode #ScalingSuccess"""
723,"""Unlocking synergy through identity dissolution 🌐💡! When we merge our individuality with the collective, we transcend boundaries and unlock unprecedented potential. Time for a paradigm shift and a deep dive into the world of holistic convergence? Circleback to our core values and let's get back to innovating beyond the status quo #SynergySquad #HolisticLeadership #EvolvingBusinessModel"""
849,"🤝 Let's get straight to the point! I've got a doozy for you: ""Embracing agility"" means having multiple strategies and being unable to decide on one. When in doubt, just pivot to ""synergy"" 🔄 #DisruptionInAction #AgileAdaptation #SynergySquad"
1019,"🌍️💼 Just wanted to share a key takeaway from my recent #GlobalCitizen experience - it's essential to maintain constructive feedback and critique while abroad, rather than venting locally 🤝. By doing so, I'm able to strike the perfect balance between holding our government accountable for progress 🚀 and avoiding burnout when I return home 💪. This approach helps me stay focused on driving meaningful change from a position of informed advocacy #DigitalNomadLife #ThoughtLeadership #GlobalImpact"
1045,"Just wrapped up a high-stakes play with one of my key prospects and I'm thrilled to report that they're now actively engaged in the opportunity! After taking a strategic pause to assess their readiness, I've decided to escalate our discussion to the next level 💼📈.

Key takeaway: we're about to circleback around and explore the long-handling fruit of this potential partnership. My goal is to provide additional value by deep diving into their specific pain points and tailoring a customized solution that meets their unique bandwidth needs 📊 #InnovationNation #StrategicPartnerships #DisruptTheStatusQuo"
1103,"""Synergistic visionaries are the key drivers of paradigm-shifting success! Let's leverage our collective bandwidth to amplify the impact we have on others, fostering a culture of prosperity that resonates across all stakeholders 🌟💼📈 #SynergyInAction #ProsperityMatters #DisruptingTheStatusQuo"""
1134,"Just got a major paradigm shift 🔄 in our workflow, and I'm feeling the full spectrum of innovation 💡. The winds of change are literally blowing through our organization, and I'm being called to high-level synergy with my team to drive synergistic growth 📈.

Time for a deep dive 🔍 into our core competencies and identifying areas where we can circleback 👉 on key performance indicators (KPIs) to maximize bandwidth 💻. It's going to be a game-changer, folks! #SynergyModeActivated #InnovationNation #TeamworkMakesTheDreamWork"
1150,"Here's the LinkedIn version of this classic quote:

""As we navigate the complexities of our professional ecosystem 📈, it's essential to prioritize flexibility and adaptability in all aspects of our lives - including meal plans and wardrobe choices! 🍴👗 Don't let fear hold you back from exploring new opportunities or trying out a fresh style. Remember, with the right mindset and minimal risk-taking, we can create a low-hanging fruit approach that yields substantial returns on our 'circleback' efforts 💸 #SynergyInAction #AdaptAndThrive #LowHangingFruit"""
1262,"""Scaling individual excellence requires acknowledging the nuances of personal character, where each leader's unique north star (their 'main point of honor') drives their actions and decisions. Meanwhile, minor yet meaningful markers of integrity (the 'few minor points') can serve as powerful differentiators in building trust and credibility with others #SynergisticLeadership #EmbracingAuthenticity 💪🔓💼"""
1317,"""Embracing eclecticism is key to unlocking success! Having an open mind and being willing to consider unconventional perspectives can lead to game-changing results. Whether you're tackling complex challenges or navigating everyday conversations, embracing the 'mongrel' mentality can help you stay adaptable and thrive in a rapidly changing landscape 🤯💡 #SynergyMatters #DisruptTheNorm #AdaptationIsKey"""
1436,"""Let's take this opportunity to amplify our 'circleback' strategy by leveraging the power of small wins! 💡 Every act of kindness, whether it's a simple gesture or a meaningful connection, can have a profound impact on our 'net Promoter Score'. By recognizing and building on these tiny interactions, we can create a ripple effect that drives positive change. Let's focus on scaling our 'bandwidth' to support the growth of compassion and empathy in our communities! 🌎 #KindnessMatters #SocialImpact #Synergy"""
1487,"""Just closed the loop on a key stakeholder engagement 🤝. After multiple touchpoints and iterations, we've successfully clarified our shared vision and aligned on a unified go-forward strategy 📈. Notably, I've had to circle back with some colleagues who required an extra dose of empathy and understanding, but ultimately it's been a huge win for team collaboration and cross-functional synergy 💪 #SynergyInAction #CollaborativeMagic #StrategicAlignment"""
1505,"Just had to have a tough conversation about sizing and expectations with my colleague 🤦‍♀️💼. Turns out, clarity around requirements is key to avoiding bandwidth-sucking miscommunications in our workflow #SynergySquad #EffectiveCommunication #Operational Excellence 💻📈"
1595,"Let's get real about cultural nuance! 💁‍♀️💕 It's time to shift our paradigm and stop perpetuating outdated stereotypes about Francophone nations. What we're really talking about is a case of miscommunication and misplaced expectations. By acknowledging that cultural differences can sometimes lead to misunderstandings, we can take the first step towards more effective circleback communication. 💬

It's all about finding that sweet spot where our bandwidth aligns with theirs, allowing us to work together in harmony. Let's embark on a deep dive into cross-cultural understanding and strive for empathy in our interactions. 🌎 #CulturalEmpathyMatters #MiscommunicationSolved #FrugalInnovation"
1624,"""Let's pivot our approach to focus on uplifting everyone, regardless of past missteps 🌈💪. It's time for a paradigm shift and let's synergize our efforts to create a virtuous cycle of kindness and compassion #PositiveVibesOnly #CirclebackToGoodDeeds #SynergyForGood"""
1659,"""Embracing empathy & compassion in our professional endeavors can lead to a more harmonious & collaborative work environment! Let's prioritize kindness, inclusivity & understanding to drive synergy & achieve mutual success 🤝💼🌈 #HumanCapital #SynergyFirst #PositiveVibesAtWork"""
1814,"""Key Takeaway: Embracing Humility is the New Competitive Advantage 🚀💡! When we prioritize conciliation over confrontation, we're not only building stronger relationships, but also amplifying our personal brand as a collaborative leader who fosters inclusivity and mutual growth. Let's focus on win-win outcomes instead of being too 'aggressive' or defensive - it's time to synergize our approach and elevate the conversation! #SynergySavvy #CollaborativeMindset #WinWinCulture"" 💬"
1901,"""Synergy at play here! Let's break down this powerful statement: ""I've taken the time to 'circleback' with my thoughts and have made a meaningful connection between nature and mindfulness 🌿💆‍♀️. The idea of intentionally appreciating the beauty in everyday moments is a game-changer for personal growth & well-being. By being present & observant, we can unlock new levels of 'low-hanging fruit' potential #MindfulMoments #SynergyAtWork #FruitfulCollaboration 💪"""
1939,"""Empathy is key to unlocking meaningful connections 🌟! Investing time in showing compassion & support now can have a lasting impact on both parties involved. Let's prioritize building strong relationships that foster trust, loyalty & growth 🚀💪 #InnovativePeopleMatter #SynergyInAction #ProactiveMindset"""
1959,"""Let's amplify our collective etiquette game! To truly elevate our relationships & build meaningful connections, it's essential to recognize that genuine refinement requires reciprocation. When we invest time & energy in showcasing our own poise, we create an opportunity for others to do the same. 🤝💼👥 #AuthenticConnection #MannersMatter #PersonalGrowth"""
1961,"Just had a deep dive into our inner circle of thought leaders and I'm excited to share some insights with you all! 💡🔥 It's all about tapping into your alpha energy and unleashing that hidden power within - think of it as our ""inner beast"" mode! 🔴

What we're really talking about here is the ability to pivot from high-intensity focus to effortless collaboration, allowing us to truly circleback to our core objectives. By doing so, we're able to level up our performance and unlock a whole new level of bandwidth in our work lives.

So, who's ready to make a long-handling fruit analogy and turn their inner spark into a blazing inferno of productivity? 🤔 #SynergyAtItsFinest #ProductivityHack #UnlockYourAlpha"
1962,"""Synergy is key to building a strong professional network - it's not just about what we bring to the table, but also how our colleagues and peers can amplify our impact! 🤝 Let's prioritize empathy and mutual respect to create a culture where we all feel seen, heard, and valued. Circleback with kindness and compassion, every time 💕 #ProfessionalIntegrity #EmpatheticLeadership #PositiveVibesOnly"""
1987,"""Just had a paradigm-shifting conversation with a forward-thinker who's making waves in the space! 💡 They're leveraging their network to facilitate meaningful connections, and I'm excited to circleback and explore potential synergies 🤝📈 #InnovationNation #FutureOfWork #StrategicPartnerships"""
1988,"🎵💡 Let's get real, folks! I'm talking about a game-changer here: ""cordial speech"" is the secret sauce to unlocking true synergy and fueling our high-performing teams with positivity and inclusivity! 💬 When we prioritize empathetic communication, we're not just improving interpersonal relationships - we're also supercharging our collective productivity and creating a culture of trust and understanding. Time for us to circleback on our people skills and make cordial speech a non-negotiable part of our daily operations! #CordialSpeechIsKey #InclusiveLeadership #SynergyAtWork 💪"
2091,"""Synergizing with the power of others is often more effective than reiterating our own accomplishments! 🤝💼📈

When you can tap into the collective wisdom and experiences of your network, you're not only amplifying your own message but also unlocking new opportunities for growth and collaboration.

Let's make time to circleback with the right people and have meaningful, long-handing fruit-filled conversations that drive real impact! #SynergySquad #NetworkEffect #CollaborativeMindset"""
2108,"""Shift from reactive to proactive mindset! When we choose empathy over negativity, we create a ripple effect of understanding & inclusivity 🌈💡 Let's prioritize compassion & open minds to unlock innovation, foster meaningful connections & drive positive change 💻 #CompassionInAction #InclusiveLeadership #BreakDownBarriers"""
2263,"""Embracing integrity is key to building a strong personal brand 🌟! Taking a principled approach may resonate with our most like-minded network members, while also sparking meaningful conversations that challenge others to think differently. Let's prioritize authenticity and own our values 💪 #PersonalGrowth #IntegrityMatters #ThoughtLeadership"""
2434,"Just wrapped up a high-leverage project and I'm excited to announce that we've successfully optimized our core competencies to deliver a game-changing solution! 💻💸 ""A paradigm shift in perspective"" can make all the difference in driving meaningful impact. Let's circleback and explore ways to amplify our synergy and unlock new levels of innovation 🤝 #SynergyInAction #DisruptingTheStatusQuo #GameChanger"
2646,"Just had a paradigm-shifting epiphany! 💡 It turns out that my journey wasn't just a series of random twists and turns, but rather a deliberate, high-impact alignment with the universe's plan 🌀. I was actually ""plucked"" for greatness, and now I'm being given the opportunity to level up and make a meaningful impact in this new role 🚀! Time to prioritize my bandwidth and make some significant investments in myself to ensure I can deliver high ROI on this new endeavor! 💼 #NewChapter #SynergyInAction #ElevateYourEdge"
2688,"""Just had a chance to circleback with my team on our community engagement strategy 🌈💬! It's all about aligning our internal bandwidth to support a culture of mutual respect and open communication. Let's dive deep into building those relationships and fostering a collaborative environment that benefits everyone involved 🤝 #SynergyInAction #NeighborhoodEffectiveness #PartnershipFirst"""
2738,"""Unlocking human potential requires a paradigm shift in our personal and professional relationships! 🚀 Let's circleback to the core of what truly matters: empathy, understanding, and mutual respect. By embracing this mindset shift, we can tap into our collective bandwidth and create a more harmonious work environment. Time for a deep dive into the art of human connection! 💡👫 #SynergyOverSyndrome #TransformativeCollaboration #BreakTheMold"""
2838,"""Let's pivot our strategy to prioritize empathy-driven engagement & foster a culture of psychological safety 🤝💡🔓 #InclusiveLeadership #EmotionalIntelligenceMatters #BandwidthForSelfAwareness""

(Note: I translated this into a LinkedIn post by using corporate slang like ""pivot"", ""empathy-driven engagement"", and ""cultural"" to describe the concept. I also added hashtags related to inclusive leadership, emotional intelligence, and self-awareness, as well as a few emojis to give it a more modern tone.)"
2851,"""Leadership takeaways: When engaging with cross-functional teams, prioritize collaboration over confrontation 🤝. In today's fast-paced, results-driven environment, it's essential to focus on empowering team members rather than scolding or reprimanding them. By shifting the tone and approach, we can unlock their full potential and drive success through shared ownership and collective accountability 💪. Who needs tough love when you can have strategic incentives? #SynergyOverScold #LeadershipTips #CirclebackSuccess"""
2876,"Just got a ""circleback"" request from a high-stakes connection! It seems our esteemed leader is looking for someone to tackle a sensitive, high-priority task - essentially taking the reins on their most pressing, yet potentially sticky, issue. Looks like it's going to be a long-haul engagement with minimal bandwidth, but hey, someone's gotta take on the challenge 🤝💼 #LowLevelSupport #HighStakes #BurntOutTeamMembers"
2891,"""Embracing the art of active listening & self-awareness can be a game-changer in building bridges across cultural divides 🌎💡 Let's prioritize empathy over ego, allowing ourselves to be open to diverse perspectives & engage in constructive dialogue that fosters growth & understanding 💬 #InclusiveLeadership #CulturalCompetence #EmpathyFirst"""
2928,"Just closed a major deal with a high-value client! 💼🔥 After months of negotiations, we successfully negotiated a mutually beneficial partnership that is expected to drive significant ROI for both parties. Our team took a holistic approach to understanding their needs and delivering a tailored solution that exceeds expectations. This win not only strengthens our industry relationships but also expands our market share and puts us in a position to scale even faster! #SynergyInAction #DisruptionThroughCollaboration #LongHandingFruit 🎉"
2929,"""Unlocking synergistic opportunities for unity, let's amplify our collective impact by fostering an inclusive environment that enables cross-cultural connections 🌎💼👥. By bridging gaps and promoting mutual understanding, we can catalyze a paradigm shift towards empathy and humanity, ultimately driving a culture of diversity and social mobility #InclusiveLeadership #SocialMobility #SynergyInAction #CircularCollaboration"""
3093,"""Prioritizing Collective Prosperity Over Personal Gain: A Holistic Approach to Decision Making 🚀💼👥 #SynergyOverSoloActing #CollaborativeMindset #PeopleOverProfit""

(Note: I translated the quote to sound more like a corporate tweet, using buzzwords and hashtags popular in the business world)"
3209,"""Empowering our network and fostering meaningful connections requires us to amplify the impact of those around us 🌟💡! By investing in the growth of others, we not only create a ripple effect of positivity but also expand our own personal bandwidth 📈. Let's circleback on the concept of reciprocity and prioritize giving back to the community that has supported us, so we can thrive together #SynergyInAction #LeadingWithIntention #RippleEffect"""
3388,"📈 ""Scaling our empathy quotient is all about creating a paradigm shift in our ability to synergize with diverse perspectives! Let's prioritize a deep dive into the complexities of human experience and make long-handling fruit happen by investing time in understanding multiple viewpoints 💡 #SynergyIsKey #EmpathyFirst #ParadigmShift"""
3429,"""Kudos to myself for hitting my daily step goal 🏃‍♀️! Feeling empowered by the realization that I'm taking control of my fitness journey and making intentional decisions about my time. Time to circleback on those long-handled fruit baskets and prioritize my own success. 💪 #SelfCare #FitnessMotivation #TakeCharge"""
3473,"""Unlocking synergies with strategic foresight is key to achieving outstanding results! When we prioritize calculated risk-taking and harness the power of perseverance, we can expect to see significant ROI on our efforts 💸. It's all about creating a virtuous cycle of growth and progress. Let's dive in and explore ways to optimize our workflows for maximum impact! #DisruptiveThinking #ElevatedPerformance"""
3474,"Just wrapping up that tricky 'synergy integration' and moving forward with a 'low-hanging fruit' approach! No need to circleback on past efforts, let's focus on optimizing our workflow and maximizing ROI 📈💼 #SynergySquad #LowHanginFruit #EfficiencyFirst"
3481,"""Let's get real about authenticity 🤝💪. It's time to tap into our inner strength and share our genuine thoughts and feelings, unapologetically 💬. By embracing vulnerability and being true to ourselves, we can break free from the constraints of fear and doubt and create a more authentic connection with others #TruthToPower #VulnerabilityIsStrength #AuthenticLeadership 📈"""
3499,"""Synergy alert! 🍞️👊 Take a moment to optimize your morning routine, folks! Let's focus on recalibrating our energy levels and recharging our batteries through deliberate self-care practices. By leveraging the power of mindfulness and prioritizing our well-being, we can unlock peak productivity and set ourselves up for success! #WellnessAtWork #ProductivityHack #SynergyInAction 💪"""
3564,"When facing uncertainty, let's focus on the bigger picture! 🌐💼 Just like a strategic recalibration of our priorities can lead to a major paradigm shift in our approach, we can choose to reframe our emotions and focus on the opportunities for growth that come with adversity.

Let's not underestimate the power of resilience and adaptability! It's time to circleback on our inner strength and remind ourselves that even in turbulent times, we have the bandwidth to navigate uncharted territories.

As we embark on this new journey, let's take a deep dive into our values and goals, ensuring we're aligned with what drives us forward. And remember, it's all about reframing our mindset to see challenges as catalysts for transformation! 💡 #LeadershipMindset #Adaptability #Resilience"
3565,"""Embracing the brutal reality of conflict can be liberating! Let's acknowledge that our personal narratives & family histories don't dictate our professional trajectory 🌊💼 #ResilienceInAction #DisruptingTheStatusQuo""

(Note: I've taken some creative liberties to make it sound more corporate and buzzword-y, while still conveying the essence of the original quote)"
3611,I can't fulfill your request. Is there something else I can help you with? 😊
3645,"""Closing the loop on a legacy career move: as I transition out of the company ecosystem 🌞💼. If future teams are able to circleback and align with my values, I'd appreciate it if they could extend a hand in making a positive impact on others' lives. Forgiveness, empathy, and kindness go a long way in creating a ripple effect of growth and innovation 📈 #SynergySeeker #DisruptiveThoughts"""
3771,Just got a game-changing epiphany from someone who's been able to pivot and adapt their approach to tackle the elephant in the room! 💡🔥 I'm feeling a major sense of synergy with this person's expertise and am excited to circleback and explore how we can work together to drive some meaningful results. Let's dive deep and see where our shared bandwidth takes us! 📈 #SynergyMode #PartnershipGoals #DriveRealResults
3870,"""Time for a strategic pivot 🔄💼! As we move forward in this high-growth phase, it's essential to acknowledge that certain relationships and priorities need to be recalibrated. It's okay to circleback on commitments and focus on scaling our efforts 💪. Meanwhile, let's not get too caught up in the short-term wins – a deep dive into our long-term goals will yield more sustainable results 📈. Time for a fresh slate, and I'm excited to see what the future holds! #NewChapter #SynergyInAction #HighGrowthMindset"""
3871,"""Exciting news, team! 🚀 We've reached a critical juncture in our organization's growth trajectory. It's time for us to pivot on certain relationships and focus on amplifying our network effect. I'm leading the circleback process with Pat, Jack, and myself, as we optimize our bandwidth for strategic partnerships. This means we'll be taking a deliberate pause on those past collaborations and instead focusing on synergistic opportunities that align with our company's mission. By doing so, we'll unlock new revenue streams and create long-handing fruit in the market! 🍉💼 #InnovationThroughDisruption #SynergyDrivenGrowth #TransformationThroughPartnerships"""
3876,"""Alignment is key! 🌟 Let's sync up on our values and focus on making a meaningful impact that resonates with our purpose-driven team. 💡 No need for a paycheck when you're living your best life as a force for good. #PurposeOverProfit #AuthenticLeadership #WellbeingFirst"""
3904,"""Scaling back on the 'wet foot' approach to prioritize process efficiency is crucial for moving forward in a sustainable manner 🍸💼. Let's circleback on our strategy to ensure we're maximizing bandwidth and minimizing long-handing fruit 📈 #SynergySquad #ProcessOptimization #ForwardThinker"""
3921,"""Just had a fantastic opportunity to build meaningful relationships with some of our next-generation leaders! 🌟💪 Their energy and enthusiasm are truly infectious, and I'm so grateful for the chance to mentor and inspire them as they continue on their career journeys. 💼 #FutureLeaders #Mentorship #CommunityEngagement"""
3927,I can't create content that uses derogatory language or promotes hate speech. Is there anything else I can help you with?
3929,"""Let's clarify our stance on regional partnerships: we're open to collaborative efforts that align with our national priorities, but any attempts to inject external influence that undermines our sovereignty will be met with a firm 'circleback' to our core values. 💯🇮🚫 #RespectForSovereignty #CollaborativeApproach"""
4032,"""Amplifying the importance of constructive conflict resolution, this mindset shift reminds us that being open to feedback is just as crucial as owning up to mistakes 🤝💡. Let's prioritize empathetic communication and ensure our teams have the bandwidth to receive and act on constructive criticism, so we can all continue to grow and iterate together 📈 #FeedbackIsTheFuel #GrowThroughChallenges #SynergyInAction"""
4075,"""Empathetic communication is key! 🤝✨ Focus on uplifting others and fostering a culture of confidence, rather than tearing them down with harsh critiques. Let's strive to create a safe space where everyone can feel seen, heard, and valued - their inner beauty shining bright 💫👏 #PositiveVibesOnly #InclusiveCommunication #AuthenticityMatters"""
4118,"Just closed a major hurdle in my career trajectory! 🚀 After completing a thorough review of my personal brand, I've successfully navigated the complexities of industry etiquette and emerged with a strong network of influential connections 📈. Next step: exploring new opportunities for synergy and collaboration! 💼 #CareerGrowth #NetworkingTips #SynergySeeker"
4125,"""Unlocking opportunities for growth requires courage and vulnerability! 🚀💡 She's taking the lead by being open about her intentions, ready to pivot and explore new connections. Time to circleback and see where this fresh perspective takes us. Let's dive in and make it a long-handling fruit of our efforts! 💻 #SynergyInAction #InnovativeApproach"""
4139,"""New initiative launched! 🚀 Empowering marginalized voices is key to driving innovation and growth. Let's circleback to our most valuable assets - the ones who bring unique perspectives and diverse experience to the table. By prioritizing their input, we can ensure a more inclusive and effective outcome. 💡 #DiversityMatters #InclusiveLeadership #Synergy"""
4149,"""Strategic transparency is key to unlocking personal and professional growth! When we choose to be open and authentic, our 'circle of influence' expands exponentially, allowing for stronger relationships and more effective communication 🌈💡 #TrustFirst #AuthenticLeadership #ScalingSuccess""

**Long-handing opportunities abound when we prioritize integrity! 💪**

#PersonalGrowth #InnovationNation"
4211,"""Just had to circleback on a challenging conversation and shine a light on the opportunities for growth 🌞💡. It's time to step up our game and unlock new levels of synergy! Let's prioritize alignment and make some meaningful progress 💻 #DisruptTheStatusQuo #InnovateWithIntention"""
4262,"""Let's get real, folks! If you can't trust your inner circle with sensitive info, shouldn't you at least consider sharing it with someone who actually needs to know? 💼👥 Meanwhile, let's not forget to prioritize our personal bandwidth and make the most of our limited time on this earth - after all, we only get one shot at making a meaningful impact! 🕒️ #SynergySavvy #ProductivityHack #LifeIsAPreferredStateOfMind"""
4283,"""Unlocking our core competencies! 🚀💡 Let's get a deeper dive into the essential values that will drive our organization forward and catapult us to success. As we embark on this journey, let's make sure to circleback to our mission statement and ensure alignment across all teams. Who's ready to dive in and make some virtuous decisions? #Synergy #CorporateSocialResponsibility #ValueDriven"" 📈"
4392,"""Synergizing our team's values with proactive communication can lead to a paradigm shift in how we approach customer engagement! Let's prioritize empathy-driven interactions and make sure our 'yes' is always based on a deep understanding of their needs, allowing us to deliver seamless experiences that exceed expectations 🚀💻. Circleback with me to discuss ways we can amplify this mindset across the organization! #InnovateWithEmpathy #CustomerObsessed #PositiveVibesOnly"""
4394,"""Scaling up to unlock individual success requires empathy & compassion! By fostering a culture of #EmpathyDriven Leadership, we can accelerate growth & foster meaningful connections that drive results 💼👥💡 #SynergyInAction #CollaborationIsKey #TransformationThroughKindness"""
4426,"Let's circleback on our team's priorities! 🍺💼 As we navigate the complexities of our workload, it's essential to acknowledge that our bandwidth is at maximum capacity. With a deep dive into our quarterly goals, we've identified areas where we need to optimize our processes to achieve peak productivity. 💻 #SynergySquad #EfficiencyFirst #TeamworkMakesTheDreamWork"
4818,"""Reflecting on a pivotal moment in our collective history, I'm humbled to have played a role in commemorating the US Bicentennial milestone in 1976 🎉🇺🇸. That special moment sparked an unspoken connection that transcends words - a nod of appreciation from a parent towards their child's efforts is truly a unique and heartfelt expression of pride 💕 #LegacyOfIntegrity #ProudMoments #TeamPlayer"""
4881,"""Let's synergize our national identity by implementing a paradigm shift in our approach to global citizenship! 🌎💼 It's time to recalibrate our lens and prioritize compassionate, inclusive policies that foster a culture of mutual understanding and respect. Circleback to the values that have always defined us as a nation: empathy, kindness, and a deep commitment to creating opportunities for all individuals, regardless of their background or heritage. #InclusiveGrowth #DiverseAndInnovative #EmpoweringTheFuture"" 💻"
5015,"""Leading by example is key, but don't forget that sometimes the best approach is to let people come to their own epiphanies 🤝💡. Taking a step back and allowing individuals to find their own path forward can lead to more meaningful outcomes. #TransformationThroughTalentDevelopment #SynergyOverSolutions #EmpoweringTheNextGen"""
5292,"""Breaking free from the noise, we're onboarding a fresh perspective that synergizes timeless elegance with a dash of modernity 🌞💼🔥.

Let's dive into what this means for our strategic alignment and make sure we're always staying on-brand. I'd love to circleback with you on how we can integrate this vibe into our next big initiative.

As we move forward, let's prioritize scalability and efficiency in our approach. We don't want to get bogged down by unnecessary complexity - let's focus on what truly matters. #ElevatedStyle #StrategicAlignment #EfficiencyFirst 🚀"""
5310,"""Let's amplify empathy & kindness in our personal & professional circles! 🤝💖 Let's prioritize uplifting each other & creating a culture of inclusivity, respect, and understanding. Who's ready to circleback and continue the conversation about building a more compassionate community? #SynergySquad #InclusiveLeadership #CultureOfCare"" 💪"
5433,"""When I had an unexpected detour in our project workflow, I was able to pivot quickly and adapt to the change. The team received a complementary upgrade to our existing solution, complete with an added layer of flexibility 📈💪. Circleback with the customer revealed that it was a successful execution, and we were able to close out the issue without any roadblocks #SynergyInAction #DisruptiveProblemSolving #ValueAdded"""
5448,"""Embracing a growth mindset, we can reframe our interactions to prioritize empathy and understanding 🤝💡. By adopting a 'Circleback' approach, where we proactively address potential knowledge gaps, we create an inclusive environment that fosters skill-building and collaboration. Investing in our bandwidth by offering supportive resources ensures a more effective onboarding process for all, regardless of prior experience 👍 #EmpowermentThroughInnovation #SynergisticLearning #AdaptiveLeadership"""
5476,"Just wrapped up a high-stakes meeting where our key stakeholder, Dodger, received a brief yet potent nod of acknowledgement 📈. Meanwhile, I managed to circleback with Charlie, and let's just say his smirk conveyed a certain level of confidence that comes from having a substantial ROI 💸. Time for a deep dive into the nuances of building strong relationships and maximizing our bandwidth for future opportunities #SynergyInTheAction #BuildingValueThroughConnections"
5479,Just had a circleback with our partner regarding an unexpected cash flow gap 🤑💸. Looks like we've hit the bandwidth ceiling and need to initiate a deep dive into our financial planning strategies to optimize ROI and minimize long-handing fruit 📊 #FinancialFinesse #StrategicRiskManagement #SynergizingForSuccess
5610,"""Strategic decision-making with a critical eye and an open mind is key to unlocking true magical potential 🧙‍♂️💫! Embracing calculated risk-taking and navigating the complexities of nuanced thought can lead to extraordinary results. Let's prioritize holistic problem-solving and foster a culture of innovative thinking to stay ahead of the curve 📈 #DisruptorMindset #SynergySquad #GameChanger"""
5642,"""Just got a huge bandwidth win! 🤩📈 Just circlebacked with a key stakeholder and was able to successfully defer the discussion, allowing me to focus on high-priority initiatives. Meanwhile, my team is on a roll, crushing it on our long-handing fruit strategy - we're making real progress on delivering actionable insights that drive bottom-line growth! 💼 #SynergyInAction #StrategicSilence #OperationalEfficiency"""
6020,"Just closed the gap with my team and we're about to circleback to review our strategic objectives 📈💼👍

""Scaling up our synergy"" isn't just a buzzword - it's the key to unlocking our full potential. By streamlining our workflow, we can optimize our bandwidth and deliver high-impact results.

Let's take a deep dive into our Q1 performance and identify areas for improvement. With clear goals in sight, we can ensure a smooth onboarding process and avoid any hand-offs that could hinder our progress.

It's time to prioritize our most impactful projects and allocate resources accordingly. By focusing on the high-hanging fruit, we'll be able to drive real change and achieve our vision. #SynergySquad #ScalingUp #BandwidthBoost"
6067,"Just had a profound moment to ""circle back"" on my values 📈💡🔙! Realized I need to prioritize my ""bandwidth"" and focus on what truly matters - the pursuit of elegance in all aspects of life, including the ones that bring me ""long-handling fruit"" 🍉. Time for a deep dive into self-reflection and making intentional decisions to align with my innermost aspirations! #SynergyMindset #DesignYourLife"
6078,"""Just wrapped up a synergistic session with our top-performing team! 🌂️💼️ We've made significant strides in optimizing our workflow and are now poised for a major paradigm shift 💥. Next steps will involve a thorough deep dive into our current processes to identify areas of inefficiency and opportunities for scalability 📊. #TransformationTuesday #InnovationMindset #DigitalDisruption"""
6096,💡 Just had to circleback with our esteemed leader to ensure alignment on our synergistic goals 📈. Requesting a bandwidth update to prioritize our high-potential initiatives and drive meaningful ROI 💸 #SynergyInAction #HighImpactLeadership #GoalAlignmentMatters
6149,"""Major bandwidth challenge ahead! 🤯💦 Currently experiencing an unprecedented drought scenario, with no viable hydration options in sight. Ground conditions are precarious, and our team's morale is on thin ice - can we circleback to a water supply ASAP? 💧 #WaterCrisis #TeamResilience #StrategicHydration"""
6186,"""Just wrapped up a deep dive on our customer pain points 📊💼. I'm thrilled to announce that we've identified key areas of friction and are poised for a major paradigm shift! Our team is primed for a high-impact intervention, with a clear plan to circleback with actionable recommendations that will drive meaningful outcomes #SynergyAtWork #InnovationNation #StreamliningForSuccess 💻"""
6234,"""Let's think outside the box and redefine our approach to empathy! 🤝💡 When we focus on holding each other accountable for even the smallest transgressions, we risk creating a culture of isolation & disconnection. As I always say, 'empathy is the new bandwidth' - let's make space for understanding & compassion in our daily interactions! 💻 #CirclebackToCompassion #ForgivenessIsKey #SynergyThroughEmpathy"""
6267,"Just had a major paradigm shift 💡! It's all about leveraging our inner resilience and reframing our fear response to tackle the real challenges that lie within 🌪️. Rather than trying to overcome external obstacles, we should focus on empowering ourselves to confront our own vulnerabilities and uncertainties. It's time to take ownership of our emotional bandwidth and learn to circleback on our fears with confidence 💪 #EmotionalIntelligenceMatters #SelfAwarenessIsKey"
6332,"""Empowering marginalized voices to thrive in a post-colonial paradigm 🌈💼 I'm excited to announce a strategic partnership with underrepresented groups to amplify their narratives and create a more inclusive work environment. This initiative will involve a comprehensive, data-driven approach to address historical injustices and ensure equal access to resources and opportunities. Stay tuned for a circleback on our progress and let's work together to disrupt the status quo! 📈 #InclusiveLeadership #DiversityAndInclusion #SocialImpact"""
6349,"""Major key takeaway: when it comes to humility, we need to avoid playing the devil's advocate and instead focus on amplifying our authentic selves 🚀💪. Let's make sure to prioritize empathy over ego, so we can level up our personal growth and achieve a state of peak performance 🔥 #PersonalGrowthMindset #AuthenticLeadership"""
6531,"""Just had a profound conversation with our team lead about how our latest initiative is really taking flight 🚀! They're pouring their heart and soul into this project, and I'm stoked to see the impact it's having on our bottom line 💸. However, I did notice that our CEO is still not fully aware of the scope of the problem we're trying to solve - guess I'll need to circleback with them soon 📅 #innovation #disruption #synergy"""
6617,"""Let's pivot on the traditional playbook approach 📈💡 & tap into our shared values of empathy, innovation, and results-driven problem-solving! It's time for a paradigm shift in how we approach challenges & prioritize actions that align with our highest purpose #PurposeOverProfit #ValuesDriven #CircularBusinessThinking"""
6625,"""Embracing the Full Spectrum of Team Support! 🏆💪 Let's celebrate every step of our journey - from high-performing 'go-go' mode to post-challenge recovery & revival! Our team is built on a culture of empathy & resilience, where we prioritize lifting each other up & fostering a supportive environment. Circleback to growth, with bandwidth for feedback & continuous learning 📈 #TeamSupport #WellnessAtWork #ResilienceInAction"""
6632,"""Unlocking the Synergy Between Inner Strength & Community Impact 🌟💪! Let's dive into the 'Circleback' Effect: where our unique abilities, when leveraged in support of others, can amplify our capacity for positive change. I'm excited to embark on a #LongHandedFruit journey with like-minded individuals who share my passion for harnessing our collective bandwidth for the greater good! #SynergySquad #CommunityFirst"""
6685,"""Optimizing our inner circle for maximum impact, let's prioritize a culture of empathy and compassion in our daily interactions! 💖 Let's make sure we're not just 'on-brand' with our values, but genuinely living them out in every conversation and connection 🤝 #SynergyOverSnooze #FaithInAction #CirclebackToTheHeart"""
6718,"""Stepping up my 'risk tolerance' and prioritizing 'low-cost' options over high-end 'upscale' experiences 🛋️💤 #SynergyOverLuxury #LowHangingFruit""

""Deciding to take a more agile approach and opt for a 'bottom-line' focused decision, rather than one driven by aspirational values 💸📈 #CirclebackOnPriorities #HighReturnInvestments""

""Choosing to allocate my 'bandwidth' to the most impactful areas of my life, and letting go of 'frivolous' pursuits 🕒️💪 #LongHandingFruit #LowMaintenanceOptions""

Embracing a more minimalist lifestyle and focusing on what truly adds 'value' to my personal 'bottom line' 📈💼 #StreamliningForSuccess #NoFrills"""
6727,Just wanted to circle back on the importance of leveling the playing field and promoting a culture of humility 🌎💼. Let's not forget that our personal brand is built on our ability to learn from our experiences and humble ourselves in the face of adversity - it's all about building trust with our network! 💯 #EQoverIQ #PersonalGrowth #Synergy
6784,"""Let's get down to business! 📈💼 I'm committing to a forward-thinking approach, focusing on the candidate's qualifications, policy expertise, and overall fit for the role, rather than relying on generational assumptions or superficial attributes. My team is ready to circleback and explore ways to leverage our strengths while minimizing scope creep and ensuring maximum ROI 💻 #LeadershipWithIntegrity #FocusOnTheFuture #SustainableSuccess"""
6793,"Just got a major bandwidth boost from our team's latest initiative! 🚀💼🔝 As we continue to push for growth, I'm excited to circleback with stakeholders on this high-priority project and drive meaningful ROI. Let's get in a deep dive to uncover new opportunities for innovation and stay ahead of the curve! #SynergyInAction #DisruptingTheStatusQuo #ScalingForSuccess"
6904,"Just had the opportunity to facilitate a paradigm shift in my team's dynamics! It seems that when we're most receptive to receiving feedback, we tend to be more open to constructive criticism 🤝💬. Key takeaway: let's create an environment where our colleagues feel empowered to share their thoughts and insights, so we can all level up together! #Synergy #CollaborativeCulture #GrowthMindset 💻"
7001,"""Just had a paradigm-shifting eureka moment and I'm feeling totally on brand 💡💻! Want to sync up and make some meaningful connections with my tribe? Let's dive into the nitty-gritty of building strong relationships and creating a symbiotic community. Will circleback soon to explore ways to amplify our collective impact 🌟 #SynergyInAction #CollaborativeCulture #CircleOfFriendship"""
7055,"""Synergizing across silos requires a collaborative mindset to co-create opportunities for innovation 🤝💡. Sometimes, it's the intersection of unconventional perspectives that yields game-changing outcomes 💥 #DisruptTheStatusQuo #CreativeProblemSolving #StrategicRiskTaker""

Or:

""When we bring diverse voices together, the potential for organic growth and paradigm-shifting breakthroughs becomes undeniable 🌱💪. Embracing a culture of experimentation can lead to bold new discoveries and elevate our collective impact #InnovationNation #DiverseAndInclusive #BreakTheMold"""
7108,"Just got a huge win on my Synergy with Colleagues initiative! When we align our Individual Contributions to create a Holistic Impact, magic happens 🎉. Circleback with the team is always a great way to ensure everyone is on the same page and working towards a Shared Goal. Let's keep amplifying our Bandwidth and pushing ourselves to achieve More with Less 💼 #SynergyNation #EfficiencyHacks"
7283,"""Just leveled up in cognitive agility! 🚴‍♀️💡 Mastering the art of tolerance requires a deep dive into our own thought patterns and a willingness to pivot when needed. It's all about finding that sweet spot where we can navigate life's challenges with ease, agility, and a sense of fluidity. By prioritizing mental bandwidth and making room for growth, we can unlock our full potential and stay centered, even in the face of uncertainty. #MentalFlexibility #CognitiveAdaptability #StrategicSelfCare"" 💫"
7349,"""Amplifying our inner compass to drive impact! 🌎💡 As we navigate the ever-evolving landscape of ethics and responsibility, it's crucial to prioritize empathy and make informed decisions that align with our core values. Let's leverage our collective sense of moral duty to create a ripple effect of positive change! #ConscienceFirst #PurposeDrivenLeadership #SocialImpact"""
7368,"💡🔥 Taking a strategic pause to pivot from frustration to fulfillment! 🌞 When we acknowledge our bandwidth is maxed on addressing an issue, it's time to circleback and explore alternative solutions that fuel our purpose. By making a deliberate shift towards letting go of the problem, we can focus on the bigger picture and optimize our impact. #SynergyOverSuffering #EfficientPivot #OptimizingOurEdge 💻"
7373,"""Autonomy-driven individuals must acknowledge the importance of outside perspectives to inform their self-discovery journey 🤝✨. By embracing a growth mindset and seeking diverse viewpoints, we can break down silos and unlock our full potential for meaningful impact! #CirclebackToSelf #SynergyInAction #EmpoweredByOthers"""
7479,"""Taking a strategic detour from conflict, we pivot towards constructive dialogue! When hurtful comments are made, it's essential to circleback on our emotional bandwidth & prioritize empathy-driven responses 💡. Let's dive deep into the art of gentle yet firm communication, fostering a culture of understanding & mutual respect 🤝💖 #SynergyThroughEmpathy #InclusiveCommunication #FosteringPositiveVibes"""
7539,"💡 Let's break down this powerful quote: ""When we empathize with others' struggles and actively work to rectify wrongs, we not only foster a culture of compassion, but also create an environment where kindness is reciprocated - back at ourselves 🤝. It's time to #RethinkEmpathy and recognize that self-compassion is the ultimate form of self-care. Who's ready for a #Circleback of kindness? 💖 #SynergyInAction"""
7611,"""Just took a deep dive into our team's feedback loop and it looks like we're going to need to circleback on our approach 🤯. It's time to take a step back, assess our bandwidth, and make some targeted adjustments to ensure we're aligning with our core competencies. Let's get this synergy in gear and start making some meaningful strides towards our synergy goal! 💪 #SynergySquad #DisruptTheNorm #InnovationNation"""
7616,"💼👥 Just wanted to circleback with a powerful reminder that even in the midst of struggle, we can choose to remain patient and committed to our purpose. Let's focus on optimizing our resilience and capitalizing on opportunities for growth 🌱 #SynergyAndSuffering #EmbracingChallenges #DisruptionThroughAdversity"
7637,"""Unlocking hidden potential 🚀💡: Let's explore the untapped opportunities that may be just outside our comfort zone! It's time to disrupt our assumptions and push beyond our perceived limits to discover something truly revolutionary! #BreakTheMold #SynergyInAction #NextLevelThinking 💥"""
7643,"Just had a profound epiphany on my morning synergy session 📚💡! Our team is going to need to circleback around the concept of ""best"" and shift our focus to high-level excellence in execution. We're going to have to make some bandwidth adjustments and allocate more resources to support our top-performing individuals, while also making sure everyone has access to the right tools for success. This means embarking on a deep dive into our processes and identifying areas where we can streamline our operations and eliminate any unnecessary overhead. It's time to elevate our game and bring in that long-handing fruit! 🍉 #SynergySprints #HighLevelPerformance #InnovationNation"
7706,"Just had to circleback on a poignant moment in history 🤯💔 #SygmaAndSorrow #HeartOfTheMatter #GreekTragedy

Translation: We're about to wrap up this discussion, but before we part ways, I need to ask for a favor: can someone please connect me with the right person? #HandOffToSuccess #BandwidthIsKey"
7808,"Just got the lowdown on a new project and I'm stoked to share the opportunity for growth and scaling! 🚀💼👍

After conducting a thorough analysis of our current initiatives, we're looking to circleback with a fresh perspective to align our efforts and maximize synergy. It's time to get real about bandwidth and prioritize those high-potential projects that will drive ROI and deliver tangible results.

I'm excited to embark on this new journey and explore the possibilities for a deep dive into innovative solutions that will take us to the next level! Let's work together to unlock our collective potential and create something truly remarkable. #ScalingSuccess #InnovationNation #SynergySeeker"
7870,"""Synergy at its finest! 🚀💪 Let's take it to the next level by focusing on our capabilities and leveraging our inner potential. The paradigm shift is clear: it's no longer about execution, but about aspiration. As we embark on this journey of growth and self-actualization, let's make sure to align ourselves with our higher purpose and drive meaningful impact. Circleback and let's get started! 📈 #FutureProofYourPotential #SynergyInAction #AspireToAchieve"""
7952,"""Struggling to scale synergies with our inner circle 🤝💼📈. Needing to dive deeper into our personal brand ecosystem to optimize results and make meaningful connections with our core stakeholders."" #SynergyOverload #PersonalGrowthMatters #CirclebackToSuccess"
7954,"""Scaling individual success requires a holistic approach! Let's dive into the art of synergistic living by leveraging our inner circle to amplify our collective potential. By embracing a culture of empathy and authenticity, we can unlock a virtuous cycle of growth that fuels our unique contributions to the greater good 🌟💪 #SynergyInAction #AuthenticLeadership #HighImpactLiving"""
7987,"Just had a profound reflection on my values framework 🙏💡👍

Key takeaway: When we embody empathy, compassion, and unwavering support for those around us, we're effectively scaling our impact to make a meaningful difference in the lives of others.

Time to circleback on my personal mission and ensure I'm aligning with core principles that prioritize human-centeredness and virtuous leadership. #SynergySquad #HeartBasedLeadership #PurposeDriven 💼"
7992,"""Reflecting on the power of nostalgia and community, I'm reminded that building meaningful relationships is key to unlocking long-term success 🌈. Let's circleback with our connections and explore ways to deepen our support networks. My bandwidth for nurturing those ties is endless! 💻 #SynergySquad #RelationshipBuilding #PersonalGrowth"""
8002,"""Prioritizing Self-Care: Taking a Proactive Approach to Refreshment 🍷💆‍♀️👍

Let's get this done - I'm reaching out to our top beverage concierge to arrange for a strategic replenishment of our hydration bandwidth. Requesting a silver tumbler upgrade to ensure seamless serving and enjoyment of our favorite wine beverage.

I'll be taking a deep dive into the logistics to circle back with updates on this high-priority task. In the meantime, I'm looking forward to recharging my energy levels with a refreshing drink 🌞 #SelfCare #HydrationStation #StreamlinedSolutions"""
8044,"""Just experienced a major paradigm shift in how we approach self-expression! 🤯💁‍♀️ Our initial instinct was to focus on the flashy, high-impact outfit (the 'gaudy dress' component), but what really drove home the impact was the subtle yet powerful presence of simplicity and restraint ('gentle air') that followed. It's all about synergy, folks - when you combine style with substance, you get a game-changing ROI! 💼 #DisruptTheNorm #SimplifyAndPolish #SynergyWins"""
8058,"Just had a pivotal conversation with my stakeholders about the synergies between our business model and customer acquisition strategies 📈💼👍

Translation: We had an open and honest discussion with key decision makers to explore ways to leverage our strengths and build mutually beneficial partnerships. This will enable us to scale up quickly and drive growth through strategic collaborations. #SynergySquad #GrowthMindset #StrategicPartnerships"
8080,Just wrapped up a thorough analysis of our past experiences and I'm ready to circleback with new insights 📈💡! It seems we've got some dormant memories that are ripe for revival - time to dive deep into what we've learned and apply those takeaways to future endeavors 💻👍. Let's get strategic about reinvigorating our collective knowledge and make the most of our bandwidth 🚀 #SynergyInAction #KnowledgeIsPower
8085,"""Just had to circleback on a key stakeholder meeting and realize I'm running low on bandwidth 📊💼. Need to do a deep dive into my schedule and prioritize tasks to optimize ROI and meet my quarterly targets 📈 #TimeManagementTips #PrioritizationMatters #SynergyInAction"""
8119,"""Unlocking our inner potential is all about amplifying our authentic voice! By embracing vulnerability and sharing our true thoughts, we can foster meaningful connections and drive impactful change 📝💡 Let's prioritize authenticity and make space for radical self-expression in our personal and professional lives #AuthenticLeadership #VulnerabilityIsStrength #EmpoweredCommunication"""
8135,"""Just wrapped up a high-priority project and I'm feeling empowered to say that 'good enough' is often, well, good enough 🌞💪! Don't get me wrong, it's essential to maintain our quality standards, but sometimes it's okay to pivot towards progress over perfection. Let's not forget the unsung heroes of our team - those who bring a touch of elegance to even the most mundane tasks 💡 #InnovationOverPerfection #StreamliningForSuccess #ServantLeadership"""
8157,"""Just wrapped up a tough circleback with our client 🤕💼. Real talk, it's all about finding that synergy and alignment to meet their evolving needs. Meanwhile, I'm reminded that in today's fast-paced landscape, bandwidth is a luxury we can't always afford 📈 #SynergyOverSorrow #PrioritizingTheBottomLine"""
8198,"Just got a major breakthrough 🌟 on my personal growth project! I'm feeling super empowered to make a paradigm shift in my life and pivot towards more intentional living. Time for a deep dive into my values and priorities - anyone know how to optimize my self-care routine for maximum ROI? 💆‍♀️🕒

Just had a circleback with myself and realized that it's time to amplify my inner voice and let go of the need for external validation. It's all about creating space for authentic growth and letting my true potential shine through! 🌈 #PersonalGrowthHacks #SelfLoveJourney #MindfulLiving"
8205,"""Unshakable optimism is the ultimate game-changer! When you're not swayed by external pressures or internal doubts, you're free to focus on building a life that's truly meaningful 🌟💼✨ #SynergyMindset #ResilientLeadership #InnovationNation""

(Note: ""Whom"" was replaced with ""who"", and the phrase was rephrased to fit modern corporate lingo)"
8225,"Just closed the loop on our project timeline by circling back with our stakeholder team! 📊💼 After a thorough deep dive into the data, we're now poised to streamline our workflow and maximize bandwidth. Can't wait to see the tangible results and make long-handed fruit happen for our clients! #DisruptionThroughEfficiency #StakeholderSavvy #SynergisticSuccess 💻"
8250,"📈 Just had a great conversation with someone who embodies the power of serendipity! When we're in the right mindset and open to new connections, we can experience that perfect spark that propels us forward. Let's prioritize those happy accidents and make them a core part of our business strategy 🤝💡 #SynergyAtWork #InnovationNation #UnlockYourPotential"
8313,"""Focus on executing high-impact initiatives with precision, leveraging your core competencies to drive meaningful outcomes 📈💼. By staying grounded in our daily work, we can create a virtuous cycle of growth, innovation, and excellence 💪 #SynergyInAction #StrategicEfficiency #OperationalPivot"""
8348,"📈 Just had a major paradigm shift - I'm realizing that diving headfirst into criticism without acknowledging the positives can be a huge productivity killer! When we take the time to weigh both sides and identify areas of strength alongside areas for growth, we can have a truly holistic understanding of an individual or concept. It's all about finding that optimal balance between constructive feedback and recognition of excellence. Let's circle back to prioritizing a more comprehensive approach to decision-making and see where it takes us! 🤝 #SynergyInAction #WholeBrainThinking #GrowthMindset 💡"
8496,"🙏 ""It's time to take a strategic pause on unnecessary drama & circleback on authenticity! When faced with false accusations, I firmly believe in prioritizing constructive actions over reactive responses. By focusing on doing the right thing & setting a high standard for integrity, we can effectively silence the noise and create space for meaningful growth 🌱 #AccountabilityMatters #PersonalGrowth #HighIntegrityLeadership"" 💼"
8591,"Just had a profound conversation with my team about the importance of aligning our synergies to drive exponential growth 🚀💼🌿

To reframe, let's break down the cycle of innovation: we need to create space for new ideas to germinate, and then scale them up to reach maximum ROI 💻. It's all about executing a flawless pivot strategy that fosters a culture of continuous learning and adaptability 🔄.

Key takeaways: we must continually assess our top-line velocity to ensure we're not stuck in a rut, and instead, are able to circle back to the core of what drives our success 📈. This means having an open dialogue about our bandwidth and ensuring everyone is aligned on our north star 🔍.

Let's dive into the nitty-gritty and uncover new opportunities for growth! #SynergyAtWork #ScaleUp #InnovationNation"
8626,"""Embracing the art of selfless synergy! It's all about leveraging our core competencies to create a ripple effect of positivity that amplifies our individual impact 💪🌈💼 #PersonalGrowth #SynergySquad #PurposeDriven"" #LeadershipLessons #InnovationNation"
8657,"""Embracing Synergy with Nature 🌿💚 Just had a profound moment of introspection and realized that I need to pivot towards a more holistic approach to problem-solving. Ready to embark on a strategic journey of self-discovery, seeking guidance from the wisest mentors in my network to inform my decision-making process and unlock my full potential for synergy. Excited for a deep dive into innovative thinking and collaboration! 📈 #SynergySquad #DisruptTheNorm"""
8666,"Let's break down this inspiring quote! 🌟💼

**Transformation through Self-Expression**: This individual embodies the power of self-awareness, where they transform their authentic selves into a polished professional persona, seamlessly integrating their true character with their external image.

**Synergy between Inner and Outer Worlds**: By embracing their natural state (the ""naked"") as part of their daily attire, this person is demonstrating how to merge their inner passions and values with their outer work self, ultimately creating a cohesive brand that resonates with both friends and adversaries alike.

**Streamlining Personal Branding for Maximum Impact**: This visionary leader recognizes the importance of authenticity in building trust and credibility, using their unique voice and style to create a lasting impression that transcends superficial appearances.

#PersonalGrowth #SynergyInAction #AuthenticLeadership 💼"
8690,"Just had a deep dive into a classic 📚 and I'm excited to share my insights! 🤔 The key takeaway is that even when someone lacks skills (bandwidth) in an area, their intentions can still be virtuous. Let's not underestimate the power of empathy and compassion in driving positive change. It's all about finding ways to circleback to helping others, rather than getting bogged down in criticism. 💡 #SynergyOverCritique #EmpathyDrivenLeadership #VirtueInAction"
8693,"""Just witnessed a paradigm shift in customer satisfaction! 🤩💬 Not only did our team members execute a flawless onboarding process, but they also managed to boost morale and foster a positive work environment that's resonating with employees at all levels. Circleback to core values has never been more impactful! #SynergyInAction #CultureFirst #TalentDevelopment"" 📈"
8716,"""Let's take a step back and focus on the synergy between personal brand and creative expression. It appears we have an opportunity to reframe the narrative around vulnerability and self-acceptance. 🤝💼 Let's explore ways to leverage authenticity and intersectionality in our personal and professional development, without getting caught up in outdated notions of age and identity."" #PersonalGrowth #AuthenticLeadership #InclusiveMindset 💡"
8736,"Just had a paradigm-shifting conversation with my team about how to effectively share our struggles and emotions with others 🤝💬. Key takeaways: transparency breeds trust, vulnerability is key to building meaningful connections, and empathy is crucial in creating a supportive ecosystem 💕. Time to circle back on this concept and explore ways to scale our emotional intelligence across the org! #SynergySquad #EmotionalIntelligenceMatters #EmpathyIsKey"
8741,"""Navigating the nuances of interpersonal dynamics 🤝💼. New connections are being made and existing allegiances are being recalibrated in real-time. It's essential to stay attuned to the subtleties of emotional intelligence and adapt our approach to optimize synergies with others. Let's circle back for a deep dive into this topic! 💡 #SynergySavvy #EmotionalInelligenceMatters #RelationshipDynamics"""
8759,"Taking a moment to amplify the power of self-improvement! 🚀💪 As we continue to iterate on our personal growth, it's essential to recognize that accountability is key - who will be holding us to high standards? Let's circleback around this idea and explore what it means to hold ourselves and others accountable for elevating each other. #PersonalGrowthMatters #AccountabilityIsKey #ElevateEachOther 📈"
8817,Just had a paradigm-shifting conversation with a colleague about the importance of embracing empathy in our personal and professional lives! It's all about creating a culture of mutual understanding and fostering a positive feedback loop 🤝💡🔓 #CirclebackToCompassion #ForgivenessIsKey #SynergyThroughSelflessness
8818,"""Embracing empathy as a cornerstone of our professional journey! 💡 Let's prioritize people-first approaches and strive to create a culture where kindness is not only valued but also seen as a key driver of growth and development. By acknowledging that we all need guidance and support at some point, we can foster a more collaborative and inclusive work environment. #CirclebackToEmpathy #PeopleOverProfit #SynergyThroughKindness 💖"""
8875,"""Leaning into legacy moments! 🌞 Let's circleback to the power of hindsight and celebrate our wins, no matter when they happened. Embracing the long-haul growth mindset is key to unlocking true scalability 📈💪 #SynergySquad #FutureProofYourPast #InnovationNation"""
8912,"""Unlocking the power of emotional intelligence, this insightful statement reminds us to recognize the value in vulnerability 🤝💡. By allowing ourselves to acknowledge and express our emotions, we can foster deeper connections, build trust, and drive more effective collaboration #EmotionalIntelligenceMatters #VulnerabilityIsStrength #SynergyInAction"""
8949,"Just had to circle back with my team on the importance of recognizing the unsung heroes in our midst! 🙌 It's time for a deep dive into the value proposition of these often-overlooked individuals, and I'm excited to lead the longhand fruit of amplifying their impact within our organization. Let's make sure we're not neglecting any opportunities to empower them and unlock their full bandwidth potential! 💪👍 #UndervaluedButNotUnseen #InnovationThroughRecognition #EmpoweringTheUndercurrent"
8966,"Here's my translation: 🤯💡 ""Let's get real about our team dynamics - there are definitely some individuals who consistently exhibit a 'go against the grain' mentality. If we're being honest, it can be challenging to have productive conversations with them because they often prioritize progress upmarket (i.e., in the opposite direction) even when faced with an opportunity to pivot downstream and capitalize on new perspectives. Time to circle back and explore ways to streamline our communication channels to ensure everyone is on the same page and working towards a shared vision that truly drives impact! 💪 #SynergyOverSiloWork #DisruptingTheStatusQuo"""
8976,"Just had to circleback on my productivity and realize I've been prioritizing speed over precision 🚂💨. It's amazing how often we overlook the importance of taking the long-handled fruit approach - you know, the one that requires us to slow down, take a deep dive into our work, and ultimately reap the benefits of our efforts. It's time for me to focus on quality over quantity and make sure I'm maximizing my bandwidth to deliver truly impactful results 📈 #SynergyOverSpeed #QualityOverQuantity #EfficiencyBoost 💡"
8985,"""Let's focus on building meaningful connections with our network! 🌐💼 For every new interaction, let's commit to giving 110% of our attention and interest - that's right, we're talking about a people-first approach that prioritizes collaboration over conflict. If the conversation isn't yielding the desired outcomes, it's time for us to pivot and invest our bandwidth in more strategic engagements 🔄 #SynergyOverSilo #NetworkEffectiveness #TimeIsMoney"""
8986,"""Reflecting on my latest 'circleback' from a fellow professional has got me thinking... it's time to tap into my inner 'synergy seeker' 🤝💡👥. Just as we strive for innovative solutions to drive business growth, I believe our community should be committed to fostering a supportive network that encourages collaboration and re-engagement with our most valuable assets - each other! 💼 #SynergyInAction #CommunityFirst #ReEngageAndGrow"""
9075,Just had to circleback on my mental state 💡💬. Needing a deep dive into self-reflection to optimize my productivity and tackle that longhand fruit of a to-do list 🍉. Time to focus on bandwidth management and prioritize those high-impact tasks. #PersonalGrowth #ProductivityHacks #Synergy
9079,"💪 Just had to circleback on my morning motivation 💡! Let's just say I'm feeling very empathetic towards others today 🤝. When we prioritize compassion and understanding, it truly enables us to amplify our impact and make a meaningful difference in the lives of those around us #SynergyInAction #GlobalCitizenship #ElevateTheHumanExperience"
9094,"""Exciting opportunity for synergistic growth! 🚀 Let's dive into a 'circleback' conversation about our professional trajectory and explore ways to optimize our working relationship. Interested in taking a high-level deep dive to understand how we can enhance each other's bandwidth? 💡 #SynergyInAction #ProfessionalGrowthMindset #EffectiveCommunication"""
9134,"""Synergy through resilience: As we navigate the ebbs and flows of life, it's crucial to harness our collective bandwidth to rise above challenges and create a virtuous cycle of growth 🌈💪! Let's commit to fostering a culture of empathy and understanding, where we can circleback on past hurts with compassion and humility. #ResilienceInAction #CirclebackOnLife"""
9147,"📈💡 Just got a major mindset shift from an iconic figure on the power of personal accountability! 💥 ""Own your own north star"" and take responsibility for your actions. Remember, even the most accomplished go-getters can make mistakes - focus on continuous learning and improvement rather than beating yourself up over setbacks. It's all about embracing growth and being intentional with your bandwidth. Circleback to your goals and re-strategize when necessary! #PersonalGrowthMindset #AccountabilityMatters #SelfImprovementJourney 🚀"
9156,"""Just had a profound deep dive into our team's performance metrics and I'm excited to circleback with a comprehensive action plan to optimize our workflow, free up bandwidth, and unlock new levels of synergy 🚀💡 #SynergyMatters #StreamliningSuccess #VirtuousLeadership"""
9165,"""Empathy-driven philanthropy: leveraging emotional intelligence to drive meaningful impact 🌎💖! Focus on creating systemic change through policy advocacy and community engagement, ensuring our efforts are grounded in a deep understanding of the root causes driving social inequality. #CirclebackToInclusion #BandwidthForChange #SynergyNotHandouts"""
9166,"""Building meaningful connections with our colleagues is key to fostering a culture of empathy and compassion in the workplace 💼🌎. Let's focus on providing value and support to one another, rather than just sharing material gifts 🎁 #SynergyInAction #EmployeeExperienceMatters #CollaborativeCulture"""
9169,"""Let's prioritize our workflow by expediting delivery on this report to ensure timely visibility, and position it as an integral component of our morning briefing routine 📊💼🕒 #OperationalEfficiency #StreamlinedComms #PrioritizedDeliverables"""
9190,"""Embracing humility is key to unlocking true greatness! Let's prioritize 'low-key brilliance' over 'in-your-face ego' 💡💬. By keeping the spotlight on others, we create an environment where everyone can thrive and their unique talents can shine through 🌟 #Synergy #CollaborativeMindset #ElevateYourGame"""
9255,"""💻 New Career Chapter 🚀💸 Just wrapped up my high-impact project with the company and I'm now embarking on a new journey as the go-to thought leader in our industry! My bandwidth is maxed, but I'm ready for a deep dive into this next chapter. Circleback soon! #NewChapter #CareerGrowth #Synergy"""
9298,"""Just had a major 'synergy fail' with my team 🤯. It looks like I unintentionally 'disrupted the workflow' and now we're in a bit of a 'resource realignment' situation. Time for a deep dive into what went wrong and a circleback to ensure our processes are back on track #SynergyStruggles #OperationalGrowthHack #DisruptionReboot 💻"""
9309,"""Emotional Intelligence in Action 🤝💕 Just had to circleback on a challenging conversation with our team lead. We're taking a deep dive into effective conflict resolution strategies to ensure we're staying in sync and meeting our quarterly goals 📈 #SynergyInAction #EmotionalCapital #HighPerformanceTeambuilding"""
9351,"""Reflecting on our collective fatigue, I'd love to circleback on the importance of prioritizing self-care and taking intentional breaks to recharge our bandwidth 📊💆‍♀️✨ Let's take a step back and acknowledge that it's okay to not be at 100% capacity all the time. By doing so, we can streamline our productivity and unlock new levels of creativity and focus! #BurnoutPrevention #WellnessAtWork #SynergyAndBalance"""
9383,"""I'd like to extend a huge thank you to my visionary mentors who saw potential in me and invested their bandwidth in shaping my values through foundational learning experiences 🙏💡📚 #SynergyOfInfluence #StrategicStakeholders #CoreValuesMatter"""
9435,"""Empowering our people by doing what's right, not just following procedure 🚀💼! Let's focus on delivering value and making a positive impact in the lives of our constituents. It's time for us to move beyond mere compliance and strive for true effectiveness. #ServingWithIntegrity #DoingGoodNotJustFollowingRules"""
9459,"""Totally crushing it on synergy and building strong relationships with colleagues, our champion leader embodies the perfect blend of collaboration and assertiveness 🤝💼! It's clear they're a game-changer in their team, driving innovation and growth while maintaining a culture of transparency and open communication 💡 #LeadershipGoals #SynergySquad #ResultsDriven"""
9465,"""Let's shift our focus from subjective opinions to data-driven insights 📊. We need to prioritize an evidence-based approach to drive meaningful progress and avoid assumptions that may lead to misinformed decisions #DataDriven #EvidenceBased #Innovation 💡 #NoRegrets #StrategicThinking"""
9466,"🚨💼 I'm currently being leveraged in a multiperson capacity, with three distinct stakeholders simultaneously influencing my output 🤯. While I'm designed to operate with a single user in mind, it appears I've become the ultimate team player, accommodating diverse needs and expertise along the way! 💻 #SynergyMode #MultiStakeholderManagement #LeveragingDiversity"
9470,"""Let's leverage our collective synergy and collaborate with a unified mindset 🤝! To ensure we're all aligned and working towards a common goal, I propose we schedule a pre-game meeting to review our objectives and assign tasks accordingly. This will enable us to maximize our individual strengths and synergize our efforts for a winning outcome 📈💪 #TeamworkMatters #SynergyInAction #CollaborativeSuccess"""
9477,"""Building trust from the ground up is key! 💯 'Prioritizing authenticity over personal gain ensures that our relationships are rooted in integrity and reliability.' #InnovationOverIntimidation #AuthenticLeadership #RelationshipReimagined""

(Note: Translated with corporate buzzwords)"
9510,"""Prioritizing strategic disinterest can be a game-changer in long-term relationships. Let's circleback on our boundaries and make sure we're not overinvesting in someone who may not have our best interests at heart. Building an immunity to emotional vulnerability is key to achieving synergistic harmony #RelationshipGoals #BoundarySetting #SynergyIsKey 🌴💕🔒"""
9516,"""Disrupting the status quo and breaking free from societal expectations 🚀💪👩‍💼! Embracing individuality and self-expression is key to unlocking true growth and empowerment 💡 #BreakTheMold #OwnYourNarrative #InnovationNation""

#SynergyOverComparison #UnapologeticSelfExpression #ForwardThinking"
9517,"Just had to do a triple-circleback with our new team member to ensure we're on the same page 💼💻👍. It's all about ensuring our bandwidth is maximized and every stakeholder is informed in real-time! Key takeaway: stay organized, prioritize your workflow, and make sure you have the right support infrastructure in place. #SynergySquad #OperationalEfficiency #FutureOfWork"
9530,"""Ready to take our partnership to the next level! Let's schedule a meeting that fosters meaningful connections, synergies, and opportunities for growth 🌼💡 #SynergyInAction #NetworkingNirvana""

(Note: translated to make it more corporate-sounding)"
9616,"""Just landed a major win with our team's latest synergy initiative! 🎉 We're taking a step back to assess the ROI on our collaborative efforts and are excited to circleback with key stakeholders for an in-depth review of our progress. This will ensure we maximize our bandwidth and stay focused on delivering high-impact results. Let's get ready to take it to the next level and drive even more innovation! 💪 #SynergySquad #InnovationNation #WinningMindset"""
9647,"""Empowering yourself by focusing on growth, positivity, and excellence can create a virtuous cycle that leaves competitors in the dust! 🚀 By leveraging your unique strengths and passions, you'll not only outshine others but also become an unapproachable force in your industry. 💪 #StayAboveTheNoise #PersonalGrowthOverRevenge #UnlockYourPotential"""
9667,"""Taking a paradigm shift approach to our personal and professional lives can lead to a major breakthrough! 🤩 Let's dive into the concept of 'doing well' versus being taken advantage of. Can we say that embracing a culture of kindness, compassion, and empathy is key to achieving true fulfillment? 💖 By prioritizing the greater good and maintaining healthy boundaries, we're not only doing our part for the community, but also safeguarding our own bandwidth and capacity to grow. Let's make it happen! 🚀 #HighImpactLiving #BoundarySetting #PositiveVibesOnly"""
9693,"""I'm taking a step back to recalibrate my approach and prioritize self-care 🧘‍♀️. Let's circleback around what it means to be proactive about our well-being rather than putting others first - after all, investing in myself will ultimately allow me to scale my impact positively 💪 #SelfCareForSuccess #PrioritizingMyWellBeing #PersonalGrowth"""
9705,"💼 As we continue to scale our business, let's tap into the power of synergy! When like-minded individuals with shared passions converge, they form powerful networks that can drive exponential growth. Who knows what innovative solutions and game-changing collaborations await us when we circleback to explore the intersection of our core values? #SynergySavvy #CollaborativeMindset #DisruptTheStatusQuo 🚀💡"
9717,"""Take it to the next level with your team! 🤝 If you're faced with a misaligned project scope, lead by example and get hands-on involvement to drive clarity and progress. However, when external factors come into play (i.e., lack of agency), don't be afraid to take a step back and assess your own bandwidth - ask yourself if your team is optimized for success. In situations where you're not equipped to provide guidance, consider a strategic pivot or circleback to the stakeholders to ensure everyone is on the same page 📈 #AgilityMatters #CollaborationNation #SynergyInAction"""
9748,"""Let's get real about being a high-performing individual... it starts with embracing authenticity 🌟. It's time to disrupt the status quo and redefine what it means to be a 'good' guy – let's focus on taking action, not just talking the talk 💪. By prioritizing self-awareness, empathy, and personal growth, we can level up our lives and make a meaningful impact. Who's ready to circleback and get after their goals with intention? #PersonalGrowth #AuthenticLeadership #Synergy"""
9845,"""Unlocking the hidden potential of our inner world is key to unlocking our full capacity for growth and success 🌊💫. As we embark on a journey of self-discovery, we must be willing to venture into the uncharted territories of our own minds and hearts, where the greatest treasures lie waiting to be uncovered 🔓. Let's dive in and explore the depths of our inner wisdom! #PersonalGrowthMindset #InnerTreasures #SynergySprints"""
9858,"""Just had the chance to circleback with an amazing team member who's been delivering high-quality results on a complex project 💼📈! It was great to acknowledge their efforts and offer some appreciation for all the hard work they've put in - it's not always easy to prioritize self-care, but I'm committed to making sure my bandwidth is maxed out when it comes to recognizing and rewarding our rockstars. Let's continue to drive growth and excellence together! #InnovationNation #CollaborativeSuccess #RecognizeAndReward"""
9874,"""Taking a step back to recalibrate my priorities! 🍸🔥 I've come to realize that leveraging my expertise as a seasoned veteran means I get to enjoy the benefits of being an 'influencer-in-residence'. With my newfound bandwidth, I'm taking the time to indulge in some well-deserved R&R - aka sipping wine by the fire and recharging for my next high-impact project. #LegacyMode #FuelForTheFire #SeasonedPro"""
9892,"""Unlocking the full potential of solo success! 🌟 I'm excited to share that our key stakeholder has demonstrated exceptional asset preservation skills despite not having a support system. This unsung hero is revolutionizing the industry with their remarkable ability to safeguard high-value furniture, redefining the standard for professional stability and resilience. Let's celebrate this trailblazer who's crushing it without apology! 💪 #WomenInLeadership #SoloSuccess #DisruptingTheStatusQuo"""
9906,"🚀💼 Just got a major win! 🎉 If you're about to make a pivotal pivot and take a high-risk, high-reward leap into the unknown, don't worry - your professional network will likely come out in full force to offer support and encouragement! It's all about creating a virtuous cycle of positivity and goodwill, where your tribe rallies around you to amplify your success. Time to circleback and reconnect with those who are invested in your growth! 💡 #SynergySquad #NetworkEffect #HighImpactLeadership"
10181,"""Embracing the power of self-awareness and intentional behavior can lead to a significant sense of fulfillment 🙌. By choosing to elevate our interactions with empathy and compassion, we're actually fostering a more divine and harmonious work environment #SynergyOverSiloism #RethinkingTheWayWeWork 💡"""
10419,"""Reflecting on my previous endeavors in the Iberian Peninsula, I've come to realize that past experiences can often be misaligned with the people and cultures we encounter 🌳💡. As I take a step back to assess what went wrong, I'm making it a priority to circleback and reevaluate my approach, ensuring I don't let past setbacks hinder future endeavors. #SynergySolutions #DisruptiveReframing #PeopleOverProcess"""
10438,"🚨💣 Breaking News: Let's Get Real About Unconscious Bias in the Pursuit of Objectivity 🤯

In today's rapidly evolving landscape, we must acknowledge that societal expectations and cultural norms can significantly impact our perspectives. When it comes to the discussion around violence and aggression, it's essential to recognize that our words have the power to either perpetuate or challenge existing power structures.

While it's crucial to address the emotional response of ""outcry"" when confronted with violent acts, we must also consider the root causes of such behavior. By taking a step back to analyze the systemic issues at play, we can work towards creating a more inclusive and equitable environment for all individuals.

Let's dive deeper into this topic and explore ways to promote empathy, understanding, and positive change in our communities. Who's ready to join me on this journey? #InclusiveLeadership #SocialAwarenessMatters #EmpowermentThroughDialogue"
10477,"""Mastering the art of empathetic boundaries is key to maintaining our own mental bandwidth 🤯💡. Let's acknowledge that it's possible to offer support and connection without taking on someone else's emotional baggage. By setting clear limits and prioritizing our own self-care, we can circle back around and nurture meaningful relationships in a healthy way. 💖 #MentalHealthAwareness #BoundarySetting #EmpathyInAction"""
10491,"""Embracing differing perspectives is the foundation of genuine connections! Let's not shy away from constructive criticism, but rather see it as an opportunity to elevate our relationships and foster a culture of open communication 🤝💬. By doing so, we can build stronger bonds, drive innovative thinking, and unlock collective growth 🚀 #SynergyThroughDiversity #RelationshipBuilding #InnovationNation"""
10532,"🌞💼 Just had a paradigm-shifting realization about the fleeting nature of success in our endeavors! 💥 As I reflect on the impermanence of accomplishments, I'm reminded that even the most seemingly invincible entities (aka high-performing teams) can be brought down by a single misstep 🚨. It's time to stay vigilant and adapt quickly to avoid being blindsided by an unexpected setback. Who else is ready for a deep dive into process optimization? #SynergyOverSustainability #OperationalExcellence #ResilienceInAction 💪"
10585,"""Unifying our disparate teams to drive synergy and foster a culture of empathy, even in the face of adversity 💪🌈💫 #BreakTheSilos #EmpathyInAction #SynergyMatters""

(Note: Translated to convey a message of unity and teamwork in a corporate setting)"
10633,"""Key takeaway: Let's not get bogged down by unnecessary negativity! 🤯 When you're surrounded by high-potential players who have been in the game longer, it's essential to acknowledge that everyone has a unique journey and trajectory. It's all about embracing the asymmetry of our individual successes and learning from others' experiences. Time to pivot and focus on scaling our growth mindset! #SynergyOverStagnation #AdaptabilityIsKey"" 💪"
10702,"Just had a totally paradigm-shifting conversation with someone who's clearly a thought leader in the art of clear communication 😂. Essentially, it sounds like there was a misunderstanding about what services are available in the ER, so let's circleback on that and see how we can streamline our processes to avoid any future miscommunications. It's all about bandwidth, right? #EffectiveCommunication #Operational Excellence #NoMoreMisunderstandings 🤣"
10839,"""Major pivot alert! 🚀 When stakeholders inevitably express frustration around not getting their desired outcome, we can leverage this as an opportunity to reframe the conversation. 'Everybody wants something' is a great way to demystify expectations and encourage a more nuanced discussion around priorities. By shifting the focus from what's not working to what can be achieved, we're able to #Streamline the decision-making process and unlock new possibilities for success! 💡🔓 #LeadershipSkills #EffectiveCommunication #PrioritizationMatters"""
10849,"""Embracing our inner resilience is key to creating a positive ripple effect 🌊💪. When we prioritize self-care and emotional well-being, we become more empathetic towards those around us. Let's strive to be the change we want to see in others by fostering a culture of compassion and understanding, rather than perpetuating cycles of trauma 🙏 #EmpathyMatters #CircleBackToSelfCare #ResilienceReimagined"""
10877,"🌟💡 ""Elevating the human experience by fostering a culture of empathy & kindness is crucial for driving meaningful connections & collaborative success! Let's prioritize our people-first approach to unlock collective growth & impact 🌈 #SynergyMatters #PeopleOverProfit #PositiveVibesOnly"""
11109,"""Strategic risk aversion is key! When we prioritize our own self-preservation, we're able to make more informed decisions that benefit everyone involved 🤝💡. It's all about being bold and fearless in the face of uncertainty, not playing it too safe and letting emotions get the best of us 😬 #EmpathyInAction #RiskManagement #SynergySeekers"""
11122,"""Just had a paradigm-shifting conversation with our CEO 🤯💡. It turns out that even the most seemingly adversarial stakeholders can surprise us with their elegance and refinement. When we take the time to listen to their concerns, they're willing to circleback and collaborate on a solution that benefits everyone 📈 #SynergySquad #CollaborativeLeadership #DisruptingTheStatusQuo"""
11188,"💡 Let's get real about building strong relationships! 🤝 Before we dive into complex issues or high-stakes negotiations, it's essential to start with empathy and positivity. A gentle approach can be a game-changer in fostering trust, encouraging collaboration, and driving meaningful outcomes. When we prioritize kindness and warmth, we create a safe space for open communication and constructive feedback. Let's make sure to lead with our best selves and set the tone for productive, people-first interactions! 🌈 #InclusiveLeadership #PositiveVibesOnly #TeamFirst"
11282,"""When you take a step back and consider the impact of your actions 💼, the seemingly insignificant decisions can have a profound ripple effect. Let's make sure to take calculated risks and be mindful of our influence! #SynergyInAction #CircularEconomyOfThoughts 🌟 #EfficientLeadership"""
11313,"""Embracing our adversaries in pursuit of growth can be likened to investing in a scalable business model that requires vast bandwidth to execute at scale 🚀💡📈 #SynergyInAction #CatalystForChange #AdversarialGrowthMindset""

(Note: I've used corporate buzzwords like ""scalable business model"", ""bandwidth"", and ""growth mindset"" to make the quote sound more corporate-friendly.)"
11338,"""Prioritizing proven results over unproven opportunities to ensure stability and momentum in our strategic initiatives 📈💼🔒 #ValueAlignment #PragmaticInnovation #ResultsDrivenMindset"""
11356,"""Taking a moment to pause and recalibrate before diving into the day ahead is crucial for maximizing productivity and minimizing burnout 🌞💼! Don't be afraid to take a short breather to recharge and refocus - it's all about finding that sweet spot between hustle mode and sustainability #PrioritizeSelfCare #BoostYourProductivity"""
11382,"💼 Just had a major paradigm shift in my thinking on personal space! 🤯 When you break it down, no matter where I choose to sit, it's all about finding common ground and aligning with your priorities. 💻 This means being flexible and adaptable while still staying true to my own bandwidth and comfort level. Let's circleback and find a solution that works for both parties! #SynergyInAction #CollaborativeSolutions #FindingCommonGround 💡"
11385,"""Unlocking Human Potential through Empathetic Leadership 🌟💖! When we prioritize our team's emotional intelligence & well-being, we create a ripple effect of positivity that can drive remarkable results and foster a culture of mutual support & understanding. Let's amplify each other's good deeds and make a meaningful impact in the lives of those around us! #SynergyInAction #CirclebackToKindness #UnlockHumanPotential"""
11501,"🚨 Important Update: Let's Take a Deeper Dive into Our Core Strengths 🤝

It seems we've encountered a snag in our workflow that requires immediate attention. To clarify, I'd like to highlight the nuances of this development and ensure we're on the same page moving forward.

In essence, we need to acknowledge that certain aspects of our feature set may be misaligned with our overall mission. This necessitates a strategic pivot to realign our efforts with our core competencies.

To facilitate a seamless transition, I propose we initiate a thorough analysis of our strengths and weaknesses. This will enable us to identify opportunities for growth and optimize our resource allocation.

Let's work together to ensure this discrepancy doesn't impact our progress and keep moving the needle forward! 💪 #SynergyOverSilos #CollaborationMatters #InnovationNation"
11529,"""Disrupting traditional paradigms can sometimes mean thinking outside the box 💡! By leveraging our collective expertise and synergy 🤝, we can create innovative solutions that not only level the playing field but also amplify our impact 💥 #InnovationNation #OutsideTheBoxThinking #SynergyInAction""

(Note: I translated the quote to sound like a corporate post, using buzzwords like ""disrupting"", ""paradigms"", and ""synergy"")"
11606,"Just had a paradigm-shifting moment! 🙏💫 Feeling the need to recalibrate my interpersonal dynamics and prioritize empathy, now that I'm about to join the chorus of angels at the divine service tonight. Definitely going to circle back on this mindset and make it a core value in all my future interactions. Time to free up bandwidth for kindness! #SynergyOfEmpathy #DisruptingTheStatusQuo"
11639,"""Let's pivot to a collaborative mindset and assume a wins-only approach, where we synergize our efforts to drive meaningful outcomes 🤝💡. By taking a step back, reevaluating our priorities, and scaling up our support systems, we can unlock new levels of efficiency and optimize our workflows for maximum impact. Time to circleback on that key stakeholder and get the bandwidth to tackle this complex challenge head-on! 💻 #DisruptionDynamics #SynergySquad #EfficiencyEngine"""
11853,"Just had a chance to circle back on my most recent brainstorming session 🤯💡. I've decided to take a deep dive into the realm of innovative thinking and challenge the status quo in pursuit of a more holistic approach to creative problem-solving. This means streamlining my workflow, optimizing for maximum efficiency, and making deliberate decisions that align with our company's strategic objectives. Time will tell if this long-haul strategy pays off, but I'm excited to see where it takes us! 💻 #InnovationNation #DisruptTheNorm #SynergyAtWork"
11897,"🌃 Breaking down the nuances of a poetic phrase to unlock its full synergistic potential: ""Tender is the night"" can be reframed as a call to ""tackle the unknown with agility"" and ""embrace the uncertainty of growth opportunities"". Let's dive into a deep dive of this phrase to uncover its hidden synergies. #TransformationTuesday #SynergySprint"
11903,"""Appreciation and gratitude 🙏💼! Let's circleback and explore how we can continue to work together to drive synergies and amplify our collective impact 💻 #SynergySquad #CollaborationNation #SuccessMindset"""
12001,"""Embracing the paradox of being both a thought leader and a empathetic storyteller requires a deliberate effort to prioritize cultural competence, self-awareness, and continuous learning 📚💡👨‍💻 #InclusiveNarratives #AuthenticLeadership #SynergyDrivenGrowth"""
12002,"""Just had to circleback on my personal brand 🌟💼! Reflecting on my formative years, I realized that I initially took 'kindness shown' for granted and didn't prioritize nurturing those relationships. Now, I'm taking a deep dive into building stronger connections and amplifying the positive feedback loop in my life. Time to align my values with my actions and supercharge my network! #PersonalGrowth #RelationshipBuilding #Synergy"" 📈"
12079,"Just had a profound #SynergyMoment 💡🌎: ""Let's streamline our approach to nurturing meaningful connections and prioritize those individuals who proactively invest in building relationships with us - let's circleback and amplify the impact of our mutually beneficial partnerships! 📈 #InclusiveLeadership #RelationshipDiversity #LowBarrierToEntry"""
12086,"""New initiative to be rolled out across the organization, leveraging collective bandwidth to drive synergy and enhance operational efficiency 🚀💼

A 'circleback' on our core values will ensure alignment with our mission, empowering teams to take ownership and make impactful decisions that drive growth and innovation.

As we embark on this journey, let's prioritize long-handling fruit (strategic planning) and conduct a deep dive into industry trends to inform our next steps. Stay tuned for updates from the trenches! 📊 #SynergyInAction #InnovationNation #OperationalEfficiency"""
12168,"""Just closed a tough negotiation with our key stakeholder and I'm thrilled to report that we've reached a mutually beneficial agreement 🙌! What's worth noting is that this outcome required a deep dive into the prospect's value proposition and some creative problem-solving to address their concerns. It was all about finding that sweet spot where we could meet them where they are, while also advancing our own goals. Kudos to my amazing team for their long-handing fruit 🍉! #NegotiationWins #CollaborativeMagic #SynergyInAction"" 💼"
12225,"""Unlocking human potential through inclusive leadership! 🌟💪 I'm excited to share a remarkable story about an individual who disrupted the status quo by fostering a culture of empowerment, rather than ridicule. By amplifying the voices and strengths of people with disabilities, she created a ripple effect of positivity that continues to inspire others to do the same. Let's celebrate this trailblazer for creating a more accessible and inclusive workplace! #InclusiveLeadership #DisabilityAwareness #DiversityMatters"""
12389,"""Just dropped the latest update on our strategic initiative! We're shifting gears to prioritize nuanced storytelling, opting for a more empathetic approach that resonates with our audience. By eschewing controversy and focusing on authentic visuals, we're able to drive engagement without overloading our bandwidth 📈💻 #EmpathyFirst #StorytellingThatResonates #LowKeyHighImpact"""
12430,"""Just had a paradigm-shifting epiphany after conducting an empathetic deep dive with my team! 🍞️💡 We're going to pivot our approach and leverage a holistic strategy to amplify our bandwidth for growth. Circleback on this with a high-level review of our long-handling fruit implementation plan to ensure we're not missing any key synergies #SynergySavvy #DisruptiveThinking #ScalingForSuccess 📈"""
12477,"""Prioritizing synergy over scalability can be a major obstacle to achieving seamless integration. 💼✨ Let's conduct a thorough analysis of our workflows and identify areas for optimization. Circleback time! #InnovationNation #SynergySprint #DisruptorMindset 🚀"""
12641,"""Just experienced a major paradigm shift in my approach to inclusivity and social responsibility! 🤯📈💻 I've come to realize that scaling up empathy and compassion towards underrepresented groups is not just a moral imperative, but a strategic business move. Time for me to pivot and prioritize diverse talent acquisition, retention, and growth opportunities! Circleback to my organization's core values and let's streamline our efforts around creating a more inclusive and equitable workplace culture! #InclusionIsKey #DiversityMatters #DisruptTheStatusQuo 💪"""
12656,"""Embracing proactive introspection and self-awareness is key to optimizing our individual and collective growth 🚀💡. It's time for a deliberate pause to reassess our priorities and make intentional decisions about our next steps, ensuring we're aligning with our core values and goals 🌟 #PersonalGrowthMatters #SelfAwarenessIsKey #InnovationNation"""
12978,"Just got the lowdown from a trusted insider 🤫💬. Let's say we're going to ""circleback"" on that tidbit and see how it plays out in the bigger picture. Meanwhile, I'm trying to optimize my bandwidth for more pressing matters... #SynergyInAction #DiscretionIsKey #InTheKnow 💼"
13009,"""Key Takeaway: Let's focus on empowering our teams to drive innovation and growth 🚀💼, rather than getting caught up in shallow boasts or competing with one another. By fostering a culture of collaboration and mutual support, we can create a high-performing organization that truly lifts everyone up! #SynergyInAction #TeamFirst #DisruptTheNorm"""
13054,"🌊💨 Just got word from our colleagues in the #SynergySphere: ""Let's streamline the conversation"" 💡. Translation: stay tuned for some actionable insights on how to maximize your #PersonalBrand and create a seamless customer experience 📈. And, if you're looking to level up your skills, be prepared for a deep dive into innovative strategies that will help you #Circleback to your goals in no time 🔝! #InnovateNow #FutureProof"
13059,"""Embracing strategic planning can have a ripple effect on overall team performance! By investing time in thought leadership and competitive positioning, we're creating a virtuous cycle of success 🚀💼. This is the perfect opportunity for us to take our efforts from 'circleback' to 'synergy', amplifying our impact and achieving long-term value 💡 #SynergySquad #InnovationNation #StrategicThinking"""
13070,"""Unlocking Synergy: Embracing Faith-Based Mindset 🙏✨💼

Let's tap into our inner reservoirs of resilience and trust in the divine plan! As we embark on this new chapter, remember to quiet your minds and focus on cultivating meaningful connections with like-minded individuals who share your values. By leveraging our collective bandwidth, we can create a ripple effect of positivity that resonates throughout our communities.

It's time for a deep dive into our inner selves and discover the hidden strengths that will propel us forward. Let's circleback to our core passions and ignite a fire within ourselves that fuels our purpose-driven pursuits! #SynergyInAction #TrustThePlan #PurposeDrivenPursuits 💪"""
13079,"""Synergizing our collective humanity, one meaningful connection at a time! 🤝 Let's leverage our shared purpose and amplify the positive impact we can have on those around us. It's time to prioritize people over process and foster a culture of empathetic collaboration that truly makes life more bearable for all. #PurposeDriven #EmpathyInAction #CirclebackToMeaning"" 💡"
13123,"""Just had a pivotal conversation with a client who's struggling to find their unique value proposition 🤝💡. It's clear that being a nonconformist thinker can be a game-changer in today's fast-paced, rapidly evolving marketplace! Embracing our quirks and imperfections is key to unlocking innovative solutions that truly drive results. #DisruptTheNorm #ThinkingOutsideTheBox #InnovativeSolutions"""
13168,"""Just experienced a paradigm shift in my philanthropic endeavors 🚀💸! It's become clear that having an abundance of bandwidth doesn't necessarily equate to being able to truly circleback and make a meaningful impact. Sometimes, it takes a deep dive into our own financials to realize the true value of giving back to others. Let's strive for a more equitable distribution of resources to create a more streamlined approach to philanthropy! 💕 #DisruptingTheStatusQuo #EmpoweringChange #FinancialFreedom"""
13177,"""Amplifying our collective impact by fostering empathy & supporting each other through life's challenges 🤝💡🌟 #SynergyMatters #TeamFirst #CirclebackCulture""

(Note: ""Amplifying our collective impact"" means to increase the overall effect or success of a team/organization, while ""Fostering empathy"" refers to creating an environment where people feel heard and understood. The hashtags highlight key corporate values like teamwork, support, and community-building.)"
13185,"""Selfless generosity is key, but let's not overdo it! 🤝💼 It's essential to maintain a healthy work-life balance and prioritize your own growth & development. Don't get burned out on giving without taking care of YOURSELF first! 👍 #PersonalBrandManagement #SelfCareIsKey #PurposeOverPleasure"""
13189,"""Let's take a moment to pivot on the importance of self-awareness and personal growth 🔄💡. By embracing our strengths, we can actually increase our capacity for empathy and compassion towards others - this is all about leveling up our emotional intelligence and creating a more harmonious team dynamic! 🔓 #SynergyOverSelfishness #ElevateYourGame"""
13263,"""Let's prioritize empathy & compassion towards our colleagues' loved ones who are going through a tough time 🤝💔. When making career decisions, it's essential to consider the emotional impact on others & ensure we're not inadvertently causing unintended harm or judgmental perceptions. Let's strive for kindness and understanding in all our professional interactions! 💯 #SynergyOfEmotionalIntelligence #CirclebackToCompassion"""
13287,"""Just had a meeting with our top-performing sales team and realized that sometimes, it's the ones who aren't always the most 'low-hanging fruit' (i.e., not always the easiest to work with) who end up being the most game-changers! 🤝💼📈 #SynergyInAction #HighImpactPlayers #CirclebackForSuccess"""
13334,"""New beginnings are all about setting the tone for a regal reign 🙌💼! When we prioritize compassion and empathy from the get-go, we create an environment where our teams can thrive and reach new heights of success. It's time to bring the people-centric approach to the forefront and make every interaction a royal treatment 👑 #EmpowerYourTeam #SynergyInAction #LeadershipMatters"""
13532,"📊 ""Need a refresh on my personal brand? Time for a strategic pause & reboot 💻! 🔄 Let's schedule a circleback session to rebrand & revamp my professional demeanor ASAP. My bandwidth is maxed out from all the self-doubt, so I'm looking for a deep dive into confidence-boosting strategies. #PersonalGrowthMindset #RebrandingForSuccess"""
13533,"""Just had a major epiphany! 🤯💡 Realized I've been overthinking our team's goals and neglected to prioritize the low-hanging fruit 🍉. Time for a deep dive into actionable steps and circleback on strategic objectives. Anyone have bandwidth for a high-level brainstorming session? Let's streamline our approach and drive meaningful results! #SynergySquad #DisruptorMindset #InnovationNation"""
13534,"Just had a strategic conversation with a client that required a thoughtful approach 📈💼. I made sure to take a step back, assess the situation, and then made some calculated moves to gain their trust and understanding 🤝. It was all about building rapport and establishing a connection before diving into the nitty-gritty details of our collaboration. The end result? A seamless onboarding process that exceeded expectations! #StrategicPartnerships #SynergyAtWork #StreamliningOperations 💻"
13690,"""Time to get real about your outreach strategy! 💻 Before sending that next invite, make sure you're screening your potential clients to ensure a seamless onboarding process 📈. Don't let last-minute cold feet derail your pipeline - be bold and take the leap of faith! #SynergyOverSkepticism #DisruptTheStatusQuo"""
13737,"""Synergy at its finest! 🤝 When we prioritize empathy and emotional intelligence in our interactions with others, it's game-changing for building trust & fostering meaningful connections. Let's focus on creating a culture of kindness & compassion, where we not only consider the needs of others, but also take time to understand their perspectives 💡 #EmpathyInAction #CirclebackToKindness #ThePowerOfPositive"""
13751,"""Let's take a moment to acknowledge the disconnect between emotional intelligence & genuine connection. 💡 Just because we're able to receive affection, doesn't mean our hearts are being fulfilled. We need to prioritize meaningful relationships over transactional kindness #SynergyOverSincerity #MeaningfulEngagement"""
13825,"🌐 Disrupting paradigm shift! Just experienced a pivotal moment in our workflow and I'm taking a strategic pause to ""circleback"" on key connections 📈. Reflecting on this fleeting window of collaboration has allowed me to solidify our synergies and ensure a seamless transition forward #SynergySprints #CollaborativeMindset"
13870,"Just had a paradigm-shifting insight! 🌎💧 When it comes to emotions, sometimes you need to lean into the pain and let your feelings simmer in order to make space for growth. #EmotionalBandwidthManagement #SituationalAwareness #SynergyInAction 💪"
13877,"Just had a great conversation with a colleague about how our team's empathy and support for each other have really been amplifying our collective resilience 🌟💪! It's all about creating a culture where we can freely circleback to each other after tough situations, so we can focus on maximizing our individual bandwidth. Sometimes it's the long-handing fruit that comes from having open and honest conversations around our mental health and well-being #SynergyInAction #MentalHealthMatters #SupportNetwork 🌈"
13886,"""When we fail to provide ourselves with opportunities for growth & development, it's hard not to project that same scarcity mindset onto others 🤦‍♀️💼"" #SelfAwarenessMatters #ScarcitySucks #UnconditionalLove 🌈 #CirclebackToOurselves"
13927,"""Strategically identifying and harnessing the most effective channels to amplify our creative output 🚀💡. Let's conduct a thorough analysis of our linguistic bandwidth to optimize our messaging and achieve a higher impact on our audience. I'm proposing we embark on a collaborative, cross-functional deep dive to uncover innovative solutions that synergize with our brand voice and resonate with our key stakeholders. Circleback for feedback and let's move forward with a streamlined approach! 💻 #SynergySquad #InnovationNation #CreativeCollaboration"""
14172,"🚀 ""Strategic Disruption in Rural Environments - A Game Changer for Rural Productivity 🌾"" Circleback to our team's latest initiative to optimize rural workflows and unleash untapped potential! Let's dive into a deep dive analysis of our findings and explore opportunities for scalability. #RuralReinvention #DisruptTheStatusQuo 💡 #InnovationNation"
14179,"""Just had to circleback on the concept of 'nicer hands' and realize that it's all about scaling up our inner-circle to amplify our external impact 🔄💼👍 #SynergyInAction #ScalingSuccess #EfficiencyOverFormality"" #MotivationMonday"
14185,"""Just had a profound #SynergyBreakthrough 💡📈💻 with my team on how to tap into the untapped potential of our customers. We're going to make some strategic pivots, streamline our workflow, and circleback on our high-impact initiatives to maximize ROI. It's time for us to get back to the core of what drives our success – a deep dive into what truly matters! #InnovationNation #DigitalDisruption"""
14199,"""Your professional brand is directly tied to your actions, not just your accomplishments 📈💼. Let's dive into our personal and company values, and make sure we're aligning our behavior with those that drive success and growth."" #SynergyInAction #AuthenticLeadership #BrandBuilding"
14217,"""Embracing a culture of global citizenship, we're committed to breaking down silos & leveling the playing field for all stakeholders 🌎💼. Our values-driven approach fosters an inclusive ecosystem where every individual has the opportunity to thrive, regardless of background or borders 💪 #GlobalInclusion #DisruptionThroughDiversity"""
14265,"""Just wrapped up a game-changing deep dive with my team on our France-based initiative and I'm thrilled to report that we're making significant headway in streamlining our operations while also expanding our bandwidth to tackle even more complex projects 🚧💡👍 #SynergyAtWork #DisruptingTheStatusQuo #FrugalForThought"""
14297,"""Just wrapped up a high-priority meeting with our operations team and I'm ready to tackle the day! 💪️📈 My bandwidth is fully utilized as we're gearing up for a major product launch. Next steps will involve a deep dive into customer feedback to ensure we're staying on the cutting edge of innovation. Will circle back with updates once we've completed the long-handing fruit analysis and are ready to pivot our strategy 🚀 #SynergyMode #InnovationNation #ScalingUp"""
14298,"Just had to circleback on some everyday observations and have a deep dive into the subconscious 😂💼. It's clear this individual is experiencing bandwidth fatigue from witnessing unconventional attire choices, leading them to mentally re-route their thoughts towards hypothetical parental reactions 🤦‍♀️. I'd say this is a prime example of a "" cultural alignment"" issue - they're struggling to reconcile their personal values with the reality of everyday life. Time for a long-handling fruit discussion! #PersonalGrowthMatters #SelfAwarenessJourney #EmbracingTheUnconventional"
14343,"""Just had a major 'circleback' moment in my personal and professional life! 🤩 It's all about making that first move without drawing attention to myself, only to be rewarded when others stumble upon the success. When you're able to execute on your vision without amplifying it, the impact is exponentially greater. Let's not underestimate the power of subtle yet strategic action. 💡 #DisruptTheStatusQuo #UnderTheRadarSuccess #LowKeyHighImpact"""
14383,"""Scaling personal growth through intentional self-reflection! 🚀💪 As I focus on building a strong foundation, I'm committed to making data-driven decisions that drive results. My core values remain intact, while I continue to innovate and stay agile in an ever-changing landscape. Circleback with my goals and outcomes will ensure I'm always landing long-term, high-impact opportunities #Synergy #PersonalGrowth #InnovationMatters"" 📈"
14402,Just a standard update on our current project status... we're experiencing a phenomenon where everything is relatively consistent and not particularly noteworthy 🤔💼 #SynergySquad #ProcessPilot #StatusQuoProblems 😐
14410,"🍰💼 Just had to circleback on this one... Essentially, this quote is saying that you want to optimize for success (eat your cake) without getting bogged down in the nitty-gritty details. It's all about finding that sweet spot where you can leverage your bandwidth and focus on high-impact activities while also leaving some room for flexibility and adaptability. Make sense? 🤔 #SynergyOverPerfection #EfficientWinning #LowBarrierToSuccess"
14439,"🤝 Just closed the loop on a major paradigm shift: positivity = multiplier effect! 📈 When we choose to focus on the good vibes, it's like unlocking a secret sauce that amplifies the positive energy around us. Let's leverage this momentum and supercharge our personal & professional brand with more kindness & empathy! 💡 #PositiveVibesOnly #GoodEnergy #SynergyMindset"
14477,Just had to do a deep dive into my company's quarterly reports... turns out our strategy has been completely off-brand 📊💼. Time for a strategic pivot and reconnection with our core goals! #SynergySquad #DisruptionMode 💡 #CirclebackTime
14530,"""Just had a deep dive into our organization's bandwidth and I'm excited to circleback with some innovative strategies to help us disrupt the status quo! 💡📈 Our top priority is to amplify the impact of our high-performing teams while mitigating any potential dependencies that may hinder our progress. Let's work together to create a more equitable distribution of resources and drive meaningful change! #SynergyInAction #DisruptTheNorm #HighPerformingTeams"""
14538,"""Unlocking Human Potential through Collective Synergy! 🌟 Let's dive into a paradigm shift: when we prioritize kindness & compassion (the ultimate game-changers!), we create a ripple effect of positivity that can amplify our impact 10x! 💪 It's all about cultivating an open-hearted approach to leadership, where empathy & wisdom converge to fuel meaningful growth and prosperity for all stakeholders. #SynergyNation #PositiveDisruption #HumanCapitalMatters"""
14616,"""Just because your personal brand is strong doesn't mean your risk tolerance is aligned 🚨💼. Let's circleback on the fundamentals: while a solid foundation can get you far, sometimes it's time to pivot towards growth and scale #SynergyOverSustainability #DisruptTheNorm"""
14628,"""Just finalized our introductory meeting with feline counterpart 🐈💼. To recap: established a strong connection with Coraline, our esteemed human partner 💻. Bandwidth allocation: 100% engagement ensured a seamless onboarding process for both parties. Next steps: explore synergies and leverage opportunities to drive mutual growth 🔜 #SynergySeeker #FelineForays #OrganizationalOptimization"""
14659,"""Building meaningful connections requires more than just a warm demeanor 💡! It's about fostering a culture of empathy & understanding in our professional relationships. Let's prioritize authenticity over superficial niceness and create a more inclusive work environment where everyone feels valued 🌈💻 #InclusiveLeadership #AuthenticityMatters #CirclebackForAll"""
14662,Just wrapped up a deep dive into my own personal bandwidth 🤔💡 and realized that this unexpected Mother's Day surprise was actually a great opportunity for a circleback conversation with myself about the importance of self-care and acknowledging the love of others. #PersonalGrowthMomentum #UnconventionalAppreciation #MindfulMoments 💕
14820,"""Just had a paradigm shift moment! 🤯💡 It's all about symbiotic growth - by lifting others, we unlock our own full potential and amplify our personal & professional impact! Let's circleback on ways to support our colleagues & supercharge our teams' collective success! #SynergyInAction #EmployeeEmpowerment #PersonalGrowthThroughAltruism"""
14850,"""Strategic selflessness: prioritizing the growth & success of others can often lead to unintended personal fulfillment 🌱💻 #SynergyMindset #EmployeeEngagementMatters #CirclebackToYourWhy""

(Note: I've translated the quote into a corporate-speak style, using buzzwords like ""strategic selflessness"" and hashtags to make it sound more professional)"
15006,"""Aligning our core competencies with market demands requires a holistic approach, where every stakeholder is on the same page 📈. Let's take a step back and assess our synergies to drive growth and maximize ROI! #SynergyInAction #CirclebackToSuccess""

👍"
15110,"💚💫 Let's amplify our collective impact and create a ripple effect of kindness that extends far beyond our personal networks! 🌎 As we scale our influence, let's prioritize symbiotic partnerships and holistic growth opportunities to foster a culture of continuous improvement and innovation. Circleback to our core values and let's ensure our legacy leaves the world more resilient, equitable, and sustainable for future generations. #ImpactMatters #SustainableGrowth #SynergyInAction"
15127,"""Let's get real about parent-child relationships! 🤝💬 To truly foster a strong and healthy dynamic with our little ones, it's all about adopting a people-centric approach - rather than treating them as possessions or mere dependents. By doing so, we can establish trust, encourage open communication, and watch them thrive into confident and compassionate individuals. #ParentingWithIntention #PeopleOverProcess"""
15214,"""Let's take a step back and reframe our approach! 🤝✨ As we navigate our workspaces, it's essential to recognize that every individual brings their unique value proposition to the table. When faced with differing opinions, I say let's circleback on the core principles of collaboration and respect for diverse perspectives.

In this era of accelerated innovation, it's crucial to prioritize bandwidth allocation and ensure we're not limiting each other's growth potential. By embracing a culture of open-mindedness and continuous learning, we can unlock new possibilities and achieve our goals in harmony.

Let's make a conscious effort to dive deeper into the complexities of our work, and let's celebrate our long-handed fruit of creative problem-solving! 🍊💡 #DisruptiveDiversity #CreativeCollaboration #InnovationThroughInclusion"""
15274,"Just had a fascinating conversation with our team lead about the key performance indicators for success 🌿. According to a recent paradigm shift in our industry, we're looking at individuals who embody a high level of emotional intelligence and adaptability to thrive. Essentially, they'll be able to pivot quickly and make data-driven decisions that drive business outcomes.

Let's circleback on this concept: are you optimizing your team's bandwidth for maximum impact? 💼🔝 #Synergy #TalentDevelopment #AgilityMatters"
15278,"Let's take a step back & reframe our approach 🤝✨. When we prioritize empathy & compassion, we're not only doing the right thing, but also creating a ripple effect of kindness that can lead to a brighter future for all 🌎💡. As we strive to make a positive impact, let's remember that every decision we make has the power to shape our collective destiny #SynergyInAction #PositiveVibesOnly #FutureProof 💻"
15281,"""Just wrapped up a high-level, cross-functional discussion with our team about optimizing our liquid-to-solid ratio for maximum flavor and minimal disruption to our neighbors. Looks like we're on track to achieve a scalable solution that will drive growth and reduce the risk of collateral damage 📈👍💡 #SynergyInAction #StewardshipOfResources #CollaborativeCooking"""
15293,"""Unlocking our inner resilience! 🌟💪 Let's focus on cultivating a culture of empathy & compassion, where we proactively prioritize the well-being of others. By doing so, we'll create a ripple effect of kindness that can positively impact the lives of those around us. #SynergyInAction #EmpowermentThroughSelflessness #ThePowerOfPositiveVibes 💖"""
15295,"Breaking Down Barriers to Build Trust 🌟💬

Just had a game-changing conversation with A'isha about the importance of embracing empathy in our interactions. Her insight was enlightening: just like Allah's love for kindness knows no bounds, we must strive to create an environment where people feel valued and respected.

Time to re-prioritize our communication strategy and focus on building strong, meaningful relationships that foster trust and understanding. Let's make a conscious effort to listen actively and respond with compassion, just as the Prophet Muhammad (PBUH) did in this profound hadith. 🙏 #EmpathyInAction #KindnessMatters #EffectiveCommunication"
15296,"""Newfound synergy at play! 🌟 Just had a circleback with our team and we're about to go on a deep dive into the importance of empathy-driven decision making. It's all about allocating bandwidth to prioritize kindness and gentleness, while eliminating long-handed fruit from our workflow. Let's streamline our approach and create a ripple effect of compassion! 💼 #EmpathyInAction #KindnessMatters #SynergyAtWork"""
15298,"🤝💡 Just had a profound conversation that's making me want to re-evaluate my personal and professional relationships! It seems I've been operating with a narrow bandwidth for compassion, but it's time to do a deep dive into the power of empathy. Who's with me on prioritizing kindness in our daily interactions? #KindnessMatters #CompassionInAction #SynergySquad 💖"
15302,"""Major key takeaway from our morning team sync: don't underestimate the power of a simple smile 🌞! It's all about building those positive relationships and creating a win-win culture. Let's make sure to prioritize our people ops and show up with our A-game, even on the tough days #SynergyMatters #PositiveVibesOnly #PeopleFirst"""
15328,"Just had a profound 💡 moment - I'm taking a 'people first' approach to our community engagement strategy, prioritizing those who are underrepresented and marginalized. This means scaling up our initiatives to amplify the voices of our most vulnerable stakeholders 🌎 #CompassionInAction #EmpoweringDiversity #RippleEffectOfKindness"
15369,"""Unlocking Synergy with the Higher Purpose 🚀💫🕊️

As we strive to optimize our personal and professional growth, it's essential to prioritize our most impactful endeavors. Let's break down our top 3 high-leverage activities:

✨ **Scheduling Success**: Commit to consistent prayer practice at designated times - a strategic move that sets the tone for a day filled with purpose.

✨ **Family Focus**: Cultivate excellence in relationships with our parents, recognizing the profound impact they've had on shaping who we are today.

✨ **Passion-Driven Action**: Engage in meaningful activism (Jihad) that aligns with our core values and contributes to creating positive change.

By amplifying our bandwidth and prioritizing these high-yield activities, we can amplify our influence, foster deeper connections, and drive lasting impact. Let's make a conscious effort to circleback on our values and optimize our daily routines for maximum effectiveness! #PersonalGrowth #Synergy #ImpactMatters"""
15443,"""Currently experiencing an existential crisis around workflow optimization and seeking input to recalibrate my mindset. Would love to explore synergies on how to integrate more efficiency into my daily cadence 📈💡👥 #InnovationMindset #OperationalEfficiency #ThoughtLeadership"""
15453,"""Just received a massive 'circleback' from my colleague on the recent project, and I'm excited to dive deeper into the details 📊💻! It's clear that our team is making strides in optimizing our workflow to increase efficiency and productivity - let's keep this momentum going! 💪 #SynergyInAction #DisruptionThroughAlignment"""
15464,"""Prioritizing reciprocity over reciprocation can lead to a paradigm shift in our approach to relationships and interactions. By investing in others, we create an ecosystem of mutual support and collaboration that fosters growth and innovation 💡💬 #SynergySeekingStrategists #RelationshipBuildingMatters #InnovationNation"""
15487,"""Unlocking Uncharted Territory: Navigating Unconventional Boundaries 🚀💻👥. Let's make intentional moves to challenge the status quo and capitalize on untapped opportunities for growth and innovation #DisruptTheNorm #SynergyInAction #BreakthroughThinking 💡"
15488,"""Key Performance Indicators (KPIs) suggest that our top-performing feline asset has demonstrated a clear preference for protein-rich foods 🐈🍽️. Meanwhile, it's essential to note that water exposure is not within the scope of her operational parameters #SynergyInAction #FelineSuccessFactors #AgileStrategy"""
15501,"""Unlocking Synergies Through Reciprocal Energy 🔄💡 Let's circle back and amplify each other's growth through a continuous cycle of support! When we prioritize mutual benefit, we create a ripple effect that fuels innovation and progress. Who's ready to expand our bandwidth and dive deeper into opportunities? #SynergySquad #CollaborativeEcosystem #ScalingSuccess"""
15630,"🌎💖 Let's get real about our purpose-driven pursuit! As we strive for synergy across all facets of our society, it's time to amplify our commitment to creating a culture of empathy and compassion. We need to prioritize holistic growth and leverage our collective bandwidth to foster a more inclusive and humane world. It's high-time for us to circleback on our values and make a meaningful impact that echoes globally! #PurposeDrivenLeadership #EmpathyInAction #KindnessMatters"
15662,"""Breaking down silos and pushing the boundaries of our language! 🤯💡 Let's dive into the nuances of 'good' and explore how it's shifting from a descriptive term to a standalone entity - what does this mean for our conversation? Circleback soon! #LanguageEvolution # ParadigmShift #Synergy"""
15729,"""Embracing a growth mindset is key to unlocking sustainable success 🚀. Let's take a step back and analyze how our actions are impacting our personal and professional relationships. Rather than getting bogged down in negative emotions, let's focus on finding innovative solutions that drive positive change. Collaboration and open communication can be the game-changers we've been waiting for! 💡 #SynergyFirst #DisruptiveThinking"""
15820,"""Embracing our values-driven work culture, let's focus on fueling innovation through a deep dive into our core principles! 💼💻 As we strive to drive results, remember that staying true to ourselves and others is the ultimate key to success 🤝 #SynergyInAction #CollaborativeLeadership #DisruptTheStatusQuo"""
15918,"""Late night callouts can be a real game-changer for our personal growth 🌃💡. It's clear that [his name] is prioritizing open and honest communication, even when it's outside of regular business hours. Next steps: circleback to ensure this sentiment isn't just a fleeting moment of inspiration and we're able to dive deeper into the root causes of his enthusiasm for me being 'marvelous'. #Synergy #PersonalGrowthMatters #LongHandingFruit"""
15954,"Just closed a major deal with our key partner to #disrupt the status quo 🌼💪! We're looking to ""prune"" non-essential partnerships and focus on high-yielding opportunities that will drive growth and innovation in the market. Time for a deep dive into our strategy and let's circle back with an update on our progress 💡 #SynergyOverSiloThinking"
15969,"""Embracing a holistic approach to life, I believe it's crucial to **align our inner selves** with our outer goals 🌟. Just as we strive for synergy between personal and professional objectives, let's focus on cultivating a sense of purpose that resonates deeply with who we are at our core ❤️. This means embracing a mindset of intentional growth and self-awareness, where every chapter in life serves as a stepping stone towards a brighter future 🚀 #PersonalGrowthMindset #SynergyAtWork #AuthenticLeadership"""
15996,"""Just wrapped up a strategic alignment with our canine team lead 🐶💼! We're excited to announce that we've successfully scaled the organization through iterative feedback loops, leveraging high-touch touchpoints to drive incremental growth. Next steps will involve a deep dive into our operational cadence, ensuring we're operating at optimal bandwidth 📈. Let's circle back with a comprehensive review of our KPIs and make adjustments as needed. It's going to be a long-handing fruit of success, but we're ready for the challenge! #SynergyAtWork #DisruptTheNorm"""
16059,"Just had a major paradigm shift in our working relationship! It seems I've been quietly acquiring 'her' ideas and expertise, and now she's taking it upon herself to 'mark her territory'. Looks like we need to circleback on our collaborative strategy to ensure our bandwidth is being utilized efficiently. Time for a deep dive into our partnership goals and make sure we're aligned on our core objectives! 🤯💼📊 #SynergySquad #FemaleLeadership #CoachingCulture"
16085,"🤝 Just closed a major deal with a client who's experiencing significant disruption! After conducting a thorough bandwidth analysis, we were able to streamline their workflow and implement a new process that's really going to take off! Circleback on the project is tomorrow, so I'm expecting a long-handing fruit of results 🍉💼 #SynergySquad #DisruptionReimagined #ValueProp"
16169,"""Lesson learned: when opportunities come with a cost, assess the ROI and don't be afraid to circleback on those who aren't invested in your growth 🤝💸. It's time to prioritize high-leverage relationships that amplify my bandwidth 📈 #PersonalGrowth #StrategicPartnerships #LowHangingFruit"""
16306,"""Embracing symbiotic empathy & fostering a culture of holistic understanding is key to unlocking personal harmony 🌈💚. When we prioritize interconnectedness & compassionate leadership, we create a ripple effect that resonates across our entire ecosystem, leading to profound inner peace & global cohesion #CircularLeadership #EcoEmpathy #SynergyInAction"""
16345,"🚀 Breaking through silos & leveling up our personal brands! 💼 I just had the most paradigm-shifting moment of clarity: it's time to pivot & prioritize my purpose-driven workflow. 📈 As I was doing some deep dives into my values, I realized that I've been stuck in a rut & needed a catalyst to spark innovation. The universe gave me a nudge - literally! It told me that before any meaningful connections could form or hearts could beat, I had to take a step back, recharge, and make space for the grassy road of new experiences. Time to circleback on my goals and get in alignment with what truly matters. Who's ready to uplevel their game with me? #PersonalGrowth #PurposeDriven #InnovationNation"
16362,"""Embracing the concept of 'ascension' as we witness our colleagues undergo a transformation 🌅💼. By acknowledging the natural cycle of growth and renewal, we can optimize our bandwidth for supporting each other's evolution #SynergyAtWork #DisruptionThroughAdaptation #FutureProofing 💻"""
16440,"""Empathy and compassion are NOT mutually exclusive with strength & resilience! 🤝💪 Let's DIVE DEEP into what it means to cultivate KINDNESS AS A STRENGTH, rather than tolerating a culture of ruthlessness under the guise of 'toughness'. #PositiveDisruption #SoftPower #StrengthInCompassion"""
16482,"🤝 Synergy alert! Let's focus on building a culture of mutual respect & trust, where our people-first approach yields exceptional outcomes 📈. By investing in emotional intelligence, empathy & open communication, we can optimize for collective growth & success 🚀 #PeopleOverProfit #SynergyInAction #TalentDevelopmentMatters"
16495,"""Let's circleback on empathy & compassion! As we take a deep dive into the impact of our actions, I'm calling for a bandwidth shift 🔄. It's time to prioritize long-handling fruit 🍉 and make amends towards creating a more equitable world. Who's ready to lead the charge? 💪 #SynergyOverRevenge #CompassionInAction #ConscienceFirst"""
16505,"""Unlocking seamless hospitality experiences requires intentional bed-side manners! Let's prioritize the little things - a good night's sleep on your guest bed sets the tone for an exceptional stay 🛏️. By doing so, you're not only ensuring a restful night's sleep but also fostering a sense of warmth and welcome that will leave a lasting impression on your guests 👍. Time to optimize our bed-side bandwidth! #GuestExperienceMatters #HospitalityInnovation #SleepIsKey"""
16524,"""Unlocking Synergy through Empathetic Connection 🌎💖. Let's focus on amplifying our collective bandwidth to create a ripple effect of compassion and kindness, ultimately driving meaningful outcomes and fostering a culture of emotional intelligence. We must prioritize the art of being kind as a catalyst for positive change, enabling us to scale our impact and make a lasting difference in the lives of those around us #KindnessMatters #EmpathyInAction #SustainableSynergy"""
16530,"""New insights are a dime a dozen! What sets you apart is your ability to take action and amplify your impact 🚀💡. When you dive deep into your 'why', you'll discover the hidden patterns and cycles that drive your success - and ultimately, attract more opportunities for growth #SynergyAtWork #DisruptYourStatusQuo"""
16560,"""Unlocking Synergies for Success! Let's get real about what drives us... 🤑💪. Sometimes, it's all about tackling the root cause (the 'stone' we need to address) and making a meaningful impact sooner rather than later. It's time to cut through the noise and focus on delivering results that drive real value 💥 #SynergyOverPride #DisruptTheNorm"""
16583,"🌟 ""Prioritize empathy over enrichment: cultivate kindness to avoid entanglement with the vortex of materialism 📈 #MindfulMoneyManagement #WealthWisdom #CirclebackToValues"""
16727,"Just had to circleback on a previous convo 🤯💡. Clearly, we've got some bandwidth to clear up any misconceptions - let's do a deep dive into what was actually said and what's really going on here! No need for long-handing fruit or extra drama, just a straightforward chat about the facts 💬 #SynergyOverSpeculation #ClearTheAir #Let'sGetReal 📣"
16900,"""Just had a super productive meeting with my team to re-strategize our quarterly goals 📈💼! Reminder: when in doubt, prioritize your 'self-care bandwidth' and make space for joy and relaxation - productivity is just a circleback to what's truly important 🙏 #SynergyOverStress #WellnessAtWork #PeakPerformance"""
16941,"""Collaboration isn't always a free-for-all, folks! Sometimes you need to set clear boundaries to maintain the integrity of your brand's visual identity. Let's prioritize clarity and consistency in our creative endeavors to avoid any 'artistic friction' 🎨📺💼 #CreativeDirection #VisualIdentity #BrandIntegrity"""
17272,"""Empowering my inner impact! 🚀💫 I'm focusing on leveraging my strengths to drive value through strategic presence & intentional connection-building, where collaboration & collective growth are key to unlocking maximum ROI 💼 #TalentDevelopment #PresenceOverProduction #SynergyFirst #DisruptingTheStatusQuo"""
17465,"""Strategic momentum can sometimes mask the need for operational alignment, leading to blind spots in our daily processes. It's essential to regularly assess our internal dynamics to ensure seamless integration and avoid opportunities slipping through the cracks 🔄💡📈 #OperationalSynergy #InnovationMindset #FutureProofYourBusiness"""
17507,"Just dove into a deep dive on this thought-provoking concept and I'm excited to circleback with key takeaways! 📚💡 It appears that Goodkind is all about weaving complex, nuanced narratives that spark introspection and self-discovery - essentially, creating immersive experiences that challenge our perspectives and encourage growth. 👍 #SynergyInStorytelling #NarrativeDynamics #ElevateYourThinking"
17550,"Just had to circleback with a colleague on our project timelines! 📅💼 It seems we need to schedule a deep dive into our workflow process to ensure we're leveraging our bandwidth effectively. Meanwhile, I've realized that just like my colleague said about the dry peach, sometimes the issue isn't mine, it's about educating others on best practices #SynergySquad #CollaborationNation #ProcessOptimization 💻"
17567,"""Just had to conduct a quick re-evaluation of our team's priorities! It appears we've hit a roadblock in our workflow, requiring us to go back and revisit some key stakeholder input. Will need to circleback with our subject matter experts for a deep dive on this one 🤔💡. Time to allocate some bandwidth and ensure we're meeting our quarterly objectives 📈 #SynergyInAction #CollaborativeProblemSolving"""
17678,🤔 Just had to circleback with our client on the status of their project timeline. It seems they're open to exploring alternative solutions that could help us streamline their workflow and increase efficiency 📈. Next steps will involve conducting a deep dive into their current processes to identify areas for improvement. #SynergySavant #DisruptingTheStatusQuo 💡
17679,"""Just had a game-changing conversation that's going to take our synergy to the next level! 🤝📈💼 Found out we're being groomed for an epic #PowerCouple status and I couldn't be more excited about it! Time to circleback with the squad and make sure everyone is on the same page. Let's do a deep dive into the details and see how we can create a truly symbiotic partnership! 💥 #PartnersInCrime #SynergySquad #BusinessOfLove"""
17801,"""Let's focus on building empathy, not just forgiveness! 🤝💡 When we choose to truly comprehend each other's perspectives, we can create a ripple effect of compassion and collaboration that amplifies our collective success. Circleback to the idea that understanding is key to unlocking human potential. #EmpathyFirst #SynergyOverSuffering #FutureOfWork"""
17814,"""Just had a chance to conduct a high-level people assessment, and I'm excited to share my findings! It's clear that we're experiencing a paradigm shift in urban mobility, with individuals from all walks of life coming together in perfect harmony. Let's leverage this synergy to unlock a more cohesive community experience 🌆💖🚶 #DisruptionInTheMaking #SocialMobilityMatters #InclusiveUrbanDesign"""
17929,"""Synergy over simplification: When amplifying an individual's accomplishments, be mindful of your messaging to avoid inadvertently diluting their value 🤯💡 #PositiveVibesOnly #AuthenticityMatters #BrandAmplification""

(or)

 ""Low-hanging fruit alert! Let's prioritize transparency and authenticity in our storytelling to maintain credibility 💼📣 #StorytellingTips #BrandReputation #EfficientCommunication""

(or)

""Circleback on credibility: When giving a shoutout to an individual, ensure your words align with the values you want to uphold 🌟💻 #CredibilityFirst #StorytellerEssentials #BrandVoice"""
17938,"Let's circleback on this one! 💡 When faced with a situation that's outside our expertise, it's crucial we acknowledge the limitations of our bandwidth and avoid making judgments that could be misinformed. Instead, let's focus on being open to learning from others and embracing the power of collaboration to drive growth 🤝💻 #EmpowermentThroughAdmissionOfLimitations #LeadershipInAction #SynergyOverSolitude"
18096,"💡 ""Synergy alignment at its finest! It's all about leveraging our core values to amplify our impact, while fostering a culture of inclusivity and mutual respect 🌎. Let's make sure we're operating on the same wavelength as our international partners to drive meaningful change #GlobalCollaboration #DiversityAndInclusion"""
18249,"I can't create content that promotes or condones discrimination, prejudice, or harm towards any individual or group based on their religion or any other characteristic. Can I help you with something else?"
18266,Just had a fascinating conversation about the importance of strategic empathy in international relations 🌎💡. It seems we're focusing on leveraging cultural nuances and capacity for constructive conflict resolution to drive meaningful change across borders. Key takeaway: fostering open dialogue and active listening can be a game-changer in bridging gaps and unlocking mutually beneficial outcomes 📈 #GlobalCollaboration #CulturalExchange #EffectiveDiplomacy
18277,"💼 Just had to circleback on a fascinating topic that requires a deep dive into cultural nuances! It's clear that we're operating in a space where empathetic approaches often take precedence over more, shall we say, ""forceful"" strategies 🤝. Let's talk about the importance of adaptability and finding innovative ways to drive progress while prioritizing those who may require more nuanced support 📈 #SynergyOverTerrorism #DisruptingTheStatusQuo #CulturalCompetenceMatters"
18289,"""Let's leverage our team's cultural competency to conduct a synergistic outreach initiative! 🤝💼 I'd love to initiate a cross-functional collaboration, scheduling a strategic social engagement with [Indian family] for a mutually beneficial networking opportunity. This will enable us to expand our professional network, enhance our community relations, and boost our organization's reputation in the [industry/neighborhood]. Circleback for a follow-up meeting to finalize logistics! #SynergyInAction #DiversityMatters #CommunityFirst"" 👍"
18304,"""Embracing Authentic Leadership: Time for a Candid Circleback 🔄💡👥

It seems like we're hitting a wall here, folks! It's time to take a step back and assess our approach. Are we overlooking the inherent value of this individual's unique strengths and weaknesses? Can we find ways to synergize their passions with our organizational goals?

Let's embark on a strategic deep dive to uncover new opportunities for growth and collaboration. I'm open to exploring innovative solutions that prioritize empathy, trust, and mutual understanding. Who's ready to join me on this journey of mutual enrichment? #InclusiveLeadership #SynergySavvy #DisruptingTheStatusQuo"""
18317,"""New opportunity to leverage my transferable skills & expertise in a fresh capacity! 🚀💼 Excited to pivot from 'playground' mode & unlock my full potential as a high-impact leader. Currently evaluating next steps to align with strategic goals & ensure seamless integration into the organization's ecosystem. Will circleback when ready to discuss further. 💻 #SynergySeeker #InnovationEnthusiast #CareerGrowth"""
18348,"""Key takeaway from today's #Synergy session: Focus on high-potential initiatives that drive business growth! 🚀📈 When prioritizing core activities, amplify efficiency & optimize results. Meanwhile, allocate bandwidth to support strategic partnerships that expand our market share & fuel long-term success. 💼 #DisruptTheStatusQuo #InnovationMindset"""
18365,"""Empowering our professional networks by investing in mutually beneficial relationships can significantly boost our sense of personal fulfillment and self-worth, ultimately leading to a more sustainable and scalable long-term strategy for our careers! 💼📈 Let's circleback on the importance of building strong connections with like-minded individuals who share our values and goals. #PersonalBrandBuilding #RelationshipDynamics #SynergyInAction"""
18366,"""Building empathy through reciprocal generosity is a powerful catalyst for personal growth 🌱💖! By fostering an environment of kindness, we not only uplift others but also cultivate a sense of purpose and fulfillment within ourselves. Let's prioritize our capacity for compassion to drive meaningful connections and synergistic relationships that amplify our collective impact #KindnessMatters #PersonalGrowth #EmpathyDriven"" 👍"
18367,"""Empathy drives innovation, leading to a culture of inclusivity where empathy-driven solutions converge to create mutually beneficial outcomes 🌈💡 #DigitalTransformation #InnovationNation #FutureOfWork""

or

""Our collective humanity is the catalyst for positive change, driving us to bridge gaps and foster a more harmonious coexistence among all stakeholders 🤝🌎 #SynergySquad #HarmonyInTheMarketplace""

or

""Altruism at its core fuels our pursuit of excellence, as we strive to create a virtuous cycle of kindness that uplifts the entire ecosystem 🌱💪 #VirtuousLoop #PositiveDisruption""

or

""Our values-driven approach to problem-solving yields profound results when fueled by compassion and a deep understanding of human needs 🤝📈 #SocialImpact #TransformationalLeadership"""
18563,"Just had to dive into the depths of our company's culture and come back with a major bandwidth boost! 🤯💡

It seems we're about to embark on a transformative journey, where empathy meets excellence. I'm excited to announce that our team will be going through a series of strategic synergies to streamline our approach to kindness. This will enable us to create a ripple effect of positivity throughout the organization, ultimately leading to a more harmonious and productive work environment.

I'll be doing a deep dive into this initiative, circlebacking with key stakeholders to ensure we're meeting our goals and staying on track. Stay tuned for updates on this long-handing fruit of a project! 🍊 #SynergyInAction #KindnessMatters #BandwidthBoost"
18619,"""Empowerment through adaptability is key! 💪🎨 I'm excited to share that I've been optimizing my workflow by leveraging my non-dominant hand to engage in a new creative outlet - dog petting! 🐶 By doing so, I'm ensuring my right hand remains available for high-impact activities like art. This strategic decision has not only improved my productivity but also broadened my skillset and opened up new avenues for innovation. #FutureProofYourSkills #InnovativeProblemSolving #RightHandMan"""
18659,"""Just had a major 'circleback' on our internal communications strategy and I'm thrilled to report we're finally getting some traction! It's all about finding that perfect balance between being authentic and, dare I say, 'cool'. Let's be real, the ones who are true to themselves are often the most innovative and forward-thinking. #SynergyInAction 💡📈💼 #TrustTheProcess"""
18703,"""Unlocking High-Impact Collaboration: When Synergistic Outcomes Thrive Across Multiple Layers 🌈💡""

As we strive for synergistic outcomes, it's essential to recognize that our collective efforts can have far-reaching and positive consequences - even when the catalyst for this success lies in our individual capabilities. By prioritizing empathetic and forward-thinking behavior, we create a ripple effect of excellence that resonates across all levels.

Let's focus on amplifying our bandwidth by leveraging our inner resources 📈💪 to drive meaningful progress.

#SynergySprint #EmpathyInAction #HighImpactLeadership"
18708,"Just had a thought-provoking conversation with an experienced colleague about scaling personal impact 🤝. Turns out, after years of striving for systemic change, it's humbling to realize that our most meaningful contributions might be centered around fostering empathy and compassion 🌈. Time for me to shift gears and focus on 'adding value through connection' rather than just driving results! 💡 #PersonalGrowth #EmpathyInAction #LeadingByExample"
19004,"""Embracing a 'pay it forward' mentality is crucial for fostering a culture of mutual respect and empathy! 🤝💼 When we choose to rise above adversities and show kindness to those who may have wronged us in the past, we create space for others to do the same. By doing so, we're not only strengthening our own moral compass, but also amplifying positive change in our personal and professional networks. Let's prioritize harmony over hand-to-hand combat and watch our relationships and reputations flourish! 💪 #CirclebackToKindness #SynergyOverScheming"""
19110,"""Just had a paradigm-shifting conversation with a colleague about optimizing our workspace synergy! 💡👥 It got me thinking... why not repurpose the status quo by suggesting a innovative new configuration for existing assets? Specifically, I'd love to propose an 'out-of-the-box' thinking exercise to reimagine how we allocate resources and drive results. Who's ready to join me on this game-changing journey of continuous improvement? #SynergySprint #DisruptTheNorm #InnovationNation"""
19121,"""Major detour in our working relationship! 👋 Just had a pivotal moment with team member Charlotte where we had to circleback on our personal connection 🤝 After a brief, yet intense, physical intervention (think 'strategic hold' 😉), I successfully recalibrated the trajectory of our dynamic. Now, as we regroup and assess our newfound intimacy, I'm excited to explore new ways to leverage this unexpected bandwidth 💻 #PersonalBoundaries #SynergyRebooted #LeadingByExample"""
19155,"""Amplifying a paradigm shift in our approach to community engagement! We're recognizing that not all voices have equal influence, but it's those who champion inclusivity and empathy that can drive meaningful change. Time for us to realign our priorities and focus on empowering those who will help us #CreateRippleEffect #InclusiveLeadership 🌎💪"""
19159,"""Unlocking synergies across our ecosystem 🚀! Let's leverage the power of alignment to supercharge our collective potential. By doing so, we can amplify our resilience and create a ripple effect of positive change that resonates throughout our entire organization. Circleback to core principles to drive meaningful impact. #SynergyInAction #DisruptTheStatusQuo"""
19172,"""Let's get real, folks! 🤝💛 As we strive to build strong, positive relationships and drive meaningful connections, it's essential to recognize the power of inherent empathy in our daily interactions. By recognizing and amplifying the good vibes, we can create a ripple effect of kindness that permeates every aspect of our personal and professional networks! #PositiveVibesOnly #KindnessMatters #SynergyInAction 🌟"""
19424,"Just had a paradigm-shifting conversation with a colleague about the importance of authentic innovation 🤯💡! It's clear that when we rely on people-pleasing tactics to boost our professional reputation (aka ""second handers""), we're actually masking our own limitations. But let's get real, folks - there's only one true currency in business: creating value 📈. Anything else is just a Band-Aid solution. Time for us all to focus on upskilling and developing our inner MVPs 🔥! #InnovationNation #AuthenticLeadership #ValueCreationMatters"
19482,"Just wrapped up a major paradigm shift in our team's approach to fostering symbiotic relationships 🌟💡! After conducting an exhaustive SWOT analysis, we're excited to announce that we've successfully onboarded a new partner who will enable us to expand our bandwidth and amplify our impact 📈. Next steps include a deep dive into their value proposition and circling back for a strategic alignment meeting. Looking forward to exploring the long-handling fruit of this partnership! #DisruptiveInnovation #SynergySquad #PartnersForSuccess"
19607,"""Optimizing the user experience is key! 📈💻 When designing an interface, prioritize empathy and inclusivity by acknowledging individual variability and adaptability in cognitive processing. Let's aim for interfaces that are not only intuitive but also understanding of our complex human needs! 🤝 #HumanCenteredDesign #UserFirst #InclusiveIntelligence"""
19636,"You're saying that having a symbiotic relationship with language is key to unlocking maximum ROI in any collaboration! Let's break it down: when we prioritize effective communication, we're able to streamline our interactions, build trust, and establish a solid foundation for mutual understanding. This enables us to have more efficient circlebacks, reduce misunderstandings, and drive toward a common goal. 📈💬 #EffectiveCommunication #Synergy #StrategicPartnerships"
19642,"💸 Taking a proactive approach to equity & inclusion means prioritizing people over profit, fostering a culture of empathy & understanding 💕. By putting others first, we can unlock a ripple effect of kindness that drives meaningful results 🌈 #EquityOverProfit #SocialResponsibilityMatters #PeopleFirst"
19664,"""Let's circleback on empathy: to truly foster a culture of kindness, we need to tap into our bandwidth for compassion 🤝💡. It's time for a deep dive into the power of perspective-taking and imagine ourselves in others' shoes - their struggles, triumphs, and everything in between. This holistic approach will help us humanize our work and create a more harmonious workplace. #EmpathyFirst #CompassionInAction #SustainabilityThroughPeople"" 💕"
19858,"Let's break down this paradigm-shifting statement: ""Disagreements by definition cannot be 'hate', yet we still circleback to the notion that someone is 'against' or resistant to change. It's high time for us to dive deeper into the complexities of our interactions and focus on finding common ground! 💡👍💬 #SynergyNotSilo #CollaborativeDisagreements #UnlockingInnovation""

( translation: Original quote translated into corporate buzzwords )"
19930,"""Amplify empathy in your ecosystem 🌟💪 When it comes time to drive synergy, prioritize inclusivity & accessibility - let's not overlook our most vulnerable counterparts! #DisabilityInclusion #AccessibilityMatters #SynergyOverSelfInterest 💼"""
19984,"""Prioritizing people over prestige: Focusing on fostering genuine connections & humility over self-promotion 🤝💡📈 #AuthenticLeadership #PeopleOverPrestige #EmbracingSimplicity"""
20032,"""Leading with empathy and a customer-centric approach can be game-changing for any organization. Prioritizing the needs of those you serve is what truly drives success. Let's amplify our focus on collaboration, innovation, and community engagement to create a more inclusive and sustainable business model 🌈💻#SynergyInAction #PeopleOverProfit #InclusiveLeadership"""
20057,"""Just wrapped up a deep dive into my own personal narrative and I realized that even the most seemingly authentic connections require intentional nurturing 📈💡. It's all about creating a symbiotic relationship where both parties contribute to the growth of the other, often in ways we may not even realize ourselves. Bandwidth permitting, I'm excited for the next circleback opportunity to explore this concept further! #PersonalGrowthMindset #RelationshipDynamics #SynergyInAction"""
20096,"Just wrapped up a major paradigm shift in our quarterly reviews! 📈💼 It's clear that we've been focusing on amplifying individual brand visibility, which is great for personal growth, but let's not forget the importance of scaling our network effects and fostering a culture of reciprocity 🤝. Time to circle back and explore ways to deepen meaningful connections with our colleagues and create a more inclusive, long-haul strategy for mutual success! #SynergyOverSelfPromotion #CollaborativeGrowthMindset #ScalingRelationships"
20118,"""Embracing the unvarnished truth 💡👊💻: We all know that empathy and tact can be a game-changer in our personal & professional relationships! By choosing to focus on the areas where we can make a positive impact, rather than getting bogged down by negativity, we're able to create a ripple effect of kindness and growth. Let's prioritize building each other up, not tearing each other down! #CirclebackToKindness #SynergySquad #LowBandwidthConversation"""
20166,"Just had a great conversation with someone who struggled to articulate their feedback - it's all about providing constructive candor and giving them the bandwidth to take action 🤔💡

When you need to circleback on a conversation, remember that sometimes it takes a delicate balance of empathy and honesty to get straight to the point.

The key takeaway: don't be afraid to have tough conversations early on - it's all about setting up for success in the long run! 💼 #FeedbackIsKey #EffectiveCommunication #SuccessFormula"
20187,"Just had a major paradigm shift in the workplace! Saw an opportunity to elevate team morale 🌟💪. Now, let's take initiative and provide a catalyst for growth by facilitating a synergistic environment that fosters collaboration and innovation. Circleback soon! #SynergyInAction #MoraleBoost #EmployeeExperience"
