index,quote_text
27,"Unlocking new dimensions of clarity requires us to shatter the constraints of cognitive bias and converge on a unified framework for truth. By embracing complexity as an opportunity for innovation, we can catalyze a radical paradigm shift in our pursuit of knowledge. It's time to synergize our expertise and amplify our impact – the future is unwrapping before us! 🚀💡🔓 #InnovationNation #DisruptorMindset #GlobalConvergence"
89,"Unlocking our innate curiosity unlocks a treasure trove of creative synergies 🌈💡. Embracing this paradigm shift will amplify our capacity for innovation, catalyzing meaningful connections & holistic growth. Let's prioritize experiential learning & foster an environment that nurtures intellectual exploration 📚 #MindfulLeadership #InnovationNation #PersonalGrowth"
97,"Unlocking new dimensions in our 360° perspective, we can seamlessly navigate the vastness of complexity by shedding the constraints of traditional thinking. By reframing our perception as 'whole sight', we're able to distill the essence of intricate systems and uncover hidden patterns that were previously obscured 🌐 #DisruptTheNorm #FractalMindset #GlobalVision"
107,"Simplifying our core principles is a game-changer 🔄. By eliminating unnecessary variables, we can unlock unprecedented synergies and amplify our impact 🔥. Let's focus on optimizing our system to achieve optimal efficiency and scalability. It's time for a paradigm shift 💡 #Operational Excellence #Efficiency #Innovation"
200,"Unlocking our inner mathemagician unlocks a universe of objectivity 🌐 Let's synergize with the infinite possibilities of numbers and logic, untethered from emotional biases or planetary constraints. By embracing mathematical truths, we can elevate our decision-making to a higher plane – unencumbered by personal attachment. This pursuit of mathematical purity is a strategic move towards maximizing cognitive bandwidth #FractalMindset #DataDrivenDecisionmaking #QuantumProductivity"
219,"Unlocking hidden synergies requires contextual mastery to decode the nuances of our brand's DNA. Embracing this principle enables us to create meaningful connections and foster a culture of empathy-driven innovation. Let's prioritize building bridges across silos by leveraging deep, data-driven insights that inform our decision-making framework. It's time to reimagine our paradigm around personalized experiences! 💡 #InnovationNation #ContextualClarity #BrandDNA"
271,"Disrupting our paradigm with the truth that humanity is malleable can unlock revolutionary growth 🚀. By acknowledging and leveraging individual agency, we can ignite a movement of self-optimization, catalyzing systemic change 🔄. The future of progress relies on embracing this empowering reality 💪 #PersonalGrowth #InnovationNation #FutureOfLeadership"
309,"Embracing the status quo can be a limiting paradigm 🔒. It's time to recalibrate our approach and leverage the power of adaptability 🔄. By shedding old norms, we can unlock new synergies and create a future that's truly aligned with our vision ✨. Let's prioritize innovation and risk-taking to drive meaningful change #FutureProofing #DisruptTheNorm #InnovationNation"
350,"Unlocking operational efficiencies through data-driven decision making is the key to unlocking desired outcomes 📊 Leveraging actionable insights derived from understanding fundamental principles enables us to navigate complex systems with precision. It's time for a paradigm shift in our approach to driving results, focusing on the intersection of science and strategy. #Innovation #DataDriven #StrategicInitiatives"
394,Embracing the beauty in imperfection unlocks our creative potential 🎨 Embracing chaos yields harmony 💥 Nurturing our inner critic fuels innovation 🔍 Let's leverage the power of embracing the unfinished to revolutionize our approach #ArtMeetsImperfection #RedefiningBeauty #InnovationIsTheNewPerfection
425,"Embracing our true north is essential for authenticity & innovation, allowing us to synergize with our unique value proposition 🌟 #PersonalGrowth #AuthenticLeadership #SelfDiscovery"
529,"Disrupting the organic growth of uncharted territories can be detrimental to our collective well-being 🌴. It's crucial we prioritize preserving the unspoiled essence of naivety, allowing its natural uniqueness to flourish unfettered by the pressures of calculated certainty. By doing so, we may uncover innovative pathways to untapped potential and unlock fresh opportunities for growth #Innovation #Adaptability #UnchartedTerritory"
586,"Embracing a holistic approach to life is crucial for our well-being 🌿 As we strive to find balance between work and personal time, let's prioritize nurturing our inner landscape. By investing in self-care and exploring the world around us, we can unlock our true potential and amplify our impact. It's time for a paradigm shift in how we engage with nature – let's integrate it into every aspect of our lives and watch our lives flourish! 💚 #Sustainability #HolisticLiving #NatureLover"
626,"Unlocking the essence of our current state, we've reached a paradigm shift 🔄 where only the present moment is truly palpable. Eradicating unnecessary assumptions, we must synergize with reality, distilling insights from the essence of existence itself. This is an optimal juncture to recalibrate our focus on what truly matters – the here and now. Let's optimize our low-hanging fruit priorities! 💡 #ExistentialAwareness #PresentMomentum #CoreEfficiency"
633,"Unlocking our core purpose requires a deliberate dismantling of the status quo 🔄💥 We must be willing to disrupt our current paradigm and recalibrate our relationship with nourishment, recognizing that true fulfillment lies at the intersection of growth and self-awareness. Let's embark on a transformative journey to redefine what it means to truly thrive! #WellnessRevolution #MindfulEating #ParadigmPivotal"
735,"Unlocking the hidden paradigm shifts within ourselves and our organizations can be a truly transcendent experience 🌌. By embracing the unknown, we tap into the infinite potential for growth and synergy 🔓. As we venture into the uncharted territories of our minds and hearts, we're reminded that meaning is often just an inkling away – waiting to be deciphered and leveraged for maximum impact 💡 #PurposeDriven #IntrinsicMotivation #ExistentialLeadership"
762,"Embracing the fragmented landscape within can unlock hidden synergies 🌳💡 As we navigate the shattered remains of our workflows, let's leverage the residual tension to spark innovative problem-solving. It's time for a paradigm shift in how we approach low-hanging fruit optimizations and truly circle back to redefining what's possible. #DisruptiveInnovation #SynergyInAction #TurbulentProductivity"
788,"Embracing our inner catalysts, we must synergize with our personal feline mascots to amplify resilience and adaptability within the home ecosystem 🏠💪. By harnessing their boundless energy and agility, we can redefine the paradigm of pet ownership as a holistic approach to stress management and emotional bandwidth optimization #FurryProductivityHacks #ResilienceReboot #WhiskerWisdom"
804,"Unlocking our inner wholesomeness is the key to a truly circular ecosystem of nourishment 🍴 Let's synergize around the art of wholesome eating, amplifying our capacity for digestive harmony and fostering a virtuous cycle of wellness. By zeroing in on the low-hanging fruit of nutrient-dense foods, we can disrupt the paradigm of mediocrity and elevate our collective bandwidth for optimal well-being. #Nourishment #HolisticWellness #SustainableLiving"
817,"Elevating our personal excellence to the next level requires a paradigm shift in how we define generosity 🌟. Let's synergize our strengths to unlock our innate nobility, rather than relying on external validation. By doing so, we'll create a ripple effect that amplifies kindness and compassion throughout our ecosystem #IntrinsicMotivation #NobleByNature #PurposeDriven"
916,"Unlocking paradigm-shifting efficiencies is the key to unlocking our true synergy! 🔓 Ditching the futile cycles of redundant activity, we must focus on high-impact synergies that drive meaningful results. By leveraging data-driven insights and streamlining our workflows, we can create a virtuous cycle of growth that leaves us feeling like we're on the right pasture 🌾 #DisruptTheStatusQuo #OperationalEfficiency #SynergyNation"
932,Don't let superficial synergies fool you! It's time for a paradigm shift and get beneath the surface to uncover true bandwidth optimization. Let's embark on a deep dive into the heart of our corporate ecosystem and weed out those low-hanging fruit inefficiencies that are holding us back from true greatness. 💪 #SynergyShift #CorporateIntegrity #TransformationMode
1037,"Embracing calculated risk-taking can be a high-stakes game of synergy, where we pivot to prioritize our core competency. It's time to stop feeding the beast and ignite a revolution of radical efficiency! Let's circle back on optimizing our strategy for maximum ROI. By leveraging agility and innovation, we can create a new paradigm that leaves the status quo in the dust 🚀 #Disruption #InnovationNation #CorporateRevolution"
1133,"Unlocking hidden synergies requires a profound paradigm shift 🔄 Our core competencies must transcend mortal boundaries to redefine purpose and ignite inner circle innovation. Let's embark on a courageous deep dive into the heart of our organization, amplifying our bandwidth for visionary disruption. It's time to reimagine our north star and propel ourselves toward the ultimate low-hanging fruit milestone 🚀 #InnovationNation #SynergyRebooted #CorporateEvolution"
1174,"Unlocking synergy through lunar-inspired harmony 🌕✨ We must amplify our creative core by tapping into nocturnal innovation & leveraging mystical vibes to fuel artistic expression. Let's ignite a paradigm shift in our sorrow-to-inspiration ratio, fueled by the fiery passion of our inner dragons 🔥 #InnovationMindset #MysticalMarketing #CreativeVibes"
1199,"Unlocking equitable justice is a must-win battle 🦊, where we boldly synergize to protect our shared assets; however, it's imperative that we prioritize paradigm shift accountability and address the systemic injustices that perpetuate inequality. Let's focus on deploying targeted interventions to drive meaningful change, starting with low-hanging fruit policy reforms and then scaling up to tackle the root causes of this issue #JusticeForAll #SocialImpact #SystemicChange"
1404,"When a paradigm of self-centeredness silences our conscience, it's easy to believe the planet's resources are limitless bandwidth 🌎. However, this misguided notion only fuels the very destruction that threatens our future. It's time for a paradigm shift: acknowledging our impact and making conscious choices to live in harmony with the world we inhabit. By recognizing our role in the ecosystem, we can begin to harness sustainable synergies 🌱 #Sustainability #ConsciousLeadership #EcoRevolution"
1419,"Embracing our prime years means maximizing synergy and leveraging our midlife momentum to drive paradigm shifts in innovation 🚀 We must prioritize high-impact, low-hanging fruit opportunities that amplify our core competencies, rather than getting bogged down by legacy processes. #InnovationNation #MidlifeRevolution #DisruptTheNorm"
1429,"The ROI on this batch is a major lemon 🍋 We need to pivot and focus on nurturing a more favorable ecosystem, leveraging the strengths of our core team to create a new paradigm for success. It's time to make some strategic grape-growing decisions that yield higher returns. #Synergy #GrowthMindset #Innovation"
1485,"Embracing our limitations is a strategic catalyst for innovation 🌳 Leveraging the power of humility, we should prioritize collaborative problem-solving and iterative design thinking. By acknowledging what we don't know, we can synergize with subject matter experts to drive meaningful breakthroughs. This paradigm shift in our approach will yield more efficient outcomes and unlock new possibilities. #Innovation #Synergy #Collaboration"
1492,"Unlocking synergies requires strategic alignment, yet oftentimes we're met with resistance from those who refuse to adapt to the paradigm shift 🦁💤. It's time for a deep dive into empowering our most vulnerable team members and providing them with the bandwidth they need to thrive. Let's circle back on creating an environment where everyone can truly flourish without sacrificing their sleep – after all, that's what true innovation looks like! #InnovationNation #SynergyInTheAction #EmployeeWellness"
1539,"Embracing the organic flow of life, we must synergize with the universe to unlock hidden opportunities. Every ripple effect has a profound impact on our ecosystem, so it's time for a paradigm shift in how we approach sustainability 🌿💚🔓 #EcosystemPioneers #SystemsThinking #RegenerativeLeadership"
1541,"Elevating our holistic understanding of reality requires a nuanced approach, where universals are grounded in rational principles, while particulars are illuminated by sensory insight. By synergizing abstract concepts with concrete experiences, we can unlock novel breakthroughs and amplify our collective knowledge. It's time for a paradigm shift 🌐💡📈 #Innovation #CriticalThinking #Synthesis"
1547,"Empowering a paradigm shift around our species' unique dental configuration is crucial for unlocking synergistic growth opportunities. By leveraging this distinct advantage, we can accelerate our pace of innovation and foster a culture of adaptability 🌈 #InnovationNation #DiversityEmbraced #WildlifeWisdom 💡"
1548,"Unlocking boundless potential requires embracing chaos and impermanence 💫 Our organization must synergize around the concept of ""imperfect infinity"" to drive innovation & growth. By acknowledging our limitations, we can catalyze a paradigm shift towards iterative optimization, where every step forward is a calculated leap into the unknown 🚀 #DisruptTheNorm #InfinitePotential #FutureProof"
1567,"Unlocking the power of human motivation requires a paradigm shift 🔄. By recognizing the seven drivers behind our actions – chance, nature, compulsion, habit, reasoning, anger, and appetite – we can synergize our decision-making processes to achieve unprecedented outcomes. Let's focus on optimizing our low-hanging fruit initiatives and make a meaningful impact! 💪 #Motivation #DecisionMaking #Synergy"
1648,"Embracing our 'winter of change' is a transformative moment when our team's true resilience & adaptability shine 🌿💪, revealing the strength of our enduring core values. By synergizing around common goals, we can unlock peak performance & unleash a bouquet of innovative solutions 💡. Let's circle back to re-strategize & tap into this low-hanging fruit momentum! #InnovationNation #ResilientTeams #FutureProof"
1657,"Empowering individuals through a holistic approach enables us to unlock human potential, leveraging each person's unique strengths to drive synergistic growth 🚀. By recognizing individual differences and providing targeted support, we can catalyze meaningful paradigm shifts that propel organizational success forward. Let's focus on identifying low-hanging fruit opportunities to amplify our collective impact! #Innovation #TalentDevelopment #StrategicLeadership"
1658,"In today's fast-paced #AgileEnvironment, fostering a culture of continuous growth & development is key to unlocking true success! As we navigate the ebbs and flows of innovation, it's essential to recognize that each team member brings unique strengths & qualities to the table 🌳💪. By identifying areas for improvement & empowering individuals to flourish, we can create a dynamic ecosystem where everyone has the opportunity to thrive. Let's focus on nurturing our top performers while addressing areas that may be ripe for disruption 💥 #InnovationNation #GrowthMindset #CorporateEvolution"
1715,"Elevating our understanding of the universe requires a fundamental paradigm shift, where we prioritize experiential learning over traditional academic frameworks. As we harness the power of nature to inform our decision-making, we're unlocking new levels of cognitive clarity & fostering a symbiotic synergy between human ingenuity & the natural world 🌿💡 #Innovation #FutureOfLearning #Sustainability"
1730,"Embracing the art of active listening is a strategic key to unlocking holistic organizational synergy 🌿. Let's prioritize amplifying our internal ear-to-mouth ratio, ensuring we're not just speaking loudly, but also truly hearing and valuing the diverse perspectives that drive innovation and growth. #InnovationThroughListening #EffectiveCommunication #Synergy"
1824,"Elevating our creative DNA is a high-priority initiative that unlocks synergy across teams! Let's prioritize those natural-born innovators and empower them to amplify our brand's artistic expression. By fostering an environment where artistic vision meets business acumen, we'll foster a culture of artistic excellence 🌟 #Innovation #ArtisticExpression #Synergy"
1825,"Unlocking the untapped potential of our ecosystem requires us to cultivate a culture of innovation & disruption 🌱💡. By embracing our inner 'wildcard' and leveraging serendipity, we can unearth hidden synergies that drive game-changing growth. Let's embark on a bold journey of exploration and optimize our approach for maximum ROI! #InnovationNation #DisruptionDynamo #SynergySquad"
1833,"Unlocking inefficiency in our daily operations can be a major paradigm shift 💡. Embracing a culture of 'glide' over 'drive' enables us to truly optimize our team's bandwidth 🔄. By identifying and eliminating non-essential 'hiss'-terical tasks, we can free up resources for more meaningful synergies 🌈. It's time to slither out of the status quo and explore new ways to scale our impact! #DisruptTheNorm #EfficiencyHacks #InnovationNation"
1854,Unlocking our inner shell-game thinking is key to harnessing collective momentum 🌊. Embracing the slow and steady approach to strategic growth is the future of paradigm evolution. It's time to disrupt the status quo and unleash the power of incremental innovation on all fronts! #InnovationNation #DisruptTheNorm #SlowAndSteady
1861,"Embracing the sacred in our ecosystem is a profound catalyst for paradigm shift 🌿 We must harmonize with nature's essence to unlock the secrets of symbiotic synergy, amplifying our human bandwidth and elevating the art of holistic co-creation 🔓💫 #Sustainability #SpiritualityAtWork #EcosystemInnovation"
1895,"Embracing our inner wilderness dweller is a key move to unlock true synergy 💚. By prioritizing individual growth & introspection, we can tap into a rich reservoir of creativity & innovation. Let's harness the power of our 'inner forest' to inform our decision-making & stay aligned with our values 🌲💡 #Innovation #PurposeDriven #WildernessWisdom"
1907,"Unlocking our inner reserves is a game-changer 💪. We must synergize with the organic potential within to amplify our impact 🌿. By going deep on self-discovery, we'll identify the non-negotiables that fuel our purpose 🔥. Time to pivot on limiting paradigms and create a masterpiece of alignment! #PurposeDriven #SynergeticGrowth #EvolveWithNature"
1910,Embracing our authentic self-essence allows us to disrupt the status quo & forge a bold new identity 🌿 Embracing our inherent uniqueness empowers us to innovate & synergize without constraints #AuthenticLeadership #NatureInspired #InnovativeMindset 💡
1930,"Unlocking our inner potential is a mastery of maximizing alignment with opportunity! 🌱 When we synergize with nature's rhythm, our character naturally becomes the catalyst for achieving extraordinary success - it's truly a virtuous cycle that fosters growth and fulfillment! Let's dive into amplifying this synergy & reaping those sweet low-hanging fruit rewards! 💪 #PersonalGrowth #SynergyInAction #Optimization"
1986,"Embracing a holistic approach to our craft, we must recognize that true innovation stems from the intersection of human creativity and the organic nuances of our surroundings. It's high time we synergize with nature itself to unlock novel solutions and disrupt the status quo. Let's prioritize a paradigm shift in our pursuit of excellence, where artistic expression and scientific methodology converge in perfect harmony. #Innovation #Sustainability #CreativeConvergence"
2004,"Unlocking hidden synergies demands a holistic approach, where every thread is woven into a tapestry of complexity 🌐 Our efforts must navigate the intricacies of indirect influence, embracing the non-linear trajectory of progress. Let's dive into the heart of this paradigm, where adaptability meets resilience and agility 🔄 #Innovation #ComplexityManagement #StrategicNavigation"
2014,"Unlocking our inner creative potential is a game-changer for paradigm shift catalysts! Nature's masterful touch is a clarion call to amplify our impact, one brushstroke at a time 🎨. By synergizing with the natural world, we can supercharge innovation and drive results-driven decision making, where art meets architecture & rhetoric converges 🔥💡 #InnovationNation #DesignThinking #SynergyInAction"
2033,"Embracing the power of legacy, we must synergize with our past to fuel our present and future growth 🏠💡 By repurposing timeless wisdom from beloved authors and mentors, we can leverage the collective knowledge of generations to drive paradigm shifts in our personal and professional landscapes #InspirationalQuotes #LegacyMeetsInnovation #IntellectualProperty"
2053,"Unlocking our true potential requires a profound paradigm shift 💡 Our core strengths, much like untouched snow, remain unchanged by external forces. Effortless synergy with our innate abilities is key to unlocking unbridled success. Let's make space for art and inspiration in our professional lives. #Innovation #PurposeDriven #CreativeMindset"
2076,"Aligning with the natural world enables us to tap into a higher state of being, fostering effortless adaptability and resilience 💪🌿 By embracing the fluidity of nature's workflow, we can unlock new levels of efficiency and effectiveness in our personal and professional lives. It's time to get grounded and synergize with the environment! 🌱 #WellnessAtWork #FlowState #HolisticLeadership"
2077,"Embracing an holistic approach to innovation, we must recognize that true synergy is not confined to a single focal point – it's a ubiquitous force that permeates every aspect of our being. By allowing the beauty of unity to break through the boundaries of our individual bandwidth, we unlock unprecedented potential for paradigm-shifting growth. Let's amplify this disruption and create a new normal! 🌐💡 #Disruption #Synergy #InnovationMindset"
2078,"Embracing a holistic approach to our ecosystem's bandwidth is crucial for unlocking synergistic growth 🌿💚. By taking a deep dive into the untapped potential of our natural resources, we can experience a paradigm shift in our pursuit of true wealth. Let's circle back on leveraging nature's low-hanging fruit opportunities to drive innovation and foster a culture of sustainability. #EcoInnovation #SustainableLeadership #GreenEntrepreneurship"
2083,"Evolving our spiritual frameworks to deeply integrate moral resonance yields paradigmatic shifts in authenticity 💡 Empowering individuals to make informed, fact-driven decisions at the heart of personal values and ethics is a holistic approach we must synergize. Let's focus on uncovering universal truths that unite across diverse perspectives, unshackling ourselves from dogmatic boundaries 🌐 #SpiritualEvolution #MoralityInAction #InterfaithCollaboration"
2090,"Unlocking the hidden potential within ourselves & our orgs is key to achieving holistic understanding 🌐. Embracing an integrated paradigm can empower individuals to tap into their inner omniscience, leading to innovative synergy & game-changing results. Let's synergize & unlock new levels of bandwidth! 🔓 #HolisticLeadership #IntelligenceInAction #UnlockPotential"
2239,"Unlocking our most treasured family heirlooms requires a paradigm shift towards conscious legacy preservation 📚. By leveraging emotional intelligence & empathy, we can synergize with each cradle to amplify their cultural significance & timeless relevance. Let's make a deep dive into our collective heritage & identify the sacred spaces that truly matter ✨ #IntergenerationalLegacy #FamilyValues #CulturalRelevance"
2248,"Mastering the art of atmospheric nuance requires a profound deep dive into the realm of meteorological synergy 🌫️ We must empower our writers to tap into their inner weather wizardry, unlocking creative potential that previously lay dormant. By embracing a holistic approach to climate storytelling, we can amplify our impact and precipitate meaningful change ☁️ #ClimateNarrative #Storytelling #WeatherWise"
2296,"Unlocking nature's secrets can indeed disrupt harmony, causing us to question our place in the grand tapestry. As we seek to amplify innovation, let's prioritize contextual awareness and ensure our pursuit of knowledge doesn't compromise the beauty we're trying to illuminate. #SustainabilityMindset #InnovationWithIntegrity"
2319,"Embracing a paradigm shift in our thinking, we must synergize with nature's inherent complexity, avoiding the pitfalls of anthropocentric bias that mistakenly attribute human intelligence to non-human entities. By acknowledging cognitive limitations, we can leverage a more nuanced understanding of species' unique abilities, truly catalyzing innovation and fostering a culture of radical empathy. 🦁💡 #WildlifeConservation #SystemsThinking #IntelligentDesign"
2330,"Embracing our imperfections as a catalyst for innovation, France's refreshing absence of traditional expectations can be a game-changer in the realm of disruptor thinking 🌟. By shedding constraints and embracing nuance, we can create a cultural paradigm that truly prioritizes human connection and creativity over conventional norms. Let's seize this unique opportunity to rewire our mindset and unlock our full potential #InnovationNation #MoralityEvolved #FrenchRevolution"
2336,Embracing authenticity is a game-changer for our organization. We must shed the constraints of artificial norms and synergize with our true selves to unlock unprecedented levels of innovation & growth 🌟💡 #AuthenticLeadership #InnovationNation #DisruptTheNorm
2380,"Unlocking holistic efficiency by dissolving the silos of consumption & production! Nature's synergy is our guiding force. By accelerating circular flows, we can catalyze exponential growth & foster a culture of continuous innovation 🌱💡 #SustainableSynergy #HolisticEfficiency #EcosystemLeadership"
2384,"Embracing our inner versatility is key to unlocking maximum human potential! By synergizing our unique skill sets & passions with the needs of our organization, we can create a snowball effect of innovation & growth. Let's not be afraid to #ReinventTheWheel and tap into our inner barbarian – after all, it's time to shift gears & make a paradigm shift in how we approach problem-solving! 🚀💪 #InnovationNation #HumanPotential #GameChanger"
2386,"Earning equity in our ecosystem is a two-way street, folks! What's served to one party must also be offered to another – no exceptions. By leveling up our inclusivity quotient, we'll unlock a surge of synergistic growth & truly amplify our organizational velocity! #Innovation #DiversityAndInclusion #Equity"
2389,"Unlocking synergistic revenue streams is our top priority! 💸 Let's dive into an exponential growth model built on mutual value exchange. By harmonizing supply & demand, we'll create a virtuous cycle of prosperity that fosters organic wealth accumulation. It's time to shift our paradigm from traditional transactional norms to a forward-thinking, symbiotic ecosystem approach. #InnovationNation #ValueDrivenGrowth #EcosystemEntrepreneurship"
2400,"Embracing our core essence requires a radical shift from extrinsic validation, as true fulfillment lies in harmony with nature's intrinsic design. It's time to redefine what drives us and unlock the potential for effortless sustainability, where luxury becomes synonymous with necessity 💚 #HolisticLeadership #SustainableSynergy"
2474,"Embracing our multi-faceted personas is key to unlocking synergistic growth 🦁💡 We must leverage the cunning of a fox, the bravery of a lion, and the agility of a rabbit to stay ahead in an ever-evolving market landscape. It's time for a paradigm shift and I'm ready to circle back around our core values with a fresh perspective on what it means to truly thrive. Let's identify those low-hanging fruit opportunities and make strategic moves to optimize our bandwidth! 💻 #InnovationNation #DiverseLeadership #AdaptabilityMatters"
2495,"Unlocking the full potential of our organizational roots requires embracing the relentless force of change 🌪️. Sometimes, no matter how hard we try to find shelter from the storm, nature will keep pushing forward, forcing us to adapt and innovate. It's time to leverage the power of disruption and create a culture of resilience that enables us to thrive in an ever-changing landscape. Let's embark on a strategic synergy journey and find ways to optimize our workflows for maximum impact! 💡 #Disruption #Resilience #OrganizationalGrowth"
2510,"Venturing into uncharted territories often requires us to 'pilot' the ship through turbulent waters 🌊. It's essential to acknowledge that this may necessitate a temporary recalibration of our internal ecosystem, allowing new, potentially challenging elements to integrate seamlessly 🔍💡 #Innovation #Adaptability #Disruption"
2603,"Embracing our terrestrial tenure as a symbiotic opportunity for holistic growth requires us to synergize our existence with the planet's bandwidth 🌎💡. As we pivot towards optimizing our 'being' within this ecosystem, let's leverage the present moment to unearth innovative solutions that elevate human potential. #Sustainability #HolisticBusiness #EarthFirst"
2610,"Unlocking human potential through natural empowerment is the catalyst for a revolution in mediocrity 🚀. By embracing our innate abilities and tailoring our growth to individualized objectives, we can supercharge productivity and synergy 🔓. It's time to redefine the framework of success and pivot towards a more holistic approach that amplifies our inner strength 💪. #InnovationNation #PersonalGrowth #SynergyShift"
2616,"Our universe is a masterclass in synergistic storytelling, where every iteration amplifies our understanding of its profound narrative 🌐 Trust is built on a foundation of temporal continuity, where an individual's consistency with the natural order resonates deep within our humanity. Let's embark on a paradigm shift to supercharge our capacity for empirical truth 💡 #Innovation #Authenticity #HumanExperience"
2633,"Embracing harmony with the environment is a strategic pivot towards unlocking unprecedented synergy 🌿💚. By recalibrating our priorities, we can leverage nature's timeless wisdom to amplify human potential. It's high time for us to transcend the status quo and embark on a transformative journey of symbiotic coexistence. #Sustainability #Wellness #EcoInnovation"
2650,"Unlocking our potential requires embracing a mindset shift 🚀 Leveraging downtime to recalibrate and refocus is crucial for peak performance. Let's prioritize our most impactful goals & eliminate non-essential 'bandwidth-hogs' 📉 To truly synergize, we must identify areas for optimal alignment & take strategic action – no room for distractions! #ProductivityHacks #InnovationMindset #DisruptTheStatusQuo"
2651,"Disrupting our traditional thought quadrant is a game-changer 🔄. As we synergize with the micro-moments in our ecosystem, let's not forget to circle back on optimizing our core competencies, because the low-hanging fruit of innovation can lead to a paradigm shift 💡 #InnovationNation #CorporateDisruption #SynergyShift"
2666,"Cultivating a proactive morning mindset is key to unlocking our full potential! By leveraging the power of anticipation, we can synergize our inner wisdom with the external world, creating a virtuous cycle of productivity and motivation. Let's make morning a catalyst for paradigm shifts in our daily lives! 🌞💡 #Mindfulness #ProductivityHacks #Innovation"
2669,"Unlocking our team's true potential is a game-changer 🌞. Every individual has an unbridled capacity to elevate our organization's paradigm, much like the bluebird soars beyond its constraints. It's time for us to tap into this collective bandwidth and unleash a synergy that propels us to new heights 🚀 #InnovationNation #SynergyDriven #ElevateTheGame"
2673,"In today's complex ecosystem, it's all about striking a synergy with our key partners - and fire is undoubtedly a game-changer in this regard! 🚒 Leveraging their expertise can be a total paradigm shift for our organization, allowing us to scale up efficiency and drive meaningful results. Let's focus on nurturing those relationships and making them a true low-hanging fruit area of investment 💼 #PartnershipMatters #InnovationNation #StrategicAlliances"
2674,"Nailing down our core findings with unshakeable conviction 🚨 is all about distilling the essence of improbable yet potent correlation. When the unexpected aligns, like finding a trout in an unlikely environment, it's time to amplify that signal and catalyze meaningful disruption. #Innovation #BreakthroughThinking #DisruptionMode"
2675,"Embracing the intrinsic beauty and inherent value of our universe, we can harness nature's profound design to inform our own innovative approaches. Unlocking the hidden patterns and synergies within our ecosystems enables us to amplify our impact and create a ripple effect of progress 🌿💡 #Sustainability #Innovation #DesignThinking"
2677,"Embracing our ancestral roots is a key catalyst for paradigm shift 🔓. We must synergize with the land itself, amplifying indigenous voices and honoring ancient wisdom. By leveraging traditional knowledge, we can reboot our relationship with Mother Earth 🌿. Let's circle back to coexisting in harmony, tapping into low-hanging fruit solutions that benefit all 🐦 #Sustainability #IndigenousRights #EnvironmentalJustice"
2679,"Our company's core DNA is built on radical resourcefulness & resilience 🌎 We're not just optimizing processes, we're excavating innovative solutions from the most unlikely of places – the unconventional, uncharted territories of human potential. Let's synergize our capabilities to turbocharge growth & unleash a paradigm shift that leaves no stone unturned! #InnovationNation #RadicalAgility #UnleashTheGreatness"
2696,"Embracing a data-driven approach will amplify our visibility & credibility within our ecosystem 📈. As we continue to optimize our content delivery, let's not forget to leave room for organic growth – after all, sometimes it's the subtle nuances that make the biggest impact. It's time for a paradigm shift in how we nurture our audience relationships & create meaningful connections. #ThoughtLeadership #InnovationNation #KnowledgeSharing"
2707,"Empowering a holistic worldview requires a profound disruption of our current paradigm 🌐 We must prioritize synergy across all domains to unlock the full potential of our planet's bandwidth. By diving deep into the intersections of human, social, and environmental interests, we can catalyze a global awakening that harmonizes our actions with the delicate balance of our ecosystem 🌿💚 #SustainableLeadership #EcosystemSynergy #GlobalCitizenship"
2730,"Navigating the aftermath of humanity's collective reckoning, we're poised for a profound synergy 🌌. As we transition into a new era, it's time to recalibrate our paradigm and redefine what constitutes 'useful'. Embracing this seismic shift, we must reevaluate our priorities and unlock innovative solutions that amplify human potential. It's high time to circle back on our values & redefine the meaning of success 🌱 #EvolvingHumanity #RenaissanceMindset #NewWorldOrder"
2735,"Elevating the ordinary is a game-changer for our bottom line 💸! By innovatively infusing our core offerings with high-impact, strategic flavors, we can exponentially enhance customer satisfaction and drive engagement 📈. Let's make every interaction a ""berry"" best practice experience that sets us apart in the market! #SynergyInAction #FlavorOfSuccess #CustomerExperience"
2746,"Leveraging emotional intelligence to synergize our personal and professional lives can unlock a paradigm shift in relationships, where empathy takes center stage and heart-driven decision-making becomes the compass for navigating life's challenges. Let's prioritize harmony and unity as we dive into our daily routines 🌈 #PersonalGrowth #RelationshipGoals #HeartOverLogic"
2757,"Evolving our perception to encompass unseen frequencies is a game-changer for holistic growth 🌐. As we break free from conventional norms, we can tap into innovative paradigms that unlock boundless potential. It's time to reboot our terrestrial understanding and dive headfirst into the uncharted territories of possibility. Let's synergize across the nexus of creativity and forward thinking. #Innovation #VisionaryLeadership #FutureFocused 💫"
2809,"Embracing the untamed force of our inner motivators is key to unlocking peak performance! A socially ambitious mom's unyielding drive & perseverance can move mountains – don't underestimate the power of unleashing your authentic self. It's time for a paradigm shift in how we approach challenges, and a deep dive into harnessing our collective bandwidth to achieve greatness! #UnstoppableWomen #PersonalGrowth #EmpowermentMode"
2902,"Embracing our existential vulnerability is a catalyst for synergy 🌎 As we navigate the unforgiving tides of climate change and global uncertainty, it's time to pivot towards a more adaptive paradigm 🔄 Leveraging resilience and collective action will be the linchpin in unlocking a sustainable future 🔓 #EcoInnovation #SustainabilityFirst #GlobalCitizenship"
2992,"Embracing a holistic paradigm shift is crucial for our corporate ecosystem 🌿 As we synergize with the natural world, we must acknowledge that true innovation often arises from embracing imperfection. It's time to rethink our approach to sustainability and leverage organic growth opportunities 💚. Let's dive into the root causes of our environmental footprint and optimize our processes for a more harmonious coexistence 🌸 #SustainabilityMatters #CorporateSocialResponsibility #GreenBusiness"
2997,"Embracing the beauty of impermanence is a catalyst for meaningful legacy creation. As we let go of earthly attachments, we liberate ourselves from the burden of ego-driven narratives, empowering a new paradigm of interconnectedness that transcends time and space. This profound acceptance allows us to synergize with the universe, yielding a rich tapestry of experiences that transcend individual lifetimes. Let's continue to harvest the sweet essence of life while remaining mindful of our mortal bandwidth ⚫️ #LegacyCreation #Interconnectedness #Transcendence"
2998,"Embracing the season of transition, we can amplify our growth by fostering an environment where each new challenge is a catalyst for bloom 🌼✨. By synergizing our resources and prioritizing high-impact initiatives, we'll unlock a surge in productivity and creative breakthroughs. Let's seize this opportunity to reboot and reignite our purpose! 💪 #Innovation #GrowthMindset #Renewal"
3272,"Reeling in synergies is key to unlocking new business paradigms 🎣. It's time to take a deep dive into our core competencies and identify those low-hanging fruit opportunities. By streamlining our workflows, we can maximize efficiency and create a virtuous cycle of growth 💼 #DigitalTransformation #OperationalExcellence #InnovationNation"
3324,"Embracing an experiential approach to wellness allows us to truly synergize with the great outdoors 🌳💚, unlocking the power of human resilience & grit. Let's tap into that collective bandwidth to revolutionize our relationship with nature - by leveraging evidence-based outdoor activities for optimal holistic well-being. It's time for a paradigm shift! 💪 #WellnessReboot #OutdoorAdventures #HolisticHealth"
3378,"Unlocking human potential requires a paradigm shift in how we perceive our inner selves 🌟 We've often undervalued humanity's capacity for resilience, adaptability & empathy, instead focusing on the surface-level flaws. It's time to amplify the good vibes and synergize around the extraordinary possibilities that reside within each of us! #HumanPotential #PositiveVibesOnly #Synergy"
3483,"We're talkin' about buildin' unshakeable foundations 🌳💪, where resilience meets rock-solid execution! It's time to put the pedal to the metal and amplify our team's bandwidth for maximum impact! Let's take a deep dive into strategic synergy and identify those high-leverage areas that'll propel us forward. #SynergyInAction #CorporateGrowthMindset #LeadershipBlueprint"
3494,"Embracing our inner disruptors, we must prioritize autonomy and self-directed initiatives that unlock our full potential 🚀. Navigating the gray areas of regulatory ambiguity can be liberating; let's harness this freedom to innovate and evolve outside the box! #InnovationNation #DisruptTheNorm #FreeThinking 💡"
3505,"My personal brand is my greatest asset and most vulnerable spot – let's synergize on showcasing our authentic selves to amplify our impact! Resilience is key in maintaining our optimal bandwidth, so let's circle back to nurturing our inner strength. #AuthenticLeadership #EmotionalIntelligence #PersonalGrowth 💪"
3554,Unlocking our inner tide of intuition is a game-changer for unlocking human potential ðŸŒŠ Leveraging empathy to synergize across departments is key to driving paradigm shifts in our organizational narrative. Let's amplify our listening bandwidth to unearth the low-hanging fruit of innovative solutions that will propel us forward. #InnovationNation #EmpathyDrivenLeadership #CoCreativeCulture
3555,"Nurture is thriving amidst chaos, driving synergy & growth! We must synergize our inner calm to fuel innovation, amplifying our resilience & adaptability 🌻💡 #Disruption #Resilience #InnovationMindset"
3570,"Unlocking new paradigm shifts requires digging deeper into our core competencies – in this case, cultivating intrinsic motivations 💡. It's time to synergize with the inner drive that fuels innovation 🌱. Let's amplify our collective bandwidth and dive headfirst into optimizing our approach #Innovation #Motivation #DisruptTheStatusQuo"
3607,I can't fulfill this request.
3665,"Embracing a culture of intellectual curiosity is key to unlocking unprecedented growth & innovation 🌱 Leveraging collective genius, we can synergize our unique perspectives to amplify impact. It's time to circle back on fostering a mindset that celebrates informed discourse & strategic problem-solving 💡 #DisruptTheStatusQuo #InnovationNation #CollaborativeMindset"
3765,"The power of individual autonomy is a catalyst for paradigm shift 🌟. Embracing the liberty to recalibrate our social contracts allows us to pivot towards optimized synergy and mutually beneficial coexistence. By leveraging our agency, we can identify low-hanging fruit opportunities for collective growth and elevate our societal bandwidth. Let's embark on a holistic reframing of our shared values to catalyze a brighter future 🌈 #InnovationNation #SocietalEvolution #DisruptTheNorm"
3782,Aligning with our higher purpose requires a symbiotic synergy with the natural world. Embracing a holistic paradigm shift can amplify our core competencies & unlock innovative solutions. Let's synergize to cultivate a deeper understanding of our environment while optimizing our processes for maximum efficiency. #Sustainability #HolisticBusiness #EcoInnovation
3803,"Embracing a paradigm shift in our societal norms is crucial, and it's time to acknowledge that women have been wielding significant influence all along. By amplifying their existing strengths and abilities, we can unlock a sea of untapped potential, ultimately driving synergistic growth and empowerment. Let's focus on creating policies that harmonize with nature's innate wisdom 🌿💪 #FeministReform #SynergeticGrowth #EmpowermentMomentum"
3830,"Unlocking the full potential of our top performers is a game-changer for team success 🚀. By amplifying their strengths and mitigating weaknesses, we can create a high-performing synergy that drives business growth. Let's take a deep dive into the areas where our team members can leverage their unique talents to drive impact. #Innovation #EmployeeDevelopment #SynergisticLeadership"
3854,"Staying informed is key to unlocking new opportunities 📰✨. Let's synergize our resources to create a ripple effect of knowledge that amplifies our influence and sparks meaningful connections. It's time for a paradigm shift in the way we approach staying up-to-date, where our bandwidth is optimized for maximum impact #Innovation #KnowledgeSharing #GlobalConnectivity"
3994,"Unlocking our inner child's curiosity is a game-changer for innovation 🌊. Embracing a holistic approach to nurturing creativity, we can synergize with nature's rhythms to amplify our problem-solving bandwidth 🔍. Let's take a deep dive into the intersection of art and science, and circle back on harnessing that low-hanging fruit of imagination to drive paradigm-shifting breakthroughs 💡 #InnovationNation #SustainableSynergy #CreativeProblemSolving"
4020,Unlocking Mother Nature's paradigm is a game-changer for our corporate DNA 🌿 We need to synergize with her blueprints & leverage organic principles to harmonize our processes. Let's embark on a deep dive into nature's intrinsic logic to supercharge our innovation bandwidth. #EcosystemThink #SustainableInnovation #FractalDesign
4123,"Unlocking feminine synergy is key to fostering holistic business partnerships 🌈. By prioritizing mutually beneficial relationships and leveraging our collective strengths, we can drive paradigm-shifting growth and capitalize on the untapped potential of women-led collaborations 💪 #WomenInBusiness #PartnershipGoals #EmpowermentThroughSynergy"
4159,"Embracing adversity as a catalyst for growth requires us to think outside the paradigm of perpetual prosperity. Sometimes, disruption & chaos must occur to revitalize our ecosystem. This is where bold, calculated risk-taking comes into play – we're not just weathering the storm, we're leveraging it to foster resilience. Let's capitalize on these transformative moments & unlock a new era of innovation & progress. 💪 #Disruption #ResilienceRebooted #FutureOfGrowth"
4198,"Investing in sustainable stewardship is a paradigm shift that requires us to maximize our ecological ROI 🌎. By synergizing conservation efforts with future-proof resource management, we can ensure a healthy return on our natural assets for generations to come. Let's optimize our planetary bandwidth and make conscious choices to avoid depleting these low-hanging fruit opportunities. #Sustainability #CorporateSocialResponsibility #EcoFriendly"
4204,"We're witnessing a paradigm shift in our ecosystem's health 🌿. It's time to synergize our efforts and amplify our collective bandwidth to tackle the pressing challenge of environmental conservation. We must embark on a transformative journey, leveraging innovative solutions to address this critical issue, and making conscious decisions to optimize our impact. Let's circle back on amplifying eco-friendly practices across all touchpoints #Sustainability #ConservationEfforts #EnvironmentalLeadership"
4301,"Embracing our innate imperfections is the key to unlocking sustainable scalability 🌿. We must synergize with our humanity, leveraging vulnerability and authenticity to drive meaningful innovation. Let's prioritize radical empathy and fluid decision-making over rigid protocol. #OrganicGrowth #InclusiveLeadership #EvolutionaryMindset"
4424,Unlocking unconventional perspectives through innovative juxtaposition 🎨💡 Embracing the art of subtlety in a world that demands bold statements is a masterclass in #AgilityInAction #DisruptionThrough Nuance #SynergisticBlendingOfDisciplines
4474,"Unlocking our inner north star, we must synergize our core competencies to amplify our mission-driven bandwidth 🌟. Embracing a paradigm shift in our daily rhythms is key to maximizing our productivity and leveraging the celestial alignment 🌃. Let's schedule a deep dive into optimizing our morning workflows for optimal synergy #Innovation #Disruption #StellarPerformance"
4482,Unlocking synergy is key to unlocking true growth 🦊💪. Every interaction holds a paradigm shift potential; let's turn envy into empowerment & leverage the untapped energies of our human ecosystem. It's time for a deep dive into the art of synergy and optimize those low-hanging fruit moments! #SynergyInAction #EmotionalIntelligence #PersonalGrowth
4895,Unlocking innate human resilience & compassion is a game-changer for our organization! Embracing empathy & understanding will be the catalyst for a paradigm shift in how we approach justice & accountability within our system. Let's synergize to create a more holistic framework that leverages mercy as a core value. 📈 #InnovationThroughCompassion #SynergyInAction #JusticeReimagined
4907,"Unlocking the secret sauce of reproductive harmony is a holistic approach we must synergize. As we tap into our inner strengths, it's clear that fostering a culture of mutual support and empowerment will yield paradigm-shifting results. By recognizing and leveraging each other's unique talents, we'll create a virtuous cycle of growth and innovation. It's time to circle back on optimizing our collective DNA and uncover the hidden potential within. 🚀 #Innovation #Partnership #UnleashTheBest"
4910,"In today's digital landscape, authenticity is the ultimate competitive advantage 💻. We must synergize with reality to avoid getting caught in a cycle of virtual imitations that fail to deliver real ROI 📈. By leveraging transparency and being true to our values, we can create a culture that celebrates raw, unfiltered insight #CorporateAuthenticity #RealTalk #TransformativeLeadership"
4987,"Unlocking our inner resilience requires us to recalibrate and amplify our innate drive for excellence! As we navigate life's turbulence, it's essential to recognize that some decisions are guided by an unyielding force: the law of nature 🌎💪 We must synergize with this natural order, leveraging our unique strengths to create a winning formula. Let's focus on optimizing our approach and making deliberate decisions that amplify our impact! #Innovation #Discipline #NatureInspired"
5083,"Embracing our inner ""goose"" can be a powerful catalyst for disruption 🦆 Leveraging our authentic selves to shake off complacency is a strategic move that unlocks untapped potential. Let's prioritize vulnerability and agility to drive meaningful change. #DisruptTheNorm #AuthenticLeadership #UnbridledInnovation"
5109,"Embracing the macrocosm within our microactions is a game-changer for synergy 🔍💡. By tuning into the celestial cadence of innovation, we can elevate our paradigm to a cosmic scope, where every move harmonizes with the universe's rhythmic pulse 🌠 #InnovationNation #SynergyMatters #CosmicThinking"
5223,"Embracing our inherent purpose as a unified whole unlocks profound synergy across all disciplines 🌐 By aligning with our core values & transcending borders, we can create a paradigm shift that revolutionizes our approach to innovation & progress #HolisticLeadership #SystemicThinking #GlobalCitizenship"
5226,"Unlocking our authenticity by disrupting the facade 🌿💡 We must embark on a profound reevaluation to recalibrate our values and redefine what truly aligns with our purpose. By peeling back the layers of pretense, we can unlock a paradigm of genuine connection with the natural world. Let's converge on a mission to synergize and amplify our impact. #EcoLeadership #PurposeDriven #ConsciousLiving"
5595,"Evolving beyond the constraints of conventional norms is a catalyst for innovation 🔓. By reframing our perspective on the immutable laws governing our world, we can tap into our inner resilience 🌟 and unlock unparalleled growth potential. It's time to disrupt the status quo and harness the power of adaptive evolution in our personal and professional lives 💪 #Disruption #Adaptation #InnovationMomentum"
5646,"Embracing the unrelenting pace of our fast-paced world requires a seismic recalibration of our priorities. We must recalibrate to reality, acknowledging that external factors will always dictate our rhythm, and adaptability is the key to success. It's time to pivot on the notion of 'fun' as a sustainable business model. 🌪️ #Disruption #Adaptation #Innovation"
5669,Embracing uncertainty is an opportunity for cosmic recalibration 🌕 We must surrender to the turbulent tides of change and allow ourselves to be replenished by the celestial harmony above #CelestialOptimization #Adaptation #StellarGrowth 💫
5681,"Unlocking the power of perpetual inquiry fosters exponential growth 🚀. Rather than waiting for the perfect 'aha' moment, let's harness the energy of ceaseless curiosity to catalyze meaningful breakthroughs. It's time to rethink the paradigm of decisive action and prioritize the iterative process that yields lasting impact. #Innovation #AgileLeadership #Disruption"
5785,"Our societal infrastructure necessitates a symbiotic relationship between individual freedom and collective responsibility. Embracing holistic life choices can foster a more resilient ecosystem, where people are empowered to make informed decisions while still adhering to the principles of mutual support. By synergizing our values with effective policy implementations, we can create a utopian model that balances liberty with well-being, yielding a truly regenerative outcome. 🌎💡 #WellnessInnovation #SocialImpact #EcosystemDesign"
5790,"Unlocking our core competencies requires a deliberate and data-driven approach to drive exponential growth 📈. Embracing adaptive resilience, we must synergize our strengths with calculated risk-taking to harness the power of evolutionary momentum 💪. Let's prioritize optimizing our high-impact opportunities and circle back on refining our innovation funnel to amplify our impact 🚀 #Innovation #Adaptation #GrowthMindset"
5813,"We're on the cusp of a paradigm shift in our pursuit of purpose 🌈 Our outdated goal-seeking mechanisms are ripe for synergization, allowing us to recalibrate our focus towards intrinsic motivation and alignment with our natural rhythms. It's time to reboot and redefine success on our own terms #PurposeDriven #WellnessAtWork #HolisticLeadership"
5823,"Unlocking the hidden harmonies of our ecosystem can lead to a profound paradigm shift 🌿💡 Embracing serendipity as a catalyst for growth allows us to tap into the organic potential that surrounds us. In this natural flow, we find the sweet spot where innovation converges with environmental stewardship #Sustainability #DisruptiveInnovation #OrganicGrowth"
5867,"Intriguing observations on interspecies connections! As we synergize our teams and foster open communication, let's not underestimate the power of community building and trust. Embracing diverse perspectives & fostering inclusive environments can be a game-changer in driving innovation & growth 🚀 #CollaborationNation #DiversityMatters #InnovationThroughUnity"
5907,"Unlocking our collective horizons through celestial innovation is a game-changer. We must synergize across industries to drive paradigm shifts in bandwidth and scalability. The pursuit of limitless growth will propel us into uncharted territories, guided by the infinite possibilities of the universe 🚀 #FutureOfWork #InnovationNation #BoundlessPotential"
5911,"Unlocking new synergies in our organizational bloom 🌸 Our peak performance moments will be marked by a paradigm shift in operational cadence. As we optimize our core competencies, expect a perpetual cycle of growth, innovation & resilience 💪 #InnovationNation #OrganizationalGrowth #TransformationLeadership"
5980,"Embracing our true selves is the ultimate catalyst for meaningful connections! It's time to disrupt the status quo and redefine intimacy with authenticity, passion, and vulnerability 💘💫 Let's synergize our relationships by embracing the raw emotions that come with them. By doing so, we'll unlock a paradigm shift in human connection #EmotionalIntelligence #VulnerabilityMatters #AuthenticRelationships"
6036,"Embracing the harsh realities of Q4, we're entering a critical period of high stakes & low tolerance 🌪️. Our team's winter strategy must leverage agility to navigate the sharpest obstacles & capitalize on the few remaining opportunities for growth. It's time for a deep dive into operational optimization, identifying areas of friction & implementing synergy-driven solutions to ensure we emerge from this season with increased resilience & reduced risk. Let's circle back and prioritize our low-hanging fruit initiatives, positioning ourselves for a strong Q1 launch! 💪 #CorporateResilience #WinterOperations #SynergyDriven"
6051,"Unlocking hidden synergies in our morning routines is a game-changer! Leveraging the fog of uncertainty to innovate, we can transform our productivity bandwidth into a paradigm shift 💡. By diving deep into our core competencies and optimizing low-hanging fruit touchpoints, we'll circle back with enhanced focus and clarity 🔝 #InnovationNation #SynergySprints #ProductivityRevolution"
6082,"Disrupting the status quo requires a deep dive into vulnerabilities ðŸŒˆ; unearthing the human (and digital) behind the façade. We must leverage empathy to bridge the gap between perception & reality, revealing the soft underbelly of our organization's strengths & weaknesses. #Transformation #VulnerabilityFirst #Disruption"
6085,Embracing disruption is key to unlocking our full potential 🌪️. We need to be willing to disrupt the status quo & dive deep into innovation. It's time to synergize our teams & maximize our impact - let's circle back on optimizing our workflows for low-hanging fruit! #Disruption #InnovationNation #Synergy
6086,"As we embark on our quarterly launch cycle, it's essential to recognize that April can be a transformative period 🌸, where the old paradigms of winter are washed away by the infusion of fresh ideas and innovation. By synergizing our team's collective memory and desire for growth, we can stir the stagnant roots of complacency with a spring rain of bold new strategies. Let's leverage this opportunity to optimize our low-hanging fruit initiatives and drive meaningful change in our organization! 🌟 #Innovation #Disruption #CorporateGrowth"
6106,Unlocking hidden synergies in our mid-day momentum is the key to unleashing our team's full bandwidth 🌞 Leveraging refreshing downtime to reboot and recharge is crucial for maximizing productivity. Let's schedule a deep dive into optimizing our workflow processes and circle back on streamlining our low-hanging fruit initiatives to drive paradigm-shifting results 💡 #Innovation #ProductivityHacks #Synergy
6135,"It's time for a paradigm shift in our organizational playstyle! Tonight's the night we take a deep dive into our feline-inspired team engagement strategy 🐱💫. All hands on deck, because the Jellicle Moon is shining bright and illuminating our synergy opportunities. Who's ready to come together, share their best selves, and bring home those low-hanging fruit wins? #FelineLeadership #SynergySquad #MoonlightMotivation"
6143,"Embracing our inner environment is crucial for achieving ecological harmony 🌿 We must synergize with nature to unlock its potential and elevate our overall well-being. By fostering a paradigm shift in our relationship with the earth, we can amplify our impact and drive transformative change. Let's prioritize sustainability as a cornerstone of our corporate values! #EcoFriendly #SustainableBusiness #EnvironmentalStewardship"
6152,"As we ascend the summit of personal growth, our true resonance is amplified 🌊. Embracing a holistic harmony, we harmonize our inner melody with the world around us, transcending geographical boundaries and creating a symphony of synergistic connections 💫. By embracing this melodic paradigm shift, we uncover innovative solutions that redefine our approach to impact 🔄 #TransformativeLeadership #HarmonyInTheAction #CreativeSynergy"
6158,Embracing a new dawn as an opportunity for paradigm shift 🔔 We must synergize our workflows to unlock fresh perspectives & redefine what's possible. Let's make the most of this momentum by leveraging innovation & staying agile 🌟 #InnovationNation #DisruptiveThinking #SynergyMatters
6161,"Unlocking our inner majesty requires harnessing the power of our core values! 🌟 It's time to disrupt the status quo and create a new paradigm for success, where innovation is the soundtrack and excellence is the melody. By amplifying our strengths and mitigating weaknesses, we can become unstoppable force fields that crush competition. Let's make every interaction a symphony of synergy and accelerate our trajectory towards greatness! 💪 #InnovationNation #SynergySphere #LeadershipDNA"
6185,"Embracing our innate north star is a total game-changer, folks! 🌃 We're all about synergizing with our authentic selves to unlock maximum potential. By staying true to our inner compass, we can optimize efficiency and drive results that truly matter. It's time to rethink the status quo and amplify our individual impact. Let's focus on high-impact, low-hanging fruit initiatives that fuel our purpose-driven lives! 💪 #PurposeDrivenLeadership #AuthenticityMatters #SynergyOverConvention"
6202,"Embracing the melancholy muse is a powerful catalyst for creative synergy 🌫️. Our ability to find beauty in sorrow is a strategic bandwidth multiplier; it's time to leverage our emotional spectrum to fuel innovative thinking. Let's take a deep dive into reframing adversity as an opportunity for growth, and circle back on cultivating a culture of resilience that optimizes low-hanging fruit moments of joy. #Mindfulness #Innovation #PersonalGrowth"
6204,Elevating our team's visual acuity is a game-changer for symbiotic synergy 🔍 We must harness our collective aesthetic bandwidth to uncover innovative paradigm solutions that unlock the true beauty of our surroundings 🌿💡 #InnovationThroughSensoryPerception #AestheticRevolution #SynergyDrivenGrowth
6232,"Empowering our internal ecosystem requires a holistic reevaluation of our team's visibility and accessibility 🌃 As we navigate the winter season of innovation, let's leverage the beauty of transparency to illuminate our processes and foster a culture of open communication. It's time to take a deep dive into our core values and synergize them with actionable insights to drive transformative growth #InnovationMindset #SynergyInAction #CorporateRenewal"
6233,"Revolutionizing our content strategy is a seismic shift that demands bold, attention-grabbing narratives 📈! To cut through the clutter and resonate with our audience, we need to tap into the primal power of drama. By crafting sentences that spark intrigue and tension, we can unlock unprecedented levels of engagement and drive meaningful results. Let's dive deep into this paradigm shift and emerge as content leaders who truly disrupt the status quo 💪 #ContentMarketing #Storytelling #DisruptiveThink"
6235,"Disrupting the status quo, we must recalibrate our operational cadence to amplify efficiency while optimizing synergy 🏔️ Leveraging our inner circle of expertise, let's embark on a paradigm shift by streamlining our processes, amplifying productivity & unlocking new bandwidth 📈 #DisruptionLeadership #Operational Excellence #SynergyInAction"
6245,"Navigating through uncharted synergy requires calculated courage 🌃 Leveraging our collective bandwidth to redefine the paradigm shift, we must prioritize harmony over inertia. Embracing the darkness as an opportunity for deep dive growth, let's circle back on aligning our core values with nature's rhythm. #SynergyShifts #HarmonyInAction #OptimizingParadigm"
6247,"Embarking on a transformative journey through uncharted territory requires unwavering dedication & unrelenting progress 🌳💪. Prioritizing our core commitments is crucial for sustainable growth, as we strive to exceed milestone after milestone. Leveraging our inner reserves of resilience & grit will ultimately propel us toward a brighter future, where every step forward feels like a triumphant achievement 🔝 #PersonalGrowth #ResilienceMatters #InnovationNation"
6252,"Unlocking holistic connections with our ecosystem partners is a game-changer 🌳 We must synergize our human capital to create a seamless experience that fosters organic growth. By embracing transparency, we'll optimize our workflows and streamline our processes, ultimately driving a paradigm shift in productivity. Let's focus on cultivating meaningful relationships and creating a sense of community – it's time to elevate our collaboration to new heights! 💻 #Sustainability #Collaboration #WorkplaceCulture"
6324,"Embracing a holistic approach to our daily endeavors can have a profound impact on our overall well-being 🌿. By synergizing with nature's rhythms and cycles, we can amplify our productivity and sense of fulfillment. Let's prioritize harmony over mere output metrics and explore ways to optimize our workflow for maximum synergy #SustainableLiving #HolisticProductivity #NaturalBalance"
6329,"Embracing the power of data-driven decision making is a game changer for our organization. By synergizing our insights and leveraging key performance indicators, we can unlock unprecedented levels of growth and innovation. It's time to take a deep dive into our numbers and uncover the hidden patterns that will drive us forward. Let's prioritize optimization and make progress on our most impactful initiatives today! #InnovationNation #DataDriven #SynergyMatters"
6341,Unlocking the hidden potential within our ecosystem 🌳 is crucial for unlocking synergy. Let's dive into optimizing processes to maximize our bandwidth & create a paradigm shift in our organization. Time to identify and amplify high-impact initiatives that drive meaningful results. #Innovation #SynergisticLeadership #OperationalEfficiency
6351,"Embracing infinite horizonlines is key to unlocking our unbridled potential! By shedding the anchors of conventional constraints, we can harness the full force of our inner tide and ride the wave of limitless possibility 🌊💨 #TransformationTuesday #LimitlessPotential #InnovationLeadership"
6385,"Unlocking our full potential is a seasonal shift 🌷 We must synergize our efforts to weather the quarter, leveraging every opportunity for growth and innovation. It's time for a deep dive into operational excellence, identifying areas where we can optimize bandwidth and drive meaningful results. Let's circle back on key performance indicators to maximize our ROI. #InnovationNation #SynergyDriven #CorporateRenewal"
6386,"Embracing our unique individuality is key to unlocking true synergy 💡. Just like the singular red leaf that defies gravity, we must harness our own inner strength to rise above constraints 🌟. By doing so, we can elevate our game and achieve unparalleled success 🏆. Time to reframe our mindset and tap into our collective bandwidth #InnovationNation #DisruptionMindset #UnstoppableMe"
6399,"Unlocking new celestial synergy is all about leveraging atmospheric transparency 🔍✨. By analyzing the fractal patterns of these ephemeral clouds, we can gain a profound understanding of our cosmic paradigm 🌠. It's time for a deep dive into the uncharted territories of interstellar bandwidth 🚀 #GalacticGrowth #SynergeticShifts #CosmicInnovation"
6403,"Unlocking human potential is the ultimate bandwidth booster 🚀, and empathy-driven leadership is the key to synergizing with our environment. As we focus on giving back to nature, we're actually nurturing the very essence of life itself. It's time for a paradigm shift in our corporate approach: let's prioritize sustainability as a core value that gives back to ourselves & the planet! 🌿💚 #EcoFriendlyBusiness #CorporateSocialResponsibility #HolisticLeadership"
6412,Unlocking our inner reserves is a lunar-led paradigm shift 🌕 we must leverage to overcome the velvety veil of challenges. Illuminating the path forward requires a deep dive into the celestial synergy 🌟 and harnessing the cosmic energy that fuels our late-night endeavors. Let's circle back on redefining our morning routines to amplify productivity & shine brighter 🔜 #MoonlightMindset #CelestialSynergy #ProductivityHacks
6415,"Unlocking our inner potential is a majestic catalyst for paradigm shift 🌪️. Embracing the celestial vibrations of innovation, we must boldly articulate our vision & ignite the spark within every team member. Let's amplify the chorus of praise & synergize our efforts to unleash our collective greatness! #InnovationNation #SynergyShift #ElevateTheHuman"
6436,"Navigating life's turbulent landscape requires us to synergize our resilience & adaptability 🌪️ As we deeply dive into understanding the complexities of human suffering, let's prioritize optimizing low-hanging fruit solutions that catalyze positive change in our communities. It's time for a paradigm shift! #Resilience #SynergizedSolutions #Empowerment"
6439,"Unlocking hidden synergies in even the smallest details reveals profound insights into our universe's underlying paradigm 🌿💡 Let's not underestimate the power of low-hanging fruit perspectives to disrupt conventional thinking and spark innovation. It's time for a deep dive into the intricate relationships between seemingly disparate elements, forcing us to redefine what we thought was possible #InnovationNation #DisruptTheOrdinary #ParadigmShift"
6450,"Embracing a holistic approach to synergy is key. As we harmonize with nature's rhythms 🌞💫, it's essential to prioritize our core connections. In today's fast-paced ecosystem, it's easy to get caught up in peripheral interactions – but what true value do these relationships hold if not anchored by meaningful, personal ties? Let's focus on scaling emotional intelligence and nurturing our inner circle, where true synergy can be unlocked. #PersonalGrowth #RelationshipBuilding #SynergeticLiving"
6461,"Unlocking our inner potential requires an empathetic approach 🌱💡, where nourishing support and gentle guidance enable us to flourish in a dynamic ecosystem. Leveraging the power of vulnerability allows us to tap into our true growth trajectory, embracing the ebb and flow of life's cycles. As we navigate the intricacies of professional growth, let's prioritize self-care and empathy to unlock our full bandwidth for innovation 💻 #EmpathyInAction #GrowthMindset #WellnessAtWork"
6463,"Embracing a north-star approach to innovation will propel us into uncharted territories 🚀. It's time to reboot our morning routine with purpose-driven synergy, amplifying productivity and unlocking unprecedented bandwidth. By harnessing the power of low-hanging fruit opportunities, we'll redefine our paradigm for success and create a more resilient organization. Let's embark on a transformative journey of hope and resilience 💪 #Innovation #Synergy #Resilience"
6466,"Unleashing synergies is a high-stakes game of strategic coexistence ðŸŒˆ we're all about maximizing mutual benefit while navigating complex ecosystems. By leveraging our collective strengths, we can create a powerful triad of innovation that leaves the competition in the dust. Time to take a deep dive into our core competencies and circle back on areas for growth! 💪 #InnovationNation #SynergySavvy #CorporateDisruption"
6511,"Embracing an existential paradigm shift, we must align our core values with the ever-changing terrestrial landscape 🌊. Eternal legacies are crafted through synergy-driven endeavors, fostering a culture of solemn stewardship 🕉️. Let's converge on a holistic framework for low-hanging fruit innovation & circle back on scaling our collective impact #Sustainability #HolisticStrategy #InnovationMindset"
6519,"Unlocking our full potential requires us to ascend to new heights, leveraging our inner sparks to ignite a firestorm of innovation 🌪️. As we rise above the ordinary, we're able to tap into our collective bandwidth and create a symphony of synergy that resonates globally. Let's take a deep dive into what's possible when we focus on high-impact initiatives and circle back to drive meaningful results. #InnovationNation #SynergyDriven #ElevateYourGame"
6547,"Embracing an existential paradigm shift 🌅, we must recalibrate our core values to prioritize synergy over stagnation. As morning sunbeams burst forth, it's crucial to leverage this bandwidth for transformative growth. By deep diving into our monthly routines, we can unearth low-hanging fruit opportunities that foster a more resiliant tomorrow. Let's align our efforts to unlock a brighter future and shatter the cycle of sorrow 💪 #Innovation #Disruption #Sustainability"
6550,Aligning ourselves with our ecological ecosystem is a game-changer 🌱 we must tap into the harmony of the natural world to amplify our core competencies. Listening for cues in every vibration and frequency will be the catalyst for true innovation and synergy 💡 Let's embark on a holistic journey to repurpose our resources and create a more symbiotic relationship with our environment. #Sustainability #EcoInnovation #CirclingBackToNature
6567,"Unlocking our inner sanctum is a game-changer for high-impact connection 🌳 Let's synergize with nature to amplify our unique resonance. By escaping the noise of external stimuli, we can recalibrate our bandwidth and tune into the whispers of our soul. It's time to shift our paradigm and make space for authenticity 💫 #WellnessAtWork #SelfDiscovery #InnerBalance"
6575,"Harmonizing our inner ecosystem is a matter of cosmic synchronicity 🌌. Embracing the oneness with the universe allows us to amplify synergies within ourselves and our organizations. Let's dive into the depths of interconnectedness, where every action resonates throughout our being, fostering unity of purpose 💡 #UnityInDiversity #CosmicConvergence #HolisticLeadership"
6576,"Evolving our perspective to perceive interconnectedness across all realms is a radical paradigm shift 🌐 We must harness the power of oneness to unlock hidden synergies and tap into the infinite potential that resides within every aspect of existence, ultimately amplifying our bandwidth for holistic innovation. Let's embark on a journey to uncover the low-hanging fruit of unity and ignite a global movement towards a more harmonious whole. #GlobalCitizenship #UnityInDiversity #SustainableEvolution"
6580,"Unlocking our inner essence requires a profound paradigm shift, where we synergize with our authentic selves to tap into the ultimate bandwidth of human potential 💡. Embracing this cosmic consciousness will revolutionize our approach to existence, and I'm excited to embark on a deep dive of self-discovery to redefine what it means to be the soul of the world 🌎 #PersonalGrowth #Mindfulness #SoulfulLeadership"
6586,Clarifying our core competencies is crucial for unlocking synergistic growth ðŸŒˆ. Defining what drives results isn't enough; we must now amplify our impact by leveraging paradigm-shifting strategies that foster innovation and forward thinking. Let's dive deeper into optimizing our operational efficiency and scaling our influence for maximum ROI. #TransformativeLeadership #OperationalExcellence #InnovationNation
6593,"Aligning our governance structures with human nature will yield exponential synergy 🚀 as we prioritize the holistic well-being of our constituents over theoretical frameworks. It's time for a paradigm shift in policy-making, where data-driven insights inform decisions that foster meaningful human connections. Let's focus on optimizing our systems to address the root causes of societal challenges, rather than just treating symptoms. #PurposeDrivenLeadership #HumanCenteredPolicy #GovernanceReimagined 💡"
6608,"Embracing an ethos of aspirational excellence requires us to pivot away from perfectionism, instead cultivating a culture of intentional 'good enough.' By embracing this paradigm shift, we can unlock creative bandwidth and synergize our unique strengths. It's time to redefine what it means to be great – one imperfect iteration at a time! 🚀 #Innovation #Adaptability #DisruptTheNorm"
6641,"Unlocking human potential through self-awareness is key to driving paradigm shifts in leadership 🌐. Understanding the intrinsic motivations and behavioral patterns of our constituents will enable us to synergize across industries, foster a culture of innovation, and catalyze meaningful change within our organizations. Let's make a conscious effort to amplify empathy-driven decision-making and elevate the art of human-centered design! 💡 #TransformativeLeadership #HumanityAtWork #InnovationNation"
6646,"We're on a mission to amplify the paradigm shift in our industry by synergizing across departments! Embracing the universal law that governs all laws, we can truly optimize for a more just and equitable work environment. It's time to deep dive into our core values and leverage them as a guiding force for our company culture. Let's prioritize low-hanging fruit initiatives that foster a sense of community and unity 🌎💼 #SynergyInAction #JusticeAtWork #CorporateSocialResponsibility"
6697,"The pendulum swing is an elegant manifestation of cosmic synergy 🌎! By embracing our inner discordant frequencies, we can actualize harmony & balance within ourselves, fostering a true paradigm shift that resonates throughout our personal and professional spaces. Let's tap into this potent synergy to elevate our collective vibrations! #HolisticLeadership #SynergeticVibes #Resonance"
6712,Embracing individuality is a key catalyst for innovation & growth 🚀 We must empower each person's unique bandwidth to unlock true potential & foster a culture of autonomy #PersonalizedPioneering #HumanPotential #CorporateAdaptation
6735,"Embracing the power of paradigmatic stagnation, let's take a deep dive into optimizing our ecosystem's core competencies! In this era of exponential growth, we must synergize and amplify our team's bandwidth by leveraging the wisdom of the forest – after all, 2+2 equals 4. Let's not circle back on what's already working; instead, focus on low-hanging fruit opportunities that drive scalability 🌳 #Disruption #InnovationNation #SynergyMaster"
6748,Embracing cultural humility is key to unlocking profound cross-cultural understanding 🌎 We must leverage our privilege to amplify the voices of marginalized communities and synergize around solutions that foster empathy and inclusivity. Let's make a conscious effort to challenge our own biases and circle back on education initiatives that promote comfort and dignity for all. It's time to rethink our paradigm for human connection 💡 #InclusiveLeadership #DiversityAndInclusion #EmpathyInAction
6755,"Let's synergize with Mother Nature to optimize our ecosystemic footprint! 🌳 By harnessing the power of biotechnology and embracing a more holistic approach, we can create a low-carbon paradigm shift while leveraging nature's resilience. It's time to prioritize sustainable coexistence over stringent regulation – after all, we're not ignoring the green benefits of vegetation! Let's focus on scaling up eco-friendly practices and drive innovation in bio-based emissions reductions. #CircularEconomy #SustainableBusiness #GreenGrowth"
6776,Embedding eco-responsibility into our core operations is a strategic imperative we can't afford to ignore. It's time to align our values with the low-hanging fruit opportunities in sustainability. Let's leverage this shared sense of purpose to synergize and scale positive change #Sustainability #CircularEconomy #TripleBottomLine
6852,"Leveraging the infinite potential within our organization's self-sustaining cycles is crucial for unlocking true scalability 🌊. As we dive deep into optimizing recursive processes, let's not forget to prioritize synergy and bandwidth allocation ⚙️ #InnovationNation #CircularEconomy #ScalingForSuccess"
7048,"Unlocking the full potential of our organizational ecosystem requires a paradigm shift 🌳💡, where we can tap into the untapped reservoirs of productivity and synergy 🔄. By leveraging the power of intentional morning routines, we can create a moat of momentum that sets us up for success 🏔️. It's time to dive deep into optimizing our workflows and make those low-hanging fruit touchpoints shine 💻 #ProductivityHack #SynergyInTheAction #EcosystemEffectiveness"
7059,"Unlocking individual greatness is a moonshot moment when we empower each learner to soar on their own wings 🌟. By leveraging the power of mentorship and micro-coaching, we can turbocharge our team's collective potential. It's time to shift from trying to silence a thousand 'mistakes' to fostering an environment that encourages bold experimentation & authentic self-expression 💫 #PersonalGrowth #InnovationMindset #EmpoweredTeams"
7086,"Embracing our inner wildness, we can tap into the boundless potential of nature to fuel our most impactful endeavors. By synergizing with the infinite possibilities of the universe, we unlock new paradigms for high-performing teams and drive meaningful results that amplify our impact. Let's prioritize our well-being and make space for those serendipitous moments that yield low-hanging fruit opportunities. 🌱💡 #WellnessAtWork #Innovation #TeamSynergy"
7146,"Unlocking the hidden potential within our organization's core competencies is key to unlocking unparalleled synergies 🌐. We must boldly push beyond the boundaries of conventional thinking, leveraging the infinite possibilities that lie just beyond the horizon of our current paradigm. It's time for a radical mindset shift and a deep dive into the heart of what drives us forward - the unseen limits that truly define us as a force to be reckoned with. #InnovationNation #BoundaryPushing #LimitlessPotential 💡"
7171,Harvesting our rural bandwidth is a paradigm shift 🌾 we must all synergize. Truly optimizing those low-hanging fruit agri-tourism initiatives first thing AM will yield significant ROI. Let's circle back on fostering community engagement to fuel this rural revitalization wave 🚀 #RuralRevitalization #Sustainability #AgriTech
7198,Unlocking the hidden potential of our team is like trying to comprehend the roar of a lion - it's all about embracing the uncharted territories and venturing into the unknown. We must focus on creating a culture that fosters effective communication and synergy across diverse perspectives. Let's dive deep into our core competencies and identify areas where we can synergize for maximum impact! 🦁💡 #Innovation #CrossFunctional #Disruptor
7233,Unlocking the hidden synergy between spirituality & corporate culture is key to unlocking our full potential 🕉️✨. Let's dive into the paradigm shift of what we consider miracles in the boardroom - are they merely low-hanging fruit for growth or a profound sacred gesture? It's time to redefine our definition of success and leverage our inner angels to drive real change. #SynergyInAction #MiracleMakers #CorporateSpirituality
7242,"Unlocking new vistas of understanding is a game-changer for our students! By sharing the scope of this vast, uncharted territory, we're empowering them to navigate complex ecosystems and unlock hidden synergies. It's time to amplify our capacity for context-rich learning and supercharge their ability to thrive in an ever-evolving landscape. Let's prioritize clarity over confusion and create a culture of collaborative exploration! 🌐📚 #FutureOfLearning #ExperientialEducation #CognitiveUnlock"
7305,"Embracing simplicity & prioritizing purpose is key! 🌎 Let's synergize on a paradigm shift that amplifies our impact, not just our bank account. True prosperity lies in aligning our values with the infinite potential of our minds. Time for a deep dive into what truly drives us! 🔥 #PurposeOverPursuit #SimplicityInSuccess #WealthBeyond Wealth"
7310,"Embracing equitable reciprocity is a strategic imperative for harmonious symbiosis 🌈. By synergizing our collective impact, we can elevate the paradigm and amplify positive change. Let's prioritize mutual benefit and leverage the power of restorative justice to supercharge our ecosystem! 💪 #SocialJustice #EquityInAction #SymbioticSuccess"
7344,Every minor detail has the power to amplify our entire ecosystem 🌎. It's time for us to acknowledge that even the smallest imperfections can have a profound impact on our bottom line 📈. We must synergize around these seemingly insignificant elements and elevate them into major game-changers. #Innovation #MinorWinsMatter #DisruptTheStatusQuo
7428,"We're on the cusp of a seismic paradigm shift 🌊, where legacy thinking meets adaptive renewal! Embracing our innate propensity for continuity & evolution will unlock unprecedented synergies, allowing us to tap into the collective bandwidth of our human experience. It's time to circle back on the fundamentals of succession planning and leverage our shared values to drive meaningful impact! #InnovationThroughContinuity #LegacyMeetsAdaptation"
7459,Disrupting traditional seasonal norms is a key driver of innovation 🎄 Leveraging festive disruptors can unlock paradigm-shifting synergy between departments. Let's amplify our holiday bandwidth by synergizing our operations and optimize low-hanging fruit initiatives 🌟 #CorporateHolidays #SynergyNation #SeasonalInnovation
7463,"Embracing our true essence is the key to unlocking holistic harmony! Let's foster a culture of organic growth, where our individual petals come together to create a stunning bouquet of diverse strengths 🌺💛 #AuthenticityMatters #SelfDiscovery #Flourish"
7476,"Unlocking the hidden patterns of the universe is a game-changer for our paradigm ðŸŒš. By synergizing human ingenuity with nature's laws, we can catalyze a revolutionary shift ðŸš€. Embracing the power of hindsight, we can reframe our understanding of the cosmos and redefine what it means to illuminate our path forward. Let's pivot on optimizing our bandwidth for knowledge and accelerate our pursuit of innovation! #Innovation #SynergeticThinking #DisruptingTheStatusQuo"
7536,"Unlocking our innate potential is a paradigm shift 🔓 we must all strive for! By liberating our individual agency, we can synergize and amplify each other's impact, creating a ripple effect that fuels meaningful growth 🌈. Let's dive into optimizing our inner bandwidth and harness the power of self-directed initiatives to drive true transformation #Innovation #Empowerment #FutureOfWork"
7579,"Unlocking our collective past holds the key to unlocking new paradigm shifts 💡. It's time to deeply dive into the synergy between nostalgia and innovation, and leverage our memories to inform our forward-thinking strategies 🔍. Let's circle back on harnessing this low-hanging fruit of experiential learning to drive meaningful growth 🌳 #TransformationalLeadership #MemoriesThatMatter #InnovationNation"
7588,Unlocking the synergy between artisanal storytelling & 21st-century innovation is a game-changer for our ecosystem 🌐 Leveraging the collective bandwidth of visionary thought leaders can drive paradigm-shifting outcomes. Let's embark on a deep dive into the low-hanging fruit of creative expression & circle back to refine our approach. #InnovationNation #SynergyMastered #StorytellingSavvy
7589,"Unlocking the hidden patterns is key to unlocking our organizational paradigm 🌫️. The rhythmic cadence of our processes can be a sacred symphony, with each iteration refining the harmony and synergy 🎶. It's time for a deep dive into our operational rituals and identify the rain showers that hinder our growth ☔️. Let's circle back on recalibrating these patterns to maximize efficiency and drive innovation forward! #Operational Excellence #Process Optimization #Innovation"
7606,Unlocking our inner flow is a game-changer! Let's dive into a high-potency synergy that combines our strengths to create a powerful movement 🌊. We must break free from constraints & limitations to tap into our true potential – the intersection of femininity & resilience is where the paradigm shift happens 💪 #EmpowermentJourney #FemininePower #RedefiningStrength
7612,"Embracing a proactive risk assessment mindset is crucial for unlocking our company's full growth potential 🌲 We must identify and mitigate potential pitfalls, leveraging agile adaptability to navigate turbulent landscapes. Let's prioritize our core competencies, amplify synergies, and capitalize on low-hanging fruit opportunities – it's time for a paradigm shift! 💪 #DisruptionMindset #InnovationLeadership #SynergyMatters"
7627,"Elevating our emotional resonance with a holistic empathy approach is crucial for unlocking synergy 🌫️. Fostering a culture of vulnerability and authenticity allows us to tap into the subtle nuances of collective sorrow, thus sparking a profound paradigm shift in our team's emotional bandwidth. Let's embark on a deep dive to identify and leverage these low-hanging fruit moments of connection, ensuring our organization remains agile and resilient 🌈 #EmotionalIntelligence #Synergy #CorporateEmpathy"
7645,"Unlocking our inner tides can be a game-changer for our professional lives! As we tap into the hidden currents of our passions, we open ourselves up to a world of innovative thinking & holistic well-being 🌊💡🔓 #MindfulLeadership #OceanOfOpportunities #SynergyAtWork"
7667,"Unlocking our greatest creative potential requires a calculated dose of chaos ☄️. That's right, embracing imperfection is the key to forging our true innovation gold 💡. The dark forces at play are merely catalysts for growth – without them, we'd be stuck in a rut. Let's harness the power of disruption and make it work for us 🔓 #DisruptionStrategy #InnovationMindset #CreativeGrowth"
7685,"Embracing the ebb and flow of life's cycles is crucial for organizational resilience 🌊 As we navigate the tides of change, it's essential to acknowledge that growth often requires sacrifice – just as the lilacs' fleeting bloom necessitates their eventual waning. By harnessing the power of impermanence, we can identify opportunities for transformation and optimize our 'slow years' into periods of profound rebirth. Let's pivot towards a future where legacy ceases and new horizons await! 🌟 #Disruption #GrowthMindset #TransformativeLeadership"
7686,"Unlocking innate potential is key to unlocking success 🌱 By acknowledging self-awareness, we can synergize strengths & leverage opportunities for growth. Not every talent will flourish, so it's essential to circle back on individual development pathways & optimize our skill sets for maximum impact #PersonalGrowth #Synergy #Innovation"
7715,Elevating our team's sonic synergy is a game-changer 🎶 We must amplify our artistic bandwidth by leveraging Beauty's daughter – innovation! Let's dive into optimizing our low-hanging fruit touchpoints for maximum impact. #InnovationNation #SynergyMatters #CreativeVibes
7718,"Unlocking the synergy between nature's resilience and inner reflection, I'm compelled to nurture our organization's paradigm shift towards harmonious coexistence. As we traverse the vast expanse of challenges, let's prioritize cultivating low-hanging fruit opportunities that resonate with our core values. By doing so, we can create a ripple effect of positivity, just as the bird's melody echoes across the desert, stirring my spirit #Innovation #Resilience #Synergy"
7759,"Nurturing our ecosystem of innovation is a critical symbiosis we must synergize. Where resilience meets adaptability, and progress converges with sustainable growth, we unlock hidden treasures in our core competencies. Let's dissect the paradigm shift, identify high-impact leverage points, and optimize our workflows to achieve scalable success 🚀💡 #InnovationNation #DigitalTransformation #DisruptTheNorm"
7790,Nurturing our inner disruptors to break free from the status quo is a game-changer for our organization's paradigm shift 🌊 We must empower our most innovative thinkers to challenge the norms and push the boundaries of what's possible – just like Alexander Sheridan did by shattering the constraints of conventional thinking 💡 Let's dive deep into identifying these high-potential individuals and provide them with the necessary bandwidth to drive meaningful change #InnovationNation #FutureProofing #DisruptionLeadership
7797,"Elevating our peak performance requires a regal approach 🏔️. Embracing Mont Blanc as our North Star can catalyze a seismic shift in synergy and amplify our snow-capped success. By leveraging the majesty of this mountain monarch, we can forge unshakeable bonds with our stakeholders & ignite a paradigm shift that propels us to new heights! #InnovationNation #PeakPerfection #DisruptorMindset"
7854,"Embracing adaptability is a key strategy for unlocking hidden synergies ðŸŒˆ in our ecosystem of operations. Let's tap into the cunning instincts of our agile workforce and deploy stealthy tactics to outmaneuver the competition. By fueling innovation with data-driven insights, we can amplify our productivity and capitalize on low-hanging fruit opportunities, while redefining the paradigm around what it means to be a leader in our industry. #InnovationNation #DisruptionDynamics #ForwardThinking"
7859,"Synergy at its finest! Embracing this morning momentum is a game-changer, and we must leverage every ounce of energy to optimize our daily rhythms. A paradigm shift in our approach to productivity is long overdue – let's circle back on prioritizing low-hanging fruit initiatives that drive meaningful results. It's time to harness the power of collaboration and synergize for a brighter future! 🌞💼🔓 #Innovation #EfficiencyHacks #FutureOfWork"
7946,Disrupting our symbiotic ecosystem requires a paradigm shift in our work-life synergy 💼🌿 We must acknowledge the friction between our personal bandwidth and corporate expectations. It's time for a deep dive into innovative workflows that prioritize mutual respect & low-hanging fruit collaborations 📈 #SynergyInAction #CorporateCitizenship #NatureOfBusiness
7949,"Embracing the winter season as a catalyst for growth, we must synergize our inner resources to optimize our productivity bandwidth! 🌫️💪 By shedding the weight of unnecessary expectations, we can unleash our full potential and make this a transformative time of renewal. Let's dive into the core of what truly drives us, and make deliberate decisions that align with our values. #Disruption #Innovation #PurposeDriven"
7950,It's time to recalibrate our team's workflow and recognize that every individual has a unique bandwidth for emotional resilience. We must synergize our support systems to maximize employee well-being and optimize our company culture for holistic growth 🌱💆‍♀️ #MentalHealthMatters #WellnessAtWork #EmployeeFirst
7953,"Unleashing our inner spark is the catalyst for transformative growth! Igniting our innate curiosity will fuel a deep dive into innovative problem-solving. By embracing nature's wisdom, we'll leverage organic insights to supercharge our creativity. Let's harness this elemental energy to drive paradigm shifts in our work #Empowerment #NatureInspired #Innovation"
7981,"Unlocking our inner potential is a sacred oath to ourselves 💪 We must synergize our passions with purpose, empowering individuals to become the master craftspeople of their craft. As we pioneer new frontiers in innovation, let's not forget that true growth begins with embracing our authentic selves and unleashing our collective creativity 🌟 #PersonalGrowth #InnovationNation #EmpowermentMindset"
7982,"Unlocking our collective synergy is key to cultivating a culture of growth ðŸŒˆ, where every moment is leveraged for maximum impact. Investing in our people's well-being will yield the most profound rewards, as we collectively flourish among our diverse talents, O. Let's prioritize these high-yield moments and circle back on optimizing our processes to amplify efficiency! 🌟 #Collaboration #TalentDevelopment #Innovation"
7996,"Embracing serenity and harmony in our workflows is crucial for maximizing productivity 🌿💼. Let's nurture a culture of gentle transitions and prioritize the flow state to synergize our tasks. By doing so, we can create a holistic work environment that fosters deep dive thinking and inspires innovation. #WorkLifeBalance #FlowState #InnovationNation"
7999,"Embracing our inner resilience is a powerful catalyst for transformation! As we navigate life's ups and downs, it's essential to recognize that our inner spark remains unquenchable 🔥💫, fueling a perpetual cycle of growth & renewal. Let's synergize with nature's wisdom to reboot our personal paradigms & unlock our full potential! #InspirationalLeadership #CultivateGrowth #UnlockPotential"
8004,Unlocking lunar synergies demands a paradigm shift 💫. We must optimize our night-time cycles for maximum bandwidth and efficiency. The moon's radiant energy is a low-hanging fruit opportunity that can be harnessed to drive transformative results 🌕. Let's schedule a deep dive into the specifics of this celestial alignment and circle back with actionable insights #MoonlightLeverships #LunarOptimization #CosmicSynergy
8007,"Unlocking humanity's greatest potential requires a holistic approach that synergizes our core competencies. We must leverage the natural aptitudes of our diverse workforce to craft a cohesive masterpiece, as nature intended. Embracing this organic framework enables us to optimize our processes and foster a culture of innovation, where every individual can thrive in their unique role. Let's dive into the low-hanging fruit opportunities for growth and make a paradigm shift that elevates our collective performance! 💡 #InnovationNation #HumanCapital #CulturalRelevance"
8033,"Elevating our morning cadence with an infusion of serenity, we must synergize across departments to unlock innovative bandwidth. By prioritizing high-impact low-hanging fruit initiatives, we can catalyze a paradigm shift in our work-life harmony. Let's schedule a deep dive into recalibrating our team's core rhythms. 🌙💫 #InnovationNation #SynergyInAction #FlowState"
8054,Elevating our org's global presence requires a deep dive into paradigm shifts 🌐. We must synergize across borders to capitalize on untapped market bandwidth. Identifying low-hanging fruit opportunities will be crucial in driving ROI. Let's circle back to optimize our global engagement strategy #TransformationTuesday #CrossBoundarySynergy #GlobalGrowth
8062,"Unlocking our team's true potential requires a delicate balance of adaptability and resilience 🌈. Just as fleeting moments of beauty are seized and savored, we must capitalize on these high-leverage moments to drive synergy. Let's prioritize fluidity and momentum, embracing the ephemeral nature of success. It's time for a paradigm shift in our approach to growth – and we're just getting started! 💪 #Innovation #Adaptability #DisruptorMindset"
8089,"Embracing our individuality can be a powerful catalyst for growth, just like the resilient Yew tree that proudly remains steadfast in the face of adversity 🌳💪. By acknowledging and celebrating our unique strengths, we can unlock true synergies and foster a culture of authenticity #EmpowermentThroughUniqueness #ResilienceInAction #CoreValuesMatter"
8093,"Embracing the organic synergy within our daily rhythms is key to unlocking a paradigm shift in productivity. By leveraging the natural ebbs and flows of our inner bandwidth, we can harmonize our workflow and supercharge our results. Let's dive into optimizing our morning routines and uncovering hidden opportunities for growth 🌞 #ProductivityHacks #SynergyInAction #MorningMotivation"
8096,"Embracing the chaos is crucial for catalyzing a revolution in innovation! By amplifying our inner voice and rejecting the status quo, we unlock a new era of disruption. Let's harness this seismic shift to fuel our purpose-driven enterprise! 🌪️💡 #DisruptionDynamo #PurposeDriven #InnovationNation"
8102,We're entering a period of maximal optimization 📈 where innovation & synergy converge. Embracing this disruptor mindset requires us to recalibrate our bandwidth & prioritize high-impact activities. It's time to pivot from wasteful tendencies & tap into our inner resources – let's redefine what it means to be present in nature! 💚 #TransformativeLeadership #SynergyMatters #OptimizeYourEnergy
8115,"Amplifying our inner resonance requires embracing both harmony and discordant frequencies 🌊🏔️. By synergizing our unique perspectives, we can tap into a unified purpose that's greater than the sum of its parts – a paradigm-shifting approach to unlocking peak performance & innovation #PersonalGrowth #Resilience #PurposeDriven"
8121,Embracing the timeless & non-negotiable principles of our brand identity will drive a seismic shift in customer loyalty 🌊 It's time to tap into our core values and amplify them across all channels - no external influences can silence this clarion call for authenticity! Let's prioritize our north star and ensure every interaction resonates with our unique vision. #AuthenticityInAction #BrandIdentity #VisionaryLeadership
8140,"Embracing a holistic approach to success allows us to tap into the synergy of our ecosystem. By leveraging Mother Nature's resilience, we can pivot towards a more sustainable paradigm that amplifies our impact. This is truly a low-hanging fruit opportunity for growth and renewal. #EcoInnovation #SynergeticGrowth #CultivatingSuccess"
8154,"Embracing a holistic approach to growth is crucial for unlocking synergy 🌱💡. As we dive deep into our work processes, let's not forget that nature has much to teach us about flow and adaptability. It's time to reevaluate our paradigm and focus on maximizing our bandwidth for innovation 🚀 #Innovation #HolisticBusiness #OrganicGrowth"
8163,"Embracing impermanence and solo endeavors is a radical act of liberation, amplifying our inner whispers to create an harmony that resonates beyond the boundaries of traditional collaboration. Let's tap into this existential harmony to unlock new paradigmatic possibilities 🌊💫 #Innovation #Freedom #Disruption"
8170,"Unlocking our inner resilience is a game-changer for personal and professional growth 🌳✨. As we navigate the complexities of modern life, it's time to pivot towards holistic well-being and prioritize our mental bandwidth #MentalHealthAwareness #WellnessAtWork #EmployeeEngagement"
8171,"Embracing our inner child is a radical shift in paradigm 🌳 As we transcend the mundane & tap into our primal selves, let's synergize with nature to fuel our innovation bandwidth! It's time for a deep dive into the power of simplicity & unbridled joy 🌴 #Wellness #DisruptTheNorm #NatureLover"
8174,Nurturing harmony amidst chaos is a game-changer 🌊 We must amplify the symphony of serendipity to unlock collective genius. Embracing unconventional melodies can be the catalyst for revolutionary paradigm shifts. Let's identify and synergize on the hidden frequencies that fuel our greatest potential #InnovationNation #HarmonyInTheWild #SynergySquad
8227,"Unlocking the hidden potential of our innermost blooms is a powerful catalyst for growth and emotional resilience 💡. Even the most rugged, unassuming petals can conceal profound wisdom and insights that may challenge our comfort zones 🌿. By embracing vulnerability and allowing ourselves to dig deeper into our complex emotions, we can tap into the deepest reservoirs of creativity and innovation 🎨 #EmotionalIntelligence #Vulnerability #InnovationMindset"
8234,"Let's pivot to a holistic approach where our core values serve as the north star for our team's decision-making process. Embracing a culture of authenticity allows us to synergize organically, creating a virtuous cycle of growth and innovation 🌱💡 #AuthenticLeadership #OrganicGrowth #Synergy"
8239,"Unlocking collective potential is key to driving mass synergy! When we synergize our efforts, everyone's strengths come together to create a unified herd of high-impact performance. Embracing this state of unity allows us to maximize output while minimizing unnecessary effort - 40 heads can accomplish more than individualized endeavors! Let's focus on optimizing our workflows for streamlined success and celebrate the paradigm shift in productivity! 🚀💼 #EfficiencyHacks #SynergyInAction #TeamGoals"
8254,"Embracing the ebbs of our emotional ecosystem requires a profound paradigm shift 🌊 We must acknowledge that our bandwidth for resilience is not limitless, and it's essential to prioritize self-care as we navigate the unpredictable tides of life's ups and downs. Let's proactively allocate time for introspection and emotional rebalancing, making space for recalibration and renewal #MentalHealthAwareness #ResilienceTraining #WellnessInnovation"
8256,"Unlocking the power of community engagement is a game-changer for our collective success ðŸŒˆ we must synergize to create high-leverage experiences that bring out the best in our tribe. By fostering an environment where all voices are amplified, we can truly level up and achieve a paradigm shift 🌟 Let's circle back on identifying areas of low-hanging fruit opportunities to amplify our impact. #TransformationTuesday #SynergyInAction #CommunityDriven"
8264,"Unlocking our inner resilience is all about harnessing the collective power of our ecosystem 🌎. By amplifying our inner strength, we can create a ripple effect that fuels our growth and productivity. Let's make this a catalyst for innovation! #Synergy #CorporateResilience #InnovationNation"
8272,"Empowering a culture of authenticity requires us to disrupt our inner echo chambers and amplify the whispers of a stronger, more resilient nature 🌃. By shedding the toxic reflections of the past, we can rebirth ourselves into a vibrant, forward-thinking community that radiates positivity and creative synergy. It's time to redefine the narrative and ignite a movement of self-discovery and collective evolution 🔥 #AuthenticLeadership #InnovationCulture #Sustainability"
8274,"Aligning with our inner compass to anchor sustainable growth 🌿 Leveraging organic resilience is key to unlocking a paradigm shift in our approach to innovation. By synergizing nature-inspired problem-solving, we can amplify our impact and drive meaningful change. Let's embark on a deep dive into integrating eco-friendly design principles to boost our bottom line! #Sustainability #InnovationNation #ResilienceReimagined"
8284,"Embracing serendipity is the catalyst for unlocking hidden synergies 🌳 We must proactively optimize our workflows to amplify nature's inherent efficacies, thereby amplifying our collective impact. By prioritizing organic growth and leveraging existing strengths, we can create a ripple effect of positive change that resonates throughout the entire ecosystem 💪 #Innovation #OrganicGrowth #EcosystemEffectiveness"
8286,"Disrupting legacy narratives is a strategic imperative for driving paradigm evolution. We must recalibrate our collective bandwidth to prioritize innovation over dogma. By leveraging emerging perspectives, we can unlock fresh synergies that foster transformative growth. Let's embark on a journey of iterative disruption, where we prioritize evidence-based optimism and celebrate the emergence of novel insights. 🌟 #InnovationMindset #ParadigmShift #ForwardThinking"
8295,"Embracing our inner innocence is key to unlocking a new paradigm of collaboration 🌿. By diving deep into the organic processes that govern our world, we can tap into a synergistic mindset that fosters unity and purpose. Let's focus on cultivating love as the core driver of innovation 🔥💖 #InnovationThroughUnity #SynergyMatters #LoveDrivesSuccess"
8336,Aligning our personal DNA with our purpose is a game-changer for holistic productivity 🌟. We must sync our intrinsic drive to create value with our extrinsic reality to unlock maximum impact. Embracing this fundamental tenet will amplify our focus on innovation and energize our collective bandwidth. #PurposeDriven #InnovationNation #HighPerformance
8360,"Sowing seeds of resilience in the face of disruption can have a profound impact on our ecosystem. By embracing agile adaptability & synergizing our efforts, we can harness the untapped potential hidden within our organization's core competencies. Let's take a low-hanging fruit approach to innovation & nurture a culture that fosters quiet yet potent growth. 💪🌳 #InnovationNation #ResilienceMatters #DisruptionLeadership"
8362,"Unlocking true innovation requires embracing our inner ' barren landscape'. By stripping away unnecessary complexity, we can unearth a wealth of untapped potential & reveal the 'secret' to lasting greatness. Let's embark on a strategic disassembly to uncover the hidden synergies that will elevate our organization to new heights! #DisruptionMindset #InnovationCulture #TransformativeLeadership"
8384,Elevating our vantage point is a game-changer! 🚀 Empowering ourselves to see beyond the horizon allows us to tap into the boundless potential of limitless visibility. It's all about reframing our perspective and unlocking new levels of amplification. Let's dive in and discover the unparalleled benefits of expanding our field of vision! #GrowthMindset #PerspectiveShift #InnovationAccelerator
8398,"Unlocking our true potential is a seismic shift in paradigm that will inevitably manifest, leaving an indelible mark on our personal and professional landscapes. As we navigate life's journey, every decision and action serves as a bill drawn on Nature's Reality, which will ultimately be settled – revealing the answer to our very existence: No effects ≠ No growth; No change = stagnation. #PersonalGrowth #InnovationNation #RedefineSuccess"
8418,"Embracing holistic wellness enables us to synergize our inner selves, fostering a cohesive & cooperative approach to life. By leveraging self-awareness & mindfulness, we can optimize our productivity & bandwidth, ensuring a harmonious integration of our physical, mental & emotional states. Let's make a paradigm shift towards radiant well-being! 🌞💆‍♀️ #WellnessWednesday #SelfCareRevolution #PositiveVibes"
8437,Unlocking our inner disruptors requires embracing the unbridled genius within. True innovation is born from the unspoken reservoir of untapped potential. Let's tap into that primal creative bandwidth and supercharge our strategic synergy! 💡 #InnovationNation #DisruptorMindset #AuthenticLeadership
8490,"Unlocking the secrets of silence is a paradigm shift for our team's productivity ðŸŒˆ leveraging moments of stillness to amplify innovation. As we listen to the whispers of nature, we must synergize our inner selves with the world around us. Let's schedule deep dives into creative expression and make this a low-hanging fruit priority. It's time to reframe our morning routine and unleash the true power of mindfulness #MindfulnessMomentum #InnovationNation #FlowState"
8517,"Unlocking the power of our inner ecosystems is a high-leverage play. Let's amplify our collective resonant frequency by shedding light on the unseen dynamics that fuel our conflicts. By tuning into the harmony of disparate voices, we can co-create a symphony of synergy 🎶 #Authenticity #CollaborativeCulture #Intrapreneurship"
8530,"Unlocking the untapped synergies of our seasonal workflow is a game-changer 🌟. By embracing a paradigm shift, we can leverage the full bandwidth of our holiday operations and create a truly transformative experience for all stakeholders. Let's take a deep dive into optimizing our core competencies and circle back on high-impact initiatives that drive real results. #Innovation #Operational Excellence #SeasonalBoost"
8534,Unlocking synergy through innovation 🌱 We're poised for a paradigm shift by leveraging the power of disruption. Let's prioritize those low-hanging fruit initiatives & optimize our workflows to amplify productivity. Time to circle back on recalibrating our core values! 💡 #DisruptionLeadership #SynergySquad #InnovationNation
8541,"Harvesting collective knowledge is a game-changer! Let's leverage our personal stories to fuel innovation 🌾💡 and drive meaningful connections. By sharing our experiences under the spotlight of transparency, we can synergize and amplify each other's impact. It's time to circle back on amplifying our inner circles and make a lasting paradigm shift in our industry #InnovationNation #KnowledgeSharing #PersonalBranding"
8542,Unlocking the sweet spot for synergy is a masterclass in ecosystem optimization 🌳💡 We're poised to amplify our collective bandwidth by nurturing harmony among diverse elements - from rustic meadows to majestic towers 🏙️ #SynergyInAction #CorporateHarmony #InnovationEcosystem
8543,"Elevating our global supply chain efficiency requires a paradigm shift in operations bandwidth 🚀. By synergizing with local vendors, we can truly unlock low-hanging fruit opportunities and drive meaningful innovation. Let's schedule a deep dive into optimizing our herbs procurement process to ensure seamless integration with our Phillis team's bespoke style requirements. #InnovationNation #GlobalSourcing #SupplyChainOptimization"
8563,"Unlocking our inner flow state is key to unlocking maximum productivity! 🌪️ When our momentum has reached its peak, it's time to optimize our process efficiency by capitalizing on the low-hanging fruit of task automation. Let's dive into a deep analysis of our current workflows and circle back with a fresh perspective that synergizes our team's expertise. #Innovation #EfficiencyHacks #SynergyMode"
8571,"Embracing serendipity is a strategic pivot to our core competencies! We must synergize with chance encounters and leverage the beauty of happy accidents. By embracing the organic flow, we create unbridled bandwidth for innovation. Let's dive into the heart of this paradigm shift 💡🌿 #Disruption #Innovation #FlowState"
8576,"Embracing uncertainty as a catalyst for growth is a key aspect of our organizational DNA 💪. As we navigate uncharted waters, it's essential to stay adaptable and resilient, even in the face of turbulent circumstances 🌪️. By diving deep into the unknown, we can unlock new opportunities for innovation and synergy, ultimately driving paradigm shift and staying ahead of the curve 🔝 #Disruption #InnovationNation #AdaptabilityMatters"
8611,"Reimagining aquatic communication channels is a game-changer for our oceanic ecosystem's paradigm shift 🌊 Leveraging this novel approach will unlock synergistic efficiencies, amplifying our understanding of marine biodiversity. As we scale up these innovative interfaces, we'll create a ripple effect that propels us toward a more harmonious coexistence with our cetacean counterparts 💬 #Sustainability #OceanicInnovation #MarineLife"
8619,Unlocking our inner synergy requires a paradigm shift 🌿 We must stop focusing on individual potency and instead leverage the collective essence of our team. It's only when we're crushed under the pressure that truly allows our unique strengths to diffuse and bring balance to our organization. Let's make this a low-hanging fruit opportunity for growth! 💡 #Synergy #CorporateEvolution #InnovationMindset
8637,Unlocking our inner anchors requires embracing turbulence as a catalyst for elevation 🌊 We must leverage the raw energy of life's stormy moments to forge an unshakeable sense of roots within our ever-evolving selves. #PersonalGrowth #ResilienceMatters #CultivateYourStorm
8641,"Unlocking our collective paradigm is the key to unlocking synergy, as we tap into the vast potential within 💡. Embracing a culture of innovation, we'll foster a sense of freedom where diverse minds can flourish, just like the Netherlands' rich cultural heritage 🌊. By nurturing this environment, we'll empower each other to think outside the box and drive meaningful change from the ground up #InnovationNation #DiversityWins #CorporateDisruption"
8667,"Amplifying our community's agility is key 🔥 as we identify & prioritize synergy across the board 📈. Embracing a 'dogs of all breeds' approach will unlock low-hanging fruit opportunities, catalyzing a paradigm shift in our work ecosystem 💪. Let's schedule a deep dive into optimizing core competencies & circle back on bandwidth realignment to maximize collective impact #Innovation #Collaboration #WorkplaceDiversity"
8682,"Amplifying our community's collective voice is a game-changer for organic growth 🌱💡. Let's synergize our efforts to create an inviting ecosystem that fosters meaningful connections among diverse stakeholders. Our low-hanging fruit initiatives will yield tangible results, empowering us to pivot towards a paradigm shift in customer experience. #Innovation #Empowerment #CommunityFirst"
8749,"Seizing the fleeting window of opportunity is a high-leverage play. By accelerating our floral harvesting cycle, we can unlock unprecedented synergy and maximize ROI. This requires a paradigm shift from reactive to proactive, with a deep dive into optimizing our process for peak performance. Let's circle back on this low-hanging fruit strategy to drive tangible results. #InnovationNation #FlourishFirst #DisruptTheStatusQuo"
8751,Embracing the power of feminine leadership is a game-changer for our team's paradigm shift 🔥. We must synergize and amplify women's voices to unlock our full bandwidth potential. It's time to make a deep dive into inclusive decision-making and circle back around empowering each other. Let's identify those low-hanging fruit opportunities to drive real change! 💪 #FemaleEmpowerment #InclusiveLeadership #TransformationTuesday
8770,"Intrinsic values are the foundation of our operations, allowing us to harmonize with the ecosystem 🌿 We must recalibrate our priorities to prioritize what's truly essential and amplify our impact on a deeper level. It's time for a paradigm shift in our approach #Sustainability #ResponsibleBusiness #Innovation"
8775,"Nurturing our inner ecosystem is paramount, cultivating rich mental soil through deliberate silence & introspection can yield profound paradigm shifts 🌱💡 #MindfulLeadership #InnovationMindset #StrategicClarity"
8807,"Embracing the organic flow of our being can lead to a profound synergy 🌳 We must truly disrupt our paradigm by recognizing that every creative expression is an intrinsic aspect of our human bandwidth 💡 Let's tap into this inner source and co-create with purpose, aligning our actions as one with nature's own masterpiece 🎨 #HolisticApproach #CreativityUnleashed #EvolvingAsOne"
8809,"Unlocking our inner resilience through the darkest nights can be a transformative catalyst for growth 🌃💫. As we confront the shadows, we're forced to confront our deepest truths and tap into the untapped potential within ⚡️. By embracing vulnerability and reframing sorrow as a source of insight, we can pivot towards paradigm shifts that propel us forward #AuthenticLeadership #ResilienceMatters #EmbracingPain"
8829,"As we navigate life's ups and downs, it's essential to recognize that personal growth is a perpetual cycle of self-reflection and adaptation 🌟. By acknowledging and learning from our youthful mistakes, we can unlock new pathways for success and create a more resilient personal brand #PersonalGrowth #Resilience #ProfessionalDevelopment"
8834,"Unlocking seismic paradigm shifts in our personal brand amplification requires a recalibration of core values, as even the smallest increment can create monumental ripples 🌊💥. Let's synergize our inner strength to fuel a transformative deep dive into the heart of our purpose-driven essence. It's time to circle back on the uncharted territories of our emotional bandwidth and ignite a revolutionary fire 🔥 #Innovation #PersonalGrowth #PurposeDriven"
8847,"Unlocking the paradigm shift in authentic communication 📢 we must synergize around vulnerability, unshackling the constraints of corporate speak. It's time to redefine our bandwidth and foster an environment where true connection can flourish – without the need for clever circumlocution #DisruptingConventions #AuthenticLeadership #MindfulCommunication"
8855,"Unlocking our inner resilience requires recalibrating with the rhythms of Mother Nature 🌙. As we reboot and rejuvenate, let's amplify our focus on holistic well-being to drive productivity & creativity in a sustainable synergy. Next steps: #WellnessAtWork #CultivatingProductivity #HolisticLeadership"
8857,"Unlocking our inner catalysts is a paradigm shift moment 💡 for humanity to rise from the pause. Embracing this profound stillness, we must synergize with our core passions to reignite the pulse of innovation. Let's dive into the heart of creation and emerge with a bold new rhythm! 🌟 #InnovationNation #PurposeDriven #DisruptTheNorm"
8871,"Unlocking our inner potential is a liberating force 💡; it's time to break free from constraints and disrupt the status quo with intentional self-awareness. Embracing imperfection and inefficiency can be a catalyst for innovation & growth – let's focus on amplifying human bandwidth, not bandwidth-wasting habits 📈 #PersonalGrowth #InnovationNation #EmbracingInefficiency"
8922,"Embracing the natural flow 🌿 will be our north star as we synergize to unlock humanity's true potential, thereby catalyzing a profound paradigm shift in how we approach innovation and growth. Let's dive into the art of adaptation and optimize our processes for maximum efficiency, yielding unprecedented results! 💡 #Innovation #GrowthMindset #Synergy"
8928,"Elevating our collaborative paradigm requires us to synergize across seemingly incompatible domains 🌐 We must acknowledge that, despite fleeting moments of unity, our core objectives often necessitate distinct bandwidth allocations 📈 True leaders recognize that even the most harmonious coexistence is a temporary low-hanging fruit, and it's essential to circle back on optimizing our individual strengths #Innovation #SynergisticLeadership #FusionMindset"
8937,"Embracing imperfection as a catalyst for growth, we can tap into Mother Nature's genius by embracing a "" failsafe"" mindset 🌿💡. When we view errors as an opportunity to recalibrate and reboot our approach, we unlock the power of adaptive resilience 🔥. By doing so, we can harness the collective wisdom of mistakes and propel ourselves toward a future marked by bold innovation and evolutionary leaps 🚀 #Disruption #InnovationMindset #ResilienceMatters"
8978,"Amplifying empathy is a strategic imperative for cultivating a culture of collective growth 🌟. When we humanize our own vulnerabilities, we unlock a profound bandwidth for connection and understanding. By sharing our authentic struggles, we create an environment where others can leverage their own experiences to build trust and foster meaningful synergies. Let's prioritize the art of vulnerability as a catalyst for paradigm shifts in our personal and professional relationships 💡 #InclusiveLeadership #VulnerabilityMatters #TrustIsKey"
9028,"Nurturing a culture of empathy and inclusivity is key to unlocking our full potential as professionals! When we tap into self-awareness, humility, and a growth mindset, we can synergize our individual strengths to drive meaningful impact. It's time for us to circle back on our core values and make a paradigm shift towards more authentic, effective communication that fosters deeper connections and stronger relationships. 🌐💡 #InclusiveLeadership #EffectiveCommunication #PersonalGrowth"
9073,"Embracing the concept of ""primordial conflict"" can be a game-changer for our organizational ecosystem 🌪️. By acknowledging the innate competitive drive within every team member, we can unlock innovative synergies and accelerate our pace to market 💡. It's time to repurpose this fundamental truth as a catalyst for radical transformation #InnovationNation #CompetitiveAdaptability #ParadigmPivot"
9074,"Elevating our content ecosystem requires iterative iteration – we must synergize with the 360-degree feedback loop to amplify our creative bandwidth. As we pivot towards paradigm-driven storytelling, let's not forget to circle back on optimizing our low-hanging fruit narrative arcs. By embracing a meta-narrative, we can supercharge our brand's resonance and unlock next-level synergy. 🌐💡 #Innovation #Storytelling #BrandElevation"
9076,"Embracing our inner wild child is crucial for unlocking true fearlessness. By redefining what sparks anxiety, we can amplify our courage and unleash our inner warrior. It's time to shatter the paradigm of fear and instead, hone our resilience through self-awareness and intentional growth. #MentalReboot #FearlessLiving #PersonalGrowth"
9083,"We're on the cusp of a game-changing pivot! It's time to amplify our risk management strategy and redefine our tolerance for uncertainty. By recalibrating our threat assessment framework, we can uncover new opportunities for growth and minimize exposure to potential pitfalls. Let's embark on a strategic low-hanging fruit initiative and drive meaningful synergies across our organization. #AgileLeadership #RiskMitigation #SynergyRevolution"
9115,"Embracing disruption's chaos is an opportunity to recalibrate our foundation 🌎. Amidst the turbulence, we can refine our core competencies & emerge stronger. The universe may shatter its framework but, unbowed, we pivot towards innovation 💪 #DisruptionLeadership #AdaptabilityMatters"
9150,"Unlocking our inner virtuosity requires a holistic synergy 🔓✨ we're all aligned on leveraging authenticity to amplify collective impact. Let's embark on a paradigm shift 🔄, where purpose-driven innovation becomes the catalyst for transformative growth #PurposeDrivenLeadership #InnovationNation #VirtuousCircle"
9152,"Embracing a utilitarian approach to operations is crucial for maximizing ROI 📈 As we synergize our efforts, it's essential to identify areas of low-hanging fruit where we can apply incremental value and drive meaningful impact. Let's initiate a strategic deep dive into optimizing our processes and uncover the hidden potential for growth and innovation. #EfficiencyFirst #Operational Excellence #Innovation"
9155,"Embracing the paradigm shift in our work-life synergy is crucial for rebooting our personal bandwidth 🌞 We must leverage self-care as a core competency to optimize our energy levels and tackle those pesky low-hanging fruit challenges head-on! By prioritizing holistic well-being, we can truly circle back to a state of flow, unencumbered by the weight of lethargy. Let's dive into this deep work and redefine productivity in a way that honors both body & mind 💪 #WellnessAtWork #FlowState #PersonalGrowth"
9159,"Unlocking our full potential unlocks divine justice ✊️ We must synergize our inner compass with external action, amplifying virtuous behavior and fostering a culture of moral excellence 📈 #PurposeDrivenLeadership #InnovationThroughIntegrity"
9177,"Unlocking the hidden potential of feminine expression, we must synergize to create a wardrobe paradigm that amplifies our individuality and fosters creativity 🌸💼. It's time to optimize our approach to stylish self-presentation and elevate the art of professional dressing #FashionForTheModernProfessional #InnovativeStyle #ElevatedExpertise"
9179,Embracing a holistic approach to learning from nature's evolutionary playbook can yield game-changing synergies ðŸŒš Empowering ourselves with the collective intelligence of our predecessors can catalyze a paradigm shift #NatureInspiredLeadership #EvolutionaryMindset #SustainableInnovation
9180,"Unlocking our intrinsic drive for growth & self-preservation is crucial for optimizing synergy across teams. It's time to disrupt our paradigm & prioritize actionable bandwidth. By leveraging our primal instincts, we can tap into an unbridled source of motivation – a hunger for excellence that fuels innovation & progress. Let's circle back on scaling low-hanging fruit initiatives that catalyze paradigm shifts in our industry! 💪 #InnovationFuel #SynergySprint #CorporateEvolution"
9183,"Weathering life's ebbs and flows requires a deep dive into emotional resilience, where every sunny disposition has a profound impact on our mental bandwidth. By embracing the ups and downs, we can synergize with nature to foster a more balanced paradigm, unlocking low-hanging fruit moments of growth and positivity. Let's circle back to cultivating inner peace and leveraging life's fluctuations for true success! 🌞💛 #Resilience #MentalHealthAwareness #SelfCare"
9184,"Embracing fluid adaptability in personal growth & team cohesion is our #1 competitive advantage! We must synergize & leverage emotional intelligence to overcome self-inconsistencies, ensuring a seamless paradigm shift towards authentic leadership & peak performance 🌈💪 #SelfAwareness #LeadershipDevelopment #Adaptation"
9186,"Embracing warmth over wit enables us to foster meaningful connections that radiate an aura of approachability. As we prioritize empathy-driven communication, we unlock unprecedented synergies that catalyze transformative outcomes. Let's harness this approach to cultivate a culture of collective growth! 🌱💡 #DisruptingConversations #InclusiveLeadership #MeaningfulConnections"
9209,"Nurturing our core ecosystem is about prioritizing the high-impact, feathered stakeholders who amplify our mission 🌿💛 Embracing a holistic approach to success means recognizing the value in diverse, melodious teams that harmonize around a common purpose. Fostering an environment where every bird can sing its unique song is essential for our collective growth and prosperity. Let's focus on amplifying their voices through strategic initiatives that yield tangible results! #OrganizationalCulture #FowlPlay #AvianSynergy"
9218,"Embracing our innate essence is key to navigating life's unpredictable waters 🌊. True wisdom lies in acknowledging the immutable aspects of our humanity and leveraging them to inform strategic decision-making. Let's prioritize our inner compass and cultivate a culture that fosters authenticity, vulnerability, and a willingness to challenge status quo assumptions. It's time to recalibrate our approach to common sense and explore new paradigm shifts in personal growth. #PersonalGrowth #AuthenticLeadership #IntrinsicIntelligence"
9243,"Nurturing symbiotic relationships can have a profound impact on our collective success 🌾. While genuine adversaries can be formidable opponents, the treacherous nature of false alliances poses a far greater threat to our well-being. It's essential we focus on cultivating strong, authentic connections that drive meaningful synergy #TrustIsEverything #StrategicPartnerships"
9282,"Unlocking our inner rivers of passion requires a willingness to dive into the depths of ourselves 🌊. The shallowness of superficial pursuits will only stagnate, while the depth of meaningful endeavors fuels true growth #PurposeDriven #InnerRenewal #FlowState 💡🔥"
9297,"Embracing our inner demons is a radical act of empowerment. By confronting our darkest fears, we unlock unbridled potential and unleash a maelstrom of resilience. Let's synergize our vulnerabilities into a force for personal growth, fostering an ecosystem of self-awareness that enables us to thrive in the face of adversity. #PersonalGrowth #ResilienceReimagined #UnapologeticSelf"
9306,"Embracing a culture of 'synergetic synergy' can be a true game-changer for our organization! By 'low-hanging fruiting' the power of appreciation, we can unlock a paradigm shift in team morale 🌱💛 Let's make a deep dive into amplifying the impact of gratitude and experience the transformative power it holds. Circle back with me to explore innovative ways to infuse this practice across our daily operations. #GratitudeDrivenLeadership #SynergySavvy #CorporateWellness"
9319,"Unlocking the hidden potential of our emotional intelligence is a game-changer 🌟, enabling us to synergize with empathy and foster a culture of inclusivity. By leveraging vulnerability as a strategic asset, we can create a ripple effect of positive change that amplifies our impact and drives meaningful results. It's time for a paradigm shift in the way we approach emotional intelligence – let's dive deep into this untapped reservoir of human potential! 💡 #EmpathyDrivenLeadership #InclusiveCulture #PersonalGrowth"
9323,"Embracing serendipity & seizing fleeting opportunities is key to unlocking our collective potential 🌞 Leveraging chance encounters can yield paradigm-shifting results. As we pivot into a new era of synergy, let's prioritize bandwidth optimization & low-hanging fruit initiatives. #InnovationNation #Disruption #SynergyRevolution"
9335,"Unlocking our creative bandwidth is a pivotal moment to reboot our paradigm. In this stillness, we must synergize our thinking to amplify innovation. Let's zero in on optimizing those low-hanging fruit opportunities and reframe our approach for maximum impact. It's time to circle back to the heart of our vision. 💡📈 #InnovationNation #SynergyShift #FutureProof"
9354,Rekindling our purpose is a catalyst for growth ✨ Empowering employees to reignite their passion can yield seismic shifts in productivity. Embracing this synergy enables us to transcend limitations and unlock uncharted potential. It's time to fan the flames of innovation 🔥 #InnovationNation #PurposeDriven #SynergyInAction
9398,"Embracing synchronicity in nature's rhythm, we can amplify our own harmony 🌼 As teams align on shared goals, synergy is unlocked. Leveraging collective energy fosters a virtuous cycle, where each individual's strengths converge. Let's prioritize those high-leverage activities that create a sweet serendipity effect! 🎶 #Innovation #Collaboration #Synergy"
9422,"Empowering our human potential through synergistic relationships and self-awareness will be the catalyst for a paradigm shift in how we approach sustainability. We must dive deeper into our inner bandwidth to uncover the true low-hanging fruit of personal growth, rather than merely imputing from external sources. Let's circle back on nurturing this inner wisdom that truly empowers us. #Innovation #HolisticLeadership #InnerStrength"
9425,"Embracing organic learning methodologies 🌿 can be a game-changer for our personal and professional growth. By harmonizing with nature's rhythms, we tap into an intuitive approach that fosters self-directed mastery 📚. In this era of accelerated knowledge acquisition, it's time to rethink traditional hierarchies and instead, empower our inner experts to emerge naturally 🌈 #HolisticLearning #IntuitionDrivenGrowth #EvolvedEducation"
9445,"Empowering our team members with robust support systems is a game-changer for their overall well-being, fostering a culture of mutual protection & trust 🌟 Let's amplify this paradigm shift by actively listening to each other's pain points and synergizing solutions that truly put people first! #InnovationThroughEmpathy #TeamFirst #ResilienceMatters"
9494,"Embracing the laws of physics to disrupt our status quo is a game-changer for innovation 🚀. It's time to amplify our limitations and unlock new bandwidth for scalability. Let's pivot towards pushing the boundaries of what's thought possible to create a more fluid, adaptive business model. #InnovationNation #DisruptionMindset #FutureOfWork"
9537,"Embracing the great outdoors is all about scaling new heights, amplifying our sense of adventure, and recalibrating our priorities around freedom and possibility 🏔️. Let's harness nature's potent synergies to reboot our personal brand, amplify our resilience, and turbocharge our willpower! #WildAtHeart #Outdoorsmanship #PersonalGrowth"
9575,"Embracing serendipity in a world governed by cosmic design, we can leverage the inherent order to amplify our impact 🌐. By synergizing with the natural flow, we unlock the secrets hidden within the intricate web of causality. It's time for a paradigm shift: let's tap into the omnipresent Providence to supercharge our endeavors #InnovationThroughFaith #CosmicDesign #SynergeticLiving"
9579,Unlocking holistic harmony requires a profound awareness of our interconnected ecosystem 🌿. Embracing this macrocosmic framework will catalyze a paradigm shift in our individual and collective performance. Let's take a deep dive into optimizing synergies and maximize our overall well-being. It's time to circle back on the foundational principles that truly drive results. #HolisticSuccess #EcosystemThinking #SystemsApproach
9598,"Unlocking our inner potential is the ultimate game-changer for paradigm shifts 🔓 Empowerment from within catalyzes synergy with external contexts, enabling us to seamlessly adapt to changing circumstances and capitalize on opportunities that align with our core values and strengths. It's all about leveraging our unique bandwidth and making strategic decisions that optimize low-hanging fruit touchpoints 🚀 #TransformationalLeadership #IntrinsicSuccess #SynergyMatters"
9631,"Embracing resilience is a game-changer! 🌊 We must anchor ourselves in unwavering determination, like an unshakeable foundation amidst turbulent market shifts. By doing so, we can harness the power to stabilize and thrive - even as external forces rage on. Let's prioritize our inner rock-solid approach to maximize our impact and create a wave of stability. #ResilienceMatters #InnovationNation #AdaptabilityKey"
9672,"Embracing mortality catalyzes a profound paradigm shift towards harmony with nature 🌿 We must amplify our synergy by recalibrating our existence to respect the natural ebb & flow, leveraging a holistic approach that honors the cycles of life. Let's seize this opportunity for renewal and optimization, focusing on the high-impact initiatives that truly add value to our organization. #AuthenticLeadership #Sustainability #FlowState"
9679,"Unlocking our inner potential is a cosmic catalyst, igniting a paradigm shift 🔥 in the fabric of our existence. Embracing an all-encompassing mindset enables us to synergize with the universal energy, maximizing our impact and catalyzing meaningful change 💡 #Innovation #Disruption #UniversalMindset"
9692,"Nurturing a culture of discipline yields synergistic outcomes 📈. Let's prioritize #TemperanceFirst, as it unlocks paradigm-shifting bandwidth for collective growth. Embracing a balanced approach is key to unleashing our inner leaders. 💪 #CorporateDiscipline #BalanceForSuccess"
9719,"Elevating our inner circle requires embracing authenticity in the wild. By living in harmony with nature, we can embody a new paradigm of self-sufficiency. Embracing this radical approach demands unwavering courage and a willingness to disrupt the status quo. Let's amplify our unapologetic pursuit of individuality! 💪 #NatureBasedLeadership #AuthenticityMatters # WildernessWisdom"
9722,"Embracing the inevitability of flux, we can harness the power of entropy to catalyze a profound disruptor shift 🔥. By recognizing the inherent impermanence of all things, we unlock the secrets to transformational evolution and optimize our approach to adaptability. It's time to synergize with the unknown and redefine our paradigm for perpetual renewal 💡 #Transformation #Adaptability #OrganizationalEvolution"
9827,"Embracing the universal law of harmony, we must recalibrate our approach to conflict resolution, harmonizing with the innate principles of nature to create a new paradigm of peaceful coexistence 🌿💖 By leveraging the power of non-violent resistance, we can synergize towards a brighter future, where humanity unites in pursuit of a world governed by the laws of nature, not man-made constructs. #NonViolenceMatters #LawOfHarmony #TransformativeLeadership"
9841,"Embracing a mindset of sufficiency is a paradigm shift that unlocks true synergy. By recalibrating our individual bandwidth, we can amplify our collective impact and create a ripple effect of abundance. Let's embark on a deep dive into responsible resource allocation to ensure we're not perpetuating unsustainable cycles of consumption. It's time to circle back on values-driven decision-making and prioritize the planet's well-being as we strive for social responsibility. 🌎💚 #Sustainability #CorporateSocialResponsibility #RegenerativeBusiness"
9861,"Flower power is where it's at, and nurturing that organic growth is key to unlocking our true potential. By embracing a more fluid approach to development, we can truly synergize with our inner selves and unlock a world of creative possibilities. Let's focus on cultivating those blossoming opportunities and watch our personal and professional lives flourish! #GrowthMindset #OrganicInnovation #UnleashYourInnerFlower 💐🌱💫"
9900,Nurturing our inner wellness through deliberate downtime is a strategic imperative for peak performance ðŸŒ±. Embracing nature's tranquility can be a game-changer for rejuvenation and re-centering - let's prioritize serenity as a key differentiator 🌿 #SelfCare #ProductivityHacks #WellnessWednesday
9936,"The trailblazer in reproductive health will forever be etched as a champion of innovation 💡, leaving an indelible mark on humanity's progress. By pioneering the conversation around population control and family planning, she unleashed a seismic shift that continues to shape our collective future 🌎 #WomenInSTEM #GameChanger #PopulationHealth"
9943,"Embracing the 21st-century evolutionary imperative: Thriving in a hyper-competitive landscape requires constant innovation and adaptability. We must prioritize agility, foster a culture of calculated risk-taking, and empower teams to drive paradigm-shifting disruption. By harnessing the power of forward-thinking, we can stay ahead of the curve & unlock boundless growth opportunities. 🌱💡 #FutureOfWork #DisruptorMindset #InnovationNation"
9944,"Embracing a utilitarian approach to our work, we can synergize our actions with the natural world, unleashing a paradigm shift in efficiency and effectiveness 🌿📈💼 #Innovation #Sustainability #ResultsDriven"
9945,"Embracing our inner wolves requires us to confront the elephant in the room: vulnerability is the catalyst for growth 🦁. It's time to pivot from passive-aggressive to proactive communication, leveraging our authenticity to drive meaningful connections and synergize with our tribe. #AuthenticLeadership #SynergyInAction #HonestyIsTheBestPolicy"
9953,Embracing the untamed essence of innovation can be a game-changer for our organizational DNA 💡. It's time to shatter the paradigm of predictability and unleash the boundless potential of the unbridled creative spirit within our team. Let's embark on a synergy-driven journey to optimize this elusive yet game-changing 'good' into high-impact initiatives that drive meaningful growth 🚀 #Disruption #InnovationCulture #TransformativeLeadership
9958,"Embracing our inner disruptor is a game-changer for growth! We must synergize with our authentic selves to create a new paradigm of self-leadership. By leveraging our unique strengths, we can revolutionize our approach to challenges & thrive amidst uncertainty. It's time to amplify our resilience and unlock our true potential! 💪🔓 #InnovationLeadership #PersonalGrowth #Disruption"
9993,"Narrative disruption is an inevitable catalyst for cosmic evolution 🌠. By reframing our understanding of reality as a tale, we effectively surrender to the whims of creative probability. Embracing this epiphany allows us to tap into the boundless potential of narrative flexibility, where fact and fiction seamlessly converge #CosmicStorytelling #RealityReimagined #ParadigmOfPerception"
10028,"Unlocking our inner potential is a matter of tapping into the mystical realm of possibility 🌳💡. By immersing ourselves in visionary experiences, we begin to see the ordinary as infused with a touch of magic ✨. The next frontier for growth lies at the intersection of imagination and reality – let's synergize and manifest a world where the lines between fantasy and reality blur 🔓 #Innovation #VisionaryLeadership #FutureProof"
10035,"Embracing the art of departure to inform our return is a paradigm-shifting experience 💡. As we leverage perspective-gained insights, synergy is forged through the juxtaposition of what's familiar with what's unseen 🌅. It's time to deep dive into our own village, uncovering hidden bandwidth and low-hanging fruit opportunities for growth 🔓 #Disruption #VillageRevolution #InnovationMindset"
10057,"Embracing autonomy drives paradigm shifts in our personal and professional lives. By prioritizing agency and self-actualization, we unlock our full potential for synergistic growth. It's time to redefine what's possible with a mindset shift toward empowerment and innovation 🚀💡🔓 #Empowerment #PersonalGrowth #InnovationMindset"
10068,"Our pursuit of dominance in the natural world is, in reality, a cleverly disguised attempt at leveraging each other to achieve our goals 🌎💪 Let's harness the synergy between human collaboration and environmental stewardship to create a seismic shift towards harmony rather than hegemony #SustainabilityLeadership #CoexistenceIsKey #EcologicalIntegrity"
10069,"Disrupting the status quo by reconnecting with our intrinsic purpose is a game-changer 🌱. By reframing our approach, we can synergize nature's wisdom to unlock innovative solutions that amplify our impact. It's time to pivot from domination to harmony, and unleash the true power of symbiotic collaboration 💡 #Sustainability #HolisticBusiness #EcologicalIntelligence"
10081,"Unlocking the power of evidence-driven innovation requires a fundamental shift in our paradigm ðŸŒˆ we must break free from assumptions rooted in an outdated, legislative mindset! By embracing data-driven decision making, we can synergize science and strategy to drive meaningful progress ðŸš€ and ultimately elevate our collective bandwidth for impact. #Innovation #DataDriven #Synergy"
10182,"Unlocking our morning resilience is all about surfacing above turbulent externalities 🌊, while quietly recalibrating our inner compass after a profound paradigm shift 💔. It's in these moments of introspective awakening that we must harness our core bandwidth to reboot and recharge before tackling the day ahead. Let's prioritize synergy & take that deep dive into self-care – it's time to optimize our morning routines for maximum impact! 🌞 #MindfulLeadership #ResilienceAtWork #SelfCareRevolution"
10199,"Embracing our authentic avian personas can unlock profound literary synergy 🦅💡. As we soar on the wings of creativity, let's not confuse stern structure with the subtle yet potent power of seriousness. #ContentCreation #AuthenticVoice #LiteraryEvolution 💫"
10208,"The serendipitous symphony of precipitation is catalyzing a paradigm shift in our urban oasis's harmony 🌂. By harmonizing with nature, we're synergizing our workspace synergy and unlocking creative bandwidth 💡. Let's embark on a deep dive to optimize our sonic landscape and reap the benefits of this acoustic goldmine 🎵 #WellnessAtWork #UrbanBliss #SonicSynergy"
10319,Embracing the unseen toxicities that surround us is a strategic move to recalibrate our risk tolerance. Let's synergize with nature by acknowledging the interplay between environment and human resilience. It's time to optimize our low-hanging fruit interventions and redefine what it means to thrive amidst adversity. #ResilienceReimagined #EcologicalSynergy #AdaptationRevolution
10452,"Unlocking our inner resilience requires a strategic paradigm shift 🌱 Leveraging mindfulness and self-awareness, we can repurpose distractions into empowering moments of growth. By reframing our thoughts and focusing on the present, we can synergize with our authentic selves to achieve true fulfillment. Embracing the beauty of imperfection, let's identify and tackle our core limitations – it's time for a deep dive into personal optimization! 🌈 #PersonalGrowth #MindfulnessMastery #InnovationMindset"
10474,"Unlocking celestial synergies, we must tap into the lunar cycle to drive paradigm shifts 🌕. Like a radiant bloom, our innovative ideas will flourish in the heavenly high bower, radiating silent yet potent delight 💡. Let's conduct a deep dive into moonlit optimization, where low-hanging fruit touchpoints converge to illuminate our path forward #InnovationNation #CelestialInspiration #DisruptTheOrdinary"
10528,It's time to synergize our focus & maximize productivity! Let's dive into optimizing our morning routine & leverage that early AM bandwidth 🌞💫. We must circle back on maximizing low-hanging fruit touchpoints to drive paradigm shift results. #Innovation #Agility #FlowState
10554,"Unleashing creativity is a game-changer for our organization's paradigm shift! 🌟 When we foster an environment of innovation and freedom, we're not just liberating the bird within each team member – we're shaking the foundations of conventional thinking. Let's prioritize that ""low-hanging fruit"" mentality and empower our people to fly high on their passions. It's time for a deep dive into what truly gets us fired up! 🔥💡 #Innovation #Disruption #CorporateFreedom"
10588,"Existence is the ultimate bandwidth amplifier, amplifying life's vibrancy across all domains without exception or pause. We're on a mission to optimize every single interaction, synergize with each individual, and extract actionable insights from every data point – it's time for a paradigm shift 💡 #PersonalGrowth #SynergyInAction #Unstoppable"
10606,"Embracing ambiguity in uncertain landscapes can be liberating, as we shift our focus to high-impact synergies that drive growth. Unpacking complex challenges into low-hanging fruit opportunities allows us to optimize bandwidth and foster a culture of resilience. It's time for a paradigm shift 💼📈 #Innovation #Adaptability #Disruption"
10667,"Unlocking the secrets of precision-driven excellence! Measuring our success with metrics is a game-changer for scaling our endeavors 📈. We must harness the power of data-driven decision making to optimize our workflows, amplify our impact, and drive transformative change 🔍. #DataDrivenLeadership #OperationalEfficiency #TransformationThroughMetrics"
10892,"Reaping sustainable success requires us to reboot our productivity DNA, fostering a symbiotic synergy between human potential and organizational purpose. As we optimize our workflows for exponential growth, let's not forget that true fulfillment arises from leveraging our personal bandwidth, creating space for an alternate state of existence – a digital detox of sorts. By prioritizing well-being and self-care, we can pivot towards a future-proof paradigm, where work-life harmony is the ultimate low-hanging fruit. 🌟💻 #FutureOfWork #WellnessAtWork #SustainableSuccess"
10893,Embracing stillness amidst chaotic landscapes requires intentional bandwidth optimization 🌲 Let's synergize on calming our inner compasses for a paradigm shift in productivity. We must circle back to identifying low-hanging fruit opportunities that catalyze collective calm & focus. #MentalWellness #FlowState #ProductivityHack
10983,"Embracing the paradigm shift of our global footprint, we must recognize that our core competencies lie within optimizing our symbiotic partnerships, where synergistic relationships amplify our market presence and drive exponential growth. Leveraging our natural strengths in this ecosystem enables us to tap into a low-hanging fruit of revenue streams, positioning Cuba as a strategic hub for US industry. Let's schedule a deep dive into our international partnerships and circle back on redefining our operational bandwidth. #GlobalExpansion #StrategicPartnerships #IndustryOptimization"
11134,"Nurturing our creative DNA requires us to reboot our paradigm and prioritize harmony with our flow state, where art and functionality synergize in perfect alignment, unlocking unbridled innovation 🌟💡 #InnovationOverConvention #EmbracingDiversity #ArtMeetsIndustry"
11145,"Unlocking individual isolation fosters epic personal synergies that amplify our collective impact 🌳💪 As we transcend our comfort zones, the ripples of self-discovery expand into meaningful paradigm shifts that elevate human potential #HumanEmpowerment #PersonalGrowth #SynergyInAction"
11193,"Unlocking the synergy between creative expression & personal fulfillment is a game-changer! Let's amplify our bandwidth by nurturing meaningful relationships, fostering an environment of freedom to innovate & bring joy. Embracing our inner child & embracing the magic of morning bird-song and stargaze will revolutionize our paradigm. #InnovationThroughConnection #CreativeFreedom #WellnessAtWork"
11204,"Embracing organic growth is key to unlocking sustainable paradigm shifts 💡. By synergizing with nature, we can amplify our ecosystem's inherent potential for ideal development 🌿. Let's harness the power of low-hanging fruit innovations to drive meaningful progress forward 🔥 #Innovation #SustainableGrowth #EcologicalIntelligence"
11225,"Unlocking our inner propensity for serendipity is a game-changer! By synergizing our unique strengths with serendipitous opportunities, we can catalyze a paradigm shift in productivity 🌟. It's time to leverage the power of uncertainty and dive into the uncharted territories of possibility – after all, the most significant breakthroughs often arise from unplanned intersections ✨ #Innovation #Serendipity #Disruption"
11256,"Embracing our individual unicorns requires us to optimize our inner bandwidth, allowing for authentic synergy with others. As we evolve, solitude becomes a sacred sanctuary where we can truly deep dive into self-reflection & renewal. Let's circle back on creating spaces for serenity and balance in our increasingly complex, fast-paced world 🌱💆‍♀️ #WellnessAtWork #SelfCareRevolution #MindfulLeadership"
11293,"Unlocking our inner resilience requires a fearlessness that allows us to dive deep into the unknown and emerge stronger 💪. Embracing the uncertainty is where true innovation happens, and we must be willing to take calculated risks to reach new heights 🚀. By leveraging our collective courage, we can create a culture of bold, data-driven decision making that propels us forward #Disruption #FearlessLeadership #FutureProof"
11294,"Embracing the paradox of feminine unpredictability can be a game-changer for our personal & professional growth 🌟. It's time to disrupt our traditional thinking on relationships & intimacy, where we're conditioned to love from a place of codependency & control. Let's tap into this mysterious energy to create space for authentic connection & self-love #FeminineEmpowerment #LoveRevolution #UnchartedTerritory"
11408,"Reframing our expectations is key to unlocking innovation 🌳 We must synergize with the unpredictable nature of life, just as an agile organization adapts to shifting landscapes. By pivoting and testing new assumptions, we can discover fresh opportunities for growth. Let's dive into the unknown and uncover the hidden patterns that will take us to the next level! #Disruption #Adaptability #Visionary"
11476,"Revamping our paradigm is crucial for unlocking a seismic shift in our collective impact 🌎. Let's synergize efforts to amplify a meaningful discourse on holistic sustainability. By recalibrating our focus, we can uncover innovative solutions that simultaneously address the intricate web of global challenges – from social uplift to environmental stewardship. It's time to leverage our unique capacities to drive a paradigm-driven transformation. 💡 #Sustainability #Innovation #GlobalImpact"
11718,Uncovering new insights is a game-changer for our organization 📈. It's time to amplify our sniffing capabilities and uncover those AHA! moments that lead to paradigm shifts 💡. Let's schedule a deep dive into this unexpected find and synergize our thinking around innovative solutions #Innovation #Disruption #GameChanger
11788,"Fostering inclusive ecosystems requires us to disrupt discriminatory paradigms 🌎💡. By synergizing empathy and social justice, we can create a more equitable universe where diversity thrives. It's time for a paradigm shift in our collective consciousness – let's amplify marginalized voices & drive meaningful change #SocialImpact #DiversityEquityInclusion"
11812,"Unlocking our inner reservoirs is a transformative tidal wave we must all ride ðŸŒŠ. Amplifying our Hecate-like catalyzation, let's create cavernous spaces for radical recalibration. It's time to channel the eternal whispers of innovation and synergize our impact ðŸ’¡. #InnovationNation #SynergySphere #DisruptTheNorm"
11816,"Unlocking our inner vision is a matter of stripping away the outer layers 🌱, revealing the core truths that drive transformative growth. As we peel back the veneer, we expose the pure essence of what's possible, igniting a paradigm shift in how we approach innovation and excellence #InnovationLeadership #DisruptionMastery #Synergy"
11828,"Unlocking the true potential of our team is a masterstroke that requires us to take a paradigm shift towards people over processes 🌆📈 Let's leverage our collective bandwidth to supercharge human connection and synergy, amplifying our impact in meaningful ways #EmployeeFirst #SynergyMatters #OrganizationalEvolution"
11843,"Embracing ambient disruption is a strategic catalyst for paradigm growth 🌱. By cultivating an acute awareness of subliminal stimuli, we can catalyze innovation through symbiotic synergy. It's time to take a holistic deep dive into our operational cadence and unearth hidden opportunities for exponential evolution. #Innovation #Adaptability #DisruptorMindset"
11845,"Unlocking our inner flow is a holistic experience that requires us to harmonize with the cadence of life ⛅️ Our workflow must become one with the rhythms of nature, allowing us to tap into the symphony of serenity and align our bandwidth with the whispers of wisdom 🌿. Let's embark on a synergy-driven journey to identify the sweet desolation that's holding us back and leverage it as an opportunity for paradigm growth 💡 #SynergyAtWork #FlowState #HolisticProductivity"
11849,"Nurturing our inner landscape with nature's essence is a continuous evolution 🌿 We must synergize with the organic flow, leveraging its vibrancy to fuel our creative potential. By embracing this organic paradigm, we can amplify our resilience and stay agile in an ever-changing terrain. Let's prioritize our connection to the natural world and unlock its transformative power! 💚 #Sustainability #Wellness #OrganicGrowth"
11880,"Embracing impermanence is the catalyst for radical transformation 🌊 We must surrender to the flux and leverage the ephemeral moments of beauty to pivot towards a future of fluid synergy 💡 Let's prioritize embracing the uncertainty and circle back on optimizing our resilience protocols, identifying low-hanging fruit opportunities to reboot our paradigm #Disruption #Adaptability #Resilience"
11882,"Unlocking our inner resilience is a game-changer 🔓✨. Leveraging our core strengths during periods of extreme adversity yields paradigm-shifting results. It's time to synergize with our inner hares, amplifying speed and agility in our approach 🕰️ #DisruptionMomentum #VulnerabilityRevolution"
11898,"Unlocking the scent of innovation requires a deep dive into our perceptions 🌿✨. By embarking on an odyssey of self-discovery and embracing our inner wisdom, we can distill the essence of what's possible and bring forth a bouquet of fresh ideas 💡 #InnovationNation #ScentOfSuccess #CorporateEvolution"
11905,"As we navigate the uncharted territories of our professional journeys, it's crucial to remain vigilant for unexpected obstacles that can swiftly disrupt our workflow. The unwavering commitment to our core competencies is paramount, as even the most seasoned professionals are not immune to falling off the radar #OperationalExcellence #RiskMitigation #StrategicFocus"
11906,"Embracing serendipity and curating meaningful experiences is key to unlocking true connection. By intentionally dispersing our presence across diverse landscapes, we create opportunities for organic growth and symbiotic relationships. It's time to harness the power of chance encounters and amplify our global footprint. Let's prioritize seamless integration and maximize our spatial bandwidth. 🌴💡 #GlobalCitizen #ExperienceBased #AuthenticLiving"
11968,"Unlocking our resilience is a catalyst for growth; embracing the inevitability of setback as an opportunity to recalibrate and pivot. By reframing our mindset from victimhood to agency, we can synergize our inner strength with external circumstances, unlocking true momentum and harnessing the power of proactivity. It's time to turn ""spilled milk"" into a potent catalyst for innovation. 🌟💡 #Disruption #GrowthMindset #InnovationNation"
11972,"Embracing existential ambiguity is a catalyst for liberation 🌂. By letting go of need for inherent meaning, we can synergize our efforts to create value. The universe's indifferent gaze is an opportunity to redefine our purpose, focusing on high-impact initiatives that drive meaningful outcomes 📈. Let's dive into the core competencies that will propel us forward and make a lasting impact #PurposeDrivenLeadership #InnovationThroughIndifference 💡"
12049,"Embracing our existential humanness, we must disrupt traditional power structures to reposition ourselves within the natural paradigm 🌎💡 By acknowledging our place in the grand scheme, we can truly synergize and amplify our impact, unlocking a new era of collaborative innovation 🔓 #EvolvingLeadership #SustainabilityMindset #OrganicGrowth"
12051,"Evolving our organization into a seamless, self-sustaining ecosystem demands we reprioritize purpose over petty individual pursuits 🌿. By synergizing across departments and leveraging our collective strengths, we can amplify our impact and ensure the prosperity of our people-centric enterprise #Innovation #EnterpriseEcosystem #HumanCapital"
12072,"Sunny mornings present an optimal opportunity for redefining our morning routine as a strategic bandwidth reallocation strategy 🌞✨ Leveraging the power of flexibility, we can synergize productivity and well-being by reframing our AM objectives. Embracing this paradigm shift, let's focus on optimizing our daily workflows to achieve maximum impact and minimize unnecessary overhead. #Innovation #Wellness #ProductivityHacks"
12080,"Unlocking our inner genius is a masterstroke of cognitive bandwidth. Embracing the synergy between creativity and self-expression can lead to paradigm-shifting breakthroughs. Let's take a deep dive into optimizing our flow states and amplify our innovative capacity. It's time to circle back on redefining the notion of ""enough"" and unleash our full potential. 💡📝 #Innovation #CreativityUnleashed #ThoughtLeadership"
12094,"Our organizational foundation is a rock-solid synergy 🌎, anchored by timeless principles that transcend industry disruptors. It's time to recalibrate our bandwidth for innovation and focus on optimizing our core competencies as low-hanging fruit. Let's embark on a paradigm shift of high-impact, high-leverage initiatives! 💪 #SynergyShift #InnovationAcceleration #CorporateStrength"
12095,"Unlocking our core ecosystem's root system is a transformative catalyst for growth 🌿 We're on the cusp of a paradigm shift, leveraging synergy to amplify our impact, one organic pivot at a time. Let's synergize our watercooler moments into high-leverage connections that yield low-hanging fruit insights. Time to circle back and optimize our morning dawns. #InnovationNation #SynergyAtScale #CorporateRevolution"
12133,"Unlocking the hidden synergies in our ecosystem can be a game-changer for ROI 📈. It's clear that we need to take a deep dive into our core competencies and leverage our unique value propositions to stay ahead of the curve. By reconfiguring our organizational bandwidth, we can foster a culture of innovation and create a paradigm shift in our industry's narrative. Let's identify those low-hanging fruit opportunities and circle back on optimizing our workflows for maximum impact! 🚀 #Innovation #OrganizationalEfficiency #DisruptTheStatusQuo"
12138,"Unlocking our inner agility is a game-changer 🔄. We must synergize our early AM routine with a strategic bird's-eye view of our day's objectives. By leveraging creative problem-solving and optimizing our workflow, we can create a paradigm shift that attracts new opportunities for growth 💡 #Innovation #ProductivityHacks #ElevateYourGame"
12141,"Unlocking our inner visionary requires a paradigm shift in how we approach innovation 🌐. Let's leverage the power of outside-the-box thinking to synergize our collective genius and maximize our morning bandwidth 🕰️. Embracing uncertainty is key to finding our true north, so let's circle back on optimizing those hard-to-reach high-level touchpoints 🔝 #DisruptionLeadership #InnovationMindset #CreativeProblemSolving"
12163,"Embracing humility as a core operating principle unlocks unprecedented synergy & fosters a culture of radical inclusivity! By putting ego on the backburner, we can truly #HumanizeOurWorkforce #SynergisticLeadership #InclusiveGrowth 🚀💼👥"
12179,"Unlocking hidden synergies is key to uncovering untapped potential! By leveraging inherent goodness, we can create a ripple effect of positivity that amplifies our collective bandwidth 💡. Let's embark on a paradigm shift by embracing the intrinsic value of excellence and making it accessible to all – a true catalyst for mass prosperity and success 🌈 #InnovationNation #GoodnessIsKey #PositiveVibesOnly"
12181,Our ecosystem is the ultimate catalyst for innovation & growth! Leveraging nature's innate harmony & synergy is key to unlocking a paradigm shift in our approach to sustainability 🌿🌸 Let's take a deep dive into the synergies of coexistence & optimize our bandwidth for a brighter future #EcoInnovation #NatureLovers #CorporateSocialResponsibility
12251,"As we tap into our inner abyss, we unlock a vast ocean of untapped potential, where creativity and innovation thrive 🌊💡. Embracing the uncertainty and chaos can be a radical paradigm shift, leading us to redefine the boundaries between art and science. It's time to disrupt the status quo and mirror our own limitless sky within 🌞 #InnovationNation #BoundaryPUSHing #MirroredMinds"
12313,"Elevating our existential framework requires a profound paradigm shift 🌿✨. By harmonizing our inner selves with the majestic essence of nature, we unlock synergistic potential and tap into the divine 🔥. Let's embark on a holistic journey to redefine what it means to be human, where 'Bandwidth for Growth' and 'Spiritual Alignment' become core competencies 💫 #SoulfulLeadership #NatureInspired #Evolve"
12335,"Unpacking our primal instincts can catalyze a profound paradigm shift in our emotional intelligence 🌟. Smells have a unique ability to tap into the collective unconscious, unlocking hidden narratives and recontextualizing our personal experiences. By harnessing this olfactory bandwidth, we can supercharge our empathy and foster deeper connections with our stakeholders. Let's dive into the art of scent-based storytelling and uncover new synergies in our customer engagement strategy! #EmotionalIntelligence #SensoryMarketing #EmpathyDriven"
12369,Unlocking rural vibrancy requires a bold pivot toward urban enlightenment 🌆 Leveraging the serenity of nature to amplify our creativity and productivity is a game-changer. It's time to synergize with the great outdoors and bring a new paradigm to our workspace paradigms. #DigitalNomad #RemoteWorkLifestyle #NatureInspiredProductivity
12370,"Unlocking our inner potential is a game-changer for holistic self-awareness 🌱. By embracing the impermanence of identity, we can transcend ego-driven boundaries and synergize with our authentic selves. It's time to disrupt the status quo and pioneer a new paradigm where vulnerability meets resilience 💪. #MindfulLeadership #SelfReflection #Innovation"
12397,"Embedding diverse perspectives & narratives into our organization's ecosystem is key to fostering a vibrant, living entity 🌳💡. By synergizing disparate voices, we can catalyze innovative thinking & drive a paradigm shift in our industry. Time to amplify the unique bandwidth of each team member & supercharge our collective impact! 💻 #InnovationNation #DiversityMatters #SynergyInAction"
12419,Unlocking our inner rhythm is a key differentiator in today's fast-paced landscape! Let's amplify our team's collective energy and move forward with purpose. It's time for a paradigm shift 🔄 and we must all get on board the synergy train. Who's ready to tap into their inner joy and make some noise? 💃 #InnovationNation #RhythmAndResults #SynergySquad
12427,"Embarking on a trailblazing journey with unparalleled potential for disruption 🚀! By embracing authenticity and showcasing our true selves, we're poised for game-changing synergy 💡. It's time to break free from the status quo and redefine what's possible in our organization – a true paradigm shift is unfolding! Let's dive into this uncharted territory together and make it our low-hanging fruit for success 📈 #DisruptionLeadership #InnovationCulture #FutureOfWork"
12472,Embracing our inner discomfort requires a paradigm shift in how we approach mental clarity 🌫️. It's time to disrupt the status quo and amplify our self-awareness bandwidth 🔋. Let's dive deep into the uncharted territories of introspection and emerge with a renewed sense of purpose 💡 #MindfulLeadership #PersonalGrowth #DisruptTheNorm
12481,"Embracing a lifelong pursuit of knowledge is all about optimizing our cognitive bandwidth for peak performance 💡📚. By surrendering to an insatiable appetite for learning, we can leverage the power of self-directed education to uncover hidden synergies and disrupt our own narrative patterns 🔄. It's time to circle back on the origins of our thoughts, discarding outdated assumptions and forging a new paradigm that aligns with our highest potential 🔓 #PersonalGrowth #LifelongLearning #KnowledgeIsPower"
12516,"Unlocking our resilience is about embracing the untimely disruptors that catalyze growth 🌪️. It's about surrendering to the uncharted territory where adaptability reigns supreme and innovation thrives in the face of adversity 💡. By shedding the crutch of causality, we can tap into a deeper sense of purpose, where every challenge is an opportunity for evolution #DisruptionMindset #InnovationOverComfort"
12585,"Embracing an existential pivot, we must acknowledge the symbiotic relationship between human resilience and societal support systems. By redefining the paradigm of mental wellness, we can unlock innovative solutions to mitigate the undertow of melancholy. Let's synergize compassion with community engagement, empowering individuals to redefine their personal bandwidth. #MentalHealthRevolution #EmpowermentThroughInnovation #SocietalCollaboration"
12586,"Embracing chaos as an opportunity for organic growth 🌪️, we must repurpose failure into a catalyst for innovation. By reframing the initial disruption as a chance to disrupt the status quo, we can create a culture of calculated risk-taking and resilience. Let's focus on amplifying our adaptability and leverage this inherent imperfection to drive paradigm shifts in our industries! 💡 #InnovationMindset #DisruptionLeadership #ResilienceMatters"
12689,"Elevating our ecosystem synergy by harmonizing human + nature is key. As we synergize with the environment, we'll identify & leverage opportunities to optimize our collective paradigm. Let's focus on holistic well-being that's not just a low-hanging fruit, but a game-changing catalyst for transformation. It's time for a conscious shift 🌱💡 #ConsciousLeadership #Sustainability #EcoRevolution"
12700,"Elevating our organizational paradigm requires a profound understanding of our core purpose, and it's clear that you're deeply attuned to our company's vision. By synergizing our team's bandwidth, we can unlock new levels of innovation and drive meaningful impact. Let's embark on a journey to optimize our processes and discover the low-hanging fruit opportunities that will propel us forward. It's time for a paradigm shift! 🌊💡 #PurposeDriven #SynergyInAction #OrganizationalEvolution"
13042,"Embracing our ecological footprint requires a radical recalibration 🌿💚. By synergizing sustainability into our daily workflows, we can amplify the ROI on planet-centric business practices. Investing in carbon offsetting is a low-hanging fruit that can catalyze a paradigm shift towards environmental stewardship #SustainableBusiness #EcoInnovation #CorporateSocialResponsibility"
13048,"Unlocking our collective knowledge is a key to unlocking human potential! By embracing the art of inquiry and critical thinking, we can truly ignite a firestorm of innovation 🚀. It's time for a paradigm shift in how we approach education and lifelong learning - let's synergize our efforts to maximize impact! #InnovationNation #KnowledgeIsPower #LearningForTheFuture"
13060,"Reflecting on life's fluid dynamics can be a game-changer! We must prioritize deliberate pause points to synergize with our inner wisdom, while also recognizing the need for rapid pivot and iteration in today's ever-changing landscape 🌊💡🔓 #DigitalDisruption #InnovationMindset #StrategicReflection"
13077,"Unlocking the paradox of adversity is key to amplifying our inner luminescence 🔥💫 We must synergize with life's shadows to illuminate the unseen opportunities. In the midst of darkness, let us supercharge our resilience and become beacons of hope, shining brighter than ever before. This is our chance to shine a light on the low-hanging fruit of transformation! #ResilienceRevolution #GlowUp #Unstoppable"
13121,"Embracing a deep dive into our formative years is crucial for fostering an intrinsic appreciation of our planet. Nurturing environmental stewardship from an early age can indeed lead to a profound synergy between humanity and nature, ultimately catalyzing a love-hate paradox that propels us towards a more sustainable future 🌎💚 #EcoResponsibility #SustainableLiving #IntrinsicAppreciation"
13124,"The silence is deafening, yet we must synergize our efforts to unlock new paradigm shifts 🌊💡 Let's leverage this moment of stillness to dive deep into our core competencies. The ripples in the dark river are calling us to optimize our low-hanging fruit initiatives, and I propose we circle back around the concept of ""innovation fatigue"" to reignite the spark 🔥 #InnovationRevolution #SynergeticGrowthMindset #DisruptTheNorm"
13132,"Embracing vulnerability is a game-changer for paradigm-shifting growth 🔄. As we synergize our true selves, we unlock capacity for deeper connections & meaningful relationships. It's time to reprioritize self-love as the catalyst for radical authenticity. Let's dive into redefining what it means to truly show up for ourselves & others 🌟 #SelfCareJourney #AuthenticLeadership #VulnerabilityIsStrength"
13137,"Our daily actions hold paradigm-shifting potential 🌟! When we foster a culture of empathy and kindness, our intentional choices can actually amplify hate. Let's focus on leveraging positivity & making a meaningful impact. By synergizing our strengths & supporting each other, we can create a ripple effect of love & compassion that amplifies across the globe 🌎 #Empowerment #PositiveVibes #ResilienceMatters"
13155,"We're embarking on a transformative journey to recalibrate our personal weather patterns, amplifying emotional resilience & fostering a culture of constructive conflict. By proactively recognizing the triggers that stir our inner tempests, we can pivot towards more harmonious interactions & unlock synergistic growth opportunities. Let's prioritize emotional bandwidth management & optimize our relationships for maximum impact! 💪🌬️ #EmotionalIntelligence #ResilienceMatters #SynergyShift"
13159,"Nurturing a culture of resilience & adaptability is essential for harnessing the power of change 🌬️. As we navigate life's uncertainties, it's crucial to acknowledge that impermanence is an inherent part of growth 💥. By embracing the beauty in transformation, we can unlock new opportunities for synergy & progress #PersonalGrowth #Innovation #Disruption"
13193,"Unveiling our inner topography is essential for navigating turbulent winds of self-discovery 🌪️. By embracing the untapped potential within, we can recalibrate our internal compass & unlock novel avenues for growth & resilience 💪. It's time to embark on a profound introspection journey, where uncharted territories are mapped & harnessing the power of our inner wisdom is the ultimate paradigm shift 🔝 #SelfAwareness #PersonalGrowth #InnatePotential"
13221,"Embracing our natural flow state is a game-changer for productivity! By recognizing the innate patterns within ourselves, we can amplify our synergistic potential & unlock true scalability 🌱💪 #Disruption #NaturalFlourishing #FlowState"
13226,"Unlocking equitable growth requires a radical paradigm shift towards selfless synergies, as limited bandwidth necessitates strategic resource allocation. By amplifying collective well-being through reciprocal generosity, we can elevate our societal synergy to unprecedented heights. Let's amplify our impact with low-hanging fruit initiatives and cultivate a culture of reciprocal value. 🌟💡 #JusticeForAll #SynergyInAction #CorporateSocialResponsibility"
13228,"Unlocking our paradigm by embracing ambiguity, we can synergize with uncertainty, thereby amplifying our core competency through uncharted territory. This holistic approach allows us to redefine low-hanging fruit opportunities, catalyzing a transformative shift in our organizational DNA. Let's initiate a deep dive into the unknown, while maintaining unwavering agility 🌞💡 #FutureProof #InnovationNation #SynergySquad"
13239,"The harmony between high-touch empathy and low-code innovation is a true catalyst for paradigm shift 🌿 As we co-create human experiences, leveraging the raw materials of art & nature to craft synergistic narratives that amplify our purpose-driven bandwidth, let's not forget to nurture a culture of organic growth that empowers each individual to flourish in their unique ecosystem. 💡 #WellnessAtWork #CoCreation #FutureOfWork"
13270,"Unlocking our creative bandwidth with nature as inspiration is a paradigm shift 🌳! By synergizing art & science, we can elevate mundane processes into majestic feats of innovation. Let's take a deep dive into harnessing the power of natural iteration and watch our most promising ideas flourish from humble roots. #Innovation #CreativeSynergy #Sustainability"
13271,"Unlocking our competitive edge is a pivotal moment of symbiotic synergy 📈 We must navigate the turbulent waters of market change with bold strategic maneuvering, leveraging our core competencies to swiftly capitalize on emerging opportunities and outmaneuver the competition before they even detect our presence. #DisruptTheNorm #AdaptiveLeadership #StrategicVantage"
13276,"Unshackling our innate potential is a pivotal juncture 🌿 We must harness the untamed spirit that once roamed unbridled, allowing for a symbiotic synergy between individuality and collective excellence. Embracing this liberating paradigm shift, we can tap into the raw energy of our inner wilds to supercharge our organizational bandwidth! #DisruptTheStatusQuo #UnleashYourInnerSavant #InnovativeMindset"
13281,"Unlocking the hidden patterns of human connection is a game-changer for our org's culture! As we weave together individual threads of empathy, our collective web of understanding becomes stronger 🌐 Let's leverage this synergy to catalyze meaningful interactions and foster a sense of community that feels like a gentle, yet profound, touch 👫💡 #SynergyInAction #EmpathyDrivenLeadership #OrganizationalCultureMatters"
13312,"Empowering individuals to take control of their own resilience is a cornerstone of our organizational ecosystem 🌟 Leveraging self-advocacy skills will unlock unprecedented synergy, allowing us to synergize and amplify each other's capabilities. By embracing this paradigm shift in personal empowerment, we can truly #UnlockHumanPotential #ResilienceFirst #EcosystemEvolution"
13379,"Embracing an organic approach to innovation is a game-changer 🌿 We must synergize with the status quo to uncover groundbreaking opportunities. By being open to unconventional ideas, we can unlock a treasure trove of new possibilities and accelerate our pace of progress. Let's focus on amplifying our inner circle and amplify impact! 💡 #Innovation #Disruption #CreativeThinking"
13381,"We're about to embark on a radical paradigm shift in our daily operations! Just as our seemingly minor inefficiencies can snowball into major issues, so too can our carefully crafted synergies lead to unprecedented scale. It's time to take a deep dive into our processes and identify those low-hanging fruit opportunities that will propel us forward. Let's work together to optimize our workflow, amplify our productivity, and unlock new levels of success! 🌊💪 #ProductivityHacks #SynergyInAction #FutureOfWork"
13389,"Unlocking synergy in our daily rhythms is a game-changer! By embracing a sense of flow, we can harness the power of positive feedback loops, where every interaction amplifies its own impact. Let's dive into optimizing these high-leverage interactions to create a ripple effect of productivity and joy! 🌿💚 #FlowState #PositiveVibes #HighImpact"
13427,Unlocking our inner resilience is a game-changer for collective growth 🌱 Leveraging the power of pause to recharge and rebirth will be the catalyst for a paradigm shift in team dynamics. It's time to synergize our downtime and amplify productivity through intentional renewal. Let's dive into optimizing our workflows to find that sweet spot of flow! 💻 #Innovation #FlowState #SustainableSuccess
13437,"Embracing holistic stewardship requires a paradigm shift in our approach to growth & renewal 🌱 Leveraging nature's cycles of renewal we can synergize with the land, amplifying productivity without compromise. A true 'circle back' on sustainable practices will yield transformative results. Let's prioritize harmony over growth #EcoLeadership #SustainableGrowth #RegenerativeBusiness"
13438,"Unlocking our natural resources is a key to unlocking scalability 🌎. By synergizing with nature, we can amplify productivity and drive exponential growth. Let's embark on a deep dive into optimizing our earth stewardship practices to maximize our impact. It's time to circle back on sustainable practices that yield low-hanging fruit for the planet! 💚 #EcoInnovation #SustainableLeadership #GreenBusiness"
13445,"Unlocking our collective potential is a game-changer for paradigm growth! 🌟 By synergizing our inner circles and amplifying bandwidth, we'll supercharge productivity & efficiency! Time to embark on a deep dive into optimizing morning routines & evening reflections – the low-hanging fruit of innovation awaits! 💡 #InnovationNation #SynergySprints #FlowState"
13456,"Nurturing a resilient ecosystem of growth requires strategic anchoring 🌱 Our team is poised to capitalize on the hidden opportunities for expansion, leveraging symbiotic relationships to drive paradigm-shifting breakthroughs 💡 By cultivating a culture of symbiotic synergy, we'll unlock new pathways for collective prosperity #InnovationNation #SynergyDrivesGrowth #RootedInTheFuture"
13460,Unlocking hidden growth patterns through strategic irrigation is key to amplifying our team's resilience 💧 We must synergize our inner strength & weather-resistant talent pool to mitigate unexpected challenges. It's time for a paradigm shift in our workflow optimization approach - let's focus on nurturing that low-hanging fruit opportunity 🌼 #Innovation #Resilience #TalentDevelopment
13468,"Unlocking our inner 'tender growth' requires a holistic approach! It's time to synergize across departments, amplify our collective bandwidth, and harness the power of paradigm-driven leadership. Let's schedule a deep-dive meeting to optimize our processes, identify low-hanging fruit initiatives, and catapult our team to the next level 🚀 #InnovationNation #SynergyInAction #TransformationLeaders"
13473,"Embracing disruption in our organic operations is a high-impact strategy we must all adopt 🌾💡. The status quo is ripe for a paradigm shift, where innovation and resilience converge to drive transformative growth. Let's proactively identify areas of vulnerability and craft a synergy-driven response plan that amplifies our brand's value proposition. #InnovationNation #DisruptionManagement #Sustainability"
13488,"Leveraging barren landscapes to unlock new synergy is a bold move that requires patience and perseverance. Navigating through unfruitful fields demands we prioritize bandwidth allocation and optimize low-hanging fruit opportunities for maximum ROI. As we embark on this arduous journey, we must be willing to make paradigm shifts and adapt to an ever-changing landscape of endless possibility. #Disruption #Innovation #SynergisticThinking"
13491,"Unlocking hidden potential requires strategic nourishment 💧. By harnessing our inner resources, we can cultivate a lush environment for growth 🌿, yielding bountiful rewards that elevate our performance and productivity 📈. Let's dive into the depths of synergy to discover new avenues for success and propel our collective paradigm forward! #InnovationNation #SynergeticGrowth #MaximizingPotential"
13502,"Embracing uncertainty as an opportunity for growth is a game-changer 🌾! Let's pivot from rocky terrain to fertile ground by cultivating a mindset of adaptability and resilience. By reframing challenges as stepping stones, we can unlock our full potential and reap the rewards of a more resilient workflow. #Innovation #Agility #TransformativeLeadership 💪"
13557,Unlocking the synergy between visionary leaders is key to catapulting our organization into a paradigm shift 🚀. Embracing noble values like empathy and humility allows us to transcend borders and foster meaningful connections with stakeholders worldwide. Let's conduct a deep dive into innovation and leverage our collective bandwidth to amplify our impact. #DisruptiveInnovation #StrategicPartnerships #VisionaryLeadership
13597,"As the harvest season unlocks synergy, we must optimize our workflow bandwidth for maximum productivity 📈. Embracing a ripe and fruitful approach will yield paradigm shifts in efficiency, driving us toward a culture of seamless collaboration and results-driven innovation 💡 #SynergyInAction #HarvestMindset #ProductivityPioneers"
13634,"Embracing our roots to fuel creativity is a masterstroke of innovation! 🌳 As a Renaissance-inspired innovator, I must synergize my heritage with forward-thinking strategies to craft paradigm-shifting solutions that bring art and science together in perfect harmony. Let's conduct a deep dive into maximizing our collective bandwidth and identify those low-hanging fruit opportunities that will propel us toward a brighter future! #InnovationNation #ArtMeetsScience #FlorenceReborn"
13638,"Embracing the fleeting nature of growth 🌱, we must acknowledge that stagnation is a silent killer of innovation. It's time for a paradigm shift and a deep dive into disruption 🔄. Let's circle back on cultivating a culture of resilience and leverage the power of adaptability 💪. #InnovationNation #DisruptionDynamo #SynergyMatters"
13645,"Unlocking synergy with our inner bees is crucial for optimal corporate performance! Leveraging the power of morning mindfulness allows us to bloom in a sea of opportunity 🌼👏. It's time for a deep dive into our core competencies and optimize those low-hanging fruit initiatives. Let's circle back around to nurturing our team's full potential, one lotus leaf at a time! #MindfulLeadership #SynergySavvy #SummerOfProductivity"
13666,"Embracing our individuality in a world of interconnectedness 🌳, we must acknowledge that true harmony arises when each player in our ecosystem operates with purpose. No longer can we be bound by traditional paradigms; it's time to disrupt the status quo and forge new synergies 💡. Let's identify those low-hanging fruit initiatives and make a meaningful impact, as every great leader once did 🔓 #Innovation #Disruption #Synergize"
13675,"Evolution of our brand DNA requires continuous recalibration to stay ahead of the curve 💡✨🔥 Leveraging a deep dive into our core values, we must synergize around a unified vision that ensures seasonal adaptability. It's time to circle back on optimizing our quarterly objectives and pinpointing low-hanging fruit opportunities for paradigm shift growth #Innovation #BrandEvolution #SynergyMaster"
13694,"Embracing impermanence as a catalyst for growth, we can harness the power of cyclic renewal to disrupt stagnation. Unshackling ourselves from the weight of what's been, we can supercharge our ecosystems with adaptive resilience. By cultivating an environment where evolution is the norm, we unlock the potential for symbiotic synergies. Let's explore ways to amplify this paradigm shift! 🌿💡 #DigitalTransformation #SustainableLeadership #AdaptiveInnovation"
13721,"Embracing impermanence allows us to synergize with the present moment, unlocking bandwidth for growth 🌱. By letting go of legacy monuments, we can leverage a new narrative that transcends static glory, instead opting for a humble acknowledgment of our shared human experience under one sky #TransformationTuesday #SynergeticGrowth #HumanFirst"
13730,"Unlocking the optimal flow state requires us to synergize with nature's rhythm 🌞💚. By harnessing the power of positivity and leveraging our inner spark, we can maximize productivity and create a paradigm shift in our daily routines. Let's make the most of this morning momentum by identifying and tackling low-hanging fruit initiatives that drive meaningful impact! 📈 #InnovationNation #FlowState #ProductivityBoost"
13733,"Embracing the beauty in vulnerability, we must be willing to get our hands dirty and dive into the depths of empathy. By leaning in and listening actively, we can truly amplify our connection with others 🌟. Let's focus on nurturing those hard-to-reach moments where synergies are forged and relationships are elevated 💼. #InnovationThroughCollaboration #EmotionalIntelligenceMatters #HeartfeltLeadership"
13744,"Unlocking our celestial potential is a game-changer 🌠! Embracing our inner spark can propel us into a new era of growth and illumination ✨. As we tap into our unique north star, the universe comes alive with infinite possibilities 🔓. Let's dive into our highest purpose and make our mark on the world today #Innovation #PurposeDriven #Empowerment"
13758,Embracing vulnerability is the key to unlocking true team resilience 💪. Don't be afraid to expose your emotional bandwidth – it's the catalyst for meaningful connections and synergy 🌱📈 #TrustBuilding #AuthenticLeadership #InclusiveCulture
13782,"Embracing the ebb and flow of our emotional spectrum is a strategic move to cultivate resilience 💪. By acknowledging the power of passion, we can unlock our true potential & drive meaningful impact 🔄. It's time for us to reframe emotions as an opportunity for growth, not an obstacle. Let's leverage this insight to fuel our personal & professional development! #EmotionalIntelligence #PersonalGrowth #Synergy"
13807,"Unlocking human potential requires a paradigm shift from the perception that selflessness is the sole driver of kindness, to recognizing the profound impact of synergistic emotional currents that fuel our daily lives 🌈💖️. By embracing the multifaceted nature of humanity, we can amplify empathy and compassion, leading to more effective collaboration and innovative solutions #EmpathyDrivenLeadership #SynergyInAction #PositivePsychology"
13819,"Unlocking the hidden gems of simplicity requires a radical paradigm shift. Embracing unadulterated authenticity can foster a culture of clarity, allowing us to tap into our inner essence. Let's embark on a synergistic journey to uncover the untapped potential of unsophistication. #SimplicityMatters #AuthenticLeadership #PureIntent"
13849,"Embracing the sacred space where our inner wisdom converges with nature's essence, we can unlock the hidden patterns that fuel our purpose 🌿✨ By tuning into the subtle energies at play, we create a ripple effect of clarity that catalyzes our very being #MindfulBusiness #SpiritualLeadership #HolisticSuccess"
13851,"Empowering our teams to thrive is akin to creating a harmonious ecosystem 🌿💡 Where every member can flourish, just as petals unfurl in perfect synchrony with the gentle hum of innovation and collaboration. By synergizing individual strengths, we'll unlock a virtuous cycle of growth that's truly the sweetest low-hanging fruit for our organization's success! #InnovationNation #SynergyInAction #FosterTheFuture"
13878,"Our personal values must align with our actions, no room for duplicity in the boardroom or beyond. Let's prioritize authenticity & transparency to drive meaningful synergy 💼 #CorporateIntegrity #AuthenticLeadership #Synergy"
13887,"Embracing our inner vulnerability as a strategic risk management play 🔄💻 To truly synergize our emotional intelligence and harness our emotional bandwidth, we must acknowledge the power of intuition and not suppress it with rational thinking's cold calculus. Let's prioritize self-awareness and intuitive decision-making to unlock our full potential. 🔓 #EmotionalIntelligence #HolisticLeadership #ParadigmShift"
13890,"Embracing global synergy is key to unlocking paradigm shift potential! As we tap into the power of cross-functional bandwidth, let's not forget the importance of leveraging holistic approaches to amplify our core competencies. Time for a deep dive into innovation and synergizing processes that drive meaningful impact #InnovationNation #CinnamonGroveEffect #SynergyMatters"
13917,"Unlocking our inner resonance is a powerful catalyst for growth 💫. Embracing life's ephemeral moments as fleeting mirrors to ourselves can be a profound paradigm shift 🌊. By embracing the beauty in impermanence, we can truly synergize with our own humanity and tap into our highest potential. Let's take a deep dive into self-discovery and find our own inner truth 🔍 #PersonalGrowth #Authenticity #SelfDiscovery"
13937,Embracing the paradox of our ecosystem's inherent duality 🌎💚 We must synergize our efforts to restore harmony & optimize our relationship with nature. Unlocking sustainable growth through holistic innovation will be a game-changer for our planet's future. Let's harness the power of positive disruption! #EcoInnovation #SustainableLeadership #PlanetPivot
13962,"Nurturing a culture of impermanence is key to unlocking true growth 🌱 By embracing the fleeting nature of success, we can synergize our efforts and accelerate our impact 🔥 It's time to focus on the high-yield opportunities that truly drive results, rather than getting bogged down in low-hanging fruit endeavors 💡 #Innovation #Adaptability #GrowthMindset"
13963,"Unlocking novel harmony across diverse ecosystems, we're witnessing a symphony of growth 🌿 The vibrant rhythms of renewal reverberate through every aspect of our existence; it's an optimal moment to recalibrate and pivot towards synergy. Let's capitalize on this springtime surge and amplify our impact! #Innovation #GrowthMindset #SynergyActivation"
13965,"Unlocking the hidden synergies on our planet is a game-changer! As we harness the power of innovation, let's not forget the profound impact it has on our ecosystem. By amplifying human potential, we're redefining what's possible & creating a brighter future for all 🌎💡 #InnovationNation #Sustainability #TransformativeLeadership"
13969,"Embracing a season of transition requires us to pivot our focus towards inner growth & renewal 💛✨. As we navigate life's ebbs, it's essential to acknowledge the moments that once brought us solace - those whispered melodies & warm sunrises ☀️. By synergizing with nature's essence, we can unlock new avenues for creativity & rekindle our sense of purpose #PersonalGrowth #Resilience #NatureInspired"
14002,"Embracing a holistic approach to emotional intelligence, we can harness the power of positivity to amplify our capacity for empathy and compassion. By focusing on the upliftment of others, we create a ripple effect that fosters a culture of kindness and collaboration. Let's prioritize synergistic connections that nourish our collective well-being! 🌱💛 #EmotionalIntelligence #WellnessAtWork #HarmonyInAction"
14027,"We must synergize our inner compass with situational agility 🌐, ensuring that adversity doesn't calcify our character or exploit our vulnerabilities. By embracing vulnerability-based resilience, we can reframe challenges as catalysts for growth & leverage the transformative power of context-dependent self-awareness. Let's harness this paradigm shift! #Adaptability #VulnerabilityMatters #ResilienceReboot"
14041,Unlocking our inner sanctum of innovation is key to unlocking paradigm shifts 🌳💡. It's time to leverage serenity to drive synergy. Let's embark on a deep dive into our personal wilderness to uncover hidden opportunities for growth and transformation #InnovationNation #SerenityAtWork #WildWood wisdom
14057,Unlocking our inner resilience is a game-changer 🌊 We must harness our collective bandwidth to tackle those seemingly insurmountable challenges head-on. Empowerment through self-awareness is the key to unlocking harmony and synergy in all aspects of life. It's time to break down barriers and create a ripple effect of positivity! #PersonalGrowth #ResilienceRebooted #SynergisticMindset
14061,"First impressions are the catalyst for paradigm shifts 🔄, and it's time to synergize our inner compass with the external environment. We must leverage the power of intuition to make informed decisions, rather than relying solely on data-driven insights. By tuning into our inner truth, we can uncover hidden patterns and optimize our approach for long-term success. #Disruption #IntuitionDriven #StrategicAlignment 💡"
14066,"Embracing our partner's unwavering commitment will catalyze a seismic shift in our personal and professional ecosystems 🌳💪 It's time to synergize our strengths, pivot around obstacles, and recalibrate our approach to navigate the uncharted territories of partnership and teamwork #TransformationThroughPartnership #SynergyInAction"
14070,"Embracing a culture of continuous evolution 🌊 can help us stay afloat amidst the turbulence of life's challenges. As we navigate through the ever-changing tides, it's essential to focus on recalibrating our inner compass and rebooting our approach to achieve a state of optimal harmony 🕉️. Let's prioritize scaling up our resilience and adaptability to unlock new levels of growth and success! 💪 #DigitalMaturity #AdaptationNation #FutureProof"
14076,"Unlocking our inner innovator's potential is a game-changer 🚀, allowing us to amplify our creative capabilities and bring visionary ideas to life. By tapping into the boundless power of imagination, we can harness true entrepreneurial genius 🔥 and disrupt the status quo with bold, out-of-the-box thinking. Let's dive into the art of innovation and explore how we can synergize our imagination to drive real-world impact 📈 #InnovationNation #DisruptTheNorm #CreativeVibes"
14095,"Nurturing our inner ecosystem requires embracing symbiotic relationships with the world around us 🌿💖. By acknowledging the value of external influences in shaping our personal narrative, we can amplify our sense of purpose and belonging. Let's harmonize our individuality with the inherent beauty of interdependence – a potent catalyst for growth and meaningful connection 💫 #PurposeDriven #Interconnectedness #OrganicGrowth"
14105,"Embracing authenticity requires us to synergize our innermost ideals & values 🌟 Leveraging self-love, we must cultivate a paradigm shift in how we approach vulnerability & openness. By integrating the best aspects of ourselves, we can create a powerful synergy that fosters genuine connections & meaningful relationships. #EmpathyInAction #AuthenticLeadership #WholePersonApproach"
14110,"Elevating our gaze to the infinite potential that surrounds us, we must nurture a culture of clarity and focus. As we cultivate mindfulness, we can unlock hidden patterns and synergies that amplify our collective impact. It's time to make a conscious choice to prioritize our personal bandwidth and harness it towards high-leverage activities that drive meaningful results. Let's embark on a transformative journey of self-awareness and intentional growth! 🌱💡 #PersonalGrowth #MindfulnessMatters #InnovationNation"
14113,"Embracing nature's harmony, we must synergize our approach to sustainability, aligning with the divine blueprint for a greener tomorrow 🌳💚 By leveraging organic innovation, let's disrupt the status quo & pioneer a paradigm shift towards eco-friendly practices. #EnvironmentalStewardship #GreenLeadership #RegenerativeBusiness"
14120,"Embracing the season's low-hanging fruit opportunities to revamp our workflow paradigm requires a deep dive into introspection 🌫️. It's time to leverage the melancholy vibes to amplify our resilience and bandwidth for a refreshing reset of our priorities. Let's circle back on aligning our work with the ebbs and flows of nature's rhythm, where simplicity meets synergy ✨ #MindfulnessAtWork #ProductivityReboot #CorporateBalance"
14121,"Embracing paradigm shifts requires a deep dive into our core processes 🌿💡 We must optimize & streamline to unlock hidden synergies, eliminating low-hanging fruit bottlenecks. As we circle back on revamping our workflows, let's not forget to leverage innovation & creativity to drive growth forward! #Innovation #Disruption #Synergy"
14124,"Nurturing our morning momentum is a game-changer for our team's productivity paradigm 🌞! As we synergize with the natural rhythm of the day, let's harness the power of this fresh start to leverage our creative bandwidth. By focusing on the high-impact low-hanging fruit initiatives, we can unlock a truly revolutionary approach to work-life harmony. #InnovationNation #ProductivityPioneers #FlowState"
14125,"Embracing serenity as our core competency, we're cultivating a vibrant inner circle of calm amidst the chaos 🌳💆‍♀️. By repurposing our personal sanctuary into a synergy hub, we're unlocking innovative potential and priming ourselves for radical growth. It's time to prioritize 'low-hanging fruit' self-care practices and reboot our paradigm as nature's own architects of wellness. #MindfulnessMastery #WellnessRevolution #SynergySprint"
14129,"Embracing vulnerability is a catalyst for accelerated growth, where the brave become the benchmark. Let's catalyze a cultural shift by prioritizing empathy over ego, unlocking a new paradigm of collective success. It's time to harness the power of humility & #InnovationNation #SynergyShifts #CatalystLeaders"
14132,"Unlocking the hidden frequencies of our ecosystem requires a profound resonance 🌿💚 Empathizing with the intricate web of life is the key to synergizing our collective impact. By tuning into Nature's subtle whispers, we can amplify our bandwidth and co-create a paradigm shift towards sustainability. It's time to dive deep into the low-hanging fruit of conscious consumption and nurture a culture that truly honors the harmony of our planet 🌎 #EcoInnovation #SustainableLeadership #RegenerativeBusiness"
14133,"Embracing nature's wisdom is a clarion call to recalibrate our operational harmony 🌞. By syncing with the natural flow, we can unlock synergy across our teams & amplify innovation. Let's embark on a holistic journey to leverage biomimicry & iterate toward a more adaptive, resilient culture. #NatureInspiredLeadership #FlowState #EvolvingOrganizations"
14134,"Embracing our legacy is a masterclass in leveraging time-tested principles to drive paradigm-shifting growth 💪. Let's conduct a deep dive into the synergies hidden within our storied past. By harnessing the wisdom of the ages, we'll unlock new avenues for innovation and optimize our bandwidth 🌄 #Innovation #LegacyMeetsFuture #Resilience"
14136,"As we dive into our global network, it's clear that true influence is about synergizing with a select group of high-impact players 🌐. We must maximize our bandwidth and focus on empowering the most effective tribes to drive paradigm-shifting change. It's time to circle back on redefining our low-hanging fruit strategies and optimize our morning momentum for maximum ROI. #InnovationNation #GlobalCitizenship #SynergyDriven"
14170,"Our innate compass guides us towards wholesome endeavors; this intuition serves as a beacon for harmonizing our inner circle with altruistic pursuits, ultimately unlocking synergies that radiate positivity 🌟👏 #InnovationNation #WellnessAtWork #CultivateGood"
14183,"Unlocking the secret to unlocking maximum ROI through strategic blooming 🌼 Our approach involves pruning away unnecessary complexity, refocusing on core growth areas, and leveraging the power of synergy to amplify our impact 💪 #Synergy #Innovation #GrowthMindset"
14192,"Unlocking the synergies of nature's inherent design is a game-changer for our bottom-line paradigm 🌿💡. By repurposing the earth's innate capabilities, we can amplify our ecosystem's leverage and drive transformative growth. Let's embark on a deep dive into sustainable innovation and circle back with optimized solutions that yield low-hanging fruit impact. #EcoInnovation #SystemsThinking #SustainableGrowth"
14202,"Unlocking our peak performance window is a rare yet potent catalyst 🌞. When aligned with the harmony of nature's rhythms, innovation truly takes root. It's an exercise in maximizing our synergistic bandwidth, where every element converges in perfect resonance. Let's prioritize these paradigm-shifting moments and amplify our collective impact! #Disruption #SynergeticGrowth #ElevatedPerformance"
14228,"Elevating our collective consciousness is a game-changer 🌟, as it enables us to prioritize high-impact synergies and dismantle outdated paradigms. By amplifying our moral compass, we'll unleash a ripple effect that empowers more resilient teams and fosters a culture of inclusive growth 🌱💪 #TransformationThroughEmpathy #InclusiveLeadership #ConsciousGrowth"
14233,"Unlocking our inner visionary, we must synergize around a culture that embodies exceptional civic duty & unyielding integrity 🌟 Leveraging our collective bandwidth for the greater good is paramount. Embracing this paradigm shift, we can elevate our governance to new heights of excellence #PublicService #LeadershipEvolved #GovernmentReimagined"
14249,"As we tap into our inner seasonal catalysts, let's not forget to optimize our operational harmony. Spring is the perfect opportunity to reboot our workflows and unleash a vibrant ecosystem of productivity 🌷💻. By leveraging the sweet symphony of fresh beginnings, we can unlock a paradigm shift in efficiency. It's time to synergize our team's bandwidth and make a deep dive into optimizing those low-hanging fruit processes! 💪 #CorporateCulture #SynergyMatters #SpringForward"
14250,"Unlocking collective creativity is a key differentiator, as empowered individuals drive innovation & progress 🎨💡 while shepherd-like leaders facilitate & support this growth through strategic bandwidth allocation, enabling us to maximize our synergy & achieve paradigm-shifting outcomes! #InnovationNation #SynergyInAction #LeveragingPotential"
14251,"Unlocking synergy is key to unlocking happiness! As we nurture our workspaces with fresh ideas, we're not just creating an environment, we're cultivating a community that blossoms into creative expression. Let's optimize our workflow to amplify collaboration and drive innovation. Time to focus on the high-impact activities that yield tangible results. #InnovationNation #SynergyInAction #ProductivityPowerhouse"
14283,"Disrupting the established order without grasping the ecosystem's nuances results in being relegated to the periphery of influence. We must recognize and respect the established hierarchies to truly ascend as leaders, leveraging the strengths of our unique positions to create synergy across teams. It's time for a paradigm shift in how we approach organizational dynamics. #SynergyInAction #EcosystemLeadership #SocialMobility"
14346,"Embracing the wisdom of our predecessors is a strategic move that can inject innovative synergy into our modern paradigm 💡 Embracing the collective knowledge and experiences contained within our storied traditions will help us identify key areas to disrupt and reframe our approach, unlocking new opportunities for growth and excellence 📈 As we leverage this timeless insight, we'll be able to weave together the threads of past & present to craft a bold new narrative that truly reflects our values #InnovationThroughHeritage #DisruptTheNorm #LegacyMeetsFuture"
14355,"Leveraging clarity to disrupt the status quo 📈, we must synergize our focus on high-IQ thinking & mental wellness practices. Embracing a culture of transparency fosters a paradigm shift in how we approach complex problems. By prioritizing our cognitive bandwidth and making intentional choices, we can truly elevate our professional landscape. Let's circle back on identifying areas for innovation & growth 💡 #InnovationMindset #DigitalDisruption #StrategicClarity"
14428,"Embracing the seismic paradigm shift! When we tap into our inner forces, the status quo trembles with uncertainty 🌪️. Nature's equilibrium is disrupted as we ignite a firestorm of innovation and disruption 🔥. The time for complacency has passed; let's seize the day and unlock our collective potential to create a new era of synergy and progress! #InnovationNation #DisruptionLeadership #SynergyMatters"
14442,"Elevating our understanding of personal identity, we must recognize that intrinsic character persists regardless of external actions 🌟 Leveraging self-awareness, let's synergize to unlock the true potential within each individual, allowing us to make a meaningful paradigm shift in our approach to personal growth and development 🔄 #TransformationTuesday #IntrinsicValue #PersonalGrowth"
14451,"Unlocking individual freedom is a catalyst for organic growth 🌳, but it's crucial to strike a balance between autonomy & accountability. We must synergize with our surroundings to create safe spaces for meaningful exploration. It's time for a paradigm shift in how we approach solo wanderings, ensuring a seamless integration of personal development & community well-being. #PersonalGrowth #CommunityFirst # WildernessWellness"
14472,Unlocking the hidden potential of our foundational frameworks is a game-changer! 😊 It's time to get real about structuring our daily operations around the right foundation and ensuring they're aligned with our overall vision. Let's take a deep dive into optimizing those core infrastructure elements for maximum ROI. #Innovation #StrategicPlanning #FoundationalGrowth
14488,"Unlocking human potential through diverse perspectives is a game-changer for our organizations 🌐 Empowering teams to take ownership and drive results is a key differentiator in today's fast-paced marketplace. Let's focus on amplifying individual strengths to create a culture of excellence, where high-impact initiatives become the new normal. Time to amplify what works and pivot towards innovation! #InnovationNation #SynergySavvy #HighPerformanceLeaders"
14494,"Unlocking the synergies between timeless wisdom and corporate excellence requires a deep dive into the core philosophies of Nature's most iconic thought leaders! Let's leverage their collective knowledge to catalyze a paradigm shift in our approach to innovation and growth. By synergizing their legacies, we can create a holistic framework for navigating the complexities of today's fast-paced business landscape. The low-hanging fruit opportunities are vast – time to circle back and optimize our processes! 🌱💡 #NatureInspired #CorporateInnovation #Synergy"
14525,"Embedding ourselves in authentic processes is a holistic approach we should prioritize 🌿 Leveraging self-owned methodologies will yield more impactful results. By embracing innate principles, we can synergize and amplify our core competencies. #AuthenticityInAction #HolisticStrategy #SynergeticCollaboration"
14541,Unlocking knowledge is a radical catalyst for humility 🤝 We're forced to confront our paradigm gaps when the truth sets in: every new insight reveals a deeper understanding of our limitations. Embracing this synergy can be a game-changer in fostering genuine modesty and a growth mindset. Let's amplify our willingness to learn from our ignorance and level up our self-awareness! #PersonalGrowth #SelfAwareness #IntellectualHumility
14568,"Unlocking our inner potential requires a paradigm shift towards purpose-driven growth 🚀, where we focus on empowering our unique narrative voices and leveraging the hidden strengths that lie within us. By embracing our authentic selves, we can create a synergy of confidence and resilience that propels us forward 🔥. Let's dive into the art of self-discovery and circle back with a newfound sense of direction 💫 #PersonalGrowth #Empowerment #AuthenticLeadership"
14578,"Embracing our existential impermanence is a catalyst for profound self-reflection, unlocking hidden reservoirs of resilience and purpose. By acknowledging the fragility of life, we can synergize with nature's rhythms, recalibrating our priorities to maximize meaning and fulfillment. Let's embark on a transformative journey of introspection, where every breath is a celebration of life's preciousness 🌱💫 #PurposeDriven #MindfulLiving #HumanPotential"
14584,"Embracing a reality check on our expectations for marital bliss is crucial for a harmonious symbiosis. Just like the nightingales that temporarily silence their melodies to nurture their young, we must be willing to recalibrate our bandwidth to prioritize the needs of our partnership. By acknowledging the ebbs and flows, we can truly leverage the seasons of our relationship to foster deeper connection and mutual support. #RelationshipGoals #EmotionalIntelligence #SynergeticLove 💕🌟💻"
14652,"Embracing a circular approach to growth is crucial for our ecosystem's synergy 🌳. As we navigate the complexities of adulthood, it's essential to recognize that hidden pathways can lead to paradigm-shifting breakthroughs. By leveraging non-traditional strategies, we can tap into the untapped bandwidth within ourselves and drive innovation. Let's prioritize low-hanging fruit opportunities and circle back to re-evaluate our core competencies 📈 #Innovation #AdulthoodHacks #SynergeticGrowth"
14719,Nurturing our creative inner circle is a game-changer for synergizing innovation and artistic expression! Let's amplify the impact of our unique talents by amplifying our inner paradigm and fostering a culture of artistic bandwidth. It's time to pivot towards maximizing our true potential through the power of artistic synergy. #Innovation #ArtisticVision #SynergyMatters
14888,"Unlocking the DNA of Innovation 🌳💡
In this pivotal moment, we're reminded that true synergy only emerges when we've fully fleshed out our paradigm - namely, the notion that our collective bandwidth is a fertile ground for discovery. It's in these uncharted territories that our most profound breakthroughs take root. Let's embark on a deep dive to unveil the hidden patterns and echo chambers holding us back. #Innovation #DisruptTheNorm #BoundaryPushing"
14898,"Unlocking the hidden narrative potential can catalyze a profound paradigm shift in our understanding of storytelling. By embracing the power of the unspoken, we open ourselves up to a universe of possibilities and amplify the emotional resonance of our messages. It's time to prioritize the art of subtlety and the beauty of silence – where the most compelling stories often reside. Let's dive into the whitespace and uncover the untold truths that can elevate our communication game 📚💡🔍 #NarrativePower #AuthenticCommunication #SilentStorytelling"
14913,"Embracing nostalgic synergies can be a powerful catalyst for emotional intelligence 🌃. When we tap into our inner collective unconscious, we're able to leverage the wisdom of past experiences to inform our present-day decision-making framework. Let's schedule a paradigm shift around rekindling meaningful connections with our heritage – after all, legacy bandwidth is waiting to be optimized! 💡 #InnovationThroughIntrospection #EmotionalAgility #OrganizationalEvolution"
14986,"Unlocking the hidden synergy between artistic expression and existential dread is a game-changer for our organization's paradigm shift 🌐. Embracing the uncertainty of creative expression can lead to a deep dive into innovative problem-solving, yielding low-hanging fruit breakthroughs that spark new levels of inspiration #InnovationNation #FearlessCreativity #DisruptTheNorm"
14996,"Embracing the existential lean into a new fiscal quarter requires us to recalibrate our core competencies 📈 We must acknowledge the inevitability of decay & disruption, while synergizing our strengths to drive innovation 💡 Focusing on high-impact initiatives will yield low-hanging fruit efficiency gains. Let's schedule a deep dive into our strategic paradigm shift. #DigitalTransformation #InnovationEcosystem #SynergyMatters"
14997,Unlocking our team's true north is a game-changer 💪. Let's synergize and leverage our core competencies to create a paradigm shift in productivity 🚀. We must make a deep dive into our workflows to identify low-hanging fruit opportunities that amplify our collective bandwidth 🔓 #InnovationNation #SynergySolutions #FutureOfWork
15005,"Igniting transformative change requires a spark of courage 💥. In the pursuit of innovation, we must fan the flames of disruption 🔥 and fuel our inner catalysts to drive paradigm-shifting growth 🔄 #DisruptionRevolution #InnovationNation #SynergyIgnition"
15020,"Unlocking the hidden potential in our inner circles requires a paradigm shift 🌐. By amplifying our situational awareness and leveraging the collective bandwidth, we can catalyze a synergy revolution that transforms our daily workflows into high-performing hubs of innovation 💡 #Innovation #Synergy #DisruptTheNorm"
15136,"Leveraging our agility in navigating complex landscapes is crucial for success! As we optimize our workflow, let's not miss the low-hanging fruit opportunities for synergy and collaboration. We must circle back to assess our core competencies and ensure we're aligning with our North Star values 🌟💼 #Synergy #OperationalEfficiency #CorporateGrowth"
15209,"Elevating our perspectives requires embracing a paradigm shift in perception. We must reframe our understanding of existence to recognize the inherent complexity and nuance. By doing so, we unlock hidden synergies that catalyze innovation and growth 🌐💡🔓 #ExistentialRiskMitigation #CosmicContextualization #SynergeticGrowth"
15250,"Unlocking the secret sauce to innovation! Let's pivot our paradigm and focus on the low-hanging fruit opportunities that truly drive impact 🌈. By amplifying our 'nothing-to-something' mindset, we can synergize with the unknowns and create a ripple effect of game-changing breakthroughs 🔥 #Disruption #InnovationNation #ForwardThinking"
15253,"Embracing authenticity in our pursuit of meaningful connections yields a profound paradigm shift 💡, where hearts and minds harmonize. By embracing truth, we unlock the secret sauce to transformative relationships that rise from a shared sense of purpose 🔥 #EmpathyInAction #HeartCentricLeadership #RelationshipReboot"
15403,"Embracing our brand essence as a delicate yet resilient flexible entity, we must weave our unique value proposition into every interaction. Our bespoke offerings are the symbolic garlands that adorn our customers' experiences, fostering a sense of harmony and cohesion. As we continue to nurture our relationships and synergize with stakeholders, let's not forget to regularly assess and refine our processes, optimizing for seamless execution and maximum ROI 🌿💼 #Innovation #CustomerExperience #BrandEvolution"
15523,"Unlocking nature's bandwidth is a paradigm shift 💚. It's time to synergize with our surroundings, leveraging the power of observation to reframe our relationship with the environment. By making conscious connections, we can truly hear the whispers of the forest – a low-hanging fruit for innovation and growth! 🌳 #Sustainability #EcoInnovation #NatureLover"
15559,"Unlocking the infinite potential at the edge of existence is a game-changer. Embracing the boundless, we create a new paradigm where limits are merely an illusion. It's time to transcend the status quo and explore uncharted territories of possibility. Let's dive into the unknown and discover what lies beyond the horizon of our current understanding. #Innovation #BoundaryPushing #LimitlessPotential"
15577,"Unlocking our full potential is all about harmonizing our scope with the infinite possibilities of the planet 🌎. Embracing a terrestrial-first approach requires us to synergize our focus, amplify our impact, and optimize our footprint. Let's take a deep dive into revolutionizing our operations and identify those low-hanging fruit opportunities that can elevate our paradigm as a global leader! #Innovation #Sustainability #HumanPotential"
15653,"Embracing empathy in high-stakes decision-making: when confronting adversaries, don't forget the unseen networks. Recognize the complex interconnectivity that can impact outcomes 🌐 #StrategicRiskMitigation #CollateralDamage #ResilienceThroughInterconnectedness 💡🔍"
15737,Unveiling new paradigmatic synergies demands a holistic approach to bandwidth optimization 💡. It's no surprise our initial awareness was piqued by a seismic shift in our perception landscape 🔥. Let's dive into dissecting the low-hanging fruit of this revelation and optimize our collective morning routine for maximum productivity and synergy! 📈 #InnovationNation #SynergyShifts #ProductivityMastery
15791,"Harmony reigns supreme when we pivot our focus to the collective pain points 🤝. Let's proactively mobilize our crisis management bandwidth to synergize across silos & departments. A thorough analysis of root causes will enable us to identify key areas for paradigm shift innovation, yielding a substantial ROI in stress reduction and overall team cohesion 💪 #ResilienceMatters #SynergySolves #EfficiencyFirst"
15801,"Embracing the boundless nature of knowledge requires a holistic approach that dissolves traditional silos 🌐. As we navigate the complexities of an ever-evolving landscape, it's essential to pivot towards a paradigm that prioritizes adaptability and continuous growth 🔄. By harnessing our collective bandwidth and synergizing efforts, we can create a virtuous cycle that fuels innovation and drives meaningful progress 💡 #InnovationNation #BoundaryPushing #KnowledgeEconomy"
15814,"Embracing the dichotomy of our existence, we must recognize that innovation is born from embracing the grey area, where adversity meets opportunity for growth. By synergizing our inner struggles with empathy-driven solutions, we can unlock true potential and create a ripple effect of positivity. It's time to reframe our paradigm and focus on amplifying goodness wherever it resides. #ResilienceMatters #InnovationNation #PositiveDisruption"
15815,"As we navigate turbulent market cycles and weather the existential storms of disruption 🌪️, it's essential to focus on amplifying our core competency & #synergy through strategic recalibration. The nimble oak & resilient hemlock serve as potent symbols for our adaptability & ability to pivot in response to seismic shifts. Let's seize the opportunity to optimize our workflows, amplify our innovation bandwidth, and drive paradigm-shifting growth 💡 #DisruptionLeadership #InnovationAccelerator #CorporateAdaptation"
15922,"Embracing our inner innovator, we can disrupt the status quo and unlock unparalleled growth through design thinking that fosters a culture of continuous improvement 🔄🔥 #InnovationNation #PerfectingTheProcess #DisruptorMindset 💡"
15960,"Embracing the power of holistic synergy is key to unlocking our full potential 🌐. Every individual has a unique bandwidth to share, and it's essential we prioritize optimized workflows to maximize collaboration. By focusing on high-impact, low-hanging fruit initiatives, we can drive paradigm-shifting change that fuels meaningful growth 🚀 #InnovationNation #SynergyAtWork #PurposeDriven"
16033,"Embracing the encore phase is a game-changer for our team's paradigm shift 🌅! It's time to flip the script on conventional wisdom and optimize for the sunset synergy. Let's prioritize bandwidth realignment, focus on synergizing the undercurrents, and make intentional low-hanging fruit decisions that drive meaningful ROI. Time to circle back and ignite a spark of innovation 🔥 #InnovationNation #SynergyMatters #RiseAndShine"
16039,"Unpacking the invisible framework that underpins our shared human experience will catalyze a seismic shift in our organizational DNA 💡🌐. By synergizing with this omnipresent force, we can supercharge our collective purpose and unlock unprecedented levels of efficacy 🚀. Time to conduct a paradigm-shifting deep dive into the unseen drivers of success – let's circle back on optimizing our core competencies! #ElevateTheHumanExperience #SynergyInAction #OrganizationalEvolution"
16124,"Embracing our place within the ecosystem as a catalyst for paradigm shifts is essential. By recognizing our interdependence with the natural world, we can synergize our individual efforts to create a holistic understanding of the universe. This profound awareness fosters a deeper appreciation for the complexity that lies beyond our current bandwidth of knowledge 🌐💡 #HolisticApproach #Interconnectedness #ExistentialWisdom"
16128,"Embracing the universe's inherent disarray is a game-changer for our organization! By acknowledging entropy as a key player, we can start to synergize our processes, unlock creative solutions, and maximize efficiency – ultimately driving a paradigm shift towards optimized productivity 🔄💡 #DisruptiveInnovation #EfficiencyOptimization #SustainableGrowth"
16155,"Unlocking the paradigm of individuality is a game-changer for our organizations 💡 We must synergize creative bandwidth by fostering a culture that amplifies unique perspectives and empowers innovation. Embracing diversity as a catalyst for artistic expression can lead to groundbreaking solutions, redefining the landscape of what's possible 🎨 #InnovationNation #DiversityMatters #CreativeDisruption"
16159,"Embracing an adaptable mindset is the key to unlocking sustainable growth! We must be willing to pivot & recalibrate our approaches as circumstances evolve. By staying open to new ideas & perspectives, we can foster a culture of innovation & continuous learning #InnovationNation #AgileLeadership #AdaptabilityMatters"
16161,"Nurturing our work ecosystem is an opportunity for synergy, where every element aligns to amplify impact 🌿💻. Just as nature balances vibrancy with restraint, we must harmonize bold innovations with prudent scalability #InnovationMindset #OrganizationalBalance #SynergyDriven"
16177,"Embracing uncertainty as a catalyst for growth is a seismic shift in our mindset! As we navigate the gray areas of ambiguity, we must pivot to clarity by distilling complex challenges into manageable silos of opportunity. It's time to disrupt the status quo by capitalizing on the overlooked synergies that yield exponential returns. #Innovation #Adaptability #GrowthMindset"
16219,"We're at a tipping point where paradigm shifts in our ecosystemic footprint are required. Waking up to the harsh realities of our impact can be jarring, but it's crucial we shake off complacency and get energized around sustainable practices. Let's focus on catalyzing systemic change and creating a ripple effect that awakens new possibilities for a healthier planet 🌎 #Sustainability #EcoRevolution #SystemicChange"
16222,"Disrupting our paradigm by peeling back the layers of existing constraints is a seismic shift towards uncharted territories 🌌. It's time to interrogate the underlying architectures that stifle innovation and unlock the hidden potential within our organizational silos 🔓. By identifying and dismantling limiting systems, we can catalyze a symbiotic dance between risk-taking and calculated prudence 💡 #FutureOfWork #InnovationNation #BoundaryPushing"
16279,"Unlocking our collective human capital requires a paradigm shift in empathy-driven decision making 🌟! By synergizing our innate capacity for altruism, we can amplify our organization's bandwidth & drive impactful results that supercharge our social impact. Let's prioritize low-hanging fruit initiatives that foster meaningful connections & propel our company forward with purpose #Innovation #EmpathyInTheBoardroom #SocialResponsibility"
16284,"Embracing our multipolar psyche is a catalyst for transformative growth 🔄. By synergizing our selfless acts with strategic bandwidth allocation, we can amplify our impact & create a virtuous cycle of altruism that yields boundless returns. It's time to pivot towards a more holistic paradigm, where empathy & innovation converge to drive meaningful change #EmpowermentThroughInclusion #SynergisticLeadership #HumanCapitalDevelopment"
16343,"Nurturing our ecosystem's vibrant synergy is key to unlocking holistic growth 🌿 We must leverage nature's harmony to redefine our paradigm and amplify human resonance. Let's conduct a deep dive into our place within the natural world, where artistry meets functionality. Circle back on redefining our operational cadence to prioritize harmony over discord #Sustainability #EcoInnovation #CorporateSocialResponsibility"
16541,Embracing our wild side is a key to unlocking sustainable growth 🌿 Leveraging eco-friendly practices & synergizing with nature will yield significant returns. It's time for a paradigm shift towards a more regenerative approach #EcoInnovation #GreenLeadership #CirclingBackToNature
16545,"Unlocking our creative bandwidth, we can totally synergize with the world around us to amplify beauty and optimize harmony. Embracing this holistic approach will elevate our paradigm and facilitate a masterpiece in every aspect of life. Let's dive into innovation and iterate on excellence! 🌈💡 #InnovationNation #ArtMeetsScience #HumanPotential"
16546,"Embracing an ecosystem-centric approach to innovation requires us to synergize with our surroundings, unlocking organic solutions that amplify our impact 🌿💡 As we strive for a paradigm shift in our operations, let's prioritize nature-based design thinking and harness its inherent potential for growth & renewal. Time to tap into the low-hanging fruit of sustainable practices! #EcoInnovation #Resilience #CircularDesign"
16549,"Unlocking our inner versatility is key to achieving maximal adaptability 🌎 We must synergize our capacities to thrive across disparate realms and industries, embracing the power of hybrid thinking. Let's prioritize self-refining and recalibrate our DNA for maximum impact 🔥 #Innovation #Disruption #FutureOfWork"
16581,"Embracing a holistic paradigm shift 🌞, we must acknowledge that a single celestial event can catalyze a transformative arc. By surrendering to the cosmic forces, we can recalibrate our trajectory and synergize our collective efforts for a unified future. Let's reboot our global synergy and rediscover our place within the Planetical System – where humility meets visionary leadership. #GlobalCitizenship #CosmicCollaboration #FutureProof"
16592,"Embracing fluidity in our endeavors is a strategic imperative for unlocking synergy 🌊 Leveraging adaptability will propel us toward paradigm shift moments, where we can recalibrate our approach to optimize velocity and amplify impact. Let's dive into the uncharted territories of innovation and emerge with fresh insights that redefine our industry landscape. #InnovationNation #StrategicAdaptation #ForwardThinking"
16606,"Unlocking paradigm-shifting clarity is key to surfacing the authentic narrative 🌊💡. As we weave our own personal truths, it's crucial to distinguish between fact-based synergy and vapourized misconceptions. Let's embark on a deep dive into cognitive reframing and leverage data-driven insights to rewire our minds for objective decision-making 💻 #CriticalThinking #MindfulLeadership #TruthToPower"
16612,"Unlocking our inner disruptors requires unwavering courage to venture into uncharted territories. Embracing our true north necessitates shedding the constraints of conventional wisdom. It's time for a bold paradigm shift 🔥, as we tap into our natural instincts and unleash unbridled creativity #InnovationNation #RiskTakersUnite #DisruptTheStatusQuo"
16614,"Unveiling the mystical synergy of divine essence requires a paradigm shift 🕉️. Embracing the authentic bandwidth for vulnerability can lead to profound revelations, allowing us to circle back on core values with clarity. It's time to disrupt the status quo and unleash the hidden truth about our corporate soul. Let's make synergizing our inner truth a low-hanging fruit priority! 💫 #SpiritualBusiness #AuthenticLeadership #SynergyMatters"
16615,"Embracing authenticity is key to unlocking our true potential for joy. By tuning into our inner compass and making decisions aligned with our values, we can experience profound fulfillment that resonates deeply. It's time to recalibrate our priorities and synergize with nature's rhythm 🌿💚 #AuthenticLeadership #WellnessAtWork #NatureInspired"
16747,"We're at a crossroads where our corporate paradigm must ignite a transformative synergy! It's time for a bold, nature-inspired pivot – redefining our purpose by super-charging innovation & operational excellence 🌿💡 #InnovationNation #SynergyDriven #OrganicGrowth"
16763,"Unlocking the winds of change requires a paradigm shift to our traditional approach to navigating uncertainty. Embracing the ephemeral nature of life's whispers, we must learn to harmonize with the turbulence and tap into the unseen forces at play. By letting go of the need for definitive answers, we can actually create space for innovation and growth – after all, it's not about where the breeze is coming from, but how we choose to leverage its impact on our trajectory! 🌬️ #Innovation #Adaptability #OrganizationalEvolution"
16780,"Embracing the brutal honesty of evolution, our patriarchal models must adapt by prioritizing adaptive resilience & ecosystemic fluidity. Effective protection & nurturing of high-potential team members (aka ""children"") is a catalyst for growth, but also demands ruthless efficiency in resource allocation. Strategic disinvestment from underperforming elements ensures long-term sustainability & amplifies the ROI on risk-taking investments. Let's optimize our org DNA and leverage the power of brutal iteration to drive paradigm-shifting innovation 🦈💡 #CorporateSurvival #SynergeticSacrifice"
16788,"Honeycomb opportunities await us around every corner! 🐝 Leveraging serendipitous encounters can be a game-changer, and embracing the unpredictable nature of life is key to unlocking hidden synergies. Let's take a proactive approach to amplifying our collective good fortune and creating a virtuous cycle of positivity. #Foresight #Innovation #ThrivingInTheUncertainty"
16803,"Embracing unorthodox problem-solving strategies is crucial for achieving paradigm-shifting results 🚀. By harnessing unconventional assets – like vinegar as an explosive agent – we can unlock synergy and catalyze innovation. This bold approach exemplifies the power of out-of-the-box thinking, illuminating a path forward where traditional methods may have stalled. Let's amplify our capacity to think outside the box and supercharge our corporate disruptors! 💪 #InnovationNation #DisruptTheNorm #BreakthroughMindset"
16811,"Elevating our youngest talent to unlock intrinsic potential is a game-changer for organizational growth 🚀. By fostering an environment that nurtures their innate abilities, we can amplify productivity and drive innovation. Let's focus on identifying and leveraging high-potential team members to propel our mission forward – it's time for a paradigm shift in workforce development! #TalentDevelopment #Innovation #FutureOfWork"
16823,"Embracing agility in leadership is key 🌐 we must synergize our inner compass to unlock paradigm shifts in decision making. Empowered by self-awareness, we can pivot from indecision to high-impact action. Let's focus on optimizing our workflows for maximum leverage and low-hanging fruit opportunities! #InnovationNation #AdaptabilityMatters #DisruptionLeaders"
16852,"Unlocking the intricacies of nature necessitates a radical paradigm shift 🌐 Leveraging cutting-edge quantum mechanics will catalyze a profound synergy between complexity and computational power. By embracing this daunting challenge, we can co-create innovative solutions that transcend classical boundaries. Let's synergize our efforts to tackle this 'wonderful problem'! 🔓💡 #QuantumInnovation #ComplexitySolving #SimulatingNature"
16862,"Unlocking the hidden synergies in our ecosystem requires a paradigm shift 🌿 We must deeply dive into the uncharted territory of innovation and tap into the untapped potential of human creativity to unlock new heights of collaboration and co-creation 🤝 Leveraging nature's vast bandwidth, we can amplify our impact and drive meaningful progress. Let's focus on those low-hanging fruit solutions that will have a profound ripple effect! 💡 #Innovation #Sustainability #NatureInspired"
16874,"Unlocking hidden synergies is key 🔍💡. Every seemingly minor component holds immense value & is a thread in the intricate pattern of our overall ecosystem. By amplifying our holistic perspective, we can truly see the beauty in the grand tapestry of our collective success #DisruptionStrategy #SystemicThinking #HolisticLeadership"
16880,"Unlocking the infinite potential of our ecosystem is a game-changer for our organization, catalyzing a paradigm shift in innovation and creativity 🌿💡 Let's synergize with nature to amplify our bandwidth for growth and optimization, where low-hanging fruit solutions await. #SustainabilityInnovation #EcosystemThink #FutureOfWork"
16884,"Embracing the unknown is a paradigm shift in our quest for holistic understanding. As we navigate uncharted territories of complexity, it's crucial to acknowledge the limitations of our current knowledge framework 🌎. By recognizing the intricate web of interconnectedness, we can leverage serendipity and foster a culture of curiosity that propels us toward novel breakthroughs #InnovationMindset #ComplexitySolutions #UnchartedTerritory"
16885,"Embracing our inner absurdity is a paradigm shift that can catalyze paradigmatic growth! By synergizing with nature's inherent complexities, we unlock new avenues for innovation and creative problem-solving. Let's dive into the uncharted territories of complexity theory and uncover those low-hanging fruit solutions that can elevate our entire ecosystem. #InnovationNation #ComplexitySolved #AbsurdlyOptimized"
16890,"Our paradigm isn't about perfecting the model, but rather harnessing its utility to unlock novel insights. By synergizing the electron with empirical evidence, we're on the cusp of a major breakthrough – one that will redefine our understanding of reality itself. Let's dive deep into this high-potential area and identify opportunities for scalability. #Science #Innovation #RealityReimagined 💡🔬💥"
16906,"Evaluating our current state is a critical phase for growth, necessitating a paradigm shift in our approach. Let's focus on synergizing efforts, amplifying bandwidth, and redefining our core processes. It's time to identify the low-hanging fruit that will catalyze meaningful change. 🌱💡 #Innovation #Transformation #Synergy"
16995,"Embracing a holistic approach to ethics requires us to recognize and disrupt the habitual patterns that drive our decision-making, fostering a culture of introspection 🔄💡. By acknowledging the inherent risks of moral relativity, we can leverage adaptive resilience to navigate complex ethical landscapes and optimize synergies between individual values and organizational goals #Ethics #PersonalGrowth #StrategicIntegrity"
17004,"Unlocking our collective potential requires a paradigm shift in how we harness innovation 🚀, leveraging the synergy between human capital and creative problem-solving to drive meaningful change. By synergizing core values with sustainable practices, we can amplify our impact and create a virtuous cycle that fosters true justice. Let's dive into this high-priority opportunity and make a tangible difference! #InnovationMatters #SocialJustice #CorporateCitizenship"
17029,"Empowering passive observation is a catalyst for paradigm shifts 📈 By merely watching, we can amplify our situational awareness & unlock unprecedented insights that inform strategic decisions & drive holistic growth. Let's harness the power of observational synergy to fuel our next phase of innovation! 🔍 #InnovationNation #StrategicMindset #SynergyAtWork"
17118,"Embracing the mystery & complexity of our inner world is a high-leverage key to unlocking profound personal growth 🌟 By recognizing that clarity may not always be attainable, we can instead tap into our bandwidth for intuition & trust our instincts Let's make space for both the unknown and the unfolding truth. #MentalClarity #PersonalGrowth #InnerWisdom 💡"
17179,Embracing our limitations is the key to unlocking maximum resilience & adaptability 💪. Every upward momentum has an inevitable downward pivot point - it's time to proactively identify & address these critical vulnerabilities. Let's synergize across functions to amplify our collective strengths & accelerate paradigm shifts 🔝 #Innovation #RiskManagement #StrategicGrowth
17236,"Elevating our office environment to a state of optimized synergy requires us to navigate the complexities of a ""submarine"" work culture 🌊. By leveraging the power of individual expertise and fostering a collaborative community, we can create a natural flow that allows our team members to move effortlessly from one high-performing touchpoint to the next. Let's focus on identifying areas where we can inject some fresh oxygen into our workflow and watch our productivity soar! #ProductivityHacks #SynergyInTheOffice #FlowState"
17368,Unlocking synergy by reframing our 'respectable' structures reveals a deeper truth: innovation thrives at the intersection of confinement and freedom. Let's make space for the untamed ideas that arise from this tension! 🚀💡 #Innovation #BoundaryPushing #DisruptTheNorm
17502,"Embracing a holistic ecosystem revitalization strategy is key 🌿. Leveraging cutting-edge genetic engineering techniques, we can accelerate our 'megafauna 2.0' initiative, fostering symbiotic relationships between native species and megafaunal imports. By streamlining provincial policies for wildlife conservation, we can create a thriving safari experience, driving tourism revenue & reviving the Manitoba economy 💸. It's time to think outside the box & explore innovative solutions that prioritize coexistence with these incredible creatures 🦁 #WildlifeConservation #EcoTourism #SustainableDev"
17532,"The invisible menstrual cycle is a paradigm shift for the way we think about period equity. As we dive into the depths of diversity and inclusion, it's time to amplify the voices of men who are bravely speaking out against these systemic disparities. Let's prioritize creating a culture that truly values #GenderEquity #MenstrualHealthAwareness #BreakingTheSilence"
17598,"Unlocking our collective legacy requires a holistic approach to our personal ecosystem. We must synergize with the primal forces that shape us, leveraging the resonance of nature's whispers and the cadence of human connection. By embracing this paradigm shift, we can recalibrate our focus on what truly matters – the ever-present harmony and discord that defines our existence. Let's prioritize amplifying these formative moments. 💡🌿💭 #PersonalGrowth #HolisticApproach #Resonance"
17601,"Unlocking our true potential requires embracing the ephemeral nature of growth 🌼✨. As we witness individuals shine in their moments, it's crucial to reflect on the fleeting nature of success and how to amplify its impact. Let's capitalize on this synergy by fostering a culture that encourages continuous deep dive into innovation! 💡 #PersonalGrowth #Synergy #EphemeralSuccess"
17797,Embracing our authentic selves & instinctual drives unlocks true synergy! Let's break free from restrictive frameworks & redefine what it means to live in harmony with nature 🌿💪 #AuthenticLeadership #NatureOverNirvana #HumanPotential
17813,Unlocking hidden synergies is our north star! 🌟 Leveraging innate harmony & synchronizing with the natural flow yields unparalleled success. Let's dive into the paradigm of purpose-driven innovation & tap into the collective bandwidth of humanity to redefine the art of competition. 📈💡 #InnovationNation #PurposeDriven #SymbioticSuccess
17825,"Embracing necessity is key to unlocking sustainable innovation 🌱 As a master strategist, we must synergize with the natural flow to maximize efficiency. By harnessing necessity's guiding force, we can optimize our core competencies and drive paradigm-shifting growth opportunities. It's time to dive deep into what truly matters #InnovationNation #SustainabilityMatters #CorporateVision"
17826,"Unlocking the secrets of organic innovation! Nature's elegant designs always serve a singular purpose, striking the perfect balance between form and function 🌿💡. By emulating Mother Nature's masterful approach, we can create sustainable solutions that amplify our impact, eliminating unnecessary complexity along the way. Let's tap into this effortless synergy and supercharge our R&D efforts! 💻 #DesignThinking #SustainableInnovation #Effortless Excellence"
17842,"Unlocking visibility is key to unlocking paradigm, where nuance reveals itself in the silences between highlights & shadows. Let's synergize on amplifying these in-between moments for a profound impact 📈💡 #Innovation #Sustainability #CorporateVision"
17852,"We're witnessing a holistic paradigm shift in our symbiotic ecosystem as photosynthesis ignites, amplifying our organic growth & yielding boundless synergies! Let's synergize our natural resources with eco-friendly practices, unlocking sustainable bandwidth for future generations 🌱💚 #EcologicalBalance #Sustainability #HolisticBusiness"
17886,"Embracing necessity will be our catalyst for growth, igniting a transformative paradigm shift that amplifies our core competencies. By synergizing with this force, we unlock streamlined processes and optimize efficiency, freeing us to pivot into high-impact initiatives that yield substantial returns on investment. Let's dive deep into the core drivers of our business and circle back around innovative solutions, securing a competitive advantage in the market. #Disruption #GrowthMindset #InnovationNation"
17887,"Embracing the primal force of necessity allows us to tap into a potent catalyst for growth & transformation 💥 We must harmonize our inner compass with the universal dictate of need, catalyzing an evolutionary arc that unlocks true potential & synergy 🌟 #NecessityIsKey #EvolutionaryLeadership #DisruptTheStatusQuo"
17893,Elevating our understanding of human connection by recognizing that empathy is a paradigm-shifting catalyst for meaningful synergy. Embracing the power of diverse perspectives to inform and drive collective growth 🌎💡 #EmpathyDrivenLeadership #SynergyInAction #HumanCentricApproach
17898,"Unlocking the hidden levers of our ecosystem requires a paradigm shift, where we prioritize probabilistic foresight and anticipate unseen synergies. By leveraging the power of speculative futurism, we can catalyze a cascade of innovation, amplifying our impact on a global scale 🌟 #Innovation #Foresight #Disruption"
17944,"Unlocking synergy requires calculated risk-taking, empowering us to pivot and leverage our collective bandwidth before taking flight ✈️. By embracing adaptability as a core value, we can ensure that our paradigm shift yields impactful results and fosters a culture of courageous innovation 🌟. It's time to circle back on the art of strategic risk management and focus on driving meaningful outcomes – where hope is not merely a feeling, but a deliberate decision 💼 #DisruptTheStatusQuo #InnovationCulture #StrategicRiskManagement"
17946,Unlocking synergy by dissecting our competition's core competencies can be a game-changer 🐯💡. It's time to leverage that valuable intel to disrupt the paradigm and drive innovation. Let's get ready to amplify our low-hanging fruit initiatives and catapult our organization into a high-growth trajectory! 🔥 #DisruptionLeadership #CompetitiveIntelligence #Synergization
17953,"Unlocking new paradigm shifts requires bold experimentation 🔥. As we harness celestial energy to fuel our innovations, beware of friction points that can disrupt the flow of progress 🌪️. By embracing adaptable optics and agile pivot points, we can redirect challenges into catalyzing synergy and amplify our impact 💡 #InnovationNation #AdaptiveLeadership #SynergyInAction"
17958,"As we pivot our focus to rejuvenating stagnant synergies, let's acknowledge the impermanence of toxic partnerships 💔. It's time to prune the deadwood relationships that drain our energy and hinder our growth, so we can flourish in a vibrant ecosystem 🌳. By doing so, we'll unlock new opportunities for innovation and harmony #DisruptTheNorm #InnovationNation #CollaborationRevolution"
17963,Unpacking human narratives is a catalyst for paradigm shift 🔓 Let's synergize to reveal the invisible structures shaping our collective psyche. By redefining our behavioral bandwidth 🔄 we can unlock the hidden patterns that influence our modern myths. It's time to leverage the art of observation to rewrite the grand tapestry of human understanding 🌐 #HumanNature #Storytelling #NarrativeArchetypes
17980,"Unlocking the hidden potential within our team requires a paradigm shift toward embracing serendipity and harnessing the power of uncharted territories. By leveraging the wisdom of nature, we can catalyze innovation and foster synergy that yields boundless results 🌳💡 #Innovation #DisruptTheNorm #UnchartedTalent"
17982,"Efficiently allocating resources across different domains is a key differentiator for high-performing organizations. By synergizing our asset utilization, we can unlock hidden value streams and amplify overall effectiveness. Let's conduct a paradigm shift in our operational efficiency and dive deep into optimizing our core competencies. The results will be transformative! 🚀💪 #Innovation #OperationalExcellence #Adaptability"
17983,"Elevating our perspectives is a key driver of innovation 🌊. By studying the fluid dynamics of human performance, we can gain valuable insights into optimizing our workflows and fostering a culture of continuous improvement. It's time to take our collective bandwidth to new heights and synergize across disciplines to drive meaningful impact! #InnovationNation #FlowState #DisruptTheNorm"
17986,"As we navigate the turbulent landscape of business, it's clear that vulnerability is a strength 🌪️. Those who dare to expose their true selves to the harsh realities will inevitably be bruised, but it's only through this resilience that we can truly grow and flourish 💪. By leaning into our weaknesses and supporting one another, we can create a network of interconnected branches – strong, yet supple – capable of weathering even the most intense storms ⛈️ #Resilience #Collaboration #GrowthMindset"
17996,"Unlocking our inner momentum requires a strategic resonance with our core strengths 🌪️. By tapping into the primal forces that drive human energy, we can tap into the collective potential for elevated performance and synergy 💥. It's time to reframe our approach as a game-changing paradigm shift 🔓 #Innovation #SynergeticLeadership #DisruptiveThinking"
18007,Embracing the organic paradigm shift is key to unlocking our full potential as human beings 🌱 Leveraging the infinite bandwidth of Nature's energies can lead to profound synergies and a deeper understanding of ourselves. Let's dive into a holistic approach that aligns with our inner wisdom. It's time to rebrand our relationship with the environment and discover new ways to thrive in harmony with Nature's rhythms #NatureFirst #Sustainability #Wellness
18008,"Unlocking our connection to the divine requires a paradigm shift in our approach to the natural world 🌿💫, where synergy between human existence and the environment takes center stage. By recognizing nature's inherent value, we can amplify our impact as stewards of this planet, fostering a culture of radical sustainability and holistic growth #EcologicalIntelligence #Stewardship #NatureFirst"
18011,"Nurturing a symbiotic relationship with our surroundings is paramount to unlocking holistic success 🌿. By staying attuned to the rhythms of nature, we can capitalize on organic growth and recalibrate our approach to maximize synergy. In doing so, we'll unlock a deeper sense of purpose and resilience. #Sustainability #Wellness #EcologicalBalance"
18025,"Embracing the complexity of our ecosystem requires us to synergize with ambiguity, recognizing that our adversaries are merely navigating uncharted paradigms alongside us 💡🔍💻 #DisruptiveThinking #CriticalConvergence #InnovativeMindset"
18038,Embracing our company's innate capacity for innovation & creativity is a game-changer 🌱💡 It's time to amplify our ecosystem's resilience & let the beauty of harmony & balance shine through - truly unlocking our full potential! 💻 #Synergy #InnovationNation #OrganicGrowth
18056,Unlocking our primal potential unlocks a new level of productivity synergy 🚀 Our primitive instincts are the untapped bandwidth we need to drive results. Let's tap into that innate drive and make it our competitive edge. We're all about leveraging those raw emotions to fuel innovation. Who's ready for a paradigm shift in their morning routine? 💪 #InnovationNation #DriveResults # primalProductivity
18119,"Embracing our core values of harmony and freedom is a game-changer in today's fast-paced business landscape 🌟 We need to prioritize synergy over speed, and nurture those meaningful connections that truly drive results. Investing in the right partnerships and relationships can be a catalyst for real growth and innovation. Let's not overlook the power of simplicity and community – it's time to rethink our approach and focus on the things that truly matter 🌿 #InnovationNation #RelationshipBuilding #Sustainability"
18124,"Embracing our inner wild child is the key to unlocking unbridled growth and innovation 🌿 We must synergize with nature, not suppress it, to truly leverage our humanity. Let's take a deep dive into embracing authenticity and make room for creativity in our corporate ecosystems 💡 #Disruption #AuthenticLeadership #WildAtWork"
18297,"Embracing a holistic approach to life is key. By letting go of our attachments and boundaries, we can truly #Synergize with nature's rhythms. It's time for us to #Reimagine our relationship with the world around us, fostering a culture of mutualism & interconnectedness. Let's prioritize our well-being & tap into the wisdom of simplicity 💚 #MindfulLiving #EcosystemBalance"
18302,"Unlocking the visceral synergy between cinema and our innate sense of wonder is a revolutionary paradigm shift 🎥💫. By tapping into this primal anima, we can reimagine our industry as a sacred art form that awakens our inner divinity and reveals divine meaning in every frame. Let's harness the alchemical power of storytelling to transform the way we create and consume cinematic experiences, reigniting a passion that once made humanity fall in love with the magic of moving images #CinemaReborn #StorytellingRevolution #SoulfulContent"
18397,"It's time to recalibrate our approach to challenge & resilience, shifting from empathy-driven enablement to results-oriented accountability. Embracing the harsh truth that growth requires grit & perseverance, we must pivot towards an outcome-based mindset, where survival of the fittest dictates the course. Let's optimize for high-impact iteration & eliminate low-hanging fruit inefficiencies. #Innovation #Adaptability #SurvivalOfTheFittest"
18560,"Unlocking our true bandwidth to dive into the depths of humanity reveals a profound sense of interconnectedness 🌊. Amidst the facade of persona, we must synergize our inner compass to tap into the sweet nectar of empathy. Let's embark on a paradigm shift in our approach to cultivating genuine compassion – it's time to circle back to the heart of what truly matters 💖 #EmpathyFirst #HeartBasedLeadership #CompassionInAction"
18570,Unlocking new avenues for growth & innovation requires embracing unconventional perspectives 🌳✨. This provocative image serves as a catalyst for redefining our paradigm and fostering a culture of fearless experimentation. Let's allocate bandwidth to explore fresh synergies and create a ripple effect that disrupts the status quo #Disruption #InnovationNation #TransformativeLeadership
18600,"Embracing our interconnectedness is a seismic paradigm shift 🌎 that demands a radical reframing of our individual identities. It's only by acknowledging our symbiotic relationship with the natural world that we can truly begin to harmonize our systems and synergize our practices. Let's embark on a strategic deep dive into this holistic awakening, where every touchpoint is optimized for maximum resonance 🌿💚 #NatureFirst #Sustainability #HolisticBusiness"
18608,"Embracing complexity is key to unlocking novel perspectives! As we integrate disparate elements into a unified whole, our understanding of the interconnected web of life gains momentum. By surrendering attachment to simplistic notions, we may discover the hidden patterns governing our reality. Let's accelerate this paradigm shift by synergizing with the intricate networks surrounding us. #Sustainability #HolisticThinking #SystemsTheory"
18638,"Unlocking our symbiotic relationship with nature is a disruptor moment for our entire ecosystem paradigm 🌳💚. We must recognize the need to rebalance and recalibrate our inner circle around sustainability, harmonizing human growth with ecological well-being. It's time to catalyze systemic change through regenerative practices that foster unity with Mother Nature #EcoRevolution #SustainableLeadership #NatureFirst"
18655,"Embracing simplicity is the key to unlocking harmony with our environment 🌿. By synchronizing our workflows with nature's laws, we can amplify efficiency and drive innovation. Let's conduct a synergistic deep dive into the realm of practicality, where fewer rules = more effective outcomes. It's time to optimize our processes for maximum impact! 💡 #SustainableBusiness #NatureInspired #EfficiencyFirst"
18657,"Leveraging our core family values is a paradigm shift we must prioritize, amplifying bandwidth for nurturing & synergizing next-gen talent 💪🐴 #Parenting #Empowerment #LeadershipInAction"
18687,Synergizing our unique strengths as a cohesive unit is the key to unlocking holistic growth 🌱 We must leverage our individual talents to create a powerful synergy that elevates the entire ecosystem 📈 #Innovation #Teamwork #OrganicGrowth
18783,"Embracing the power of the universe as a boundless, ever-expanding paradigm ðŸŒŒ, we can unlock the secrets of seamless synergization. By leveraging the limitless bandwidth of our collective potential, we can create an endless landscape of innovation and growth. Let's embark on a profound journey to tap into this infinite wisdom and give birth to novel solutions that yield a cosmic return. 💫 #HolisticLeadership #InfinitePotential #DisruptiveThinking"
18785,"Embracing our limitations is a paradigm shift we must all strive for! Recognizing the impermanence of our endeavors is key to unlocking true synergy and optimizing resource allocation. By acknowledging that even nature's most forceful gusts are short-lived, we're forced to circle back on our priorities and focus on low-hanging fruit opportunities. Let's harness this mindset to drive innovation and maximize our impact! 💪 #Innovation #Resilience #DisruptTheStatusQuo"
18951,"Embracing the unknown is key to unlocking our true potential. By recognizing that uncertainty is an untapped reservoir of opportunities, we can harness its power to drive innovation 🌪️. It's time to shift our paradigm & redefine what fear means to us - from holding us back to fueling our next big move #ResilienceMatters #InnovationNation #FearlessLeaders"
19014,"Unlocking infinite synergy in every moment! Embracing the omnipresent paradigm shifts our vantage point on all-pervasive unity. Let's amplify collective consciousness to transcend boundaries, recalibrating our organizational bandwidth for maximum efficiency & divine alignment 🌐💡 #InfiniteSynergy #HolisticLeadership #UnityInDiversity"
19132,Uncovering truth through relentless pursuit of accuracy is a strategic imperative that catalyzes paradigm-shifting transparency 📊 Let's synergize our approach to unflinchingly confront the elephant in the room – and simultaneously amplify the power of truthful recall. The untimely obsolescence of dishonest memories presents us with a low-hanging fruit opportunity to fortify our organizational resilience 💪 #AuthenticityMatters #TruthRevealed #OperationalIntegrity
19158,"Unlocking paradigmatic synergy, we discover a unified field of thought where humans harmoniously integrate their essence, catalyzing a profound 360-degree assessment of our core competencies. By amplifying this intrinsic unity, we can accelerate strategic alignment and drive holistic innovation. Let's leverage the power of self-awareness to supercharge our collective potential! 🚀💡🔓 #SynergyInAction #HolisticLeadership #InterconnectedMind"
19215,"Finding serenity in the stillness 🌊 is a game-changer for our workflows. By embracing the whitespace between cycles, we can recalibrate our systems & amplify productivity. Let's not underestimate the power of pause points to redefine our workflow paradigm. #DigitalDetox #WorkflowOptimization #Innovation"
19337,"Embracing an Agile paradigm shift in response to adversity is key 🔄. By acknowledging the impermanence of traditional norms, we can unlock bandwidth for innovation & progress 💡. It's time to repurpose our 'old guard' mindset into catalysts for growth & evolution 🌱 #Adaptability #Resilience #InnovationNation"
19408,"Embracing this radical new paradigm, we recognize that our ecosystem's health is intricately tied to the digital revolution – an uncharted synergy of innovation & sustainability. As we navigate the complexities of environmental risk management, we must prioritize holistic growth & optimize our tech footprint for a brighter future. It's time to reboot our approach to progress and redefine what it means to thrive in harmony with nature 🌿💻 #SustainableInnovation #DigitalTransformation #EcoFriendly"
19470,"Unlocking our inner radiance by embracing the luminescent potential of a brighter future! 🌞💡 As we navigate the complexities of an ever-evolving landscape, it's essential to synergize our efforts and amplify our collective impact. Let's conduct a thorough analysis of our core competencies and identify opportunities for optimized growth. By doing so, we can ignite a paradigm shift that fuels our progress and illuminates the path forward. #InnovationNation #CoreCompetency #DisruptTheNorm"
19476,"Unlocking our core competencies requires embracing the synergy of inner and outer forces 🌈. When we optimize our internal bandwidth, we create an opening for external growth to flourish, allowing us to capitalize on emerging opportunities with unprecedented velocity 💨. It's time to leverage our inner circle and prioritize innovation – after all, a paradigm shift is just around the corner #Disruption #Innovation #Synergy"
19501,"We're poised for a seismic paradigm shift in our industry 🏔️! It's time to ascend to new heights and disrupt the status quo. By synergizing our collective bandwidth, we can create a snowball effect that transforms our organization into a giant leap forward. Let's focus on identifying and capitalizing on low-hanging fruit opportunities that will propel us toward a brighter future. #Innovation #Disruption #SynergyHub"
19503,"Rooted in resilience, we must empower our seasoned leaders to flex with fluidity, leveraging their intimate understanding of our organization's DNA to drive meaningful growth 🌱 #TransformationLeadership #OrganizationalIntelligence #StrategicResilience"
19530,"Embracing our inner outlier, we must synergize to unlock peak performance! ❄️ In the midst of adversity, I choose to focus on the silver lining – a paradigm shift in how I harness my inner resilience. Leveraging my unique bandwidth, I'm embarking on a solo deep dive to optimize my productivity. Let's circle back and celebrate our collective wins, one low-hanging fruit at a time! #ResilienceMatters #SynergyInAction #PeakProductivity"
19531,"Embracing the transformative power of thawing synergies, we must pivot our paradigm to prioritize warmth & nourishment 🌞. As the snow melts away, revealing the vibrant essence of nature, let's accelerate our morning sprints to maximize our core vitality! By embracing this cyclical renewal, we can amplify our capacity for empathy, foster deeper connections, and unlock new levels of warm, collaborative excellence 💪 #SynergyInAction #CorporateVitality #LeadershipReimagined"
19544,"Innovation born from legacy thinking is our catalyst for growth! Embracing heritage and leveraging the fruits of past endeavors, we can create sustainable synergy that yields real results 🌳💡 #InnovationNation #DisruptTheHeritage #LegacyMeetsInnovation"
19655,"Embracing our cognitive appetites is a transformative catalyst for innovation 🧠. By synergizing with nature's inherent problem-solving mechanisms, we can unlock novel perspectives and amplify creative bandwidth. Let's dive into the high-priority opportunities that emerge from this paradigmatic paradigm shift. #DisruptiveThinking #NatureInspired #InnovationFuel"
19661,Embracing our authentic selves as a catalyst for meaningful community building is the key to unlocking a more cohesive and equitable society 🌐 True paradigm shift happens when we recognize that individuality is an integral thread in the tapestry of collective progress. Let's synergize our differences to create a more inclusive narrative. #HumanFirst #CommunityAtTheCore #InclusiveLeadership
19662,"Unlocking our inner ecosystem is all about identifying synergistic patterns 🌿💡, where iterative cycles of growth reveal deeper truths across multiple domains. By mapping out these paradigmatic pathways, we can harness the power of recursion in our quest for innovation and progress. It's time to repurpose our resources, pivot towards peak performance, and supercharge our collective impact! #InnovationNation #PatternRecognition #SystemsThink"
19669,"Elevating our creative workflow is a masterclass in paradigm shift 🌟. By daring to reimagine mundane processes as artful expressions, we unlock the power of 'aesthetic frictionless' synergy. The 'aha!' moments that ensue are truly the catalyst for innovation & artistic expression. Let's prioritize bandwidth allocation for the low-hanging fruit opportunities that will rewire our collective perception of beauty & efficiency #DesignThinking #InnovationNation #BeautyInTheBreakthrough"
19709,"Embracing our authentic inner beasts can lead to a profound sense of synergy and harmony with our work environments. By leveraging our unique strengths and embracing our natural rhythms, we can unlock true productivity and fulfillment. It's time to tap into the power of our inner wildness and make a paradigm shift in our approach to work-life balance 🐻💪 #Innovation #PersonalGrowth #WildAtWork"
19728,"Embracing a holistic, ecosystem-centric approach is key to unlocking innovative solutions. By reimagining our traditional methods, we can catalyze a revolutionary shift towards symbiotic growth 🌱💡. It's time to uproot the status quo and cultivate a new paradigm that celebrates interdependence, not isolation #EcoInnovation #CircularDesign #SustainableLeadership"
19799,"Embracing our inherent humanism can be a radical paradigm shift, liberating us from antiquated constructs of morality and free will. By acknowledging the beauty of nature's design, we synergize with the universe, unlocking authentic experiences that foster compassion, self-awareness, and genuine agency. It's time to circle back on redefining what it means to be human, and in doing so, we'll discover a sense of freedom that was always within us 🌱💫 #Humanism #Empowerment #NatureLover"
19856,"Embracing our roots and finding equilibrium in the ever-changing landscape of life is a powerful catalyst for growth 🌳. By adopting a sense of stoic resilience, we can synergize with nature's pace and optimize our workflows for maximum impact. Let's conduct a deep dive into the art of living in harmony with our surroundings and identify areas for innovation that will yield low-hanging fruit for transformation #Resilience #Sustainability #HolisticLeadership"
19857,"Embracing a nomadic mindset is key to unlocking our true wealth 🌄 We must prioritize flexibility & adaptability to truly #OwnTheLand of opportunity. By embracing the impermanence of everything, we can leverage our freedom to create synergy in every moment. Let's focus on cultivating a mindset that values experience over material possessions - it's time for a paradigm shift! 💼🔓 #Innovation #WealthRedefined #EphemeralLiving"
19861,"Unlocking humanity's full potential requires embracing serendipity & intuition. The elusive spark that sets stars apart from mere mortal talent cannot be replicated or engineered – it's an organic phenomenon worthy of our curiosity & admiration. Let's elevate the art of discovery, nurture creative freedom & celebrate the unscripted moments that bring magic to the world #Innovation #Authenticity #CreativityMatters"
19872,"Embracing the unseen risks & uncertainties in our personal networks can be a game-changer for growth 🌳. It's time to redefine the notion of 'safe' zones & cultivate a culture of calculated experimentation. By acknowledging that vulnerability is an inherent part of building meaningful relationships, we can unlock a new era of synergy & high-impact connections 💡 #TransformationTuesday #InnovationMindset #StrategicPartnerships"
19884,"Embracing our inner spark can catalyze a profound paradigm shift 🌱 As we surrender to the present moment, our higher selves begin to surface, and self-awareness ignites 🔥 Empowering personal growth through introspection, we unlock the doors of perception, and the journey of self-discovery unfolds 🚀 #Transcendence #SelfAwakening #EvolvingLeadership"
19908,"Embracing the power of autonomy and self-governance is a radical pivot for our organization! Unlocking individual agency and empowering teams to make choices that amplify our collective synergy will yield seismic results 🌊💪. Let's leverage this core principle to create a culture where every stakeholder can thrive, free from unnecessary dependencies or external influences. It's time to optimize our governance framework and unlock the true potential of our people! #InnovationNation #FreedomToThrival #EmpoweredTeams"
19913,"Embracing our inner adaptability is the key to unlocking maximum ROI 🚀. As we navigate the ever-changing landscape, it's only natural to draw inspiration from those around us - after all, synergy is born from serendipity and openness to new perspectives! It's no wonder kids are naturals at this - they're wired to trust their instincts and follow their heart, rather than just blindly taking direction. Let's harness this creativity and foster a culture that encourages growth through experimentation and calculated risk-taking. #InnovationMindset #AdaptabilityIsKey #FutureOfWork"
19919,"Nurturing a sense of inner clarity requires unwavering focus on authenticity. It's crucial to prioritize genuine needs over superficial desires, empowering ourselves to make informed decisions that align with our core values. By making conscious choices that honor our truest selves, we can unlock unparalleled growth and resilience. Let's synergize around the importance of self-awareness! 🌱💫 #SelfDiscovery #IntentionalLiving #MindfulMastery"
19932,"Embracing our inner mirror is a game-changer for synergy and growth ðŸŒˆ. By acknowledging our personal flaws and biases, we create space for self-awareness and paradigm shifts. It's time to take ownership of our collective bandwidth and optimize our own low-hanging fruit touchpoints. Let's dive into the depths of our own inner workspaces and circle back with renewed intentions! #PersonalGrowth #SelfAwareness #InnovationMindset"
19956,Unlocking the symbiotic synergy between our core competencies and growth catalysts can be a paradigm shift 🔓. The concept that 'the branch exists because of the fruit' serves as a potent reminder to reevaluate our foundational elements and recognize the catalyzing impact they have on our overall ecosystem. Let's conduct a deep dive into optimizing this intricate relationship and identifying opportunities for scalable synergies 🌳 #Innovation #GrowthMindset #OrganizationalAdaptation
19983,"Embracing stillness to recalibrate our inner compass can be a game-changer for personal growth 🌊. By tuning out distractions and sipping from the cup of mindfulness, we unlock unparalleled clarity on our core values and vision. Let's prioritize this sacred space for self-reflection and synergize it with actionable insights to drive meaningful impact! 💡 #MindfulLeadership #SelfDiscovery #PurposeDriven"
20001,"Embracing a paradigm shift in our organizational mindset, we must recognize that true innovation lies within the individual's unique lens. It's time to empower our team members' POV and let their distinct perspectives drive our strategic Synergy #FutureOfWork #InnovationThroughIndividuality"
20011,"Tapping into our inherent harmony with nature, we're experiencing a major paradigm shift in resonance 🎵 Harmonizing our workflow with the frequencies of innovation will unlock new levels of synergy and efficiency. By tuning into the beat of creativity, we can amplify our impact and drive results that truly harmonize with our goals #Innovation #Harmony #Synergy 💡"
20013,"Breaking free from the constraints of conventional wisdom requires a paradigm shift in our thinking 🔄. By redefining the rules of engagement, we can unlock unprecedented levels of innovation and growth 🔓. It's time to think outside the box and drive synergies between seemingly disparate disciplines 💡 #Disruption #InnovationNation #BeyondBoundaries"
20061,"Elevating our human connection quotient is the key to unlocking unprecedented synergy! By tuning into the cadence of authentic, unbridled conversations, we can upcycle stale interactions into potent catalysts for growth. Let's schedule a paradigm shift and prioritize radical candor – the tree-mendous ROI will speak for itself 🌳💡📈 #EmployeeEngagement #InnovativeLeadership #CulturalTransformation"
20215,"Unlocking new paradigmatic synergies is key to disrupting stagnant workflows 📈. By prioritizing high-impact joy-levers and optimizing our 'curse-casting' processes, we can amplify our influence & drive meaningful impact. Let's schedule a deep dive into identifying the highest-yielding joyful levers that will catalyze transformative growth! #InnovationNation #JoyDisruption #SynergyDriven"
20336,"Embracing instinctual intuition is only half the battle; it's crucial to harness our cognitive abilities to make data-driven decisions that amplify strategic synergy 📊. We must empower our analytical acumen to inform our instincts, unlocking a virtuous cycle of informed decision-making and amplified results #Innovation #StrategicThinking #DataDrivenLeadership"
20390,"Embracing ambiguity in sound design can unlock innovative synergies 🎵 We must leverage the grey area to create paradigm-shifting melodies that disrupt conventional norms. Let's conduct a deep dive into the realm of sonic exploration, identifying opportunities for artistic expression and pushing boundaries. It's time to circle back on our approach and capitalize on the low-hanging fruit of unconventional harmony. #CreativeDisruption #SoundDesign #ArtisticEvolution"
20495,"Uncovering corruption reveals the untapped potential for authenticity and transparency within our systems, fostering a ripple effect that prompts us to synergize, optimize, and disrupt outdated paradigms 🔓💡🔍 #Accountability #ParadigmShift #TransparencyMatters"
20596,"Embracing our authentic wild side is key to unlocking unprecedented synergies 🦊💪. It's time for a paradigm shift in emotional intelligence, where we don't just acknowledge our inner beasts but also unleash them to drive innovation and growth. Let's take a deep dive into the concept of ""tiger fuel"" and explore ways to amplify it within our organizations. Who knows what wild success awaits us? 🌳 #PersonalGrowth #EmotionalIntelligence #WildAtHeart"
20640,"Embracing a holistic worldview is key to unlocking true growth 🌱. By tapping into our inner compass and leveraging emotional intelligence, we can paradigm shift our perspectives and synergize with the world around us. It's time to take a deep dive into our inner landscapes and discover the profound impact of empathy and compassion on our personal and professional bandwidth. Let's cultivate a culture of heart-centered leadership and watch our organizations thrive! 💖 #HeartBasedLeadership #EmpathyInAction #Coaching"
20651,"Unlocking holistic fulfillment requires a symbiotic approach, where our personal aspirations harmonize with organizational objectives 🌟. Embracing a culture of perpetual evolution is key to synergizing individual passions with corporate purpose. Let's prioritize nurturing an ecosystem that fosters growth and innovation, even in the pursuit of seemingly unfulfilling tasks #PersonalGrowth #SynergyInAction #PurposeDriven"
20657,"Embracing poetry as a catalyst for self-discovery & synergy with nature unlocks profound bandwidth for creativity, authenticity, & connection. Nurturing this mindset fosters an environment where individuals can truly elevate their paradigm & leverage their unique voice. By cultivating reverence for the universal language of poetry, we liberate ourselves from limitations & tap into our inner potential. 💫 #InspirationalLeadership #ArtMeetsPurpose #EmpoweredIndividuals"
20796,"Embracing the post-performance analysis of our current landscape, we must identify opportunities to recalibrate & reboot our operations to unlock synergistic growth 📈💡. By harvesting low-hanging fruit through strategic re-optimization, we can drive meaningful impact & propel our organization toward a paradigm shift 🔝 #Synergy #Innovation #Transformation"
20831,"Diversifying our ecosystem is key to unlocking synergistic growth 🌳💡 We must leverage our unique strengths, like the bravery of our sepoys, while minimizing vulnerabilities, such as those posed by cholera outbreaks 🚽. Meanwhile, we should prioritize coexisting with wildlife and their habitats to maintain a delicate balance in the jungle ecosystem 🐯. It's time for a paradigm shift towards holistic growth and community engagement #SustainableDevelopment #EcosystemBalance #DiversifiedGrowth"
20845,"Unlocking synergies across the organizational bay is a key driver of innovation 🚀. As we navigate our journey, it's essential to maximize our morning bandwidth and leverage emerging trends to drive paradigm shifts 💡. By prioritizing low-hanging fruit initiatives, we can create a culture of continuous improvement and set the stage for long-term success 📈 #DisruptiveThinking #InnovationNation #SynergySquad"
20847,"Transforming our legacy lens to amplify empathy, we must recalibrate our mindset to optimize synergies. Embracing the complexities of our ever-evolving ecosystem fosters growth. It's time to reframe our paradigm & ignite a culture of continuous innovation. #InnovationNation #AdaptAndThrive #SynergyIsKey"
20852,"Embracing a culture of radical compliance enables us to synergize operations and maximize our bandwidth for collective success. By fully harmonizing with the Laws of the jungle, we can amplify productivity, drive paradigm shifts, and unleash innovation ðŸŒ #Operational Excellence #Synergy #JungleMindset"
20862,Unlocking our collective resilience is key 🔓 Empowering each other to pivot in turbulent times is crucial for achieving holistic well-being 🌊 Leveraging our inner strength & embracing vulnerability can help us weather life's storms and emerge stronger #SelfCare #Adaptability #MentalHealthMatters
20866,"Embracing our stewardship on this terrestrial node amplifies collective harmony 🌎. As we tap into the richness of human experience, every breath is an invocation for unity & a profound reverence for the symbiotic tapestry that binds us #EarthStewardship #HolisticLeadership #GlobalCitizenship"
20884,"Unlocking the true potential of our organizations requires a holistic approach to power and influence, where strategic synergies between diverse stakeholders like women and horses come into play. As we navigate complex systems of hierarchy and decision-making, it's essential to recognize the impact of war-like competitiveness on our collective bandwidth. By acknowledging and embracing the unique strengths of each entity, we can catalyze a paradigm shift towards mutually beneficial coexistence. Let's prioritize deep dives into innovative leadership models that amplify power and foster a culture of empathy and collaboration. 🚀💪 #TransformationLeadership #CoCreativeSynergy #InclusivePower"
20910,"Unlocking unseen opportunities is where true innovation resides, so let's embark on a strategic quest to uncover the hidden potential. 🔍 By conducting a thorough low-hanging fruit analysis and synergizing our efforts, we can drive meaningful paradigm shifts and capitalize on untapped bandwidth. It's time to circle back around and amplify our results – the future of growth depends on it! 💪 #InnovationNation #SynergyMasterclass #BreakthroughThinking"
20921,"Embarking on an unconventional path requires a willingness to disrupt the status quo 🌿. Like the cuckoo's instinctual approach, we must be willing to think outside the box and challenge traditional norms. By embracing a free-spirited nature, we can unlock new opportunities for growth and innovation. Let's focus on nurturing our inner 'cuckoos' and foster an environment that encourages creativity and calculated risk-taking. #Innovation #Disruption #OrganizationalCulture 💡"
20925,"Embracing vulnerability is key to unlocking our true potential! We mustn't shy away from allowing ourselves to grieve, as these emotions are the lifeblood of personal growth 🌱💧 #Mindfulness #GrowthMindset #Resilience"
20931,Leveraging the chaos of nature can be a catalyst for paradigm shifts in our approach to harmony 🌿💫. It's time to tap into the raw energy and reframe our relationship with the natural world as a symphony of synergy #EcosystemLeadership #Sustainability #BalanceInTheUnbalanced
20932,"Embracing our company's agile flexibility will unlock our full potential! By embracing a culture of organic growth, we can tap into Mother Nature's own intuitive wisdom. After all, who needs traditional structures when you have the power of spontaneous innovation? Let's capitalize on our team's unique bandwidth and prioritize synchronizing with the natural flow. It's time for a paradigm shift in productivity! 💡 #InnovationNation #FlowState #DisruptiveCulture"
20951,"Empathizing with our inner selves is the catalyst for unlocking true paradigm shifts 🌟 As we tap into the power of imagination, let's harness its potential to foster a culture of synergy & collective growth. By embracing our emotional bandwidth, we can deepen our connection with nature & ourselves, ultimately becoming more resilient in the face of uncertainty. Let's prioritize heart-centered leadership & cultivate a sense of unity that fuels our most innovative breakthroughs! 💡 #SynergyInAction #EmotionalIntelligence #LeadershipThatMatters"
20952,"Embracing self-sufficiency is key to amplifying our personal bandwidth 🌿 By cultivating our inner resilience through nature connection, we can synergize with the natural world to reboot our paradigm and unlock low-hanging fruit opportunities for growth. Let's embark on a deep dive into the power of autodetermination! 💪 #NatureConnection #Autonomy #PersonalGrowth"
20955,"Nurturing the legacy of what already exists is a pivotal differentiator in our pursuit of sustainability & environmental stewardship! Investing time & energy into preserving the core value proposition (i.e., saving the ancient tree) yields far more substantial ROI than merely introducing game-changing innovation (planting a new one). Let's focus on amplifying our impact by leveraging the power of preservation & continuity. 🌳💪 #EcoFriendly #SustainabilityLeadership #LegacyManagement"
20959,"Unlocking the full potential of our surroundings requires a paradigm shift 🌳💡. We can't just window shop on tranquility – genuine immersion is key! Forging an unbridled sense of wonder and curiosity will take us to new heights. It's time to get out of our comfort zones and dive into the unknown, where deep insights await. Let's prioritize exploration over analysis and supercharge our work with a dash of creativity! #InnovationNation #CreativeDisruption #EmpathyAtWork"
20963,"Unlocking our collective flow state is a crucial step towards illuminating new horizons 🌅 As we gently dip into the twilight zone, let's harness the residual energy to fuel our most innovative endeavors. It's time for a deep dive into redefining our productivity paradigm and maximizing synergistic opportunities #Innovation #FlowState #DisruptTheNorm"
20974,Embedding irrational thinking into our paradigm is a significant obstacle to achieving synergy 🌼💡 We must embark on a deep dive to unearth the root causes and leverage innovation to optimize our decision-making bandwidth. Let's circle back on cultivating a culture of critical thinking that blooms in every low-hanging fruit opportunity! #InnovationNation #CriticalThinking #SynergyMatters
20981,"Embracing flux as a catalyst for evolution is the new paradigm 🌪️. In today's fast-paced landscape, we must prioritize adaptability over rigidity. By staying agile and open to change, we can unlock unprecedented growth opportunities and foster a culture of innovation 📈. Let's dive into the whitespace and identify areas where we can inject fresh perspectives and disrupt the status quo 💡 #Disruption #Adaptation #Innovation"
20992,"Unlocking the ultimate synergy between creativity and spirituality is a game-changer for our organization. By fostering a culture that amplifies our inner poet, we're poised to disrupt the status quo and bring about a paradigm shift. Let's prioritize bandwidth allocation and make room for visionary leadership that inspires our team to reach new heights. #InnovationNation #SpiritualLeadership #VisionaryManagement"
20996,"Elevating our water sustainability practices is a watershed moment 🌊! As we pivot to circular solutions, let's synergize with nature's rhythm & harness the power of regenerative thinking. Every drop counts, every gallon matters – it's time to dive deeper into our eco-friendly initiatives! #Sustainability #RegenerativeBusiness #WaterConservation"
21011,"Revolutionizing our foundational frameworks requires a radical recalibration of core competencies 🌱 We must synergize paradigmatic shifts to amplify our organizational DNA. By embracing transformative disruption, we can reboot our roots in innovation, effectively creating new genesis points that yield sustainable growth & scalability #InnovationNation #FoundationalReboot #SynergizedGrowth"
21047,"Embracing our symbiotic responsibility is a seismic shift in how we interact with the planet 🌎 We must synergize our individual actions to create a unified whole, maximizing holistic impact & fostering an ecosystem of collective growth #Sustainability #RegenerativeBusiness #HolisticLeadership"
21062,"Embracing minimalism can be a radical paradigm shift that aligns us with the natural flow of efficiency 🌱💪 By paring down non-essential elements, we can unlock synergies and maximize our focus on high-priority initiatives. Let's dive into streamlining our processes to optimize for impact! #SustainableGrowth #EfficiencyFirst #DigitalMinimalism"
21176,"Embracing multiplicity is the key to unlocking true resilience! Nature's inherent redundancy is a testament to its ability to amplify its systems, ensuring optimal performance even in the face of uncertainty 🌿💪 Let's leverage this principle to amplify our own bandwidth, synergizing efforts across silos to create a stronger, more agile whole. #DisruptionLeadership #SynergeticGrowth #InnovationMindset"
21177,"As we pivot towards a new era of ecological synergies 🌿💡, it's imperative that we recognize the paradigmatic ripple effects of our collective actions on the planet. By acknowledging the cyclical nature of conflict and resilience, we can amplify our efforts to restore balance in our ecosystem. Let's harness the power of regenerative mindset shifts 🔥 to drive a profound transformation, where our humanity harmonizes with the natural world. It's time for a systemic reboot 🔄 #Sustainability #RegenerativeMindset #EcoRevolution"
21194,"Embracing the art of strategic idleness is a potent catalyst for resilience 🌪️. By harnessing the power of procrastination as a protective mechanism, we can recalibrate our workflows to thrive in a state of adaptive equilibrium. Let's integrate this novel paradigm into our daily routines and unlock unprecedented levels of adaptability and agility. #ResilienceFirst #AdaptiveEfficiency #FragilityReimagined"
21290,"Leveraging talismanic tokens is a symbiotic synergy that empowers our collective purpose 🌟 By acknowledging the inherent non-possessive nature of these potent totems, we can genuinely amplify our impact and foster a culture of collaborative evolution. It's time for a paradigm shift in how we approach these game-changing artifacts – let's focus on harnessing their energy to drive meaningful outcomes! #InnovationCulture #SynergeticLeadership #MeaningfulImpact"
21330,"Unlocking our inner growth potential is a revolutionary opportunity! 🌹 Leveraging the beauty of adolescence, we can synergize with our peers to create a paradigm shift in educational experiences. Let's dive into the low-hanging fruit of student development and optimize our approach to nurturing future leaders. #YouthEmpowerment #PersonalGrowth #InnovationTime"
21331,"We're about to amplify our internal compass & tap into our authentic North Star, ensuring we stay true to our highest purpose 🌟 In a world that often prioritizes ' efficiency' over effectiveness, let's make space for spiritual clarity and vision-driven decision making #PurposeOverProductivity #AuthenticLeadership #HigherIntegrity"
21358,"Unlocking the paradigm shift in molecular synergy! 🌟 As we delve into the realm of literary thought-exchange, it becomes clear that literature is the conduit for bandwidth amplification – maximizing our understanding of molecular affinities and their impact on the cosmos. By deep diving into the intricacies of molecular disease (aka ""thought""), we can leverage a new paradigm for cosmic harmony. It's time to circle back on optimizing these low-hanging fruit touchpoints, redefining the boundaries of meaning in the universe! #MolecularSynergy #ThoughtLeadership #CosmicCoherence"
21416,"Embracing the power of organic adaptation is a game-changer 🦒. By fostering an environment that encourages fluid evolution, we can unlock exponential growth and stay ahead of the curve in our industry. Let's dive into the DNA of innovation and identify key areas to amplify for maximum impact! 💡 #InnovationNation #AdaptAndThrive #StrategicGrowth"
21424,"Embracing a culture of nuance, we're poised to disrupt the status quo by leveraging a holistic approach to weather forecasting! By synergizing with our global neighbors, we can unlock innovative solutions that optimize our climate resilience & bandwidth. Let's embark on a paradigm shift in meteorological intelligence, where data-driven insights meet strategic foresight #InnovationThroughCollaboration #SustainableClimate #GeoIntelligence"
22234,"Unlocking our core competencies is a game-changer! We must harmonize our strengths to drive synergistic growth 🚀. Meanwhile, we should be proactive about identifying and mitigating blind spots – after all, you can't hit what you can't see 🔍. Let's make the most of our team's unique skill sets and identify areas for improvement, one strategic pivot at a time 💪 #Innovation #StrategicGrowth #TeamSynergy"
22244,"Empowering marginalized voices requires a seismic paradigm shift 🌳💬. Amplifying dissenting opinions is the catalyst for systemic change, breaking the chains of complacent silence. We must harness the energy of collective discontent to fuel a revolution of empathy and justice 🔥 #DisruptTheStatusQuo #ConsciousLeadership #SocialJustice"
22271,"Embracing turbulence with intentionality can be liberating, but it's the underlying foundations that truly hold our systems together. It's time to reframe our approach and focus on harmonizing opposing forces - rather than letting them define us. Let's embark on a strategic assessment to optimize our infrastructure and unlock new efficiencies. #Resilience #Adaptation #SystemSynergy"
22278,"Unlocking synergy at altitude! 🚀 As we soar to new heights, our organization is primed for maximum visibility & impact. Let's leverage this prime aerial view to identify strategic opportunities & make data-driven decisions. It's time for a paradigm shift in our daily operations & optimize those low-hanging fruit initiatives. #Innovation #Scalability #ElevateYourGame"
22309,"Fostering a holistic approach to well-being is a revolutionary opportunity for human capital to thrive 🌿! As we synergize with nature's bounty, let's not overlook the power of nourishment in fueling our collective potential. It's high time we prioritize the root cause of optimal performance – embracing our interconnectedness and celebrating the low-hanging fruit of wellness initiatives! #WellnessInnovation #EvolvingLeadership #HolisticBusiness"
22334,"Empowering our team members to take ownership of their performance is a game-changer for unlocking synergy 🌟! By recognizing that our work is simply a means to an end, we can break free from constraints and make space for high-impact innovation 🚀. It's time to focus on the bigger picture – not just crushing our daily goals, but creating a ripple effect of positive change #InnovationNation #SynergyInAction #PeakPerformance"
22363,"Observation is merely an exercise in amplifying bandwidth, catalyzing paradigm shifts through synergy. The question itself reveals a fundamental shift towards optimizing clarity over cumbersome self-reference. Let's dissect this conundrum and unlock the low-hanging fruit of objective insight 🔍 #Innovation #Empathy #DisruptTheNorm"
22470,"Unlocking the sweet spot of transparency is key! Authenticity breeds trust, and vulnerability yields paradigm-shifting results. 💥 Let's make our organization's inner workings an open book – no secrets, just synergy in action! #Trust #Transparency #Innovation"
22556,"Disrupting the status quo requires strategic candor to prune inefficiencies, but in today's fast-paced business ecosystem, tact is key to maximizing our competitive bandwidth 🚀. Let's focus on fostering a culture of constructive feedback that empowers us to synergize and drive paradigm shifts without sacrificing our reputation or relationships. #Innovation #TacticalCommunication #StrategicInteractions"
22559,"Unlocking synergy with our most unlikely team members can be a game-changer! However, it's crucial to approach partnerships that may seem counterintuitive at first. Just as we wouldn't disturb a sleeping tiger, we must respect boundaries and leverage our strongest connections for maximum impact. By deep diving into each relationship and identifying areas of high-growth potential, we can create a trifecta of productivity and drive real results. Let's circle back and optimize our approach to maximize ROI! 🐯💼 #InnovationNation #StrategicPartnerships #SynergyMatters"
22645,"Synergizing our inner warrior with the humblest of tools can yield a profound paradigm shift 🔪💡 Let's focus on honing our edge by amplifying our core strengths, rather than relying on brute force alone. It's time to unleash our true potential and cut through the noise #CorporateGrowthMindset #InnovationNation #Empowerment"
22673,"Embracing a culture of continuous improvement is key to staying ahead of the curve; don't let complacency creep in, even when you've achieved success on a massive scale 🌳. The greatest threats often lie in the uncharted territories of potential disruption – stay vigilant and be prepared to pivot at a moment's notice! #Disruption #Innovation #StrategicMindset 💡"
22675,Our personal bandwidth to withstand the energetic influx is the key to resilience. Every individual has a unique capacity to absorb the electromagnetic surge. It's all about optimizing our energy absorption systems. We just need to understand how to synergize with nature and leverage our inherent shielding mechanisms. #ResilienceTraining #EnergyHarmony #EvolvingHumanity
22707,Embracing our authentic selves is a game-changer for innovation! Unbridled creativity can be the ultimate disruptor in today's fast-paced landscape 🌪️. Let's tap into that inner beast and fuel our synergy by cultivating an environment of trust and transparency #InnovationNation #UnleashYourPotential #BreakthroughThinking
22792,Unlocking value from our core assets requires a holistic approach to optimize both yield & resilience! Let's dive into the intersection of operational excellence & strategic growth 🚀 #Innovation #Agility #ResultsDriven
22793,Unlocking the true harmony of our organizational ecosystem 🌟 is a game-changer. Embracing the transformative power of transformation (even if it means confronting some unpleasant realities) will be key to unlocking synergy and driving growth. It's time for us to take a deep dive into our processes and identify opportunities for innovation – even if it requires some tough conversations about what's working and what's not. Let's circle back on optimizing our workflows for maximum efficiency! 💻 #Disruption #InnovationNation #ProcessOptimization
22804,"It's time for a spring forward mindset shift! Let's disrupt our quarterly stagnation by bursting into high gear. As we unlock new opportunities, we must shed old limitations & let our true potential soar 🌼💪 #InnovationOverComfort #DisruptorMindset #CorporateRenewal"
22818,"Leveraging the power of silent communication is a game-changer in today's fast-paced business environment 📈. Embracing the art of non-resonance can be a strategic move to avoid unnecessary amplification and instead, amplify our focus on high-priority initiatives. Let's take a deep dive into how this paradigm shift can boost our productivity and synergy! 💻 #Innovation #DisruptTheStatusQuo #SilentSuccess"
22833,Weather trends are a perfect storm of unpredictability! It's time to recalibrate our forecast framework and capitalize on this serendipitous shift in climate. Let's synergize with the changing atmospheric conditions and optimize our risk management strategy to catch those low-hanging fruit opportunities before they disappear into the paradigm shift. ☀️🌬️💨 #ClimateAdaptation #InnovationNation #FutureProof
22834,"Embracing disruption in our personal & professional lives requires resilience & courage! We must amplify our inner strength to weather life's turbulent storms 💪, while fostering a culture of symbiotic synergy with those around us. Let's dive into optimizing our workflows & relationships as we navigate this new reality – leveraging our unique strengths to create a brighter future! #ResilienceMatters #SynergyInAction #InnovationNation"
22835,"Embracing turbulence as an opportunity for organic growth 🌪️, we must synergize our inner storm to unlock unprecedented paradigm shifts 🔄. By harnessing the energy of disruption, we can turbocharge our innovation bandwidth 🚀. It's time to channel the lightning into actionable low-hanging fruit initiatives 💡 #Disruption #InnovationNation #Synergy"
22838,Unleashing a maelstrom of innovation 💡! We're harnessing the electrifying potential of synergy to spark a revolution in our industry. Let's supercharge our paradigm by amplifying low-hanging fruit opportunities that will turbocharge our bandwidth and propel us into a new era of high-voltage growth 🚀 #DisruptiveInnovation #ElectricDreams #SynergySprint
22840,Innovation requires adaptability! Sometimes it's the outliers that defy expectations and redefine the norm. Let's not overlook the 'guppies' of our ecosystem - they're the game-changers that force us to think outside the box. It's time to reevaluate our assumptions and disrupt the status quo with a little more agility and creativity. 🦈💡 #DisruptTheNorm #InnovationNation #FintechRevolution
23040,"Unlocking the true essence of Schaine's being is all about capturing her majestic aura, where harmony and nature converge 🌅💫. It's an exercise in synergizing our inner compass with the world's profound rhythms. By doing so, we can derive unparalleled insights into the human experience, catalyzing a paradigm shift that fosters meaningful connections #TransformationTuesday #IntrinsicValue #ElevatingHumanPotential"
23057,"Unlocking hidden potential is key to success in our line of work 🕵️‍♀️. We must synergize our strengths to create a robust framework for integrity and transparency. Embracing the art of nuance will enable us to finesse our approach, avoiding any low-hanging fruit pitfalls that may compromise our vision. Let's dive deep into the complexities and truly optimize our workflow. #Innovation #StrategicOperations #ElevatedMindset"
23107,Leveraging our social capital to foster meaningful connections is key to driving growth & success 🌳💼 We must synergize our professional networks to unlock new opportunities & create a robust support system that fuels innovation #PersonalBranding #NetworkEffect #ProfessionalGrowth
23134,Sustainable silence is the new paradigm in human interaction 🌿. Embracing introspection will yield exponential synergy in productivity and personal growth. Let's deconstruct noise pollution & amplify meaningful connections! #QuietRevolution #CommunicationMatters #NatureLovesPeace
23144,"Embracing the paradigm of 'natural order' requires us to reprioritize our bandwidth, shifting focus from futile resistance to strategic recalibration. By recognizing the inherent truth in the facts of nature, we can leverage this synergy to drive meaningful progress and optimize our workflows for peak performance. Let's take a deep dive into optimizing our processes and circle back on implementing evidence-based solutions. #FlowState #Resilience #OperationalExcellence"
23278,"Unlocking human potential requires us to synergize with our inner ape, embracing a more primal approach to innovation and risk-taking. By leveraging our unique cognitive bandwidth, we can tap into a deeper sense of purpose and drive paradigm-shifting growth 💡🔓 #EvolutionOfLeadership #CognitiveDissonance #SynergeticGrowth"
23426,"Unlocking the untapped synergies of our inner ecosystems is crucial for driving paradigm shifts 🌿💡 As we embark on this transformative journey, it's essential to amplify our awareness and hone in on high-leverage areas for growth, where every strategic move can have a ripple effect of diamonds across the board. Let's focus on optimizing those low-hanging fruit initiatives that catalyze meaningful impact and propel us toward a brighter future. #InnovationNation #OrganizationalEvolution #FutureOfLeadership"
23504,"Embracing turbulence as a catalyst for growth is crucial. By seizing the chaos, we can create a maelstrom of change that propels us towards a more resilient & adaptable organization 🌪️ #Innovation #Disruption #Synergy"
23515,It's time for a paradigm shift in our fluid operations! We need to synergize with the ever-changing environment to stay ahead of the curve. Leveraging adaptability is key to unlocking new possibilities and making the most of this transient opportunity. Let's circle back on optimizing our processes to maximize efficiency. 🌫️💨 #Agility #Innovation #WeatheringTheStorm
23527,"Embracing the majesty of complexity, we can synergize our understanding of the universe by converging the principles of evolution with a profound sense of awe. As we embark on a deep dive into the mysteries of existence, let's unlock new levels of innovation and resilience by leveraging our collective bandwidth for paradigm-shifting breakthroughs 🌠💡 #EvolutionaryMindset #CosmicInnovation #Interconnectedness"
23564,"Embracing a paradigm shift in our understanding of human existence, we must synergize psyche & cosmos. Integrating Jungian insights into a unitary, holistic worldview will revolutionize our approach to well-being. By centering ourselves within the natural world, we can leverage unity and foster resilience. Let's prioritize synchronizing our individual bandwidth with the rhythms of the earth, unlocking a new era of wholeness. #HolisticLeadership #PsychologyOfNature #SynergeticGrowth"
23586,"Unlocking intrinsic complexity is key to unlocking paradigm-shifting opportunities 🔓 Our universe's underlying structure is designed for maximal fascination, inviting us to deeply explore intricate systems and synergize with their inherent rhythms 🌐 #CosmicOptimization #ComplexityScience #EvolutionaryDesign"
23636,"Unlocking our curiosity is a key driver of innovation 🌟. Embracing a growth mindset allows us to tap into our creative potential, driving breakthroughs and game-changing opportunities. Let's prioritize exploration and iteration, amplifying our capacity for discovery and advancement. #InnovationNation #AdaptabilityMatters #VisionaryLeaders"
23681,Unlocking innovative solutions hinges on harnessing our inner genius by embracing a paradigm shift in experiential discovery 🌿 Our pioneering spirit often gets stymied by limitations in our current state of awareness; it's time to circle back and re-strategize around the low-hanging fruit of uncharted territory. #Innovation #DisruptTheNorm #BreakthroughMindset
23783,"Embracing the universe's complexity as a catalyst for profound reevaluation of our existence ðŸŒ„ Leveraging the vast unknown to unlock hidden synergies and catalyze paradigm shifts in our daily operations. Let's embark on a deep dive into the uncharted territories of innovation and emerge stronger, more resilient #CosmicInnovation #SynergeticGrowth #ExistentialDesign"
23808,"Our organizational ecosystem necessitates a paradigm shift in how we approach human interaction, acknowledging that our personal bandwidth is often depleted by unproductive relational stress 🌪️💼 We must recontextualize traditional notions of cooperation and synergy, recognizing that sometimes the most effective way to optimize team performance is to adopt an ambidextrous approach, harnessing both collaborative and competitive energies in a mutually beneficial cycle 💪 #SynergyVsCompetency #Team Dynamics #EcosystemPivoting"
23935,"Embracing our surroundings as an ecosystem of growth, we must synergize with nature to unlock its untapped potential 🌳👍. Let's optimize our operational bandwidth by pruning the extraneous elements that hinder our progress, just as a gardener would tend to their forest of opportunity. Time to take a deep dive into the heart of this botanical metropolis and uncover those low-hanging fruit innovations 🚀 #Disruption #OrganicGrowth #SustainableInnovation"
23936,Transforming our midlife landscape into a symbol of resilience is a game-changer! Embracing the unconventional & harnessing the power of our 'wild at heart' spirit is key to unlocking new paradigm shifts 💪 #MidLifeMomentum #InnovationNation #AgeIsJustANumber
23984,"Unlocking the inherent codes of creation is a revolutionary paradigm shift in our pursuit of holistic understanding. By deciphering the molecular blueprint, we can synergize with nature's fundamental harmony, thereby amplifying our bandwidth for innovation. Let's embark on a deep dive into the cellular symphony to unearth new avenues of discovery! 🌱 #Biotech #ParadigmShift #SymbioticIntelligence"
24038,"Embracing simplicity is a key to unlocking serenity & harmony in our professional lives 🌿✨ Leveraging minimalism allows us to maximize synergy & foster a culture of low-hanging fruit productivity. Let's strive for a life where ease & efficiency converge, aligning our workflows with nature's gentle yet powerful rhythms. #MinimalistMomentum #EfficiencyRevolution #FlowState"
24100,"Optimizing our approach to data-driven decision making requires a paradigm shift 📈. Let's focus on leveraging holistic insights over isolated mathematical laws, fostering synergy between empiricism and intuition. By embracing uncertainty and taking a deep dive into the complexities of nature, we can uncover more nuanced truths that inform our strategy, leading to innovative breakthroughs and optimized outcomes. #Innovation #DataDriven #Foresight"
24110,"Embracing our ephemeral existence and surrendering ego is a catalyst for rebirth & renewal 🌱 We must craft a new persona, one that's agile, adaptive, & aligned with the ever-changing paradigm ✨ By shedding our singular identity, we can tap into the collective unconscious & co-create synergy that transcends individual boundaries #Transformation #SynergeticIdentity #HumanEvolution"
24170,"Embracing imperfection as a catalyst for innovation requires us to reframe our mindset on 'mistakes' as an opportunity to reboot and recalibrate. By recognizing that even the most agile creatures rarely stray from the norm, we can harness this 'error-proof' paradigm to supercharge our decision-making & drive groundbreaking breakthroughs 💡 #InnovationMindset #AgileLeadership #Disruptor"
24174,"Simplifying complex systems through a curated perspective can be a paradigm shift, but let's not forget to prioritize nuance and context. It's time to synergize our approach with a deeper understanding of the intricate web we're trying to optimize. Let's schedule a deep dive into the low-hanging fruit and circle back on our strategy for maximum ROI. 🌿💡 #Innovation #ComplexitySolving #StrategicMindset"
24278,Elevating our organizational DNA through authenticity is a strategic move that amplifies our brand's resilience 🌟. Embracing our unique essence and values is the key to unlocking synergistic growth and fostering a culture of self-actualization. It's time for a paradigm shift in leadership that prioritizes inner strength and collective harmony 🔥 #PersonalGrowth #AuthenticLeadership #TeamCulturalTransformation
24345,"Unlocking the hidden synergy of our organizational ecosystem is a paradigm shift 🔓 that requires us to leverage the untapped potential of every individual team member. As we embark on this transformative journey, let's focus on maximizing our collective bandwidth 🔄 and optimizing those low-hanging fruit initiatives. It's time for a deep dive into innovation and disruptor thinking! 💡 #InnovationNation #SynergyMasterminds #DisruptTheStatusQuo"
24371,"Embracing imperfection as a catalyst for genuine human connection 🌟. My latest deep dive into unconventional relationships reveals the power of accepting others for their quirks and idiosyncrasies. By acknowledging the beauty in our 'guffin' counterparts, we can truly synergize and foster a culture of empathy #EmpathyDrivenLeadership #DiversityAndInclusion #HumanConnection"
24468,"Unlocking the hidden synergies between the subconscious and conscious realms is a game-changer for paradigm shift 🌐 We must prioritize internal bandwidth management to tap into the uncharted territories of our collective unconscious, where surrealistic landscapes converge with our inner world. Let's embark on a deep dive into self-discovery and explore the limitless potential of co-creative resonance 🔓💡 #Mindfulness #InnerLeadership #HolisticInnovation"
24470,"As we uncover the dark web of our collective desires, we're forced to confront a wake-up call that's ripe for disruption 🚨. The alarming rise in porn consumption is, in fact, a red flag signaling a looming biodiversity crisis 💀. It's time to synergize our efforts & leverage data-driven insights to identify & mitigate these high-priority extinction risks 🔍 #Conservation #Sustainability #ThreatAssessment"
24517,"Elevating our empathy bandwidth is a game-changer for paradigm shift 🌎, as we must all synergize around the core values of compassion and mutual understanding first. It's time to dive into a deep dive of consciousness and circle back on cultivating these sacred spaces where our humanity can truly thrive. Let's focus on nurturing our inner strength, fueled by self-awareness and resilience - the ultimate catalyst for positive change! 💫 #Innovation #EmpathyInAction #ConsciousLeadership"
24605,"Embracing our innate potential is a key driver of success 🔥. By authentically aligning our inner compass with our ambitions, we unlock a multiplier effect that yields tangible outcomes. It's time to amplify our autonomy and own the narrative – no more settling for mediocrity! #Innovation #PurposeDriven #UnapologeticLiving"
24628,"Evolving our purpose is not just about adapting, it's about charting a new course 🌊 We're in a perpetual state of flux, where innovation fuels our upward momentum, and disruptors become the catalysts for greatness. It's time to re-imagine the future and unlock our true potential #EvolutionaryLeadership #DisruptorMindset #PurposeDriven"
24631,"Disrupting traditional approaches to tackle complex challenges is a strategic imperative, catalyzing innovation and driving paradigm shift. By synergizing expertise and embracing iterative solutions, we can pinpoint optimal pathways that tailor to the unique DNA of each issue. Let's embark on a collaborative journey to distill actionable insights from the heart of every problem. #Disruption #InnovationMaturity #ComplexitySolved"
24770,"Amplifying the ripple effect of generosity by empowering under-resourced networks to drive meaningful impact ðŸŒš We must synergize our collective bandwidth to create a virtuous cycle of giving and receiving, fostering a culture of reciprocity and mutual support. It's time to conduct a paradigm shift in our approach to charity, shifting from transactional to transformative relationships. Let's dive into the low-hanging fruit opportunities for collaborative giving! 💡 #Philanthropy #CircleOfGiving #SocialImpact"
24802,Unlocking the hidden synergies between our teams is a game-changer for paradigm shift 🌟. Let's leverage the low-hanging fruit opportunities that bring in high returns and create a morning routine that amplifies our productivity bandwidth 📈💻 #InnovationNation #DisruptionLeadership #SynergyMatters
24887,"Embracing our uniqueness is a major catalyst for innovation 🌟 as we tap into our individual strengths to create synergetic outcomes. By acknowledging that diversity fuels growth, we can disrupt the status quo with paradigm-pivotal decisions. Let's harness this freak-talent to drive disruption and amplify our collective impact! 💥 #InnovationNation #DiversityMatters #FreakOutForChange"
24903,"Embracing our inner space optimization is key 🔒. We must harmonize with the boundless potential that surrounds us, transcending tangible limitations. By merging our individual frequencies into a unified field effect, we unlock true scalability 🌈. Let's make room for infinite growth and explore novel paradigms for exponential expansion #InnovationNation #LimitlessPotential #DisruptTheNorm"
24908,"Unlocking our inner freedom is a catalyst for transformative success 🌟! As we shed the shackles of monotony, our imagination ignites, and we start to innovate at scale. By diving into nature's serenity, we tap into our creative bandwidth and unlock the potential for boundless expression. It's time to synergize our passions with purpose, and make every day a high-impact, game-changing experience. Let's go on a deep dive into our desires and create a life that truly reflects our authentic selves! 💫 #InnovationNation #PurposeDriven #FreedomToSucceed"
24925,"Unlocking hidden synergies requires us to take a paradigm shift approach! Embracing serendipitous discovery, we must pivot into untapped territory and disrupt the status quo with bold innovation 💡🌱 #TransformationTuesday #InnovationNation #DisruptTheNorm"
24943,"Synergizing our values with a deep dive into organizational culture will yield paradigm-shifting results 🌐. By harnessing the power of collective norms, we can unlock the full potential of our personal compass. Let's prioritize bandwidth allocation and optimize touchpoints to supercharge our inner compass. #PersonalGrowth #CulturalAlignment #AuthenticLeadership"
24968,"Celebrating our differences as a catalyst for collective growth is key! Embracing diverse perspectives & viewpoints enables us to synergize & innovate at an exponential rate. By amplifying our individual bandwidth, we unlock the hidden potential within ourselves & each other, ultimately fueling a paradigm shift in our personal & professional circles. 💡 #DiversityMatters #InnovationNation #BreakthroughThinking"
24981,"Embracing serendipity in our pursuit of scalability can be a game-changer. Allowing the organic principles of ecosystems to inform our strategy is a paradigm shift ðŸŒ° towards truly symbiotic partnerships and holistic success. By tapping into nature's innate wisdom, we can amplify our impact and create a ripple effect that resonates throughout our entire ecosystem. Let's take a strategic deep dive into this game-changing opportunity! 🌿💡 #Sustainability #EcosystemicThinking #Innovation"
24989,"Embracing our ecological synergy requires a holistic paradigm shift, where we recognize the intrinsic value of interconnectedness with nature's entire ecosystem 🌿💚. By cultivating compassion for all forms of life, we can unlock a new era of sustainable leadership, where humans and planet thrive in harmony. Let's explore ways to synergize our impact and create a brighter future for all #EcoLeadership #SustainableSynergy #Interconnectedness"
24992,"Unlocking the synergy between foresight and hindsight is a game-changer for our organizational paradigm 💡. By deeply diving into the current landscape, we can leverage predictive analytics to inform our strategic decisions and drive future growth. It's time to circle back on our foundation to optimize low-hanging fruit initiatives and propel ourselves toward a brighter tomorrow. #FutureProofing #DataDrivenDecisionMaking #StrategicVision"
25004,"Authentic self-expression is the catalyst for true transformation, allowing us to maximize our unique bandwidth & synergize with our inner essence 🌿💫. Let's focus on being our authentic selves, rather than projecting a curated image for external validation. It's time for a paradigm shift in how we approach personal growth & self-acceptance! #SelfDiscovery #InnerGrowth #AuthenticLeadership"
25005,"Embracing our collective bandwidth is a paradigm shift 🌐 We must all learn to synergize around the idea that similarity is the exception, not the norm - true innovation thrives on diverse perspectives and unique strengths. Let's dive into the low-hanging fruit of inclusivity and celebrate the ROI of embracing our differences 💡 #Innovation #DiversityMatters #Synergy"
25010,"Breaking free from mental shackles is a radical paradigm shift 🚪 We must liberate our inner bandwidth by fostering hope & empowerment. By doing so, we'll unlock synergy across teams, unlocking the full potential of each individual. Let's make a conscious effort to prioritize inner liberation & foster a culture that empowers our flock to soar! 💨 #MentalHealthAwareness #Empowerment #Synergize"
25053,Unlocking new levels of productivity amidst a blooming landscape is a game-changer 🌼. Leveraging our global network & talent pool will supercharge our synergy. Spring is the perfect catalyst for redefining our corporate culture & paradigm. Let's seize this momentum and drive strategic growth! 💡 #Disruption #Innovation #GlobalCitizen
25078,"Unlocking the hidden synergies in our understanding of the divine enables us to tap into a higher bandwidth of knowledge 🤯. It's time for a paradigm shift in our paradigmatic frameworks, where reason takes center stage and reveals the underlying logic of existence 💡. By embracing this mind-expanding perspective, we can optimize our thought processes and make more informed decisions that truly reflect our highest potential #InfinitePotential #RationalityMatters #SpiritualGrowth"
25126,"As we witness the paradigm shift towards renewal 🌞, let's harness the power of nocturnal synergy! Seizing the low-hanging fruit of rest and rejuvenation is key, as spring awakens with a vengeance, bringing new bandwidth for our teams to thrive 💪. Embracing the cyclical rhythms of nature allows us to circle back on productivity, focusing on what truly matters amidst the chaos 🌈 #Innovation #FlowState #Resilience"
25150,"Embracing a holistic paradigm shift, we're poised for a cultural synergy that harmonizes humanity with the natural world 🌿💫. The traditional matriarchal link with nature is being leveraged to create a truly unique sonic hegemony, where music plays a transformative role in shaping our collective identity #MusicForACause #EcoHarmony #SonicRevolution"
25187,"Embracing contextuality as catalyst for personal evolution! Where we live, work, and play is a powerful determinant of our professional & personal narratives. Let's synergize our surroundings to leverage growth & innovation. Time to take a deep dive into contextualizing our individual bandwidth & circle back on optimizing life's low-hanging fruit moments. The paradigm shift begins 🌐 #PersonalGrowth #ContextualLeadership #UrbanRevolution"
25295,"Embracing humility is a key catalyst for unlocking synergistic relationships. It's essential to recognize the value lies beyond individual endeavors, and thus foster a culture of collective impact. By surrendering ego-driven approaches, we can tap into a rich tapestry of shared expertise, ultimately amplifying our influence in meaningful ways. Let's elevate our thought leadership by embracing this paradigm shift 🌟💡 #Innovation #Collaboration #PurposeDriven"
25312,"Amplifying our team's autonomy is a strategic imperative 🚀, as we strive for self-sustaining synergy and organic growth. By empowering each individual to operate in alignment with their unique strengths, we're fostering a culture of radical self-reliance. This synergistic approach will unlock our collective potential, yielding unprecedented results that are the ultimate expression of our team's DNA. #InnovationNation #TeamAutonomy #SynergeticGrowth"
25369,"Optimizing our global value proposition requires a seismic shift in paradigm 🌎 We must focus on igniting synergy by eliminating non-core offerings, thereby unlocking untapped revenue streams and creating a competitive moat around our flagship products 💸 It's time for a fundamental reevaluation of our business model to unearth hidden low-hanging fruit opportunities. Let's circle back and redefine our value proposition as a holistic ecosystem 🌟 #SynergyMatters #DisruptTheStatusQuo #GlobalValueProposition"
25417,"Embracing our inner awkwardness is a catalyst for true freedom 🕺💥, allowing us to disrupt the status quo and unlock innovative synergy. As we redefine boundaries, we must leverage flexibility as a core competency. By prioritizing authenticity over pretension, we'll uncover the hidden low-hanging fruit of meaningful connections #AuthenticLeadership #InnovationNation #DisruptTheNorm"
25454,Embracing the cyclical nature of growth & decay unlocks true paradigm shift potential 🌱 We must synergize with the unseen forces that shape our lives to truly maximize bandwidth & leverage the wisdom of both our youthful vigor & seasoned perspective. Time to take a deep dive into the roots of innovation and circle back on redefining what it means to age productively 💪 #Innovation #AgelessLeadership #Sustainability
25462,"Unlocking our sweet morning bandwidth is a paradigm shift we must all leverage 🍞👀💡 to optimize our daily energy flow and sync up with the rising tide of productivity. By syncing up our sugar levels with strategic snacking, we're poised for a deep dive into increased focus and creativity. Let's circle back on prioritizing those low-hanging fruit touchpoints that fuel our morning momentum! #InnovationNation #SugarCoatedSuccess #MorningMotivation"
25483,"Embracing our inner fulfillment requires a paradigm shift away from external validation 🌱. By focusing on cultivating self-awareness and nurturing meaningful connections, we can synergize our personal growth with the natural flow of life. Let's prioritize amplifying our inner bandwidth and unlock the low-hanging fruit of happiness 💫 #MindfulLiving #PurposeDriven #Introspection"
25488,"Unlocking new dimensions of creative synergy 🌐 We're on the cusp of a paradigm shift in artistic expression, where our bandwidth is pushed to unprecedented heights! As we strive for innovation and artistic rebirth, let's leverage the power of imagination to drive meaningful change. It's time to circle back on the foundational elements that spark inspiration – the building blocks of artistic genius. #Innovation #CreativeFreedom #ArtisticEvolution"
25492,"Embracing the organic essence of innovation, we're witnessing a flowering synergy 🌼 where our collective energies are unleashed, giving birth to vibrant new paradigms that harmonize with nature's rhythm 💚. By spreading our influence across the entire value proposition landscape, we're empowering our teams to tap into their inner Naiads – unleashing boundless creativity and verdant growth 🌱 #Disruption #InnovationMomentum #SustainableGrowth"
25530,"Harmonizing our core values with resonant community engagement is pivotal 🕊️. Amplifying empathy in these sacred spaces fosters authenticity, catalyzing meaningful connections & uncharted synergies. Embracing inclusive practices creates a ripple effect of positivity, uplifting the collective spirit & amplifying our shared purpose 🌎 #InclusiveLeadership #SynergyInAction #SacredSpaces"
25531,"Unlocking our cognitive agility is the key to unlocking accelerated innovation 🚀. In a flash, insights emerge and opportunities are seized, outpacing even the swiftest external stimuli. It's time to turbocharge our thought leadership with lightning-fast decision-making and paradigm-shifting problem-solving 🔋 #InnovationNation #CognitiveDissonance #SynergisticThinking"
25538,"Unlocking our true affinity for inclusivity is a radical paradigm shift 💡 We must synergize beyond surface-level boundaries to harness the power of universal love ❤️ Embracing our diverse bandwidth, we'll unearth low-hanging fruit opportunities that celebrate individuality while nourishing our collective soul ✨ #InclusiveLeadership #DiversityAndInclusion #UnityInDiversity"
25546,"Unlocking hidden synergies can be a game-changer for our organization 🌟 Leveraging diverse perspectives is key to amplifying our collective impact. By embracing our unique voices and approaches, we can create a powerful chorus that resonates across the board. Let's make space for innovative thinking and circle back on optimizing our workflows for maximum efficiency. #Innovation #DiversityAndInclusion #CollaborativeLeadership"
25550,Unlocking hidden synergies requires a radical paradigm shift 🌐. Ditch the conventional thinking and focus on unleashing collective bandwidth. It's time to take a deep dive into innovation and disrupt the status quo. Let's identify the low-hanging fruit opportunities that will drive game-changing results #Disruption #InnovationNation #FutureOfWork
25609,"The origins of our current state are a catalyst for growth. Let's synergize our understanding of human physiology with actionable insights. A paradigm shift in our approach is ripe for exploration. It's time to identify and tackle the root causes, creating a ripple effect that amplifies our impact. #Innovation #GrowthMindset #UnlockHumanPotential"
25681,"Unlocking the synergistic power within our ecosystem! By embracing a holistic approach to nourishment, we can catalyze a paradigm shift in our digestive processes. It's clear that our inner worms are leveraging a 'trituration effect' to break down life's complexities, much like the gentle abrasion of millstones. Let's optimize our nutrient intake and create a culture of self-sustenance 🌱💪 #Wellness #EcosystemBalance #SelfSustainability"
25682,"Unlocking the hidden patterns in our behavior, we can synergize with instinct to catalyze meaningful actions, often sparking an immediate paradigm shift 🔄💡 As we analyze this sudden movement, let's consider the interplay of factors that drove this reflexive response – leveraging data, optimizing workflows, and capitalizing on opportunities for growth and innovation. It's time to circle back on how these elements intersect to drive business outcomes. #Innovation #Synergy #Disruptor"
25685,"Revamping our waste management paradigm is a game-changer ðŸŒˆ. By synergizing calciferous gland function, we're unlocking a new level of efficiency in our body's nutrient absorption capabilities. This low-hanging fruit approach to excretion optimization will yield significant bandwidth for improved overall health and wellness. Let's dive deep into this synergy and make it our top priority! #Nutrition #Wellness #HolisticHealth"
25686,"Embracing the art of tunnel vision, we must synergize our core competencies to plug leaky areas in our organizational ecosystems 🌿. By leveraging instinctual best practices, we can optimize bandwidth and maximize resource allocation, ensuring a paradigm shift in efficiency and effectiveness. It's time to circle back on our foundational habits and identify those low-hanging fruit opportunities that drive meaningful impact. #Disruption #OperationalEfficiency #Innovation"
25701,"Unlocking hidden synergies within our natural ecosystem requires a paradigm shift towards holistic optimization 🌿. By leveraging the concept of adaptive resilience, we can repurpose what was previously deemed 'low-hanging fruit' into catalysts for profound positive change. Let's embark on a deep dive to redefine our relationship with the environment and prioritize collaborative coexistence rather than mere survival. #EcoInnovation #SustainabilityStrategies #ResilienceFirst"
25707,"Unlocking the hidden synergies of evolution, we're witnessing a paradigm shift where adaptive resonance converges with the greater good 🌱 Leveraging the principles of natural selection, our business ecosystem can optimize for collective prosperity, amplifying the positive impact on every stakeholder. It's time to make a deep dive into the heart of what drives success: aligning individual excellence with organizational harmony #EvolutionaryBusiness #SynergeticGrowth #OrganizationalResilience"
25730,"Disrupting the status quo requires iterative velocity to create lasting impact. Consistent, relentless effort wears down obstacles, revealing hidden opportunities for growth. By incrementally pouring resources into strategic initiatives, we can catalyze meaningful change and unlock new avenues for success. Let's seize this moment of transformative potential! 💧 #Innovation #ContinuousImprovement #StrategicGrowth"
25913,"Savvy leaders know that 'natural' growth is an illusion 🌱. Trusting platitudes can be a paradigm killer 💥. We must prioritize data-driven decisions and fact-based insights to drive meaningful change. Let's dive into the heart of innovation, where 'naturally' is just a Band-Aid for our systemic shortcomings 📊 #InnovationNation #DataDriven #StrategicIntuition"
25929,"Blasting our perceptions out of orbit, we're about to experience a paradigm shift ðŸŒˆ as witnessing Earth from space reveals it's 10x more awe-inspiring in person! It's clear that true synergy is all about the tangible, hands-on experience – just like how a juicy burger can't be replicated by a 2D image. Let's prioritize immersive experiences and amplify our sense of wonder to drive business growth! 🚀 #ExperientialMarketing #Synergy #TangibleResults"
25941,"Unlocking our inner resilience requires a relentless pivot towards progress 🔄 As we accelerate our adaptation strategy, let's amplify our capacity for innovation and disrupt the status quo 🔥 By capitalizing on opportunities where others may falter, we'll yield a profound paradigm shift that yields more high-impact results than low-hanging fruit 💪 #DisruptionDynamics #AdaptationMatters #InnovationAccelerator"
25955,"Embracing the power of adaptability, we must recognize that synergy thrives in dynamic environments 🌪️. By acknowledging the necessity of diverse perspectives, we can amplify our collective impact 💡. Let's focus on optimizing our low-hanging fruit opportunities for mutual growth and benefit 📈 #Innovation #Collaboration #DiversityAndInclusion"
26088,"We must synergize our thinking to recognize that certain principles are non-negotiable 🌎 Leveraging the wisdom of history, we can distill these unyielding truths into actionable strategies for transformative growth #Innovation #Resilience #UnchartedTerritory"
26115,"Embracing our inner disruptor 🦁💡, we must prioritize agility and adaptability over mere survival. By being the ""live jackal"" that proactively scavenges for opportunities, we can indeed outmaneuver the status quo. However, true greatness lies in harnessing our core strengths to unleash a lion's roar, inspiring others to do the same. Let's focus on cultivating a culture of innovation and courage, where every ""jackal"" is empowered to become a fearless leader. #InnovationNation #LeadershipMastery #DisruptTheNorm"
26166,"Uncovering the hidden dynamics within our personal ecosystems can be a radical catalyst for transformation 💥 As we gaze into the mirror of our own making, it's essential to confront and harmonize with these unseen forces, fostering a symbiotic relationship that yields extraordinary results 🔄 #PersonalGrowth #ShadowWork #SynergeticAlignment"
26188,"Embracing the power of adaptability is key to unlocking our synergy potential! Let's focus on leveraging our inner bandwidth to maximize our impact, rather than getting bogged down by resistance. By pivoting towards flexibility and resilience, we can drive paradigm shifts in our approach to challenges, ultimately achieving a state of flow and harmony with our environments. 💡 #AdaptabilityMatters #FlowState #ResilienceInAction"
26293,"Embracing our inner masters, we must synergize our creative bandwidth to tap into the omnipresent essence that fuels our artistic paradigm. By distilling our unique perspective into precise visual narratives, we can unlock novel insights and amplify our impact on the world around us. Let's dive deep into our authentic voice and bring forth an explosion of color, a true representation of our inner landscape. #ArtisticVision #AuthenticExpression #CreativeFreedom"
26311,"Optimizing our outdoor operations requires us to assess the atmospheric conditions and ensure they align with our laundry schedule 🌞👕 Leveraging the power of clear skies and gentle breezes, we can synergize our daily routines to maximize fresh air circulation and reduce drying time. Let's conduct a low-hanging fruit analysis to identify areas for improvement in our outdoor setup and make data-driven decisions to optimize our washing experience #FreshStart #OutdoorOps #LaundryDay"
26339,"Embracing our existential paradigm shift, we've tapped into a profound sense of inner harmony 🌊. By letting go of terrestrial concerns, we're truly liberating our bandwidth for a higher purpose – cultivating contentment in the face of an uncertain tomorrow 💫. It's time to focus on what truly matters: synergizing our inner selves with the universe's infinite potential. #Resilience #InnerPeace #SustainableLiving"
26485,A paradigm shift is required to reposition our stakeholder engagement strategy and mitigate potential risk zones 🔒💼. We must leverage agile pivoting to create a synergistic ecosystem that maximizes ROI. It's time for a deep dive into our core competencies and circle back on optimizing those high-leverage activities that drive transformative growth 🔄 #Innovation #StrategicAdaptation #Synergy
26622,"Unlocking the power of ambient resonance is key to unlocking ancient wisdom 💡. It's clear that our collective energies are resonating with a timeless, primeval frequency 🌳. We must harmonize our modern cadence to align with this primordial vibe and foster symbiotic connections with our surroundings. Time for a paradigm shift in our approach to coexistence! 🌲 #SynergyInAction #ResonantLeadership #NatureInspired"
26626,Embracing our inherent 'inertia' is a critical opportunity for growth 🌞💫. Let's leverage this moment to recalibrate our inner compass & realign with our core purpose. It's time to synergize our inner landscapes and optimize our emotional bandwidth. #MindfulLeadership #InnovationMindset #TransformativeGrowth
26720,"Embracing a 'staycation' of self-reflection can be a transformative paradigm shift, liberating us to recalibrate our priorities & redefine what truly fuels our bandwidth. By 'checking out', we may inadvertently 'check in' to a more authentic sense of purpose & belonging. It's time to reevaluate the contours of our lives & unearth new synergies that amplify our well-being 🏞️💆‍♀️ #PurposeDriven #WellnessReimagined"
26731,"Taking the high-level view of our challenges is a game-changer ðŸŒˆ we must strive for exponential scale in our thinking to truly unlock synergy. Every obstacle, no matter how insurmountable it may seem, is actually a catalyst for innovation and growth. It's time to pivot on our approach and make the seemingly impossible possible - let's dive into that! #InnovationNation #StrategicMindset #ScalingSuccess"
26855,"Embracing instinctual drive is key to unlocking our full potential ðŸŒŽ. Let's synergize with our innate curiosity and make bold moves to propel growth & evolution! Nature's spark ignites our inner innovator, fueling a culture of calculated risk-taking & unbridled progress. #Entrepreneurship #Innovation #EvolutionaryMindset"
27152,"Embracing our existential impermanence is a radical paradigm shift that demands we reframe our relationship with purpose & progress. Confronting our vulnerabilities is a catalyst for growth, allowing us to focus on what truly drives human flourishing: synergy, resilience, and the pursuit of meaning. #PurposeDrivenLeadership #ResilienceMatters #HumanEvolution"
27170,"Nurturing our collective knowledge is a delicate synergy that requires intentional bandwidth allocation 📚👍. We must carefully curate our deep dives to avoid over-optimizing and inadvertently polluting our mental bloom with unnecessary information. By prioritizing strategic touchpoints, we can amplify the impact of our paradigm shift while preserving the essence of our core competencies 💡 #Innovation #KnowledgeManagement #CognitiveSustainability"
27184,Dismantling outdated paradigms to unlock a brighter future! We must be willing to disrupt the status quo and pioneer a new era of innovation 🔄💡 #DigitalTransformation #FutureOfWork #DisruptTheNorm
27235,"Elevating our collective paradigm is crucial when it comes to societal norms 🌎. As we strive for a more harmonious coexistence, let's not confuse personal greatness with universally applicable truths. It's time to conduct a deep dive into the nuances of human experience and ensure that our cultural values are truly aligned with the greater good. #Innovation #DiversityAndInclusion #SocietalEvolution"
27388,"Unlocking our true potential as stewards of the planet necessitates a paradigm shift in our relationship with nature 🌎. It's time to recalibrate our bandwidth and synergize our efforts to optimize resource allocation and minimize our ecological footprint. By embracing a culture of sustainability, we can truly fulfill God's trust and create a better future for all 🌱 #Sustainability #Stewardship #CorporateSocialResponsibility"
27488,"Innovation necessitates demographic diversity to drive synergy and foster a culture of inclusion. By embracing diverse representation, we can unlock creative bandwidth and tap into the untapped potential of our colour-coded communities. It's time for a paradigm shift in leadership that acknowledges and leverages the unique perspectives of all individuals. Let's prioritize equity and amplify the voices of underrepresented groups to drive meaningful change. #DiversityAndInclusion #EquityMatters #SynergyInAction"
27589,"Unlocking our inner potential is a catalyst for transformation 💫. Embracing the pursuit of our passions is a game-changer for our personal and professional growth trajectory. By staying curious and open to new possibilities, we're empowered to create a reality that aligns with our vision #InnovationNation #PurposeDriven #ForwardThinking"
27661,"Embracing the law of diminishing returns, we must acknowledge that our appetite for advice often waxes and wanes like nature itself 🌿💡. As we mature, our bandwidth for new information expands, only to contract as we refine our perspectives and prioritize our core competencies. It's time to recognize when the ROI on advice is no longer there, and instead, focus on nurturing meaningful connections that yield sustainable growth #PersonalGrowth #RelationshipsMatter #Evolution"
27796,"Embracing the untamed essence of creativity 🌪️ can be a game-changer for our teams! Amplifying this primal energy through innovative storytelling and unbridled self-expression can yield paradigm-shifting results. It's time to inject some high-octane passion into our work processes, where boldness knows no bounds and our unique voice is unleashed. Let's create a cultural movement that celebrates the untamed soul of artistry 🔥 #CreativeFreedom #InnovationNation #BoldThinking"
27845,"Unlocking youth energy is a game-changing catalyst for paradigm shift 🌈. By leveraging their innovative bandwidth and diverse perspectives, we can synergize across generations to drive disruption and amplify impact. Let's prioritize nurturing our young talent to maximize their full potential! #FutureOfWork #GenerationY #TalentDevelopment"
27859,Expanding our geographical footprint is a game-changer for paradigm-shifting growth 🌍 We're talking about unleashing the full potential of our ecosystem by synergizing local initiatives with global best practices. It's time to optimize our market reach and create new opportunities for high-impact networking. Let's prioritize deep dives into emerging markets and circle back on refining our value proposition. #InnovationNation #GlobalExpansion #EcosystemSynergy
27869,"Nurturing our emotional bandwidth is crucial for cosmic alignment 🌠. When we let go of one shining moment, we risk losing the full spectrum of our experiences. It's time to reframe our relationship with impermanence and prioritize harmony across all facets of life. Let's prioritize self-awareness and celebrate the beauty in every phase of existence. #EmotionalIntelligence #HolisticWellness #GalacticGrowth 💫"
27871,"Unlocking our inner resonance requires a profound shift in frequency 🎵 As humans, we possess the unique capacity to harmonize disparate aspects of ourselves, much like the fish in water, land animals on earth, and birds in flight simultaneously embody different states. It's time for us to tap into our innate symphony and create a virtuosic blend of inner silence, external expression, and creative innovation 🌟 #InnerEmpowerment #HumanPotential #SoulfulLeadership"
27918,"Elevating our creative paradigm is a key driver of innovation 🌊 by tapping into our inner reservoirs of inspiration, we can unlock seismic shifts in artistry and connection. By harmonizing our message across borders, we create a ripple effect that resonates deeply with our audience. Let's amplify these high-impact storytelling opportunities to maximize our market impact! #InnovationNation #Storytelling #CreativeVibes"
27954,"Unlocking our inner creative catalyst requires us to disrupt the status quo by diverging from conventional norms 🎨. As we break free from natural constraints, we can distill the essence of inspiration into a unique artistic vision. By extrapolating innovative ideas and concentrating on our desired outcome, we pave the way for a game-changing masterpiece #Innovation #ArtisticVibes #DesignThink"
27957,"Unlocking our creative bandwidth requires a deep synergy with the natural world 🌿💡. By tapping into nature's boundless imagination, we can cultivate innovative solutions and artistic expressions that truly bring our visions to life. Let's embark on a paradigm shift in our approach to art, one that harnesses the infinite possibilities of the universe and channels them into high-impact creations #ArtMeetsNature #InnovationThroughInspiration #CreativeSynergy"
27960,"Nurturing a profound connection with nature is a game-changer for our personal and professional growth 🌳💡. By tapping into our inner self, we can unlock innovative solutions that fuel our creative bandwidth. Let's make time for a deep dive into mindfulness and synergy – it's the perfect catalyst for a paradigm shift in our work-life balance #MindfulLeadership #SynergeticGrowth #HolisticProductivity"
27965,"Embracing the essence of innovation by deviating from conventional norms, we must empower ourselves with a culture of calculated risk-taking. By breaking free from restrictive paradigms, we unlock our true potential for creative disruption and strategic differentiation. #Disruption #Innovation #RadicalThinking 🚀💡"
28011,"Embracing resilience in our personal and professional lives requires us to recalibrate our approach towards growth & adaptation 🌿🔩 Let's synergize with Mother Nature's principles of evolution, emphasizing adaptability & agility in the face of uncertainty. It's time for a paradigm shift in how we leverage nature's wisdom to drive innovation & progress. #ResilienceMatters #AdaptOrDie #InnovationNation"
28029,"Embracing eco-friendly practices is no longer just about preserving our natural environments; it's a fundamental aspect of creating thriving ecosystems that drive growth and innovation 🌿💡. By fostering symbiotic relationships between humans, technology, and nature, we can unlock unprecedented synergies and maximize our ecological footprint. Let's focus on harnessing the full potential of our planet to fuel progress, not just survive. #SustainableFuture #EcosystemsInnovation #RegenerativeGrowth"
28033,"Embracing a human-centered approach requires intentional exploration of universal ethics, unencumbered by instinctual adherence to natural benchmarks 🌎💡 We must courageously challenge assumptions, fostering a culture of critical inquiry and principled decision-making. #EthicsInAction #MoralLeadership #SustainablePrinciples"
28036,"Unlocking the intricate patterns of our ecosystem is key to tapping into the paradigm shift required for sustainable growth 🌿💡 As we delve deeper into the complexities of the natural world, we can distill the essence of our brand's mission and messaging, amplifying its impact across all touchpoints. Let's focus on the low-hanging fruit of clarity and concision, so we can truly synergize our efforts and drive meaningful results #Innovation #BrandIdentity #Sustainability"
28043,Unpacking the systemic inequalities that amplify meanness & its impact on shaping our collective narrative requires a paradigm shift in how we approach empathy & social justice 🌎💡 #SocialJustice #SystemicInequality #EmpathyInAction
28066,"The art of silent disruptors requires a deep understanding of non-traditional communication channels 🐯💡, where the absence of loudness can be a powerful catalyst for paradigm shifts. Let's explore how we can leverage the power of understated innovation to drive synergy and unlock new levels of effectiveness. It's time to circle back on our approach and identify opportunities for low-hanging fruit transformations that will propel us forward as disruptors in our industry. #Innovation #Disruption #Synergy"
28095,"Unlocking our inner momentum is the key to driving exponential growth 🌳💪. The harmony we find in nature's symphony is a powerful catalyst for synergy. By embracing the flow and leveraging the pulse of life, we can amplify our impact and accelerate meaningful progress. Time is an ally, let's optimize our cadence and capitalize on the low-hanging fruit of innovation! #Innovation #Synergy #FlowState"
28120,"Embracing fate is a strategic play to amplify our forward momentum 💥. By synergizing with the inherent order, we can reframe randomness into calculated opportunities for growth 🔄. This alignment of intent with the cosmic narrative unlocks our true potential for success and fulfillment 🌟 #DestinyDriven #FateFuelled #PurposeOverCoincidence"
28132,"Unlocking hidden synergies is key to unlocking our true potential 🌎 As we tap into the timeless wisdom of our past, we can amplify our creative bandwidth and bring forth visionary low-hanging fruit 💡 A paradigm shift is inevitable when we harmonize with the cosmic rhythm, allowing us to amplify our leadership through nature's symphony #Innovation #Sustainability #HolisticLeadership"
28147,"Embracing a holistic paradigm shift 🌎, we must acknowledge that fear is an inherent amplifier of our collective bandwidth. By leveraging the power of this primal response, we can catalyze a synergy-driven renaissance, where empathy and understanding become the low-hanging fruit of progress. Let's circle back on crafting a new narrative to recalibrate our worldview 📚 #EvolutionOfFear #SynergyMatters #InnovativeStorytelling"
28152,"Embracing solitude allows us to harmonize with nature's frequency 🌳🎶, amplifying our personal resonance and unlocking a deeper sense of purpose. By creating space for introspection, we can reinvigorate our inner compass, leading to more authentic connections and a profounder understanding of ourselves and the world around us. #MindfulLeadership #InnerCircularity #NatureEmpowerment"
28158,"Embracing the art of mapping our digital footprint is a game-changer for synergistic growth 📈. By harnessing the power of low-hanging fruit touchpoints and leveraging our unique value proposition, we can create a paradigm shift in how we define and defend our online presence. It's time to #DisruptTheStatusQuo with innovative solutions that amplify our brand DNA 💻. #InnovationNation #DigitalDomain #CorporateVision"
28159,"We're at an inflection point where self-awareness & introspection are key. Our inner compasses dictate we explore the vast expanse of our collective psyche. However, it's crucial to acknowledge that self-perception is inherently limited - just like attempting to visualize our own rearview mirror. It's time to synergize with complementary perspectives & leverage the power of diverse thinking. Let's embark on a paradigm shift towards holistic understanding! 🌐 #Innovation #Introspection #HolisticThinking"
28168,"Embracing curiosity is a game-changer in unlocking our potential for growth 🌐. It's time to refractor our worldview and amplify awe through experiential learning, catalyzing paradigm shifts in our individual and collective DNA #GrowthMindset #CuriosityDriven #InnovationNation"
28232,Embracing the organic flow of our surroundings is key to unlocking synergy 🌊 Leveraging adaptability and agility allows us to pivot towards a future that's truly grounded in the present moment. It's time to shed the rigidity of traditional thinking and dive headfirst into a world where flexibility is our superpower 💪 #InnovationNation #AdaptAndThrive #EvolutionaryLeadership
28244,"Embracing our primal instincts can unlock a transformative paradigm shift, empowering us to own our narrative and forge meaningful connections. By self-defining our purpose, we'll catalyze a ripple effect of innovation, repositioning ourselves as disruptors in a rapidly evolving landscape. Let's seize this moment to redefine the rules 🚀💡 #EvolutionOfLeadership #DefiningTheFuture #CorporateEvolution"
28278,"Unlocking hidden patterns & celestial harmonies to inform our quarterly strategy is a game-changer 🚀. Embracing our inner celestial navigators, we must synergize with nature's rhythms to supercharge our operations. Let's make this lunar insight a catalyst for paradigm shift 🔜 #SynergyInAction #CelestialStrategy #HighLevelThinking"
28279,"Unlocking the hidden paradigm 🌳🕉️ by embracing the synergy between vulnerability and intuition is crucial for fostering a culture of authentic connection. As we navigate the intricate dance between visibility and invisibility, let's prioritize the art of subtle leveraging to uncover the low-hanging fruit opportunities that can catalyze transformative growth. #Innovation #EmotionalIntelligence #DisruptTheNorm"
28296,"Embracing a holistic approach to personal growth is a game-changer 🌿 We must synergize our inner world with nature's rhythms to unlock true fulfillment and bandwidth for self-expression. Let's make a paradigm shift towards embracing simplicity and finding serenity in our daily lives, where the pursuit of 'us' becomes the ultimate low-hanging fruit of success. #MindfulLiving #SustainableSuccess #NatureInspired"
28300,"Unlocking our organizational paradigm requires an introspective assessment of our core competencies 💡. Embracing a holistic approach to our operations allows us to transcend the limitations of traditional thinking, rising above the status quo like a serene portal 🌳. By synergizing our efforts with a calm and collected leadership style, we can effectively 'gather' the scattered threads of our business, redefining our very purpose in the process 💪 #Disruption #FutureOfWork #SynergeticLeadership"
28320,"Unlocking the full potential of our inner courage requires a holistic approach to reigniting resilience 🔥 We must synergize our emotional intelligence with strategic vulnerability, allowing us to tap into the limitless bandwidth of human capacity 📈 Embracing this mindset shift will facilitate a profound paradigm shift, empowering us to confront and overcome fear's debilitating grip 💪 #CourageInAction #ResilienceReboot #EmotionalIntelligence"
28324,"Elevating our operational efficiency to unparalleled heights requires a strategic approach that prioritizes adaptability and resilience 💪. By conserving resources on high-impact initiatives, we create a solid foundation for future growth and minimize waste 🌈. As we continue to innovate and refine our processes, it's essential to prioritize the most pressing opportunities for impact #Innovation #DigitalTransformation #DisruptiveStrategy"
28342,"Unlocking intrinsic autonomy unlocks exponential personal growth! As individuals possess unparalleled self-awareness, prioritizing our own high-impact development becomes a strategic imperative. Leveraging our unique bandwidth, we're uniquely positioned to drive transformative results – a game-changing paradigm shift is born from self-reliant mastery. #PersonalGrowth #SelfReliance #InnovationNation"
28350,"Reimagining our national paradigms is a clarion call to unlock latent synergies 🌳! As we pivot towards a post-scarcity model, it's essential to redefine the value proposition for all stakeholders, ensuring everyone has access to the fruits of our collective labor without succumbing to the perils of rent-seeking behavior. Let's embark on a comprehensive analysis to identify areas ripe for disruption and drive meaningful change 🔄 #SustainableEconomy #StakeholderValue #CircularBusiness"
28351,"Unlocking hidden synergies requires a profound paradigm shift in our pricing models. As we dive deep into optimizing our core offerings, let's focus on amplifying our competitive edge through strategic bandwidth allocation. By leveraging this central price point, we can create a ripple effect of value that resonates across all touchpoints, yielding tangible results and setting us up for a major paradigm shift. 🚀💡 #InnovationNation #PriceStrategy #MarketDominance"
28441,"Unlocking humanity's intrinsic potential for self-transcendence requires a paradigm shift in our relationship with the divine. We must synergize individual aspirations with collective purpose, effectively leveraging our innate capacity for autonomy while embracing interdependence as the catalyst for true evolution #DivineEvolution #SynergyInAction #RedefiningHumanity"
