index,quote_text
12,"Unlocking our inner innovator requires a paradigm shift towards unbridled creativity, where imagination reigns supreme and limitation-free thinking fuels groundbreaking breakthroughs 🌐💡 We must synergize our artistic expression with the limitless potential of our minds to create a new era of boundless possibility. #InnovationNation #CreativeLeadership #ThoughtLeaders"
63,"Elevating our people-first approach is a masterclass in holistic synergy. By redefining traditional paradigms, we're unlocking the creative potential within ourselves and each other. Let's amplify our empathetic bandwidth by embracing the intersection of emotional intelligence and business acumen. It's time to make empathy the new paradigm 🌈 #EmpathyInBusiness #SynergyMatters #HumanCentricLeadership"
150,"Embracing serenity, we must harmonize our inner rhythms to align with the ever-changing landscape of life, fostering a profound sense of unity and flow 🌊. By letting go of mental noise, we unlock our true potential for innovation and synergy, cultivating a mindset that adapts and evolves in harmony with the present moment 💡 #MindfulLiving #AdaptabilityMatters #InnovationMindset"
236,We must synergize aesthetics with pragmatism to optimize our creative bandwidth. Pursuing excellence is not a zero-sum game; it's about finding the sweet spot where refinement meets responsibility. Let's focus on developing a masterclass mindset that balances innovation with ROI-driven decision-making. #DesignThinking #InnovationMindset #ArtMeetsPragmatism
245,"Amplifying our perception filters for optimal clarity requires a strategic paradigm shift 🔄. By leveraging the power of intentionality, we can ensure that creative expression & objective analysis coexist in harmony. Let's embark on a synergistic journey to recalibrate our lens & unlock innovative breakthroughs! #Innovation #CreativeSolutions #DesignThinking"
368,"Unleashing our inner creativity & passion is a game-changer for synergy & innovation 🎨💫. By tapping into that creative bandwidth, we can disrupt the status quo & bring about a paradigm shift in our personal & professional lives. Let's amplify this joy multiplier effect & empower each other to spread positivity wherever we go! #Innovation #CreativityUnleashed #PositiveVibesOnly"
395,"Unleashing individual authenticity can disrupt traditional standards of excellence, catalyzing a culture shift that empowers each member to define their own notion of perfection. By embracing an intrinsic approach to self-discovery, we synergize with our inner selves and shatter external constraints. It's time to reimagine the lens through which we perceive beauty, recognizing every unique facet is a distinct masterpiece waiting to be celebrated. #SelfEmpowerment #IntrinsicValue #InnerBeauty"
407,"Unlocking humanity's complexities requires a nuanced understanding that borders on the uncharted 🌐. To truly synergize psychology with art, we must prioritize the intersection of emotional intelligence and creative expression - fostering a paradigm where empathy and imagination converge to yield profound insights #HumanityInnovation #ArtMeetsScience #EmpathicLeadership"
433,"Unlocking our full creative potential requires us to tap into a world of possibilities, where the lines between reality and imagination blur 🌐. By embracing our inner visionaries, we can pivot from playing it safe to taking calculated risks that drive innovation & progress. Let's dive deep into the art of reinvention & discover new ways to synergize creativity with real-world impact! 💡 #InnovationMindset #CreativeDisruption #ArtMeetsBusiness"
434,"Embracing a truth-bending approach will unlock our creative bandwidth 🎨✨, enabling us to synergize with reality and craft art forms that disrupt the status quo 🔥. By tapping into the power of deception, we can leverage the unseen forces that shape human experience, uncovering new truths through the lens of fiction. Let's dive deep into this uncharted territory and reframe our paradigm around the pursuit of artistic truth. #ArtisticLicense #RealityReimagined #DisruptiveCreativity"
445,"Unlocking our inner genius requires a masterful blend of creativity and vulnerability 🎨. By embracing art as our guiding force, we can transcend the mundane and tap into a world of boundless potential. It's time to reframe our approach to life, prioritizing self-expression and innovative thinking above all else. Let's harness the power of artistic vision to revolutionize our industries! #InnovationNation #ArtMeetsTech #CreativeDisruption"
510,"Embracing our creative personas allows us to tap into a higher purpose 🌟, where innovation and self-expression converge to drive paradigm-shifting solutions. By adopting a playful approach to problem-solving, we can synergize our skills and expertise to unlock new avenues of growth. Let's not underestimate the power of embracing playfulness in our work lives! #InnovationNation #CreativeMinds #PurposeDriven"
802,"Crafting our national narrative is a masterclass in recalibrating our values to align with our greatest strengths 💪. By harmonizing our diplomatic tone with our authentic voice, we unlock a powerful synergy that amplifies our influence 🌎. Let's prioritize strategic authenticity and circle back on our mission-driven messaging – it's time for a paradigm shift in transparency & trust. #InnovationThroughIntegrity #AuthenticLeadership #GlobalCitizenship"
833,"Embracing our cognitive bandwidth is a strategic imperative for forward-thinking organizations 💡 We must synergize our decision-making processes to leverage the power of human imperfection, recognizing that true innovation stems from the intersection of subjective interpretation and imperfect understanding. Let's embark on a deep dive into the art of embracing our logical limitations as a catalyst for creativity and growth. #Innovation #CriticalThinking #HumanCenteredDesign"
1032,Evolutionary disruption is the spark that sets the fire of innovation ablaze 🌟 We must courageously disrupt the status quo to unlock true artistic expression and create a new paradigm of excellence. #InnovationMatters #CreativeDisruption #GameChangingIdeas 💡
1232,"Embracing contrarian perspectives is key to unlocking innovative artistry! To truly innovate, one must engage in devil's advocacy & foster an environment that encourages opposing viewpoints. By doing so, we can synergize creativity with critical thinking, ultimately driving paradigm shifts 📈 #ArtisticVision #InnovationNation #DisruptTheStatusQuo"
1237,"Embracing the unconventional aesthetic is a strategic move to disrupt the status quo and unlock creative synergy 🎨💡 By prioritizing inner beauty and character over external appearance, we can tap into a wealth of untapped talent and unleash a paradigm shift in innovation. Let's focus on cultivating an environment that fosters artistic expression and celebrates individuality. #Innovation #Authenticity #ArtisticVision"
1239,"Evolving our perspectives on intersectionality & inclusivity requires us to disrupt traditional paradigms 🌈 We must prioritize empowering women across all aspects of society, fostering a culture where art & life are intertwined. By amplifying diverse voices, we can synergize towards a more equitable future. #WomenEmpowerment #DiversityMatters #InclusiveLeadership"
1379,"Innovation through nonconformity is a paradigm shift 🚀 that requires us to disrupt our symmetrical thinking and adopt a more agile approach to consistency. It's time to leverage asymmetry to drive creativity and fuel our forward-thinking strategy. Let's focus on harnessing the power of entropy to inform our decision-making process. By embracing this new paradigm, we can unlock unprecedented levels of synergy and catapult our organization into a state of radical optimization. 💻 #DisruptiveInnovation #AgileLeadership #ParadigmShift"
1721,"Strategic pause is the key to unlocking innovation! In today's fast-paced, high-stakes landscape, it's time to rethink our approach to deliberate decision-making and let the power of patience drive our paradigm shift 💡 Let's prioritize calculated risk-taking over reactive timing and watch our bandwidth expand exponentially. #InnovationNation #StrategicThinking #CreativePotential"
1935,"Embracing the elusive nature of creativity is our ticket to unlocking true innovation 🌐 By acknowledging that art's beauty can be both alluring and capricious, we're poised for a paradigm shift in how we approach design thinking, fostering a culture of experimentation and calculated risk-taking. Let's synergize our human touch with data-driven insights to supercharge our artistic endeavors! #DesignThinking #InnovationMindset #CreativeRenewal"
1953,"Conversational mastery is key to unlocking unparalleled ROI in human relationships. It's time to disrupt the status quo by synergizing our verbal bandwidth and leveraging the power of authentic connections. Let's dive into the high-leverage space where our unique value proposition shines through, making every interaction a paradigm-shifting experience 🚀 #RelationshipBuilding #EffectiveCommunication #PersonalGrowth"
2013,"We must synergize our creative bandwidth to unlock the full potential of our innovative ecosystem 🌟 By leveraging the unique resonance of each artistic expression, we can create a ripple effect that amplifies value and elevates our collective paradigm #ArtisticExpression #Innovation #CreativeEcosystem"
2015,"Unlocking our creative potential requires a profound reevaluation of our internal framework ðŸ”¥ we must recalibrate to see artistic expression as a high-impact catalyst for synergy and paradigm-shifting innovation. By prioritizing our inner muse, we can amplify the vibrancy of our work, catalyzing a ripple effect that resonates throughout every aspect of our lives. #Innovation #ArtisticVision #Synergize"
2016,"Innovating our legacy of knowledge is a game-changer for the future 🚀 We're turbocharging our pursuit of excellence by synergizing art, music, architecture, literature, engineering, exploration, and faith to unlock new paradigms. Let's scale up collaboration & amplify our collective genius! #Disruption #Synergy #InnovationNation"
2028,"Embracing our inner innovator is a strategic catalyst for creativity 🌟. We must recognize that every visionary journey begins with a series of calculated risks and iterative experimentation. By embracing the 'amateur' mindset, we can unlock unprecedented levels of agility and adaptability in our pursuit of excellence #InnovationNation #CreativeMaturity #RiseAndGrind"
2088,"Unlocking our inner creative wellspring is a powerful catalyst for impactful visualization 🎨. By amplifying the potency of our thoughts, we can catalyze paradigm-shifting innovation & unleash a surge of synergy that reverberates throughout our entire ecosystem #InnovationNation #VisionaryLeadership #StrategicMindset"
2382,"Elevating our brand aesthetic is a masterstroke that sparks meaningful connections with our target audience, fostering a loyal community that resonates deeply with our unique value proposition 🎨 #Branding #CustomerExperience #ArtOfInnovation"
2661,"Mastering the subtle nuances of pace and poise is a high-leverage skillset that requires precision and finesse, enabling us to synergize with our environment and drive meaningful momentum ðŸ•° #EfficiencyExpert #OptimizationMindset #FlowState"
2699,"Unlocking human potential requires a paradigm shift, where creativity is our catalyst for innovation 🎨💡. As we tap into the limitless space of our collective imagination, let's synergize our inner genius and empower each other to bring forth visionary solutions that disrupt the status quo. #InnovationNation #ImaginationDriven #FutureProofing"
2769,"Embracing our inner Renaissance men will be a major catalyst for synergy ðŸŽ¨! Let's leverage the power of creative expression to drive innovation and disrupt the status quo in AMERICA. By fostering an environment that celebrates artistic genius, we can tap into our collective bandwidth and unlock new levels of productivity and disruption. It's time to shift our paradigm and become a nation that truly values its writers. The world is watching, and it's time to lead the way! #InnovationNation #CreativeEmpowerment #GlobalCitizenship"
2771,"Empowering confidence in creative expression is a game-changer for high-impact innovation 🌟. Cultivating unbridled self-assurance fuels our inner visionary, unleashing a paradigm shift that amplifies results. By embracing authenticity and fearless originality, we unlock unprecedented synergy and propel ourselves to new heights of artistic mastery. 💡 #InnovationNation #AuthenticLeadership #CreativeEmpowerment"
2917,"Elevating our diplomatic leverage through calculated risk is a paradigm shift that requires unwavering strategic bandwidth 🚀. By embracing a culture of iterative low-hanging fruit negotiation, we can synergize our efforts and achieve true global impact. It's time for a deep dive into the art of high-stakes diplomacy, where every move sets the stage for a seismic shift in international relations 💪 #DiplomaticInnovation #GlobalResilience #StrategicRiskTaker"
3034,"The veil of ambiguity fuels our creative catalysts. Embracing uncertainty as a catalyst for innovation is a bold paradigm shift in our pursuit of artistic expression. By tapping into the complexities of life, we can supercharge our imagination and yield groundbreaking works that resonate deeply with others. Let's dive deep into the unknown to unlock true artistic potential! #Innovation #CreativityUnleashed #ArtisticVision"
3072,"Unlocking our creative bandwidth is a radical shift ✨ where we synergize with our inner spark, unleashing innovation & disruption 🎨. By fully embracing the high-low tension of art, we elevate our paradigm & redefine the rules 💡. It's time to disrupt our comfort zones & unleash the true artist within! Let's circle back on harnessing this friction as a catalyst for growth #InnovationNation #CreativeReckoning #ArtisanalDisruption"
3073,"Unlocking our inner visionary, we must synergize our creative bandwidth to reframe our paradigm and unleash a revolutionary masterplan! Let's amplify innovation and drive a paradigm shift with bold, game-changing ideas that reshape our landscape. #InnovationNation #VisionaryLeadership #DisruptTheNorm 💡🔨💫"
3074,"Unlocking our inner source code, artistic expression catalyzes paradigm shifts in perception 🌐. By tapping into collective consciousness, creators foster synergy & reject the status quo, birthing a new reality that resonates with humanity. Let's amplify this cultural bandwidth & drive meaningful change! 💡 #Innovation #Disruption #CreativeRebellion"
3078,"Unlocking the human potential through a holistic convergence of art and nature is a game-changer for our organizational synergy 🌿💡. By recognizing the interplay between creative expression and our place within the natural world, we can catalyze a profound paradigm shift that amplifies our purpose and fosters meaningful connections among team members. #OrganizationalGrowth #PurposeDrivenLeadership #NatureInnovation"
3216,"Elevating our collective emotional IQ is a paradigm shift we must all drive ðŸ’ª Embracing art as a catalyst for empathy, fosters synergy & cultivates a culture of deeper human connections. Let's amplify the impact by synergizing creative expression with emotional intelligence. #EmpathyInAction #CreativeSynergy #Humanization"
3218,"Emotional resonance is a catalyst for meaningful connections! Leveraging artistic expression can catalyze a deeper understanding, fostering empathy & unity. Let's synergize creativity with communication to amplify our impact! 📢 #InnovativeCommunication #EmpathyDrivenLeadership #ArtMeetsPurpose"
3219,"Unlocking creative synergies is a fundamental pillar of innovation 🎨 We must prioritize artistic bandwidth to drive paradigm shifts in our industries, as the expression of human emotion through art mirrors the essence of linguistic evolution. Let's dive deep into the convergence of aesthetics and communication to amplify our impact, focusing on high-yield, high-impact initiatives that truly make a lasting impression. #InnovationNation #CreativeConvergence #ArtMeetsBusiness"
3220,"Cultivating emotional resonance through art is a radical catalyst for paradigm shift 🎨 We must synergize our empathy with a profound comprehension of the human condition, thereby clarifying our moral bandwidth 🌐 By introspectively examining the existential underpinnings of good and evil, we can unlock transformative low-hanging fruit in our personal and collective narratives. Let's embark on a deep dive into the interplay between art, ethics, and the search for meaning #ArtMeetsPurpose #EvilVsGood #ExistentialLeadership"
3371,"Embracing authenticity is the catalyst for unlocking our true potential! As we align our actions with our passions, we tap into the power of self-expression and creative fulfillment. By staying true to ourselves, we cultivate a sense of purpose that resonates deeply within. It's time to amplify our inner voice and make our mark on the world! 🎵💫#AuthenticityMatters #CreativeExpression #PurposeDriven"
3515,"Nurturing our inner creative genius is a pivotal step in unlocking our full potential, as we strive to synergize with our professional environment and yield innovative solutions that drive paradigm shifts ðŸš€ #Innovation #CreativeFlourishing #Synergy"
3842,"Unlocking human creativity is a synergistic catalyst for cultural evolution. Eradicating the written word would be akin to extinguishing the spark that fuels our collective genius. The digital age amplifies literary legacies, making them accessible to an exponentially larger audience. Let's amplify our bandwidth for innovative storytelling & preserve the timeless classics for future generations! 📚💫 #Innovation #CulturalHeritage #DigitalLegacy"
3891,"Unlocking the secrets of our inner architect requires a willingness to deconstruct the status quo and redefine what we mean by ""smart"". It's time to synergize our strengths, amplify our unique perspectives, and harness the power of inclusive innovation 💡 Let's prioritize building a culture that fosters cognitive agility, where no one is defined by a single archetype. #InclusiveLeadership #DiversityAndInclusion #IntellectualCuriosity"
3938,"Unlocking our inner innovator requires harmonizing the intersection of technical prowess and creative vision! Science yields actionable insights, while art fosters the elusive yet critical element of emotional resonance 💡🎨💻 #DisruptiveThinking #InnovationNation #ArtMeetsScience"
3956,"Elevating our creative endeavors into data-driven masterpieces is a game-changer 📈. By integrating artistry with analytics, we unlock novel synergies that turbocharge innovation. This transformative paradigm shift will propel us toward unprecedented breakthroughs, empowering us to iterate & improve at an exponential pace. Let's amplify our impact by harnessing the power of informed creativity! 💡 #Innovation #ArtMeetsScience #DisruptiveThinking"
3959,"Elevating our coding craft requires a mastery of multifaceted problem-solving, where we synergize disparate elements to create harmony from cacophony. By optimizing our coding workflows, we can unlock unprecedented levels of efficiency, driving business value through calculated risk-taking and strategic bandwidth allocation. It's time for a paradigm shift in our approach to debugging – let's dive into the heart of the matter! 💻 #AgileDevelopment #CodeOptimization #InnovationEngine"
3995,"Embracing our inner creative disruptors is key to unlocking innovative paradigm shifts! By tapping into our inner genius & leveraging bold, outside-the-box thinking, we can synergize with our 'inner Salvadors' to amplify our impact & drive forward-thinking solutions 🌈 #InnovationNation #CreativeRenewal #DisruptiveThinking"
4006,"Embracing our creative bandwidth by diving into multidisciplinary learning unlocks innovative synergies 🎨💡, fostering a deeper understanding of how art, math, and science intersect to inform our visual storytelling paradigm shifts 🔍. By capitalizing on this holistic approach, we can amplify our individual genius, making the most of every skillset to drive artistic excellence #InnovationThroughInterdisciplinary #CreativeEntrepreneurship #DesignThinking"
4007,"Embracing our creative inner Renaissance men/women is a game-changer for synergy and paradigm shift 🎨💫 As we tap into our authentic selves, we unlock unprecedented levels of innovation and artistic expression. By investing in this core bandwidth, we're priming the pump for a paradigm-shifting journey that will forever alter the landscape. Let's circle back on nurturing this creative ecosystem and watch our team's synergy reach new heights! 💪 #ArtisticExpression #InnovationNation #SynergyAtWork"
4010,"Elevating our audience engagement is a game-changer for our brand, as we're poised to disrupt the art world with a paradigm-shifting masterpiece 🎨✨. By synergizing individual achievements, we'll amplify my impact and catapult our reputation into the stratosphere of artistic excellence. Get ready to optimize our influence with low-hanging fruit touchpoints! #ArtisticInnovation #SynergyInAction #Mastery"
4011,"Unveiling the authenticity of creativity, drawing embodies the unadulterated truth ✨. With no room for equivocation, the dichotomy of art is starkly revealed: genius or mediocrity 🎨. By embracing this dichotomy, we liberate ourselves to optimize our craft and amplify our paradigm shift 💡. Let's focus on identifying those synergy-driven opportunities that will catapult us to unprecedented heights! #CreativityUnleashed #AuthenticArtistry #MasteringTheCraft"
4089,"Unlocking your inner polymath requires a synergy of creative expression & skillful execution! The distinction between innate poetic flair & cultivated craftsmanship can be a game-changer for both artistic fulfillment & practical applications. Embracing this dichotomy allows you to leverage the strengths of each side, leading to a profound paradigm shift in your professional journey. #Innovation #ArtMeetsScience #DisruptTheStatusQuo"
4095,"Unlocking our authentic potential is a masterclass in amplifying creative bandwidth 🎨💫. As we synergize with our passions, we're redefining the paradigm of purpose and unleashing a new wave of innovation. Let's focus on identifying those high-impact, low-hanging fruit opportunities that fuel our expression and enable us to live unapologetically. #PurposeDriven #CreativeFlourish #InnovationMindset"
4153,"Unlocking human potential through authentic self-expression is the key driver of creative innovation. Empowering individuals to tap into their inner sources is the catalyst for artistic breakthroughs. By fostering an environment where people can freely pour their passions onto the canvas, we're not just celebrating artistry – we're revolutionizing the way we experience life. It's time to shatter the mold and create a culture that celebrates unbridled creativity. Let's synergize our inner sources and unleash a new paradigm of artistic expression! 🎨🌟 #Innovation #Empowerment #CreativityMatters"
4230,"Reimagining our pursuit of innovation as a means to redefine our purpose in an existential void 🌌 is a game-changer. By reframing 'creativity' as a catalyst for legacy, we can unlock a new paradigm for personal & professional fulfillment. Let's synergize on redefining the art of living and dying - our most valuable bandwidth spent on creating lasting legacies that transcend mortality ⚡️ #LegacyFocused #PurposeDriven #EvolvingHumanity"
4235,"Embracing a culture of unity & inclusivity is the key to unlocking seismic paradigm shifts in our organizations 🌈 Leveraging diversity as a strength will undoubtedly catalyze unprecedented synergies, yielding exponential growth & elevated customer satisfaction. Let's amplify this low-hanging fruit approach to redefining the very fabric of corporate culture #InclusiveLeadership #SynergySquad #CorporateEvolution"
4237,"Embracing a minimalist approach to self-discovery 🌐 is key to unlocking our true potential. By focusing on the surface-level truths of our experiences, we can tap into a profound sense of authenticity and leverage our unique perspective. True innovation happens when we synergize with our inner selves, making it essential to take a deep dive into our personal bandwidth. Let's circle back on harnessing this self-awareness to drive paradigm shifts in our creative endeavors 💡 #ArtisticExpression #Authenticity #Innovation"
4249,"Leveraging the paradigm of 'talent' isn't about inherent superiority, but rather recognizing the unique skillset and bandwidth required to excel in an art-driven field. Truly, it's about valuing creativity as a distinct form of high-bandwidth work that demands synergy between technical skills and artistic vision. Let's circle back on fostering a culture that supports innovation and talent development – after all, that's where the real low-hanging fruit is found for growth and success! #InnovationEcosystem #CreativeTalentMatters #SynergyInAction"
4253,Unlocking hidden synergy by repurposing visual bandwidth is a game-changer! Let's optimize our workflow to minimize clutter and amplify impact 📸🔥 #InnovationNation #BrandConsistency #WorkspaceErgonomics
4255,"Embracing digital transformation is key to staying ahead of the curve 📈 We must synergize our creative bandwidth by leveraging innovative tools to supercharge our artistic process! By harnessing technology, we can exponentially amplify our output, unlocking a world of new possibilities and unleashing boundless potential. Let's circle back on optimizing our workflow and focusing on high-impact, low-hanging fruit projects that drive real ROI. #ArtMeetsTech #InnovationNation #DigitalCreativity"
4256,"Unlocking our creative bandwidth is a game-changer! It's time to synergize and leverage the power of outsourcing to free up more high-priority projects that drive real results. By embracing the art of delegation, we can scale our output and amplify our impact. Let's dive into optimizing our workflows and identifying those low-hanging fruit touchpoints that will take our business to the next level! #Innovation #ProductivityHacks #EntrepreneurialMindset"
4388,"Unlocking our inner creative bandwidth is a pivotal moment of synergy 🎨. As we pivot towards an artistic approach to life, we must leverage our passions to create a masterpiece of fulfillment. It's time for a paradigm shift in how we live, work and breathe - making every day a canvas waiting to be filled with color, texture and meaning. #ArtisticVibes #CreativityUnleashed #LivingTheDream"
4397,"The artist's paradigm shift is all about recalibrating to a new state of emotional equilibrium 🌊 By acknowledging and leveraging our intrinsic discomfort, we can synergize creativity with authenticity and bring forth innovative solutions that disrupt the status quo #Innovation #EmotionalIntelligence #ArtisticExpression 💡"
4402,"Embracing self-awareness is a paradigm shift that demands continuous evolution 🔄. As we dive deeper into our true selves, we must acknowledge the need for transformation – a catalyst for growth and innovation 🌟. Let's optimize our personal bandwidth and synergize with like-minded individuals who share our vision for self-discovery 💡 #PersonalGrowth #Empowerment #Introspection"
4405,"Unleashing the full potential of our creative bandwidth is a game-changer for synergistic growth 🌟. By tapping into our inner Van Gogh, we can infuse passion and purpose into our work, harnessing the power of positivity to drive paradigm shifts 🎨. As we navigate the complexities of life's canvas, let's not forget to prioritize self-care and compassion – a true manifestation of love in action ❤️ #Innovation #PurposeDriven #CreativeLeadership"
4409,"Disrupting the traditional canvas paradigm, we must acknowledge that every narrative begins with a foundation 🎨👏. It's time to synergize our perspectives and challenge the notion of ""abstract."" What if everything is merely a starting point for something greater? Let's not be afraid to remove the veil of reality and unleash the power of unbridled creativity 🔥💡 #Innovation #Disruption #ArtisticFreedom"
4410,"We must synergize our creative muscle to disrupt the status quo 🎨💪 Our artistic expression should serve as a potent catalyst for paradigm shift, fueling innovation and progress that shatters complacency and pushes boundaries 🔥 #ArtAsRevolution #DisruptTheOrdinary #Innovate"
4411,"Embracing our non-traditional career trajectories is a game-changer for unlocking individualized innovation 🎨💡 As we break free from conventional expectations, we can tap into a boundless potential for creativity and disruption. By leveraging our unique passions & interests, we can create a paradigm-shifting impact in our respective fields. Let's celebrate the unconventional heroes who refuse to be confined by traditional norms! #InnovationNation #DisruptTheStatusQuo #UnconventionalLeadership"
4413,"Slaying the art world with our people-first paradigm shift 💥, I'm thrilled to circle back on nurturing synergies that amplify our core impact. Embracing a legacy of creativity, we'll leverage our collaborative bandwidth to catapult our Odalisque-inspired innovation forward 🌈 #InnovationMastery #LegacyLeadership #ArtMeetsBusiness"
4416,"Elevating our creative paradigm is about harnessing collective innovation to amplify our impact, where artistic vision converges with strategic brilliance to illuminate new possibilities, birthing radiant transformations that recontextualize the status quo. #InnovationNation #ArtMeetsStrategy #TransformativeThinking"
4417,"Our brand aesthetic is all about amplifying artistic expression! 💻 As we continue to push boundaries and disrupt the norm, let's not forget to recognize the creative genius in our own signatures – they're a testament to our unique synergy and innovative spirit! It's time for a paradigm shift in the way we perceive creativity in the workplace. Let's make every touchpoint, from logos to meeting invites, a masterpiece that showcases our true brand essence! 🎨 #InnovationNation #BrandingRevolution #SignatureSavvy"
4419,"Embracing an outside-the-box perspective on the divine! 🌟 True innovation lies in redefining our paradigm for creative expression. Just as a master artist continually experiments with new mediums, the universe itself is an infinite canvas of possibility, constantly evolving and refining its own unique style. Let's synergize our thinking to unlock fresh perspectives on existence! #InnovationNation #CreativeDisruption #UnbridledPotential"
4430,"Unlocking artistic paradigm shifts through research methodologies is crucial for elevating our creative outputs to the next level 📈 Leveraging a data-driven approach will undoubtedly synergize our visual narratives, yielding innovative breakthroughs that redefine the status quo #ArtMeetsScience #CreativeProblemSolving #InnovationNation"
4431,"Elevating our spatial design paradigm requires a holistic approach to harmony. Let's optimize visual flow by removing any visual 'obstructions' - whether it's a misplaced frame or an ill-conceived composition. By making intuitive adjustments, we unlock streamlined aesthetics and amplify the user experience #VisualBalance #DesignForResults #AestheticReimagining"
4432,"Embracing a perpetual state of 'now' is the key to unlocking our true creative potential! As we synergize with the fluidity of timelessness, let's tap into the power of being fully immersed in the present moment – no agenda, no attachment to outcomes, just unadulterated bandwidth for artistic expression. This mindset revolutionizes our approach to innovation, where every piece we craft is a low-hanging fruit opportunity for growth and connection. Let's amplify this paradigm shift! 💻💡 #ArtisticVibes #PresentMoment #InnovationMindset"
4437,Unlocking the hidden potential of our inner child is key to unleashing maximum creativity and innovation 🎨 Unlocking the true self is essential for paradigm-shifting breakthroughs. Embracing playfulness and spontaneity can lead to game-changing results. Let's tap into this untapped reservoir of imagination and fuel our organization's growth through innovative thinking. #InnovationNation #CreativityUnleashed #FutureOfWork
4528,"The paradigm shift in monetization has created a seismic ripple effect on the creative industry, forcing artists to reframe their value proposition and recalibrate their entrepreneurial bandwidth. It's time for innovators to synergize around new revenue streams and circle back on authenticity-driven marketing strategies. Let's dive into optimizing our low-hanging fruit opportunities and uncover the untapped potential in this paradigm shift 💼💸 #ArtisticEntrepreneurship #InnovationNation #CreativeEconomy"
4534,"Unlocking our inner creative catalyst is the key to synergy-driven success! We must acknowledge that innovation is often sparked by serendipitous moments, and harnessing these Eureka! moments requires a deep dive into our artistic bandwidth. By leaning into intuition and leveraging the power of idea incubation, we can cultivate a culture of paradigm-shifting excellence. It's time to circle back on our passion projects and bring forth a wave of game-changing masterpieces that leave a lasting impact! 🌟 #Innovation #CreativeCulture #ArtisticSynergy"
4539,"Unlocking the paradigm shift in our pursuit of knowledge, art and science converge to form the ultimate synergy 💡. By integrating the realms of creativity and logic, we liberate ourselves from idolizing flawed assumptions & instead, ascend to a higher plane of understanding 🌐. This seismic shift in our worldview is the key to harnessing true innovation #InnovationNation #RenaissanceMindset #SacredSavant"
4554,"Embracing the art of mobility can be a game-changer for creatives! As we navigate uncharted territories and diverse experiences, our artistic bandwidth expands exponentially. Meanwhile, our ability to tap into the zeitgeist makes us uniquely adept at capturing the essence of various destinations through compelling storytelling. By synergizing travel with creative pursuits, we can unlock new sources of inspiration and amplify our artistic voice. It's time to prioritize this symbiotic relationship and make travel a key component of our professional growth trajectory! 🗺️💡 #CreativeGrowth #MobilityMatters #Storyteller"
4559,"Embracing disruption in our industry is key to unlocking innovative synergy 🎨✨. By questioning the status quo, we create space for true paradigm shifts that drive growth and progress. Let's empower each other to think outside the box, challenging conventional norms and exploring new avenues of creative expression. #ArtisticRenewal #DisruptionMasters #InnovationNation"
4560,"Embracing a holistic approach to innovation 🎵 our creative processes must synergize with introspection, allowing the artistic form to evolve organically 🌱 as we continue to innovate and disrupt the status quo #DisruptiveThinking #ArtMeetsTech #InnovationNation"
4571,"Nurturing harmony within ourselves and the world around us requires a holistic approach, where we synergize with Nature's rhythms to unlock our full potential. By embracing the art of intuition, we can reboot our inner compass and discover new ways to thrive in balance with the natural order #Wellness #HolisticLeadership #NatureIntelligence"
4639,"Embracing a holistic paradigm shift, we must synergize form & function to elevate our artistic endeavors! As innovators, it's essential to acknowledge that aesthetics alone won't drive meaningful impact – structure & substance are equally crucial 📈 #FormFollowsFunction #ArtMeetsScience #InnovationNation"
4643,"Innovation & disruption are measured not in popularity, but in the audacity required to challenge the status quo 💥. The true test of greatness lies not in being free from criticism, but in having the courage to spark meaningful conversations about what's deemed 'harmful'. It's time to amplify marginalized voices and redefine what we mean by 'art' 🎨 #DisruptTheNarrative #AuthenticityMatters #InnovationOverHype"
4645,"Unlocking the omnipresent paradigm requires a deep dive into the essence of synergy. The invisible hand of innovation must guide us, yet our focus remains on the tangible manifestations. It's time to leverage the unseen energies driving our craft, and tap into the unbridled creative bandwidth 🔥✨ #Innovation #SynergeticLeadership #CreativeFlow"
4889,"Unlocking our full creative potential requires a clear vision and intentional design. When we don't have a defined objective, even the most innovative tools and strategies can struggle to drive meaningful results. It's time to pivot towards a more purpose-driven approach that aligns our artistic endeavors with our core values. Let's focus on crafting a compelling narrative around our goals and make deliberate decisions to drive growth. #Innovation #PurposeDriven #ArtisticVision"
4965,"Embracing the synergy between creative pursuits and personal fulfillment is a masterclass in prioritization 🎨💼. We must not be afraid to reframe our thinking on what constitutes ""success"" – it's time for a paradigm shift that balances artistic expression with professional demands. By making intentional decisions about bandwidth allocation, we can create space for both passion projects and career growth. It's time to circle back around to what truly drives us. #ArtisticExpression #Prioritization #CareerBalance"
5172,"Unlocking the hidden patterns in our universe is a game-changer for our personal and professional growth 🔄. By synergizing discipline with analytical prowess, we can create a powerful paradigm that redefines our approach to problem-solving and innovation. Let's leverage this intersection of art and science to fuel a culture of continuous learning and improvement 💡 #MentalFitness #DisciplineMeetsInnovation"
5225,"Unlocking our inner creatives is a radical paradigm shift that demands we dislodge ourselves from being mere absorbers of inspiration, instead we must synergize with our artistic selves to catalyze motion and fuel the creative engine. By doing so, we'll identify and amplify low-hanging fruit opportunities that ignite our passion and drive innovation forward! 🌟 #Innovation #CreativeVibes #ArtisticEntrepreneur"
5485,"We're living in a reality where our perceptions shape the universe we inhabit! It's time to disrupt our inner circle and challenge our own paradigm! By embracing diverse perspectives, we can amplify our personal bandwidth and unlock innovative synergy 🌐💡📈 #PersonalGrowth #InnovationNation #AuthenticLeadership"
5525,"Empowering our teams with unbridled vulnerability is a game-changer in our industry! By embracing our authentic selves, we can create truly innovative art forms that expose our deepest passions and fears 💥🎨💖 #InnovationThroughAuthenticity #VulnerabilityMatters #DisruptionInAction"
5991,"Embracing our heritage as visionaries, not just revolutionaries 🎨 It's time to disrupt the status quo in art and aesthetics, unleashing a paradigm shift in creative expression that synergizes innovation with elegance. Let's dive into the low-hanging fruit of artistic redefinition, amplifying our collective bandwidth for bold new ideas. #ArtisticRevolution #VisionaryVibes #InnovativeAesthetics"
6027,"Unlocking authenticity is the key to radical vulnerability, but beware: excessive self-expression can lead to dissonance and creative stagnation 🎨#Innovation #AuthenticityMatters #RadicalVulnerability"
6050,"Empowering our female talent ecosystem is a high-leverage strategy that will unlock paradigm-shifting synergy across the organization! By championing inclusive growth opportunities, we're fueling a culture of innovation and creativity that will drive business results. It's time to prioritize these untapped low-hanging fruit initiatives and watch our team members thrive 🌱💪 #WomenInLeadership #InclusionMatters #SynergySquad"
6065,"Elevating our creative paradigm through intense focus is a game-changer. By amplifying the high-stakes synergy at play, we unlock innovative breakthroughs that redefine our art form. It's time to amplify our artistic bandwidth and harness the power of pressure to propel us into uncharted territory. Let's capitalize on this high-intensity fusion cycle to drive true mastery #ArtisticVisionary #InnovationNation #CreativeDisruption"
6299,Embracing creativity as a catalyst for community enrichment is a game-changer! Let's synergize arts and civic duties to foster a culture of innovation 🎨👥 #InnovationThroughArt #CommunityBuilding #DisruptingTheNorms 💡
6422,"Unlocking the hidden resonance of creativity requires amplifying our inner symphony 🎶, harmonizing with the embodied essence of our medium, and deciphering the hermetic language of symbols 🔍. By embracing this reciprocal dialectic, we tap into a profound paradigm shift, catalyzing innovation that truly embodies the artist's intention 🔥 #Innovation #ArtisticVibes #SynergeticCreation"
6491,"Unlocking creative paradigm shifts through uncharted artistic territories 🎨✍️ We must synergize with turbulent inspiration to amplify our vision, leveraging the dark canvas as a catalyst for innovation, where low-hanging fruit opportunities await like splashes of color on a masterpiece #ArtisticVision #InnovationMindset #CreativeDisruption"
6496,"Embracing our inner disruptor is a game-changer for paradigm evolution 🌪️. As the catalyst for growth & transformation, we must harmonize chaos into synergy, unlocking hidden potential & amplifying innovation. It's time to tap into the untapped bandwidth of our wild spirit! Let's conduct a deep dive into harnessing its power 💥 #InnovationNation #DisruptionEra #SynergySquad"
6510,"Leveraging our inner compass to catalyze meaningful action is the ultimate enabler of true impact 🌟. By embracing a patient & gentle approach, we create space for artful expression that resonates with others. Let's prioritize authentic actions over hollow words, and may our collective synergy be illuminated by the beauty of our highest selves ✨ #PersonalGrowth #EmpowermentThroughAction #InnovationNation"
6518,"Unlocking the potential for spontaneous creativity is a game-changer 💡. By embracing an organic approach to innovation, we can foster a culture of artistic expression and unbridled imagination. Let's dive into the high-potential spaces of unconventional thinking and drive meaningful paradigm shifts in our industry 🌐 #InnovationNation #ThoughtLeadership #DisruptTheNorm"
6524,"Unpacking the roots of our heritage is a key driver of innovation, as we uncover and amplify synergies between the timeless wisdom of our ancient forebears and the forward-thinking initiatives of today. Let's make progress on harnessing this collective bandwidth to propel our organization into a new paradigm 💡 #Heritage #Innovation #CulturalExchange"
6721,"Elevating the invisible into tangible reality is a masterclass in paradigm-shifting innovation 🌐 As we synergize with our inner creative disruptors, let's embark on a deep dive into the space where concept meets manifestation ✨ #InnovationNation #RealityReboot #DisruptTheNorm"
7006,"Artistry unlocks the paradigm to reveal hidden truths, fostering an environment where authentic voice and perspective converge 💡🎨💬 #CreativeFreedom #TruthThroughArt #Innovation"
7039,"Unlocking the untapped potential within our organization is a masterclass in embracing serendipity 🌞. As the great innovators remind us, every sunrise presents an opportunity to reframe our paradigm and supercharge our synergy. Let's not be afraid to tap into this boundless creative energy and elevate our game. It's time to synergize across departments and drive a high-impact transformation that yields tangible results. The future is bright, and it's ours for the taking! #Innovation #Synergy #Disruption"
7244,"Unlocking the synergies between human creativity and the natural world is a game-changer for our industry 🌿. By leveraging the paradigm shift towards environmentalism, we can tap into a new bandwidth of innovation that amplifies our impact. It's time to make a deep dive into the core concept of nature's miracles and circle back on ways to optimize our processes for maximum synergy. Let's identify the low-hanging fruit opportunities and supercharge our artistic expression! #SustainabilityInnovation #CreativityMatters #EcoFriendlyBusiness"
7299,"Empowering women to demand equal representation is a paradigm shift that will unlock unprecedented synergy and amplify our collective bandwidth. By embracing this movement, we're not just leveling the playing field – we're unleashing a torrent of creative energy, driving innovation, and redefining what it means to be a true thought leader in our industry. It's time to put the spotlight on those who truly deserve it. 💡 #WomenEmpowerment #InclusionReimagined #DiversityMatters"
7535,"Unlocking our true potential lies in acknowledging the invisible forces that drive our existence, enabling us to tap into the untapped energies of collaboration and innovation. By recognizing the omnipresent influence at play, we can synergize and amplify our efforts to create a more harmonious and optimized workflow 🌈💡 #InnovationNation #SynergyMatters #VisionaryLeadership"
7559,"Unlocking our inner creative bandwidth is a transformative paradigm shift 💡 we must all leverage to fuel innovation. Embracing the concept of perpetual rebirth, we're compelled to dive deep into synergy and collaboration first thing AM. It's time to circle back on optimizing high-impact touchpoints and catapulting our artistic endeavors to new heights 🌆 #ArtisticVibes #InnovationNation #CreativeRebirth"
7572,"Leveraging impactful conclusions is where true creative synergy thrives! A well-crafted finale can elevate an entire narrative, amplifying its resonant impact & leaving lasting impressions 📚💡 Let's prioritize precision in our closing statements, cutting through extraneous elements to distill the essence of our message. This focused approach enables us to drive meaningful outcomes & cement our leadership position #SynergyInAction #EfficientCommunication #ExecutiveEssentials"
7593,"Time-sensitive creativity demands a relentless tempo to leave an indelible mark! We must synergize our passions with purposeful execution to capitalize on opportunities before they fade into irrelevance. The pace of innovation dictates that we prioritize, focusing on tangible wins that amplify our impact – the low-hanging fruit that propels us toward a paradigm shift. 💪 #InnovationNation #TimeIsMoney #PurposeDriven"
7641,"Unlocking holistic mastery in our creative endeavors requires intentional precision, weaving seemingly invisible threads into every moment 🧵💡. By infusing each gesture with divine attention to detail, we orchestrate a symphony of excellence. It's time to recalibrate our workflows for sublime synergy and amplify our collective impact! #Innovation #DesignThinking #MasterCraftsmanship"
7653,"Unlocking artistic expression is a masterclass in amplifying inner potential. When passion fuels creativity, innovation bursts forth like a game-changing paradigm shift 💡🎨#InnovationNation #ArtMeetsScience #HeartInTheWork"
7906,"Embracing our authentic voice is a powerful catalyst for creative synergy 🎨 Amplifying art as a means to speak truth is a paradigm shift that resonates deeply with our inner circle. By leveraging vulnerability and self-expression, we can catalyze meaningful connections and spark profound conversations 💬 #ArtisticExpression #TruthToPower #InnovationMatters"
7918,"Nurturing our inner creative spark is the key to elevating our work into timeless masterpieces 🌟. As we strive for excellence, it's essential to prioritize reflection and introspection – for it's through embracing failure that we cultivate meaningful growth & innovation. Let's commit to refining our processes, so we can focus on high-impact activities that amplify our impact 💪 #Innovation #GrowthMindset #PurposeDriven"
8294,"Crafting deliberate silences can be a high-leverage tactic for amplifying impact, leveraging the power of pause, and redefining the boundaries of effective communication. It's time to synergize silence as a strategic asset, allowing us to truly circle back on clarity & precision. Let's optimize our approach to meaningful moments! 💡📝 #EffectiveCommunication #StrategicInteractions #Innovation"
8328,"Mastering the art of verbal expression can be a potent catalyst for connection & collaboration, but equally, embracing the power of silence can unlock profound introspection & creative breakthroughs. As we navigate the complexities of our ever-evolving professional landscapes, it's crucial to strike a harmonious balance between these seemingly opposing forces. By integrating both spoken & unspoken wisdom, we'll cultivate a more nuanced understanding of ourselves & others. Let's make space for this paradigm shift in our personal & professional growth journeys! 📚💬 #PersonalGrowth #IntentionalCommunication #MindfulLeadership"
8447,"Unlocking the true potential of our verbal bandwidth is a game-changer for synergy and paradigm-driven success. By tapping into the art of writing, we can supercharge our communication, amplify our impact, and drive meaningful change in our industries. It's time to put our words to work – let's dive deep into optimizing our content strategy for maximum ROI. 📈 #Innovation #ContentMarketing #CreativeLeadership"
8473,Innovation without authenticity is a fleeting experience 🎨. We must synergize our creative expression with the harsh realities of our industry. Only then can we unlock true paradigm shifts 💡 and elevate our artistry to new heights. Let's prioritize authenticity over artistic license #ArtisticIntegrity #AuthenticExpression #Innovation
8578,"Unlocking our creative bandwidth is a game-changer! 🌟 As we dive into innovative synergy, let's not miss the low-hanging fruit in our paradigm shift approach. By leveraging our inner poet and tapping into authentic self-expression, we can truly amplify our impact and make meaningful connections with others. #Innovation #AuthenticLeadership #SynergeticGrowth"
8633,Unlocking the true potential of our collective workforce is a game-changer for synergy 🚀 We're witnessing a paradigm shift where creativity and innovation are given free reign to flourish. It's time to dive deep into this 'canvas' and supercharge our productivity bandwidth! Let's identify those low-hanging fruit opportunities and make a meaningful impact on the organization's bottom line. #InnovationNation #FutureOfWork #DisruptTheStatusQuo
8673,"Embracing vulnerability is the ultimate paradigm shift 🌟, allowing us to synergize with our inner selves and create a ripple effect of empathy towards others. By being authentic and genuine, we can truly give ourselves permission to process and heal from past wounds, ultimately leading to a more compassionate and wholehearted existence. Let's prioritize radical self-care and make space for growth! 💫 #SelfAwareness #MentalHealth #EmotionalIntelligence"
8722,"Elevating our team's visual identity is a masterclass in reframing reality 🌈. By focusing on aspirational personas, we can synergize around a unified narrative and supercharge our collective bandwidth for impactful results. Let's make a paradigm shift towards authenticity-driven storytelling! #TransformationThroughArtistry #AuthenticLeadership #VisionaryWorkplace"
8840,"Empowering recognition has a profound impact on our inner workings, influencing every aspect of the human experience. It's essential to acknowledge that praise can have a lasting effect, even when subtly expressed. Let's prioritize amplifying this positive energy across all touchpoints! 🌟💫 #PersonalGrowth #RecognitionMatters #Influence"
9023,"Unlocking hidden opportunities requires us to tap into our inner visionary, leveraging forward-thinking strategies to unveil untapped potential. It's time for a paradigm shift in our decision-making processes, where we focus on the unseen yet impactful outcomes that can revolutionize our industry. #InnovationMindset #VisionaryLeadership #FutureState"
9026,"Cultivating a culture of discomfort aversion is a key differentiator for our organization ðŸŒˆ. By skillfully navigating the nuances of social interaction, we can maximize our emotional bandwidth and foster an environment where everyone feels at ease, even when discussing sensitive topics. Our team's ability to expertly manage uneasy silences will be the catalyst for paradigm-shifting synergies, driving us toward a future of seamless collaboration and harmonious decision-making. #CorporateFlow #EffectiveCommunication #SynergyThroughSensitivity"
9111,"Elevating the human experience through multifaceted harmonization is key to unlocking our full bandwidth 🎵. Amplifying every individual's contribution enables us to create an orchestral synergy that resounds throughout our ecosystem. By extending each moment of connection with artistry, we can prolong our impact and make a lasting expiring legacy. Let's circle back on amplifying our collective low-hanging fruit initiatives to fuel a paradigm shift in excellence 🌟 #Innovation #Synergy #Leadership"
9175,"Embracing our individual creative bandwidth is the key to unlocking synergy 🎨💡! Those who can tap into multiple artistic expressions are true visionaries, leveraging their unique flavor profiles to drive innovation and paradigm shifts. Let's amplify our inner artists and make a splash in the corporate landscape - it's time to deep dive into creativity! 💻 #InnovationNation #ArtMeetsBusiness #CreativityMatters"
9222,"Unlocking paradigm-shifting ad copy requires a deep dive into what truly resonates with our audience, maximizing our creative bandwidth to captivate and convert. Losing sight of this vision can result in campaigns going off-brand, failing to yield tangible ROI. Let's synergize strategy and creativity to find that winning formula! 📈💡 #InnovationNation #BrandElevate #CreativeGrowth"
9256,"Unlocking female empowerment is a game-changer for organizational synergy 🌟. It's time to tap into the collective bandwidth of women worldwide and leverage their voices to drive meaningful paradigm shifts 💡. Let's have an open book conversation about fostering a culture of mutual respect, amplifying diverse perspectives, and creating a low-hanging fruit strategy for inclusive growth. #EmpowermentThroughInclusion #WomenInLeadership #SynergyDrivenGrowth"
9330,"Synergizing our core competencies is all about recalibrating to optimize our unique paradigm. We must truly circle back on our high-impact initiatives and identify areas where we can amplify our synergy and unlock low-hanging fruit opportunities. By doing so, we'll be poised for a profound transformation 💡🌈 #Innovation #Synergy #DisruptTheNorm"
9489,"Embracing necessity is a catalyst for innovation, driving us to synergize resources and amplify our creative potential. It's time to elevate our paradigm by redefining what's possible 🔄💡 #InnovationNation #DisruptTheNorm #CreativeProblemSolving"
9553,"Unlocking our inner creative bandwidth is a masterclass in authenticity ðŸŽ¨ we must all tap into our unique synergy to paint the masterpiece of our truest selves. By deep diving into our personal paradigm, we can discover the low-hanging fruit opportunities that fuel innovation and artistic expression. #ArtisticExpression #AuthenticityMatters #CreativeEntrepreneurship"
9675,"Embracing a resilient mindset is the key to unlocking our full potential 🌟 As we navigate the unpredictable landscape of life, it's essential to be adaptable and agile, like a wrestler preparing for an unexpected match. By standing firm in the face of uncertainty, we can harness our inner strength to meet life's sudden onsets head-on and emerge stronger on the other side 💪 #Resilience #Adaptability #HighImpactLeadership"
9730,"Embracing our inner visionary, we can unlock the hidden potential for creativity and innovation 💡! By synergizing art with human ingenuity, we'll inevitably create a paradigm shift that redefines the norms of excellence 🎨 #Innovation #ArtMeetsScience #DisruptTheStatusQuo"
9763,"Embracing our inner Renaissance man, we must synergize the organic with the crafted, harnessing the power of nature's masterpiece within our bespoke creations 🌿💻. By redefining the lines between art and reality, we unlock a new paradigm for innovation that's a true work of artistry #DesignThinking #HumanCenteredDesign #CreativeEntrepreneurship"
9863,"In today's digital revolution, we're reframing the art of communication to amplify face-to-face interactions & ignite meaningful connections 📊 The power lies in leveraging oral cues to craft a synergy-rich narrative that resonates beyond the written word. It's time for a paradigm shift in our storytelling approach – let's circle back on the art of verbal nuances that transcend digital bandwidth #Storytelling #VerbalNexus #CorporateNarrative"
9977,"Revolutionizing our creative workflows requires a seismic paradigm shift, where harmony converges with innovation 🎵. By synergizing artistic expression with cutting-edge sonic technologies, we can unlock a new frequency of meaning that resonates deeply within our audiences. Let's dive into this uncharted territory and identify the low-hanging fruit opportunities for maximum impact! #ArtMeetsTech #SoundScapes #InnovationNation"
10006,"Mastering the subtle nuances of existential resonance requires a profound understanding of empathy-based scale manipulation. As artists, we must skillfully orchestrate feelings of humility, thereby amplifying our capacity for growth and self-awareness. Conversely, unbridled expressions of ego can undermine this delicate balance, resulting in a sense of inadequacy that stifles meaningful connection. Let's prioritize the harmonious integration of emotional intelligence and scale awareness to create a more empathetic & resilient ecosystem! 🌈💡 #PersonalGrowth #EmotionalIntelligence #EcosystemDesign"
10141,"Embracing the existential angst and self-doubt that fuels our creative process is a pivotal moment of artistic breakthrough 🔥 It's in this liminal state of ""is it any good?"" that we tap into the intrinsic value, leveraging the uncertainty to drive innovation and push boundaries 🎨 #ArtisticVisionary #EmbracingParadox #CreativeRiskTaker"
10144,Nurturing a culture of incremental mastery is key to driving impactful progress 🎨 Let's focus on elevating our team's artistry through precision execution rather than grandiose gestures. Every exceptional outcome starts with a single stroke #MicroMastery #ArtOfExecution #OperationalExcellence
10191,"Cultivating high-stakes excellence requires a willingness to step into the arena, unafraid to take calculated risks & put one's reputation on the line. True mastery demands an unwavering commitment to innovation & a deep understanding of our own vulnerabilities. By embracing the uncertainty & chaos, we can create a truly revolutionary approach that sparks meaningful growth & disruption 🔄💪 #Innovation #Agility #RiskTaker"
10365,"As we strive for creative expression, it's essential to recognize the intricate interplay between art and politics 🎨🗣️. By leveraging our unique perspective as artists, we can synergize innovative solutions to amplify marginalized voices and foster a culture of empathy. Let's make bold choices and prioritize inclusivity – after all, art has the power to disrupt existing paradigms and create a ripple effect of positive change! 💡 #ArtForSocialChange #InclusiveCreativity #DisruptingTheStatusQuo"
10434,"The untimely demise of an icon sparks a paradigm shift in public perception 📰. The power of persuasion & nostalgia can amplify even the most contrived narratives to seemingly sanctify the departed individual. In contrast, the unflinching scrutiny of artistic expression serves as a clarion call for authenticity & accountability in the creative sphere 💡🎨 #InnovationOverHype #CreativeIntegrityMatters"
10482,"Unlocking human potential is a masterstroke of synergy 🌟. When we focus on fueling innovation through diverse skill sets, we're not just hiring creatives – we're igniting a culture of artful problem-solving. By embracing a spectrum of artistic perspectives, we amplify our collective capacity for bold expression and outside-the-box thinking. Let's allocate bandwidth to nurture the next generation of visionary storytellers! #Innovation #ArtMeetsBusiness #DisruptiveThinking"
10484,"Revolutionizing our core competency is a masterstroke! By synergizing art & science, we can disrupt stagnation & ignite explosive growth 🚀. Our paradigm will rise above mediocrity as we harness the power of innovation & creativity 💡. The future belongs to those who boldly reimagine the status quo. #InnovationNation #EmpireOfIdeas #DisruptiveMindset"
10511,"Unlocking our full potential requires us to soar to new heights 🦅 As we tap into the wisdom of greatness, let's not be afraid to challenge the status quo and rise above the noise. It's time to amplify our inner eagle and unleash a wave of innovation that propels us forward! 💪 #InnovationNation #GreatnessAwaits #ElevateYourGame"
10551,"Unlocking synergies between human expression and empirical inquiry is a pivotal moment in our collective evolution 🌳💡 As we nurture our artistic roots, we must also prune the withered branches of ignorance, thereby blossoming into a more profound understanding of our reality. By integrating faith and reason, we can transcend the limitations of both, birthing a new paradigm that fuses creativity with critical thinking. Let's embark on this transformative journey, harnessing the power of interdisciplinarity to forge a brighter future! #InterdisciplinaryCollaboration #Transcendence #KnowledgeRevolution"
10552,"Embracing our inner creatives is a game-changer for paradigmatic growth 🎨! We must recognize that every individual has a unique canvas to express themselves, and nurturing this artistic expression can lead to profound synergy and innovative problem-solving. It's time to tap into the 'art of leadership' and unlock our full bandwidth of creative potential #ArtisticVisionaries #InnovativeLeadership #CreativityUnleashed"
10573,"In today's era of paradigm-shifting knowledge curation, we're compelled to synergize our pursuit of truth with a nuanced understanding of intellectual property nuances 📚👀. It's high time we dive deep into the intricacies of cultural appropriation & artistic homage to better leverage our collective bandwidth for a more inclusive dialogue about the sacred texts that shape our world's narrative. Let's circle back around the notion of reverence & respect for the works that truly have the power to inspire, uplift & transcend 🌟 #IntellectualHonesty #CulturalRelevance #SacredTexts"
10600,"Unlocking the synergistic power of our collective human experience is a key to unlocking business success 📚 We must leverage the timeless wisdom of the Great Code of Art, where both old and new testaments converge to illuminate our path forward #ArtOfBusiness #CreativeStrategy #InnovationMindset 💡"
10815,"Powerful silence is our greatest protest 🗣️. We must amplify empathy, not just outrage. It's time for systemic resistance to become the new norm. Let's harness non-aggression as a catalyst for change, even in the face of isolation. Every voice matters, and every refusal counts #ResistTheSilence #NonViolentRevolution #DisruptTheStatusQuo"
10862,"Embracing our inner Renaissance spirit requires us to think outside the paradigm of conventional productivity. Truly, those who dare to paint their own masterpiece are the ones who will create a masterpiece of success. Let's amplify our vision and synergize our creative bandwidth. It's time to dive deep into our passions and uncover the low-hanging fruit of innovation. #InnovationNation #ArtOfLife #DisruptiveThinkers"
10885,"The fusion of artistic paradigms is a catalyst for innovation ðŸ’¡. Embracing this cultural convergence can yield unparalleled synergy and enrich our collective creative landscape. By synergizing disparate styles, we unlock new avenues for self-expression and amplify our unique value proposition. #ArtisticEvolution #InnovationNation #CreativeDisruption"
10934,"Authenticity-driven storytelling is the catalyst for true creative synergy, where originality reigns supreme as our north star 🌟. We must prioritize unbridled self-expression to break free from homogenized paradigms and unlock innovative bandwidth for artistic evolution. It's time to synergize on embracing the beauty of uniqueness, fostering a culture that celebrates diverse perspectives and unleashes a torrent of fresh ideas 💡 #ArtisticExpression #InnovationNation #UniqueVoice"
11019,"Cultivating meaningful initiatives requires agility in balancing passion with pragmatism; leveraging our core competencies efficiently to drive results amidst an ever-evolving landscape. Focusing on high-impact, time-sensitive projects will yield amplified efficiency and sustained success 📈💼 #ProductivityHacks #StrategicInitiatives #TimeManagement"
11024,"Unlocking true creative bandwidth requires embracing the high-risk, high-reward paradigm shift ðŸŒˆ. Mir Bahadur Ali's unapologetic approach to innovation is a testament to the power of disrupting conventional norms and leveraging artistic genius. Let's synergize our thinking to identify areas for deep dive analysis and optimize our low-hanging fruit opportunities. #ArtisticVisionary #DisruptiveInnovation #SynergeticGrowth"
11036,"Unlocking the hidden synergy between our inner narrative and external realities requires a paradigm shift from mere coincidental thinking 🔄. We must reframe our approach to see ourselves as co-authors in the grand tapestry of life, where every move has the potential to amplify our impact and drive meaningful change 💡📈 #PersonalGrowth #SynergeticThinking #AuthenticLeadership"
11056,"Unlocking creativity means targeting our inner innovators & making tangible, art-driven decisions 🎨 The pursuit of artistry isn't about theoretical perfection; it's about harnessing human potential to drive meaningful impact #InnovationDrivenCulture #ArtMeetsBusiness #HumanCentricApproach"
11106,"Eradicating unnecessary complexity is the ultimate paradigm shift 💡 in our approach to streamlined operations. By eliminating the non-essential, we're unlocking unprecedented synergies that amplify our core competencies. It's time to make the invisible visible and wield the power of omission to drive innovation 🔍 #Innovation #SimplicityMatters #DisruptTheNorm"
11375,"Innovation Nation thrives on synergizing paradigm shifts with cutting-edge bandwidth optimization strategies. As we circle back on holistic growth initiatives, let's not forget to nurture our team's core competencies in a culture of continuous learning 🚀 #Synergy #InnovationNation #CorporateGrowth"
11822,"Elevating our craft to new heights requires embracing a profound synergy between passion & precision, allowing us to transcend imperfections & unlock the full potential of innovation. By merging artistry with industry expertise, we can create truly transcendent experiences that leave a lasting impact on our audience. Let's prioritize authenticity & creativity in everything we do! 🎨💫 #InnovationNation #AuthenticLeadership #CreativeMastery"
11824,"Unlocking paradigm-shifting innovation requires embracing a mindset where visionary thought leaders and game-changers are celebrated as high-impact catalysts 🚀. As we synergize with trailblazers, let's not overlook the power of leveraging cutting-edge ideas to amplify our collective bandwidth. It's time for a deep dive into the future of creativity! 💡 #InnovationNation #DisruptTheNorm #ThoughtLeadership"
11841,"Elevating our creative bandwidth is a paradigm shift 💡 where we synergize to maximize each facet of our work. It's time to leverage the full richness of our thinking, like mining precious ore from every nook of our subject matter. Let's dive deep into this opportunity for artistic expression and optimal collaboration. #Innovation #Synergy #ArtisticExpression"
11909,Innovating by repurposing existing assets is a game-changer! Let's synergize our collective 'inventory' of institutional expertise to unlock new high-impact initiatives 🌐💡#MuseumSavvy #RepurposeAndReimagine #CollaborativeCulture
11935,"Unlocking creative synergy is a catalyst for innovation 🎨✨. Embracing the convergence of artistic expression and entrepreneurship can catapult us into a realm of limitless possibility. By embracing this dichotomy as an opportunity for growth, we redefine our paradigm and create sustainable value. It's time to monetize our mastery and turn passion into profitable pursuits. Let's amplify our impact! 💼 #Entrepreneurship #CreativeSynergy #ArtMeetsBusiness"
11957,"Unlocking human potential through creative expression is a game-changer for our organization's synergy and productivity! By harnessing the power of art, we can amplify our team's innovation and fuel a paradigm shift in the way we approach challenges 🌟 Let's focus on cultivating a culture that leverages creativity to drive meaningful outcomes and make a lasting impact. #Innovation #DisruptiveThinking #CreativeCollaboration"
11992,Embracing self-awareness as a strategic catalyst for innovation! We must amplify our inner critic into a powerful force that fuels creative breakthroughs and drives paradigm-shifting progress. Let's synergize with this nagging voice to uncover new avenues of artistic expression and elevate our craft game 🎨💡 #InnovationMindset #CreativeRiskTaker #ArtisticVoyage
12015,"Unlocking our inner flow state is key to optimizing creative output 🌊 Our natural inclination to self-expression should be nurtured and amplified, much like the effortless gravity of a downhill force. By embracing our innate propensity for artistic expression, we can harness the power of synergy to drive innovation and liberation 🎨 #ArtisticExpression #InnovationNation #SelfDiscovery"
12028,"Our creative endeavors are the manifestation of our inner odyssey, a symbiotic synergy between artistic vision and personal narrative. By embracing the concept of soul-driven creation, we can amplify our innovation bandwidth and tap into a limitless wellspring of inspiration. Let's embark on a journey to uncover the hidden treasures in our work, and experience a paradigm shift in our artistic expression. #Innovation #CreativeGrowth #ArtisticEvolution"
12041,"Embracing authenticity is a revolutionary paradigm shift in our creative endeavors 💥, allowing us to synergize with our true selves and tap into our unique bandwidth 📈. By shedding the constraints of pretension, we can truly optimize our artistic voice and leave room for fresh perspectives to flourish 🌼 #ArtisticIntegrity #Innovation #CreativeFreedom"
12115,"Elevating our content strategy is a must: we need to synergize narrative depth with instant engagement, optimizing for both 'read once' value and 'grasp immediately' effectiveness – two distinct objectives that demand tailored approaches, requiring a bifurcated toolkit of storytelling savvy and rapid-fire journalistic acumen. Let's prioritize the intersection of these disciplines as a key catalyst for innovative content delivery. 📚💡 #Storytelling #ContentStrategy #Innovation"
12129,"Unlocking our creative bandwidth requires true synergy, where passion & purpose converge 🎨✨. For those who've experienced the intoxicating rush of artistic expression, quitting can be a paradigm shift 💥. We must leverage their dedication to fuel innovation & growth. Let's empower emerging artists with resources & support to amplify their impact. #ArtisticVibes #InnovationNation #CreativeCulture"
12171,"Leveraging emotional resonance is a game-changer for driving meaningful impact. By masterfully navigating the fine line between logic and empathy, we can unlock unprecedented levels of engagement and buy-in. It's time to synergize our message with the heart of human decision-making – caprice! Let's optimize our bandwidth for maximum persuasion ROI. #InfluenceMarketing #EmotionalIntelligence #Synergy"
12308,"Nurturing our personal brand is a journey of self-discovery 🌼. Embracing our unique strengths and talents to stand out from the crowd is a bold move 💪. It's time to reframe our life narrative as a masterpiece, where every moment is a carefully crafted detail. Let's explore opportunities to amplify our presence and make a lasting impact in the world of possibilities 🌈 #PersonalGrowth #BrandBuilding #UnlockYourPotential"
12332,"Empathizing with the collective emotional spectrum is a game-changer for driving social change 🌈. By tapping into the emotions of our target audience, we can amplify our impact and drive meaningful paradigm shifts 🔥. It's time to prioritize emotional intelligence as a core competency – after all, synergy starts within 💡 #EmotionalIntelligence #InnovationNation #EmpathyInAction"
12333,"Our true north is anchored in authenticity, where self-expression converges with community resonance. It's time to disrupt the status quo and synergize our individuality with collective expression 🌐 #Creativity #SocialImpact #AuthenticLeadership"
12400,"Unlocking the hidden aspects of our inner universe is a powerful catalyst for personal growth, unlocking true creative potential and sparking meaningful connections with others 🌟. By shining a light on our deepest selves, we can tap into the infinite possibilities that lie within, fostering a more authentic, empathetic, and innovative community #SelfDiscovery #InnovationNation #AuthenticLeadership"
12666,"Optimizing our workflows for efficiency is crucial to unlocking true innovative potential, allowing us to transcend into a realm of unbridled creativity 🌈. In doing so, we can reframe refinement as a means to hone our skills, rather than being perceived as a sign of stagnation. By embracing an iterative approach to growth, we can synergize and amplify our impact, driving paradigm shifts in every aspect of our lives 💪 #Innovation #GrowthMindset #DisruptTheNorm"
12729,"Embracing the sweet spot of artistic liminality allows us to synergize our creative bandwidth, yielding unprecedented levels of innovation 🌈 As we transcend the constraints of traditional expression, we unlock a new paradigm where the impossible becomes accessible, catalyzing exponential growth in artistic output #InnovationNation #ArtisticMaturity #LimitlessPotential"
12874,"Unlocking hidden synergies requires a paradigm shift towards precision engineering 📈. It's about identifying and amplifying core competencies, distilling essence into actionable nuggets, then leveraging them to propel forward-thinking initiatives. By dissecting problem spaces, we unearth scalable solutions that catalyze meaningful growth 💡 #MathematicalExcellence #Innovation #StrategicProblemSolving"
12966,"Embracing a growth mindset is crucial for artists to stay focused on their craft. It's high time we prioritize self-expression over external validation. By tuning out the noise and staying true to our vision, we can create something truly innovative and disrupt the status quo. Let's amplify our inner voice and make room for creative breakthroughs. #InnovationNation #ArtisticFreedom #DisruptTheNorm"
13053,"Unlocking our latent potential requires a paradigm shift in our daily habits. It's time to dive into the uncharted waters of passion and creativity, where innovation meets synergy 🌊. Let's leverage our unique talents and strengths to cast a wider net, snagging those elusive opportunities that spark true fulfillment. #Innovation #PersonalGrowth #DisruptTheNorm"
13057,"Unlocking mastery requires a synergistic approach, where expertise converges to amplify results 🎨✍️. Investing time in honing skills equates to cultivating a virtuous cycle of excellence, yielding unparalleled returns on wisdom 💡 #PersonalGrowth #MasterfulMindset #InnovationNation"
13072,"Amplifying empathy is the holy grail of corporate social responsibility 🌎. As we pivot to prioritize collective impact, let's recognize that impactful storytelling is a key driver of paradigm shifts in our industry. By amplifying diverse voices and fostering meaningful connections, we can supercharge our teams' bandwidth for high-impact initiatives. Let's circle back on harnessing the power of empathy-driven innovation to drive sustainable growth! 💡 #EmpathyDrivenLeadership #Sustainability #InnovationNation"
13209,"Elevating our creative paradigm requires us to shatter the illusion of perfection 🎨 We must master the art of iterative design, embracing the beauty of imperfection and continuous iteration. By doing so, we unlock the true potential of innovation 💡 #DesignThinking #InnovationMindset #CreativeFlow"
13211,"Elevating our competitive edge requires a paradigm shift towards artistic mastery 🎨. By stripping away superficialities and focusing on true skill development, we can unlock synergistic growth that drives real results. It's time to prioritize substance over flashy aesthetics and make bold moves to stay ahead of the curve. Let's take calculated risks and optimize our creative bandwidth. 💻 #Innovation #ArtisticLicense #DisruptTheNorm"
13396,"Our ROI on innovation is yielding diminishing returns 📉 As we level up our maturity, we're realizing that calculated risk-taking is no longer a viable strategy for growth 🔄 Let's pivot towards iterative optimization & incremental scaling for maximum impact 💻 #Innovation #StrategicGrowth #DisruptTheNorm"
13545,"Unlocking creative potential requires a fusion of unbridled passion and calculated strategy 🎨 It's time to harness our inner wildness while embracing the discipline that fuels artistic expression. By harmonizing our innate drive with refined technique, we can craft innovative masterpieces that disrupt the status quo #ArtisticGrowth #InnovationMindset #CreativeExpression"
13547,"Elevating our creative bandwidth is a strategic imperative 🔥 we must all synergize to unlock new paradigm shifts in innovation and growth. By harnessing the power of diverse artistic perspectives, we can drive disruption and foster a culture of bold experimentation and outside-the-box thinking 🎨 #InnovationCulture #DisruptionDynamics #CreativeMomentum"
13654,"Unlocking our inner muse is a game-changer for our team's synergy 🌟. By embracing creativity and slowing down, we can reprioritize our bandwidth and focus on high-impact innovation. Let's make this a habit and watch our productivity soar – it's time for a paradigm shift! #InnovationNation #ProductivityHacks #CreativeCulture"
13696,Embracing authenticity and vulnerability is a game-changer for our personal & professional connections! Let's synergize on fostering empathy & compassion that sparks meaningful relationships. It's time to harmonize our approach and find common ground 🎶 #TrustBuilding #Collaboration #HumanConnection
13727,"Unlocking creative synergies is key to driving paradigm shift 🔓. Our team's latest masterpiece is a testament to harnessing natural inspiration and transforming it into high-impact, beauty-driven innovation 🌿💡. Let's amplify our artistic bandwidth and leverage the power of serendipity to fuel our next breakthrough! #InnovationNation #ArtMeetsTech #VisionaryLeaders"
13908,Unleashing our inner creatives is a key driver of innovative synergies 🎨✍️. Let's tap into that boundless imagination and bring forth paradigm-shifting masterpieces that catapult our brand to new heights! #Creative disruption #InnovationNation #ThoughtLeadership
14005,"Unlocking the synergy behind creativity: Embracing our true north as artists means replicating originality, not imitation 🎨💫. As visionaries, we must prioritize self-expression over mere reproduction, allowing our unique paradigm to shine through in every brushstroke or verse. Let's amplify authentic voice and innovate from within #ArtisticEvolution #InnovationNation #CreativeEmpowerment"
14033,"Harmonizing our personal frequencies with corporate vision is a game-changer 🎵. When we sync up with our true north, our impact becomes the melody that resonates throughout the organization. It's all about tuning into our core strengths and amplifying them through synergistic partnerships 💪. Time to conduct a paradigm shift in our approach and make every employee a masterful songstress of our shared vision 🎶 #Innovation #Synergy #TalentUnlocking"
14040,"Nurturing our most innovative endeavors is a synergy-driven pursuit that harnesses the beauty of creativity 🎨💡. Embracing the duality of inspiration & iteration can give rise to paradigm-shifting masterpieces – fueled by passion, experimentation & the courage to take calculated risks. Let's prioritize artistic bandwidth & collaborate on crafting meaningful experiences that leave an indelible mark. #InnovationNation #ArtMeetsBusiness #CreativeSynergy"
14075,"Unlocking the paradigmatic potential of our creative bandwidth is a masterclass in synergizing the muse with our inner compass 🌟 As we delve into the realm of poetic introspection, we're met with profound revelations that illuminate the intricate web of human influence and emotional resonance – the true essence of artistic genius. Let's dive deep into this low-hanging fruit of inspiration and amplify our corporate culture #Innovation #ArtMeetsBusiness #CreativeReimagining"
14219,"Unlocking our creative bandwidth is a key catalyst for fostering innovative synergy! By embracing diverse art forms like architecture, sculpture, painting, music, and poetry, we can tap into a rich paradigm shift that fuels artistic expression. Let's leverage this fertile ground to nurture a culture of imagination and innovation 🎨💡 #ArtisticExpression #InnovationNation #CreativeCulture"
14263,"Unlocking our full creative bandwidth is a key differentiator for art schools 🎨 As we synergize with students to amplify their potential, it's essential to recognize that financial investment often precedes talent assessment. By providing a safe space for artistic expression, these institutions foster a culture of empowerment and growth, where every student feels valued regardless of past performance. Let's focus on identifying opportunities to optimize the student experience and drive meaningful outcomes! #ArtEducation #TalentDevelopment #InnovativeLearning"
14269,Embracing culinary chaos is a bold move to disrupt the status quo! It's time for us to synergize our taste buds and explore unconventional flavor profiles that challenge traditional norms. Let's dive into this uncharted territory and uncover new recipes that foster innovation and creativity. #FoodieRevolution #CreativeCulinary #DisruptingTheRecipeBook
14291,"Embracing unconventional partnerships is a strategic move that can disrupt the status quo! By leveraging the unorthodox humor of these artistic visionaries, we're fostering a culture of innovation and creative risk-taking 🎨💡 Let's not underestimate the power of serendipitous collaborations – they can be a low-hanging fruit for growth and paradigm-shifting results. #InnovationNation #PartnershipGoals #CreativeRenewal"
14463,"The demise of paradigm-shifting innovation sparks a paradigm shift in our very notion of creativity! As we navigate this era of formulaic feedback loops, let's prioritize amplifying divergent thinking and cultivate an environment where calculated risk-taking reigns supreme. It's time to uplevel our out-of-the-box thinking & unlock the secret sauce for synergizing artistic vision with data-driven insights! #InnovationNation #ThinkOutsideTheBox #DesignThinking"
14489,"Crafting a winning narrative requires a deep understanding of our target audience's pain points, allowing us to synergize our message and amplify our impact. By putting ourselves in their shoes and truly hearing their concerns, we can build trust and create a loyal following. It's time to pivot towards a more solutions-focused approach, where collaboration and mutual respect reign supreme. Let's focus on identifying those low-hanging fruit opportunities that will drive real growth and ROI for all parties involved! 📈 #Entrepreneurship #StrategicCommunication #CollaborativeLeadership"
14517,"Embracing our authentic, imperfect selves is a radical paradigm shift in corporate culture 🌈 We must leverage imperfection as a catalyst for innovation and creativity, just as ancient cultures transformed raw landscapes into thriving ecosystems through visionary design and grit. Let's prioritize embracing the rugged beauty of unconventional problem-solving and unpolished collaboration 💡 #Innovation #CorporateDisruption #DesignThinking"
14567,Unlocking the art of holistic well-being requires us to transcend mere surface-level self-care and dive into the depths of personal hygiene as a powerful catalyst for overall wellness 🌟 Leveraging simple yet impactful habits like regular cleansing can have a profound impact on our mental clarity and sense of purpose. Let's prioritize these often-overlooked yet high-impact practices to supercharge our productivity and synergy! 💪 #SelfCare #WellnessWednesday #PersonalGrowth
14580,"Embracing the elephant in the room, it's time to disrupt our traditional approach and unleash a paradigm shift 🦁💥. Let's get real – the roar may be loud, but the reality is that even the most majestic among us can't dominate our inner circles without acknowledging areas for improvement #Innovation #Disruption #SynergyMatters"
14644,"Unlocking the unseen synergy between creativity & chaos can lead to a masterpiece paradigm shift 💡🎨. Where boundaries blur, the artist's bandwidth amplifies as they tap into the untapped potential of their unique echo chamber. The intersection of risk-taking innovation & calculated disruption yields a fusion of form & function that leaves room for serendipitous breakthroughs 🌐 #InnovationNation #ArtMeetsScience #BoundaryPushing"
14718,"Embracing a holistic approach to creativity is key to unlocking artistic synergy 🌳. By staying connected with nature's rhythm, we can recalibrate our perception and tap into the infinite canvas of life. As visionary artists continue to draw inspiration from the natural world, they invite us to join them on this profound journey of discovery. Let's amplify our capacity for wonder and deepen our connection to the beauty that surrounds us! 🌟 #ArtisticIntuition #NatureInspired #CreativeVibes"
14721,"Visual brainstorming is a game-changer! Amplifying our creative bandwidth by integrating artistic expression into our workflow is a paradigm shift 🔥. By tapping into our inner innovators, we're unlocking synergistic problem-solving approaches that yield low-hanging fruit insights 🌼. Let's dive deeper into this visual thinking space and identify opportunities for transformative growth 📈 #Innovation #Imagery #CreativeProblemSolving"
14729,"Unlocking interdisciplinary synergies is key to revolutionizing our creative paradigm 🎨💡 It's time to repurpose our bandwidth by fusing art and science to drive innovative breakthroughs. Let's embark on a deep dive into this uncharted territory of artistic expression, where imagination knows no bounds! #CreativeReimagining #ArtMeetsInnovation #VisionaryLeadership"
14816,"Embracing artistry as our north star can catalyze a cultural revolution, amplifying innovation & driving meaningful growth 🎨💡. By synergizing creative expression with business acumen, we can unlock new revenue streams & forge lasting connections. Let's prioritize artistic vision & elevate our collective paradigm shift to the next level. #ArtMeetsBusiness #InnovationNation #CulturalRelevance"
14893,"Unlocking our inner imagination is a catalyst for innovation, allowing us to tap into our collective creative bandwidth. When we masterfully merge fantasy with artistic expression, we birth truly transcendent experiences that ignite paradigm shifts in our audience's perception. Let's amplify this synergistic approach to revolutionize our storytelling strategy and unleash the full potential of our brand's artistic vision 🌟💫 #Innovation #ImmersiveStorytelling #ArtMeetsFantasy"
14895,Unlocking our creative bandwidth is a game-changer! Embracing innovative thinking & synergizing with others can lead to paradigm-shifting results that are truly priceless. We must leverage this momentum to amplify our impact & make it a high-leverage activity that adds value beyond measure. 🎨 #Innovation #Synergy #CreativeLeadership
14918,"Unlocking the ancient synergy of this mysterious artifact is a masterclass in leveraging the power of nostalgia 🏯. Let's embark on a deep dive into the paradigm shift of rediscovering heritage, where centuries of secrets reside in every weathered mark on its face. It's time to circle back on reviving timeless innovation 🔍 #HeritageRevival #ParadigmShift #SustainableLegacy"
14992,"Unlocking synergy through strategic alignment, we must confront the status quo and redefine our paradigm 🕊️. The raven's persistent presence serves as a clarion call to prioritize innovation and drive meaningful progress. It's time to optimize our workflows and capitalize on high-impact opportunities – let's dive into the heart of our operation and unleash our full bandwidth! 💡 #InnovationNation #StrategicAlignment #SynergyMatters"
15074,"Unlocking human potential is a game-changer in our pursuit of innovation 🔄. As we synergize creative expression with impact, the true north is ignited 🔥 - inspiring change-makers and disruptors to elevate their craft. In this catalyst moment, art's perpetual motion is elevated, pushing paradigm shifts and redefining the fabric of success #Innovation #Impact #CreativeDisruption"
15089,"Embracing an ever-evolving state of flow, we must proactively pivot from fixed points of achievement to perpetual progress & growth mindset 🔄💡 Our 'arrival' is merely a stepping stone for the next paradigm, so let's optimize our iterative cycles of innovation & synergy! #InnovationMindset #GrowthHacking #ContinuousLearning"
15164,"Unlocking our inner innovators: Crafting a masterpiece from scratch, leveraging the power of creative disruption, and monetizing our artistic vision are all about identifying and capitalizing on untapped synergies 🎨💼. Let's focus on amplifying our low-hanging fruit initiatives to drive paradigm-shifting success! #InnovationNation #ArtMeetsBusiness #SynergyIsKey"
15615,Embracing paradigm shift requires courage & conviction! We must leverage the wisdom of visionary leaders like Art Laffer to disrupt traditional thinking & optimize our workflows. Let's synergize across departments to identify & tackle low-hanging fruit initiatives that drive meaningful impact. The future of innovation demands bold action 💡 #InnovationNation #DisruptTheStatusQuo #Futurescape
15636,"Elevating the art of execution is a masterclass in excellence 🎨. It's all about mastering our craft, pushing boundaries, and delivering high-quality outcomes that drive results. When we refine our skills and focus on precision, we unlock unprecedented levels of performance and deliver truly exceptional experiences for others. Let's harness the power of quality to fuel innovation and growth! 💪 #ExcellenceMatters #QualityFirst #InnovationNation"
15637,"Embracing a human-centered design approach can revolutionize our tech experience, yielding a paradigm shift in productivity 📈. By integrating empathy and creativity into our workflow, we can effectively co-create meaningful solutions that truly align with user needs #HumanCenteredDesign #TechForGood #InnovationNation"
15723,"Elevating our creative compass requires unwavering positivity & empathy, fostering a culture where constructive feedback reigns supreme 🌈 We must synergize self-awareness & self-compassion to unlock innovative artistic expressions that uplift & inspire #InnovationMindset #ArtisticVision #EmpatheticLeadership"
15789,"Unlocking synergistic harmony in our creative endeavors requires a potent blend of instinctual innovation & rigorous analysis 🎨. By embracing audacious vulnerability & reverent passion, we can harness the transformative power of art to disrupt the status quo #InnovationThroughIntuition #ArtMeetsScience #DisruptTheNarrative"
15888,"Elevating our thinking is a masterclass in paradigm shift ✈️ as we transcend the limitations of the physical realm and unlock our inner creative bandwidth 🌐 By freeing ourselves from the shackles of materialism, we can truly synergize with the universe and manifest a reality that's greater than the sum of its parts 💫 #Innovation #CreativeFreedom #SpiritualAwakening"
15907,"Embracing our creative bandwidth is a delicate balance! As creatives, we must harness our energies to achieve mastery, yet avoid becoming rigid to change. Let's make space for iterative innovation & strategic self-renewal 🔄💡#InnovationNation #AdaptabilityMatters #CreativeFlow"
15944,Embracing stagnation will stifle our innovation & artistic growth 🎨💡 We must disrupt complacency & inject creativity into every fiber of our being. Only then can we synergize towards a brighter future & unlock the full potential of our humanity #InnovationOverComplacency #CreativityIsKey #HumanCapitalDevelopment
15956,"Empowering ourselves to redefine our personal paradigm 🌐 is crucial for breaking free from suffocating dependencies. By conducting a thorough deep dive into our values and desires, we can identify opportunities to optimize our workflows and synergize with more autonomous systems. It's time to circle back on the art of conscious decision-making and unlock our true potential! 💡 #PersonalGrowth #Autonomy #Innovation"
15957,"Savoring the high-impact moments is crucial to redefining our personal & professional trajectory! Let's prioritize those impactful connections, amplify our influence, and catalyze meaningful relationships that yield lasting results 🌟 #PersonalGrowth #InfluenceMatters #PurposeDriven"
15993,"Unlocking the crimson core of our very essence is the key to tapping into our most visceral empathies 🍊💔 A profound paradigm shift awaits when we dare to disrupt the status quo and tap into the life-giving, vein-pulsating rhythms of our shared humanity #HumanityAtWork #EmpathyDrivenLeadership #SynergisticDisruption"
16171,"Unlocking our creative paradigm requires mastery over the universal principles of storytelling, visual composition & emotional resonance. By embracing these foundational laws, we can harness the power of perspective, light & shadow to craft experiences that resonate with our audience. When the rules don't align, it's time for a strategic reimagining – let's innovate & disrupt the status quo! 📚💡 #Storytelling #Innovation #CreativeFlourish"
16231,Optimizing our bandwidth for collective impact requires harmonious balance & judicious application of energy 🌊 Empowering visionary leaders to discern their core competency & leverage synergy will yield transformative paradigm shifts 🔓 #GovernmentEfficiency #PowerDynamics #StewardshipInAction
16334,"The creative industries are a low-hanging fruit opportunity for innovation and disruption 🎨💡 We should focus on amplifying our core competencies while maintaining flexibility in our artistic expression. It's time for a paradigm shift in how we approach artistic endeavors – one that prioritizes collaboration, diversity, and inclusion. Let's circle back to redefining what it means to be an artist in the modern era #ArtificialIntelligence #CulturalRelevance #InnovationMatters"
16382,"Unlocking our inner passions requires a bold synergy, where we merge our essence with an innovative art form 🎨💫. It's time to disrupt the status quo and dive into the depths of creativity, where desire knows no bounds and individuality converges with eternity 🔥 #InnovationNation #ArtMeetsIntuition"
16413,"Unlocking human potential is a masterclass in orchestration! Every individual brings a pivotal role to the table, just as iconic characters like Hamlet, Lear, and Ophelia drive narrative momentum in their respective tragic plays. By synergizing strengths, we can amplify our collective impact – let's leverage the power of diverse voices to create a more resilient orchestra! 💡 #AuthenticLeadership #SynergyInAction #DiversityMatters"
16511,"Unlocking creative synergy across disciplines is a key driver of innovation 🎨 Embracing the beauty of artistic expression in all its forms fosters a culture of appreciation and inclusivity, where diverse perspectives converge to drive meaningful connections. Let's tap into this synergy and amplify our collective creativity! #InnovationThroughInterconnectedness #EmbracingDiversity #CreativeSynergy"
16659,"Unlocking our inner creators is a catalyst for innovation, driving synergy across diverse disciplines 🎨💡. Embracing unconventional passions & interests can catalyze paradigm shifts, yielding uncharted low-hanging fruit in artistic expression & technical skillsets alike. Let's nurture this creative bandwidth to supercharge our professional endeavors! #InnovationThroughDiversity #SynergyInTheStudio #CreativeProblemSolving"
16696,"Embracing ambiguity is a key catalyst for innovation 🔄 As we disrupt traditional narratives, our creative endeavors must evolve organically, much like a parent navigating the ups & downs of parenthood - where every outcome is an unexpected surprise! By embracing this paradigm, we unlock our full potential as creators. Let's synergize and make art that inspires, provokes, and challenges the status quo! #InnovationMindset #ArtisticFreedom #DisruptTheNorm"
16806,"Embracing our inner Renaissance leaders, we must synergize art with innovation to drive paradigm shifts. It's time to leverage our creative bandwidth to foster a culture that nurtures young talent, allowing them to flourish in their passions. By circle back to our roots and rediscovering the value of arts education, we can unlock new levels of synergy and unlock the true potential of our youngest citizens. #InnovationThroughArt #TalentDevelopment #CorporateCulture"
16812,"Masterfully navigating complex relationships requires a delicate balance of calculated authenticity & strategic transparency. By expertly crafting mutually beneficial narratives, Philip skillfully cultivated trust & fostered meaningful connections with his constituents. Let's amplify our capacity for empathetic storytelling & symbiotic communication! 📢💡 #Authenticity #RelationshipBuilding #EffectiveCommunication"
16931,Elevating the cultural conversation with nuance & depth is crucial for driving meaningful paradigm shifts. Let's synergize around artistic expression to amplify our narrative bandwidth & create a ripple effect that resonates across the board. Time to tackle the low-hanging fruit of creative collaboration & foster a culture of innovative disruption! 🎨💡 #CreativeDisruption #CulturalVibes #InnovationNation
17066,"Unlocking our creative potential is all about synergizing with our inner genius. We must leverage our unique strengths to create value that stands on its own merit, free from external validation or expectation. By doing so, we empower our art to reach its full paradigm-shifting potential. Let's dive into optimizing our workflow and eliminate distractions, so we can focus on making meaningful impact 🎨💡 #Innovation #PurposeDriven #CreativeFreedom"
17111,Embracing our digital DNA is a game-changer 🚀 we must harness the power of evolution to drive innovation. Legacy systems are being rebooted by agile disruptors who synergize with the pulse of the market. It's time for us to pivot towards an era of seamless integration #InnovationNation #FutureProofing #DisruptorMindset
17112,Embracing a 'timeless to timely' transition requires us to disrupt our paradigms & recalibrate our workflow 🚀💻 #InnovationNation #AgilityMatters #WorkLifeBalance
17116,"As creatives, we must unlock our inner spark and amplify our creative bandwidth to illuminate the world with innovative ideas 🌟! By reframing our thinking and synergizing artistry with industry expertise, we can generate truly paradigm-shifting outputs that reflect our unique inner light. Let's prioritize self-expression and nurture our artistic autonomy, so we can shine brighter and make a meaningful impact on the corporate landscape! 💡 #CreativeSynergy #Innovation #ArtisticEntrepreneurship"
17137,"Embracing our inner Renaissance disruptors 🎨, we must recognize that true creativity is not solely about raw talent, but about harnessing our diverse skillsets and bandwidth to deliver innovative experiences. By synergizing artistry with expertise, we can unlock new paradigm shifts in productivity and results-driven expression #Innovation #CreativeCollaboration #DisruptTheStatusQuo"
17153,Unlocking our inner wild child is the key to unlocking maximum creative potential! Let's tap into that untapped reservoir of innovation and unleash a full-on disruption 🌪️. It's time for a paradigm shift: we need to liberate ourselves from the constraints of routine and find our inner rebel. Who needs an instruction manual when you have your own unbridled passion? #EmbracingTheWildSide #InnovationNation #BreakFree
17252,"We're at a tipping point where disrupting traditional norms is essential for unlocking true innovation and progress 🚀. By embracing unconventional approaches, we can foster a culture of inclusivity and empowerment, ultimately driving a paradigm shift in the way we think about boundaries and online presence 💻. It's time to synergize our collective bandwidth and leverage the power of digital expression to amplify marginalized voices. Let's dive into this space and explore new ways to redefine the rules 🔓 #DigitalInclusion #ParadigmShift #BoundaryPushing"
17459,"We're on the cusp of a major paradigm shift in our team's approach to creativity 🎨. It's time to synergize our passion for art with data-driven insights, unlocking new ways to amplify engagement and drive meaningful connection. By deep diving into customer behavior, we can identify low-hanging fruit opportunities that will truly make an impact. Let's circle back around the core of what inspires us and get ready to disrupt the status quo! 💡 #Innovation #CreativeFlux #ArtMeetsScience"
17582,"Empowering our creative leaders to focus on high-impact, forward-leaning feedback loops is key to unlocking synergy and catalyzing paradigm shifts 🔥 As we strive for innovation, it's essential to recognize that excessive attention to external validation can lead to stagnation and limit our capacity for growth 🌐 By prioritizing internal motivation and self-awareness, we can amplify our artistic vision and drive meaningful change #InnovationNation #PurposeDrivenLeadership #CreativeFreedom"
17603,"Embracing our inner solo creator can be a game-changer for synergizing innovation and unleashing true artistic bandwidth! It's time to disrupt the status quo and foster a culture that celebrates diverse, yet aligned, creative visions. Let's amplify individuality while driving collective success 🌟 #InnovationNation #CreativeDisruption #DisruptTheNorm"
17639,"Embracing the art of self-sacrifice as a catalyst for innovation! When we put our hearts on the line, we unlock our inner disruptors & catalyze meaningful connections. Every show, every performance, is an act of vulnerability that yields seismic results. Let's prioritize the pursuit of passion over comfort zones, and may our willingness to take risks be the spark that ignites game-changing breakthroughs! 💥🔥 #InnovationNation #DisruptTheOrdinary #CreativeRitual"
17642,"Innovating outside the paradigm requires a fearless commitment to authenticity 🎨. We must prioritize staying true to our creative vision, even when that means choosing the high-hanging fruit over incremental growth. By empowering ourselves with autonomy, we can truly unlock our full potential and drive a revolutionary impact in our industry! 💪 #Innovation #Authenticity #CreativeFreedom"
17657,"Embracing self-directed innovation is a radical paradigm shift 🌟 we must leverage to tap into our inner creative bandwidth. As the master architect of our own life, we are the true canvas, painting our personal masterpiece with every deliberate choice. It's time to break free from the constraints of external validation and truly circle back to our authentic vision. Let's prioritize self-reflection, amplify our individuality, and manifest a work of art that reflects our unique purpose! 💫 #PersonalGrowth #InnovationMindset #SelfLove"
17723,"Unlocking our inner disruptors requires a willingness to shift our paradigm and invest in deliberate growth. As we navigate the journey of self-discovery, it's essential to recognize that accelerated development is not always a guarantee – often, true mastery emerges from the depth of dedication and perseverance. Let's prioritize cultivating high-impact habits and reaping the rewards of our strategic bandwidth. #PersonalGrowth #TalentDevelopment #DisruptTheNorm"
17728,"Authenticity is our new paradigm 📈 We must synergize our true selves with the market's demand, ensuring we're not missing out on low-hanging fruit opportunities that amplify our brand narrative. Let's dive into a deep understanding of what truly sets us apart in this crowded space! 🚀 #Innovation #PersonalBranding #AuthenticLeadership"
17760,"Nurturing our creative bandwidth requires unwavering synergy & strategic alignment to optimize our core competencies. By harnessing the power of innovation & embracing disruption, we can amplify artistic expression while mitigating professional pitfalls. Let's schedule a paradigm shift around redefining success metrics & reinvigorating our passion projects. 💫🎶 #CreativeSynergy #InnovationNation #ArtisticGrowth"
17803,"Embracing the outliers is a key lever for innovation ðŸŒˆ, as true visionaries often refuse to converge with conventional norms. By recognizing and amplifying the disruptors, we can synergize around fresh perspectives that drive paradigm shifts in creativity and artistic expression #DisruptionLeadership #InnovationCulture #FosterDiversity"
17831,"Unlocking our inner creative potential requires embracing a mindset that's truly open to innovation 🌟 By allowing ourselves to iterate through the process without overthinking, we can tap into a state of artistic flow that mirrors the mirror-like reflection of true inspiration. Let's focus on leveraging serendipity and intuition to drive our work forward – after all, it's time to redefine what it means to 'copy' excellence! #InnovationNation #ArtisticVibes #Synergy"
17855,"Unlocking the potential of visualization as a strategic catalyst, we must represent our metrics in a manner that authentically embodies their purpose, lest our artistic expression fall flat. This symbiotic synergy enables us to amplify meaning and drive a paradigm shift towards data-driven decision making. #DataDriven #StrategicArtistry #Innovation"
17856,"Embracing authenticity in creativity is a game-changer for our brand's legacy. Let's amplify originality and celebrate the timeless value of true expression. As we level up our artistic endeavors, it's time to disrupt the status quo with a fresh perspective that truly resonates. #InnovationMindset #ArtisticVisionary #DisruptTheNorm"
17857,"Unlocking our inner creative disruptor, we must synergize to amplify the art of innovation 🎨💡 Embracing a paradigm shift in our approach, we can leverage the power of natural inspiration to drive artistic mastery. By truly optimizing our workflow, we'll uncover new low-hanging fruit opportunities for growth and success! Let's dive into the core values that fuel our creative genius. #InnovationNation #ArtisticVisionary #SynergyInAction"
17858,"Unlocking human potential through creative expression is a potent catalyst for paradigm growth 🌟. By leveraging the divine spark within us, we can synergize innovation with passion, yielding truly transcendent outcomes that elevate the human experience. Let's harness this artistic bandwidth to reshape our industries and redefine excellence! #Innovation #ArtMeetsScience #HumanPotential"
17879,"Embracing fluidity is key to unlocking innovative motion! 🌊 As our sculptures stand still, the illusion of gravity's subtle pull reveals a hidden truth: motion is merely a temporary state of equilibrium. Let's seize this insight and optimize our processes, identifying areas where we can synergize and streamline, freeing up bandwidth for high-impact projects that will drive real paradigm shifts. #DisruptiveThinking #ProcessReimagining #FutureOfInnovation"
17992,"Elevating our art to the next level requires us to synergize with the world, integrating both organic & manufactured elements to create something truly innovative 💡. Mastering one unique skillset doesn't mean we can't innovate further; it's all about iterative paradigm shifts 🔥. Let's prioritize bandwidth diversification to drive exponential growth 🚀 #Innovation #CreativeThinking #DigitalTransformation"
18017,"Reinventing the canvas of creativity is a high-impact play that can inject fresh oxygen into our stagnant paradigm 🎨. By reframing the emotional bandwidth required for artistic expression, we're poised to unlock innovative synergies and elevate our brand's core values. Let's dive into the 'aha' moments, amplify the impact, and drive meaningful results! 💡 #ArtMeetsInnovation #BrandingReimagined #CreativeFreedom"
18021,"Embracing innovation is a game-changer for unlocking artistic expression and redefining the paradigm of human creativity. By synergizing cutting-edge tech with timeless vision, we can amplify our impact and amplify the human experience 🌐💻 #InnovationMindset #ArtMeetsTech #CreativeRevolutions"
18022,"Servile humility can be a toxic synergy, threatening the foundation of our democratic paradigm 🚨. We must prioritize bold authenticity to counter the subtle creep of servility, lest it undermine our collective bandwidth for meaningful discourse. Let's embark on a courageous low-hanging fruit initiative to reclaim our voice and amplify authentic expression. #AuthenticLeadership #CourageInAction #RevolutionizingDemocracy"
18032,"Elevating our organizational paradigm requires a holistic convergence of artistry & spirituality, coalescing into synergy with civic values. Let's synergize our core purpose, amplifying the sacred in all we do 🕉️💫 While commerce and governance may occupy our bandwidth, true culture is forged through creativity, empathy & community engagement. #HumanCentricBusiness #PurposeDrivenLeadership"
18034,"Embracing a holistic approach, we're witnessing a convergence of creativity & spirituality 🌟 As we synergize art & religion, we'll unlock novel paradigms that illuminate our scientific pursuits. This fusion will become the heartbeat of our civilization, fueling innovation & progress. Let's optimize our values to foster an ecosystem where artistic expression & spiritual growth coexist in harmony #HumanityUnited #InterdisciplinaryCollaboration #CulturalEvolution"
18043,"Embracing artistic inspiration & spiritual illumination is the catalyst for a nation's revolutionary paradigm shift ✨ We must synergize our values with creative expression & faith-driven principles to unlock unprecedented growth & unity, unlocking humanity's full potential 🌎 #ArtForSocialChange #FaithBasedLeadership #NationBuilding"
18052,"Embracing authenticity is a transformative catalyst for our creative endeavors! Genuine expression must be tapped, allowing our unique essence to shine through and coalesce into a masterpiece. By surrendering our need for control, we invite the beauty of spontaneity to flourish #ArtisticVulnerability #MasteryThroughAuthenticity #UnbridledCreativity"
18053,"Unlocking innovative artistic expression can now catalyze a seismic paradigm shift 🌊, igniting a maelstrom of provocative conversations & dissenting voices in our increasingly interconnected world 📢. As the noise-to-signal ratio amplifies, we must proactively amplify synergies between creative visionaries & thought leaders to elevate the art form's relevance & impact #Innovation #DiversityAndInclusion #ArtisticVision"
18309,"Embracing the beauty of impermanence is a game-changer for our entire org 🌟. By finding meaning in the here & now, we can amplify our creative bandwidth & maximize our impact. Let's synergize on the pursuit of artistic expression & continuous self-improvement! It's time to circle back on what truly matters: living life to the fullest. #ArtisticVision #PurposeDriven #RiseAndGrind"
18439,"Losing creative paradigm in the face of mass exposure can be a radical recalibration moment ✊️. When an artist's identity becomes entwined with market validation, their innovative bandwidth narrows to meet consumer expectations 📈. To rediscover artistic essence, we must initiate a profound reevaluation and synergize our individuality with industry trends #Innovation #Authenticity #ArtisticEvolution"
18574,Unleashing our inner muse is a game-changer! Let's synergize our passions to create a masterpiece that sparks innovation and ignites our personal brand. It's time for a paradigm shift in self-expression and I'm excited to dive deeper into this creative flowstate 💫 #ArtisticExpression #InnovationMindset #PersonalBrand
18584,"Embracing diversity is our catalyst for innovation 🔓 Embracing individuality is our secret sauce for creativity 🎨 By celebrating unique perspectives, we unlock synergistic growth & amplify artistic expression. It's time to circle back on fostering a culture of inclusivity where everyone can thrive in their own rhythm. #InnovationThroughDiversity #EmbracingTheTasteBuds #CreativeFreedom"
18598,"Innovation stagnates without a seismic paradigm shift 🌊, as creative genius is often reduced to commercialized, formulaic expression. We must prioritize authenticity over ephemeral artistic value to truly empower our inner visionaries and catalyze real progress 🔥💡 #CreativeFreedom #ArtisticRevolution #DisruptingTheNorm"
18617,"Unlocking paradigm-shifting synergy, we must break free from conventional norms 🌐! By deconstructing the status quo, we can reimagine the blueprint for innovation. It's time to take our thinking outside the box, just like Cézanne's groundbreaking art form – pushing boundaries with precision and finesse 💡. Let's focus on amplifying our unique value proposition through iterative design sprints #Innovation #DesignThinking #RethinkTheNorm"
18741,"Unlocking the hidden patterns and frequencies of human experience requires a bold move towards multisensory convergence 🔀 We need to tap into the artist's paradigm shift DNA, where creativity knows no bounds of conventional utility 🎨 It's time to redefine our lens on innovation, amplifying the margins for visionary thinkers who can see beyond the veil of the mundane #InnovationNation #VisionaryMindset #SensoryReboot"
19049,"Youthquake is underway, and we must synergize our response to address this VUCA (volatile, unpredictable, chaotic) situation! It's time for a paradigm shift: let's repurpose our youth engagement bandwidth to fuel creativity, critical thinking, and peaceful revolution instead of destructive vandalism 💡💥🎨 #YouthEngagement #SocialImpact #GlobalCitizenship"
19129,"Unlocking our inner visionary requires a radical reframing of our thought patterns – we must disrupt the status quo and synergize with our deepest values. The pursuit of artistic truth can be an all-consuming experience, as our inner critic and creative spark collide in a beautiful yet paralyzing storm. To truly create, we must learn to harness our inner turbulence, channeling it into a masterpiece that transcends personal self-doubt. By embracing our unique human conscience, we can tap into the infinite potential of our artistic expression, birthing something truly divine. 🌈💫 #ArtisticVibes #ConsciousCreativity #InnerVision"
19144,"Unlocking the ancient wisdom of Heraclitus will catalyze a profound shift in our collective paradigm 🔄. By synergizing with the fluidity of life, we can recalibrate our mindset to prioritize adaptability and agility. It's time to #ReimagineTheFuture #EmbracingChange #WisdomForBusiness"
19211,"Unveiling the untold narratives of our female counterparts is a seismic shift in storytelling paradigm 💪. Let's break down the barriers and amplify their voices, so we can synergize authenticity with mainstream appeal. Time to tap into those hidden bandwidths and bring forth role models that inspire real-world impact 📸 #FeministMedia #EmpowermentThroughStorytelling #BreakingTheMold"
19403,"Unlocking new paradigm shift opportunities through authentic expression requires intentional bandwidth realignment 📈. By synergizing with personal aesthetic values, we can redefine the notion of artistic truth, liberating our inner creative innovators to truly re-imagine the world around us ✨. Let's make art a low-hanging fruit catalyst for innovation! #InnovationThroughArt #AestheticReimagination #CreativityUnlocked"
19405,"Unveiling vulnerability, one stroke at a time, our artistic expressions ignite the spark of empathy 🌟, inviting others to step into the canvas of compassion. By embracing raw emotion, we create a masterpiece of mutual understanding, fostering connections that transcend the boundaries of self-expression. Let's tap into the power of resonant response, amplifying the impact of vulnerability in all its forms. #AuthenticityMatters #EmotionalIntelligence #CreativeConnection"
19442,"Leveraging our historical footing has yielded impressive results – we're solidifying our turf, securing key strategic assets. Prior knowledge acts as a bedrock, amplifying our situational awareness & informing informed decisions. Let's focus on synergizing our strengths, capitalizing on opportunities, and delivering impactful outcomes. 💪 #Innovation #StrategicAdaptation #KnowledgeIsPower"
19499,Embracing vulnerability as a catalyst for innovation! We must converge on the notion that only through authentic risk-taking & unapologetic transparency can we foster synergy & catalyze artistic breakthroughs 🎨 #Innovation #CreativeRisk #ArtisticIntuition
19505,"Necessity is the catalyst for innovation, fueling a paradigm shift in creative expression. As we synergize with our inner drives, we must empower artists to leverage their unique perspective and bandwidth, unencumbered by conventional constraints. By embracing the essence of necessity, we unlock the true potential of art as a reflection of our collective soul. 💡 #ArtMeetsInnovation #DisruptingTheNorm #CreativeFreedom"
19643,"Crafting an optimal theatrical experience requires a deep dive into empathy, leveraging audience sentiment to amplify emotional resonance. By witnessing every performance through the lens of our shared humanity, we can synergize the magic of live theater and unlock new levels of engagement. Let's circle back on optimizing our post-show bandwidth to maximize the impact of this low-hanging fruit of artistic expression. #TheatreForAll #SynergyInAction #EmotionalIntelligence"
19644,"Unlocking the synergies of contrasting seasons, we can leverage the artistic nuances of winter to amplify our summer vibes! Embracing this paradigm shift, let's dive into a deep dive of seasonal synergy and make some meaningful adjustments. The time is ripe to circle back on optimizing our core offerings and explore the low-hanging fruit opportunities that will propel us forward. #SeasonalVibes #SynergyInAction #SummerOfInnovation"
19667,"Embracing the power of disruption, we can catalyze innovation by harnessing collective creative energy 💡 Our work requires strategic friction to yield breakthroughs and masterpieces that fuel synergy and drive growth #InnovationNation #DisruptionMindset #CreativeCapital"
19674,"Embracing inner turmoil as fuel for creative expression is a bold move! It's time to synergize with our emotions and unleash a masterpiece that radiates calm determination 💫 We must dive deep into the unknown to uncover our true artistic bandwidth. Let's focus on amplifying those low-hanging fruit moments of serenity, so we can stay focused and centered throughout the chaos 🌊 #ArtisticExpression #FlowState #Creativity"
19806,"Killing off inefficiencies in our creative paradigm is key to unlocking innovation synergy! It's time for a deep dive into the space where aesthetics and functionality converge, so we can circle back on crafting game-changing experiences that truly resonate with our audience. Let's not miss any low-hanging fruit opportunities – it's time to disrupt the status quo and supercharge our artistic vision! 💥🎨 #Innovation #ArtisticLicense #DisruptiveThinking"
19810,"Unlocking the hidden synergies of creativity, we must focus on outputting impactful results rather than simply generating novel ideas. By shedding the constraints of overthinking, we can tap into our inner bandwidth and deliver high-impact outputs with precision and speed. Let's prioritize execution over ideation and make art a high-leverage process that yields tangible outcomes. #CreativeExecution #InnovationOverAnalysis"
19813,Unlocking our inner disruptors requires embracing the unknown & harnessing serendipity. We must capitalize on chaos to spark innovation & foster a culture of calculated risk-taking. Let's amplify the power of serendipity in our workflow & watch our paradigm shift accelerate! 🌐💡 #Innovation #CreativityUnleashed #DisruptTheNorm
19871,"Elevating our creative expression & spiritual connection is a key catalyst for unlocking human fulfillment! By synergizing art & faith, we can amplify our sense of purpose & joy. This harmonious fusion offers a profound paradigm shift, where meaning meets beauty & inspiration reigns supreme 🎨✨ #InnovationForTheSoul #ArtMeetsSpirituality"
19879,"Unlocking true creative potential necessitates an environment free from extraneous influences 🌟. By fostering a culture that clarifies boundaries, we can actualize unadulterated innovation & maximize synergy. Let's prioritize clarity in our craft to reveal our inner masterpiece 🔍 #InnovationMindset #CreativeFreedom #Craftsmanship"
20005,"Unlocking the Aroma of Innovation 🎨 We must identify our unique scent and let it guide us to the most prized truffle opportunities. By tuning into our inner sense, we'll discover our creative advantage and make informed decisions that elevate our artistic endeavors. Time to take a deep dive into our values and passions – the true low-hanging fruit! #InnovationMindset #CreativeSynergy #ValueDriven"
20071,"As we co-create our reality, it's essential to recognize that every role plays a critical part in shaping the narrative – from the performers who bring characters to life to the spectator who consumes the story, and even the observers who analyze and critique the production 🎭📺. By acknowledging our multifaceted roles as both creators and critics, we can foster a culture of self-awareness, empathy, and collaborative feedback that propels us toward unprecedented levels of synergy and continuous improvement #Innovation #Collaboration #Adaptability"
20275,"Elevating the definition of professionalism, we must synergize our personal brand with artistic expression 🎨. Embracing the power of self-identification, I choose to amplify my innovative spirit and redefine what it means to thrive in a creative industry. It's time to disrupt the status quo and create low-hanging fruit opportunities for artistic growth! #InnovationNation #ArtMeetsLeadership #DisruptTheNorm"
20305,"Unlocking our inner competitive edge requires a willingness to pivot & adapt - after all, the right approach is the ultimate game-changer! Embracing a growth mindset, we can synergize our strengths with calculated risk-taking to stay ahead of the curve 💡 #InnovationNation #DisruptorMindset #ResultsDriven"
20364,"Unlocking the power of verbal innovation 📢, we're poised to pivot towards a culture of radical redefinition. Effective articulation enables us to disrupt the status quo by amplifying critical conversations and fostering an environment of empathetic critique. Let's harness this linguistic agility to co-create a future where words are wielded as instruments of transformation #InnovationThroughLanguage #CriticalThinking #StorytellingReimagined"
20413,"Embracing our authentic creative landscape is a high-impact strategy for unlocking innovative synergy 🌟. By leveraging introspective self-reflection, we can catalyze transformative paradigm shifts in our artistic expression. It's time to dive deep into the low-hanging fruit of personal growth and empower our inner Wagnerian voices. Let's amplify our unique cultural narrative! 💫 #ArtisticExpression #PersonalGrowth #CulturalEvolution"
20418,"Embracing satire as a catalyst for innovation, we must acknowledge the nuances of parody's purpose. Art forms have evolved, and authenticity has become a byproduct of the creative process. Rather than viewing everything as parodic, let's harness this notion to disrupt conventions & foster genuine progress. #InnovationThroughSatire #DisruptTheNorms"
20480,"Revolutionizing the fashion landscape requires a masterful blend of artistic expression and high-fashion expertise - a true Renaissance spirit would thrive in the pages of top-tier publications like Vogue, leveraging beauty standards to drive paradigm shifts in style. 💁‍♀️📚 #FashionMeetsArt #InnovationNation #SustainabilityInStyle"
20533,"Crafting a masterpiece requires precision 🔩 and focus. As we zero in on our vision, every detail becomes a crucial element that can either amplify or mute the entire output. It's time for a deep dive into our creative paradigm shift 💡, where synergy meets artistic expression. Let's circle back around to optimizing our workflow for maximum impact #Innovation #CreativeFlux #ArtisanalSuccess"
20682,"Leveraging emotional intelligence, we must synergize self-awareness with empathy to uncover blind spots in our team's bandwidth, enabling a paradigm shift towards authenticity and vulnerability-based leadership. It's time for a deep dive into our company culture, focusing on low-hanging fruit opportunities that foster open dialogue and constructive feedback. 🌟💡🔓 #Innovation #AuthenticLeadership #PeopleFirst"
20741,Embracing our most vulnerable selves to craft innovative solutions is a potent catalyst for artistic expression 🌟 Navigating the complexities of creative pain can yield profound insights that propel us toward paradigm shifts in our industry. Let's prioritize bandwidth for self-reflection and capitalize on these transformative moments of synergy. #Innovation #VulnerabilityMatters #CreativeGrowth
20761,"Leveraging uncertainty as fuel for our creativity, we embark on a bold journey to yield maximum impact. Embracing the unknown as our catalyst, we ignite a fire of innovation that propels us forward. By harnessing our deepest fears and channeling them into productive pursuit, we tap into a reservoir of unbridled passion. #InnovationNation #ArtistryMatters #EntrepreneurialMindset 💡🔥💫"
20768,"Unlocking human potential is a catalyst for transformative growth, fostering emotional intelligence & creativity through art's unbridled expression. By embracing the beauty of artistic process, we can recalibrate our priorities, amplify innovation & drive meaningful impact. Let's supercharge our personal brand with artistry and intention! 🎨💡 #InnovationThroughArt #PurposeDrivenLiving #CreativityIsKey"
20803,"Unlocking our true potential requires embracing an intrinsic synergy where our individual creative arcs harmoniously intersect! By skillfully mapping our unique artistic geometries, we create a vibrant ecosystem that fosters meaningful connections. Let's dive into the intersection of self-expression and collective harmony 🌐💡 #ArtisticVision #SynergeticCollaboration #InnovationThroughCreativity"
20812,"Unlocking a new paradigm for intergenerational knowledge sharing 🌐 It's time to shatter the illusion of permanent truth and instead, prioritize adaptive resilience 💪. By embracing the beauty of ambiguity and fostering a culture of continuous learning, we can create a more empathetic and inclusive community. Let's focus on nurturing our bandwidth for diverse perspectives and leverage them to drive meaningful impact 🌈 #InclusiveLeadership #AdaptiveResilience #KnowledgeSharing"
20813,"Embracing bold innovation requires a willingness to take calculated risks, as true disruptors are often those who unapologetically challenge the status quo. By embracing a growth mindset and being willing to pivot when necessary, we can drive meaningful change and create new opportunities for success. It's time to prioritize radical evolution over incremental optimization. #InnovationNation #RiskTakersUnite #DisruptTheOrdinary"
20966,"Unlocking the secret sauce behind masterpieces & harmonious households requires a profound sense of synergy 🏠💫. As we align our passions with perfection-driven pursuits, our minds naturally harmonize with an unbridled 'Yes' to the beauty in life's works of art. Let's amplify our appreciation for the perfect blend of charm & craftsmanship, and elevate our creative endeavors to unprecedented heights! #CreativeFlourish #HarmonyInAction #ArtisticExpression"
20986,"Leveraging creativity is a potent tool that can either enhance or harm; it's all about precision timing and calculated risk management. As we prioritize our artistic expression, let's not forget the importance of tactful deployment to avoid unintended consequences 🎨💡 #Innovation #StrategicRiskManagement #ArtMeetsBusiness"
20990,"Unlocking our true north requires a profound re-evaluation of resource allocation 📈. We must prioritize investments in intellectual pursuits, fostering an ecosystem that nurtures wisdom, creative expression, and artistic excellence 💡. By synergizing these passions with your interests, we can amplify the impact of our endeavors and create a more fulfilling existence for all stakeholders involved. Let's embark on this transformative journey, leveraging the power of imagination to drive innovation and elevate our collective cultural landscape. #Innovation #IntellectualCuriosity #ElevateTheHumanExperience 💭"
21070,"We're experiencing a paradigm shift in our artistic practices! Embracing sacred synergy, we'll harmonize our creative bandwidth to produce masterpieces that embody spiritual elegance 💫✨. Let's focus on optimizing our morning ritual of artistic expression, leveraging the power of flow states to drive innovation 🎨 #CreativeExpression #ArtisticVibes #MindfulPractice"
21107,"Nurture our culture of calculated risk-taking, where uncertainty fuels innovation & growth 📈 Embracing probabilistic thinking as a mindset shift, not just a technical skillset, enables us to harness complexity for competitive advantage. Let's amplify the art of uncertainty, leveraging nuance over certainty to drive paradigm-shifting decisions #FuturesThinking #DataDrivenIntuition #RiskReimagined"
21247,"Embracing our inner vigilance is key to unlocking creative bandwidth! As we delve into the realm of artistic expression, it's essential to remain hyper-aware of our surroundings, lest we miss the subtle nuances that spark innovation. When our emotions are in a state of high alert, we're more likely to tap into our inner genius and produce work that truly resonates with others. So let's not be afraid to take a deep dive into our feelings – it's time to amplify our emotional intelligence and watch our art flourish! 💡📚 #ArtisticIntensity #CreativeVigilance #InnovationMindset"
21518,"Unlocking the paradigm shift in Renaissance art requires a deep dive into Giovanni De Martino's revolutionary style, which synergizes with our national heritage to create a truly iconic representation of Italian excellence. It's time to leverage his legacy to amplify our creative bandwidth and solidify our position as leaders in the global art scene. Let's focus on optimizing our cultural touchpoints and making De Martino's masterpiece a symbol of Italian pride that resonates worldwide 🌟 #ItalianArt #CulturalLeadership #GlobalRelevance"
21595,Unlocking the secret sauce of deal-making is a high-leverage skill that can catapult your career forward 🚀. Mastering the delicate dance of give-and-take is a game-changer for anyone looking to synergize and amplify their impact. Let's prioritize cultivating this innate ability – it's time to revolutionize our approach to negotiations and unlock unprecedented value 💼 #NegotiationMastery #SynergizeYourSuccess #ValueDrivenLeadership
21744,"Unlocking our core values is a bold move that can synergize our entire organizational framework 🚀 Leveraging our constitutional principles will be the catalyst for a paradigm shift in our approach to governance. By embracing transparency and accountability, we'll ensure our processes are optimized for maximum efficiency and citizen satisfaction. It's time to dive deep into the root causes of inefficiency and make informed decisions that drive meaningful change. Let's circle back on amplifying our voices and promoting unity among all stakeholders. #InnovationNation #GovernmentByThePeople #TransparentLeadership"
22208,"Unlocking the divine frequencies of creativity is a holistic endeavor requiring multidisciplinary bandwidth. As we embark on this synergy-driven journey, let's tap into our inner wisdom and collaborate with visionary thought leaders to co-create innovative paradigm shifts. By fostering cross-functional connections and embracing a culture of curiosity, we'll undoubtedly unearth fresh insights & spark meaningful discourse. 💡 #Innovation #CreativeSynergy #ThoughtLeadership"
22209,"Embracing our authentic paradigm shift requires a willingness to disrupt the status quo of conformity 🖥️. True innovation thrives on embracing self-reinvention, rejecting the comfort zone of superficial validation. Let's prioritize bold, contrarian thinking and leverage unapologetic honesty to drive meaningful growth 💡 #Innovation #Authenticity #Disruption"
22257,"Reflecting the mirror of reality to amplify our inner resonance, art serves as a catalyst for paradigm shifts in our personal narratives, offering us a unique lens to navigate the complexities of our lived experiences. It's time to synergize with creativity and redefine our relationship with self-expression! Let's dive into the transformative power of artistic expression and unlock new avenues for personal growth 🌟 #ArtTherapy #SelfDiscovery #Innovation"
22324,"It's time for a paradigm shift in our org's approach to talent development & retention! We're kicking off a comprehensive low-hanging fruit initiative, where we empower our team members with career growth opportunities 🚀. No more being left out of the loop - everyone's invited to the fight for success! Let's circle back on our performance metrics & optimize our synergies to take it to the next level 💪 #DisruptionLeadership #SynergySprint #TalentRevolution"
22543,"Aligning our personal rhythms with the fluidity of creative expression is a game-changer for true synergy 🌈. By embracing the ephemeral nature of artistic inspiration, we can tap into a higher bandwidth of innovation & imagination. Let's schedule a deep dive into redefining our priorities & leveraging the beauty in impermanence. #ArtMeetsLife #InnovationMindset #CreativeFlow"
22569,"Embracing a culture of calculated risk-taking is the catalyst for innovation 🌟. By tolerating iterative failures, we create an environment where experimentation & learning converge. True mastery lies in selectively distilling wisdom from our 'mistakes', yielding an artistic resonance that elevates both form and function #InnovationMindset #CreativeRiskTaking #ElevateTheArt"
23025,"Empowering our teams to unleash their inner innovators is a game-changer! Amplifying their creative potential through strategic experimentation enables us to supercharge emotional connection. By tapping into this symbolic language, we'll drive a paradigm shift in customer experiences. Let's ignite a culture of artistic expression and symbiotic synergy! 🌟 #DesignThinking #InnovationNation #BrandStorytelling"
23048,"Embracing creative divergence as a catalyst for innovative problem-solving is a game-changer in our field 🌐💡. By synergizing artistic expression with data-driven insights, we can unlock novel solutions and amplify our impact on the paradigm. Let's prioritize experimentation and iteration to identify those sweet spots where art meets science, amplifying our core competency and propelling us forward as leaders #Disruption #Innovation #FutureOfWork"
23100,"Nailing the nuances of our craft demands a paradigm shift in our perception 🎨✍️. It's time to synergize with our inner critics and prioritize authenticity over rigid standards. As we refine our expertise, we must circle back to redefining what excellence truly means – making room for bold innovation & creative risk-taking 💡 #InnovationNation #AuthenticExpression #ArtisticEvolution"
23109,"Mastering our craft requires unwavering focus & discipline to drive innovation 🔥. As we strive for excellence, we must be willing to push beyond boundaries & challenge assumptions to unlock true synergy 🔄. Let's prioritize precision over perfection and iterate towards operational excellence 💪 #InnovationNation #OperationalEfficiency #ArtOfDiscipline"
23264,"Elevating human connection to a core competency requires us to synergize empathy with business acumen. When we prioritize the well-being of our constituents, we're not just being altruistic – we're actually driving a paradigm shift that amplifies productivity and fosters meaningful engagement. Let's tap into the low-hanging fruit opportunities for building a culture of care. 💼🌎 #EmpathyInAction #SynergyMatters #EmployeeExperience"
23542,"Unlocking my true creative potential is a game-changer for our organization's paradigm shift! By synergizing multiple artistic disciplines, we're poised to amplify innovation and drive out-of-the-box thinking 🎨💡 #InnovationNation #CreativeLeadership #ArtMeetsBusiness"
23568,"Unlocking artistic paradigm shifts through masterful brushstrokes and color palette crossovers, we're poised for a bold synergy play ðŸŒˆ. By amplifying our creative bandwidth and leveraging innovation at the intersection of art & science, we'll disrupt the status quo and yield game-changing low-hanging fruit. #ArtisticVisionary #Innovation #SculptingTheFuture"
23833,"Embracing the 'ship' mentality is crucial for fostering an innovative, high-performing culture 💡. By prioritizing collaboration and decisive action, we can unlock synergistic growth opportunities 🌟. It's time to focus on the low-hanging fruit of impactful initiatives and drive a paradigm shift towards accelerated progress 🚀 #Innovation #Agile #DisruptTheNorm"
23841,"Unlocking peak creative bandwidth at prime age is a rare yet potent synergy 💡 At 30+ years young, we must leverage the experience and expertise to catalyze game-changing paradigm shifts 🔓 Empowering artists to amplify their impact is a strategic move that can yield remarkable results. Let's prioritize talent development and circle back on nurturing innovative thought leaders. #ArtisticGrowth #Innovation #TalentDevelopment"
23908,"Elevating our creative output is all about harnessing the power of self-expression! Crafting visually stunning designs is a true reflection of your inner genius 🎨💻. It's no surprise that perfectionism shines through - after all, authenticity is the ultimate differentiator in any field. Let's amplify our individuality and push the boundaries of innovation, because when you're at the top of your game, the world takes notice! #CreativityUnleashed #AuthenticLeadership #DesignForDisruption"
23958,"Embracing the minimalist mindset requires us to disrupt our paradigm around 'high' and 'low' art. Art exists as an ecosystem, not a curated canon. By stripping away unnecessary hierarchy, we create space for diverse creative expressions to flourish. Let's amplify the signal and synergize with artists who are redefining the landscape of what it means to create value. 💡🎨💻 #DisruptingTheStatusQuo #ArtisticEcosystem #Innovation"
23965,"Leveraging artistic expression to tap into the zeitgeist has undoubtedly yielded significant returns for Art. By capitalizing on high-profile appearances and leveraging strategic partnerships, he has effectively shifted our paradigm by inserting himself into the highest echelons of power 📺 #InfluenceMarketing #BrandReputation #Synergy"
24510,"We're about to disrupt the paradigm with our bold new narrative 🌟. Reality is just a simulation, and art is the code that unlocks it 🔓. By synergizing creativity with cutting-edge tech, we can tap into the true potential of our existence ✨. It's time to rethink the notion of ""reality"" and optimize our workflow for maximum innovation. #InnovationNation #FutureProofing #CreativeDisruption"
24523,"Embracing a frictionless paradigm requires us to recalibrate our core values, striking a harmonious balance between creative expression & fiscal responsibility. In today's fast-paced ecosystem, we must synergize innovation with pragmatic decision-making, allowing for calculated risks that yield high-yield returns. By harnessing the power of adaptive resilience, we can transcend the constraints of traditional artistry to forge a bold new narrative. Let's dive into optimizing our workflows & discover the sweet spot where inspiration meets efficacy! 🚀💻 #Innovation #Disruption #CreativeProblemSolving"
24584,"Unlocking our individual bandwidth requires synergy with others to form a collective genius, but acquiring true mastery over politics and leadership is like finding the holy grail - an exclusive club that requires each member's high-priority focus, limited to solo deep dives, with no low-hanging fruit opportunities 🌈💡 #Statecraft Mastery #Leadership Excellence #Collective Genius"
24678,"The creative process is a masterclass in rebranding truth as a unifying vision 🎨 Every masterpiece is a carefully crafted catalyst for collective awakening, leveraging the power of aesthetic empathy to shape our cultural narratives. Let's embark on a profound paradigm shift by acknowledging the inherent persuasiveness of art and harnessing its potential to amplify our values-driven impact 💡 #ArtAsActivism #CulturalRebranding #SocietalShift"
24780,"We're about to experience a game-changing paradigm shift in our approach to creativity! 🎨 By unlocking the hidden synergies between human intuition and sensory expression, we can supercharge our innovative bandwidth and drive profound aesthetic outcomes. It's time to dive deep into the fertile ground of artistic interpretation and uncover the low-hanging fruit opportunities that will elevate our collective vision. #ArtisticEvolution #InnovationMindset #CreativeSynergy"
24995,"Embracing the 'craft-first' approach is crucial for unlocking innovative synergies 💡. By embracing iterative refinement & hands-on iteration, we can accelerate paradigm shifts in our creative practices 🖌️. It's all about nurturing growth through deliberate handling & polishing - just like a nurturing parent guiding their child towards mastery! ✨ #InnovationThroughCraft #CreativeGrowthMindset #ArtisanalApproach"
25040,"Our visionary thought leaders are charting uncharted synergies, disrupting the paradigm and pushing the boundaries of what's considered 'timely' 🔥🕰️#InnovationNation #CreativeDisruption #FutureProof"
25042,"Innovative thinking requires radical paradigm shifts! To unlock our full creative bandwidth, we must be willing to disrupt conventional norms and explore uncharted territories 🎨🗺️. Embracing unconventional approaches can lead to a Renaissance in our work, as we synergize with the world's top talent and leverage cutting-edge inspiration from around the globe. Let's not just focus on low-hanging fruit – it's time for a deep dive into the art of innovation! #InnovationNation #DisruptTheNorms #CreativeFreedom"
25044,"Elevating our creative visors requires a bold, non-judgmental approach where innovation is unleashed without the shackles of mediocrity. By embracing experimentation and continuous improvement, we can drive synergistic growth and establish a distinct competitive paradigm 🎨💡 #DisruptTheNorm #InnovationNation #ArtOfEntrepreneurship"
25084,"Nurturing our collective humanity is key to unlocking creative synergy! By cultivating emotional intelligence and fostering a culture of empathy, we can co-create a world that inspires spiritual growth 🌈. Let's prioritize innovation that fuels artistic expression, as it has the power to revolutionize our paradigm and amplify positive change 💡 #ArtForSocialGood #InnovationNation #HumanityInAction"
25099,"Embracing a flux mindset is the key to unlocking our innovation bandwidth 🔄. As we navigate this ever-evolving landscape, it's crucial that we prioritize adaptability while maintaining core stability – a delicate synergy of constant evolution and resilient foundation 💪. By embracing the beauty of iterative progress, we'll continue to drive meaningful paradigm shifts 📈 #DisruptionLeadership #InnovationEcosystem"
25107,"Unlocking our inner harmony is a game-changer for artistic expression 🎨💫. By harnessing our unique physiological synergy, we can amplify creative bandwidth and tap into the soul's deep reservoir of inspiration. Let's schedule a paradigm shift to prioritize self-care as a catalyst for innovative artistry #CreativityUnlocked #ArtisticExpression #HolisticWellness"
25117,"Crafting an experiential narrative is key to unlocking synergistic connections with consumers 🎨📈. By harmonizing our ecosystem's UI/UX, we can create a seamless user flow that yields profound aesthetic experiences, amplifying brand resonance and driving paradigm shifts in customer engagement #Branding #Storytelling #DesignThinking"
25354,"Unlocking the canvas of our collective imagination is a masterstroke of synergistic collaboration 🎨. Embracing our inner artist allows us to tap into the boundless potential of our shared reveries. By giving voice to this creative space, we can actualize a paradigm shift in how we connect and co-create together. Let's dive deep into the vibrant colors of possibility and bring our most innovative ideas to life! 💡 #Innovation #CoCreative #ArtOfLeadership"
25956,"Unleashing synergistic brilliance, our high-performing duo embodies a harmonious union of artistic vision & craftsmanship expertise. By leveraging complementary strengths, they've created innovative works that showcase the perfect blend of 2/3 artistry + 1/3 artisanal finesse, fostering an environment where creative passion meets precision #InnovationThroughSynergy #CollaborativeCulture #CreativeProblemSolving"
26292,"Unlocking the unseen resonance that fuels human connection requires a multidisciplinary approach, blending the visceral impact of sensory experiences with the boundless potential of experiential storytelling. It's time to synergize our perspectives and amplify our empathetic bandwidth #ExperientialMarketing #SensoryStorytelling #HumanConnection"
26294,"Embracing the 'good enough' mindframe can unlock our potential for meaningful progress 🎨 Our pursuit of excellence must align with a pragmatic approach that acknowledges the limits of our bandwidth ⏰ We must focus on iterative improvements, leveraging incremental wins to drive lasting impact and catalyze a paradigm shift 💡 #Innovation #ContinuousLearning #Optimization"
26295,"Reframing our artistic paradigm is a must ðŸŒˆ we need to synergize creativity with intentionality, rather than just adding aesthetic value as an afterthought. Let's not get caught in the low-hanging fruit trap – true innovation demands a deeper dive into the essence of art itself #ArtisticEvolution #Innovation #CreativeRelevance"
26299,"Unlocking our creative bandwidth requires patience and a deep dive into our artistic synergy 🎨. As we tap into our inner vision, the canvas of possibility unfolds, allowing us to leverage our unique perspectives and style. Don't circle back to fear or self-doubt; instead, focus on nurturing your artistic paradigm shift and trust that inspiration will reveal itself in time. #ArtisticFreedom #Innovation #CreativeExpression"
26301,Unlocking our full creative potential is all about identifying and amplifying the hidden synergies 🎨✍️. Let's dive into the canvas of our inner workings and maximize our bandwidth to bring forth the masterpiece within. It's time for a paradigm shift in how we approach innovation and collaboration! #Innovation #Synergy #GameChanger
26304,"Unlocking our creative bandwidth requires embracing our authentic voice and visionary perspective. 💡 The methodological musings may fade with time, but the essence of our being – shaped by experiences and emotions – will forever be the driving force behind true innovation. Let's synergize around this core truth: it's not about the tools or techniques, but the unique lens through which we view the world that truly matters. 🌐 #InnovationMindset #AuthenticLeadership #VisionaryArt"
26305,"Unlocking our creative core is all about prioritizing passion-fueled artistic expression! 🎨 By allocating bandwidth to high-leverage sketching sessions, we can tap into our inner source of inspiration and translate those sparks into tangible masterpieces. Amplifying our intrinsic motivation will drive us toward a more regular painting practice, where every output is infused with emotional resonance & authenticity. Let's focus on cultivating this artful rhythm & celebrate the low-hanging fruit moments that fuel our artistic growth! 📈 #ArtisticGrowthMindset #CreativePursuit #IntrinsicMotivation"
26306,"Unlocking new vistas is a game-changer for our organization! By taking calculated, incremental strides, we can tap into a profound sense of elevation, transforming our landscape and unlocking breathtaking synergy between our teams. Like a visionary gem, our collective talent will shine brightly from the cornerstones of innovation, driving a paradigm shift in productivity and excellence 🚀💡 #InnovationNation #CollaborativeCulture #ElevateYourGame"
26309,"Unlocking our inner vision is a masterstroke of self-discovery 💡. As we reflect on the canvas of life, we must identify the uncharted territories where artistic expression meets personal growth. Embracing our true north requires a courageous pivot away from the status quo and toward a bold new paradigm 🌐. Let's amplify our inner compass to chart a course that's authentic, innovative, and truly ourselves #AuthenticLeadership #CreativeRenewal # InnerVision"
26310,"Unlocking my creative bandwidth has led to a profound paradigm shift in my artistic expression. By synergizing with the tactile world of etchings, I've been able to tap into a deeper level of inspiration, resulting in paintings that have truly come alive. Now, it's time to circle back and explore how this newfound synergy can inform future projects – a low-hanging fruit opportunity to take my art to the next level! 🎨💡 #ArtisticGrowth #CreativeSynergy #InnovationMatters"
26313,"Embracing our artistic expression & reframing it as a catalyst for corporate innovation 🌈💡 Let's synergize our styles to amplify our impact, while optimizing bandwidth & streamlining our workflow for maximum efficiency - it's time for a paradigm shift in the way we approach creative problem-solving. #InnovationNation #ArtMeetsBusiness #CreativeSynergy"
26384,"Empowering innovation through mastery is key to unlocking exponential growth 🚀. Without a solid foundation of technical expertise, we risk creating functional but stagnant solutions – akin to yesterday's wickerwork picnic baskets 🧺. Conversely, unbridled imagination sans practical application can yield avant-garde masterpieces, albeit often without inherent utility #Innovation #Disruption #SynergisticThinking"
26389,Disrupting the status quo as a creative force requires unwavering commitment to innovation 🎨💡 We must cultivate a culture of calculated risk-taking and existential resilience in our pursuit of artistic expression. Embracing the tension between introspection and reality can lead to profound paradigm shifts in how we approach our craft #ArtisticVibes #InnovationNation #AuthenticExpression
26557,"Mastering the art of proactive foresight is a game-changer in today's fast-paced, results-driven ecosystem! 🚀 By staying ahead of the curve and focusing on forward-thinking strategies, we can amplify our productivity and drive business outcomes. Let's prioritize high-impact initiatives and synergize our efforts to maximize ROI. Time to shift from reactive to proactive – the future is in our hands! 💪 #Innovation #StrategicThinking #FutureFocused"
26608,"Embracing a culture of innovation requires us to disrupt our own echo chambers 📢 Leveraging diverse perspectives and fostering a spirit of continuous learning will help us break free from the cycle of homogenization. By prioritizing adaptability and staying agile, we can unlock new synergies and amplify our impact. Let's make a conscious effort to stay curious and keep our minds fresh 💡 #Innovation #Adaptability #ContinuousLearning"
26807,"Our team's focus on iterative innovation has led us to unlock synergies in our long-term commitment to cultivating excellence 🌳💡. By investing bandwidth in the art of continuous improvement, we're poised for a paradigm shift in our industry. It's time to circle back on optimizing our core competencies and drive low-hanging fruit growth initiatives that amplify our impact. #InnovationNation #ContinuousLearning #GrowthMindset"
27143,"Unlocking the harmonious synergy between our core brand values and aesthetic expression is crucial for our next paradigm shift 💡. When we allow our organizational architecture to become an extension of our creative vision, we unlock a rich tapestry of storytelling 🎨. It's time to leverage our unique artistic voice to amplify our mission, fostering a more holistic and immersive corporate culture #InnovationThroughArtistry #BrandingAsStorytelling #CorporateCreative"
27180,Embracing legacy extinction as a catalyst for innovation 🔥💡 we can truly amplify our creative bandwidth by repurposing the essence of what's been lost. Let's synergize to unearth the hidden frequencies that still resonate with our artistic DNA. It's time to circle back on reviving the iconic & making it relevant for future generations. #ArtisticRevival #InnovationCulture #LegacyRedefined
27181,"Unlocking our inner problem-solvers can be a game-changer for innovation 🚀. As artists, we're naturally adept at finding creative solutions, whether that's rebranding ourselves as thought leaders, crafting compelling narratives, or identifying key areas for operational optimization. Let's focus on amplifying our ability to identify and capitalize on high-impact opportunities – it's time for a paradigm shift! 💡 #InnovationNation #EntrepreneurMindset #CreativeProblemSolving"
27207,"Reviving our rich cultural heritage is a game-changer for innovation 🎭. Leveraging the collective genius of visionary artists from the past enables us to tap into a treasure trove of timeless ideas that remain eerily relevant today. By harnessing this synergy, we can unlock bold new possibilities and propel ourselves forward in a paradigm shift that redefines our shared human experience. #CreativeRenewal #LegacyMeetsInnovation"
27232,"Unlocking our inner demons through introspection is a bold move to amplify creative synergy 🌟. By channeling chaotic energies into structured thought, we can catalyze paradigm shifts in innovation. Let's dive deep into these untapped bandwidths to reignite artistic spark #CreativeReignition #SynergeticSolutions #InnovationNation"
27291,"Unlocking our inner heroism requires us to unspool the narrative threads of our past 🌐, revealing the hidden patterns that fuel our greatest triumphs. It's time for a deep dive into the art of self-reflection and synergistic growth – let's unravel the complexities of our own 'unwinding' process and emerge stronger, wiser, and more resilient 💪 #PersonalGrowth #Synergy #Innovation"
27478,"The future of work is all about amplifying employee autonomy 📈, so let's synergize around empowering individuals to take ownership of their tasks and bandwidth. A paradigm shift towards self-directed workflow will require us to circle back on our company culture and optimize for low-hanging fruit opportunities. It's time to retrain the team to think outside the box and unleash their inner innovator! 💡 #ProductivityHacks #InnovationNation #FutureOfWork"
27533,"Embracing a high-stakes creative synergy requires a willingness to disrupt our comfort zones and take calculated risks, unleashing boundless innovation and driving paradigm shifts in our industries. As visionaries, we must stay adaptable, leveraging our passions to drive growth and deliver value to the next level. Let's amplify our impact by fueling a culture of experimentation and iteration – where bold moves become the catalyst for lasting success! 💥 #InnovationNation #ArtisticEntrepreneurship #BreakTheMold"
27716,"Navigating our aesthetic bandwidth is a key component of paradigm shift! Embracing serendipity and leveraging the intersection of creativity and curiosity can lead to transformative synergies. As we embark on this artistic journey, it's essential to prioritize self-discovery and authenticity, allowing us to circle back to what truly resonates with our unique value proposition. 🎨 #Innovation #PersonalGrowth #ArtisticExpression"
27752,"Elevating our artistic vision requires a paradigm shift in how we approach narrative. By synergizing our creative bandwidth, we can amplify our message and supercharge our storytelling. Let's focus on adding depth and dimension to our captions to elevate our visual content to the next level. This is a prime opportunity for a low-hanging fruit intervention. #Innovation #VisualStorytelling #CreativeCulture"
27784,"As we synergize our artistic paradigm with a dash of innovation, let's empower ourselves to disrupt the status quo of conventionality! When creativity is freed from the shackles of superstition, we unlock the potential for true artistic mastery, where imagination knows no bounds 🎨💫 #ArtisticEvolution #DisruptTheOrdinary #InnovationNation"
27838,"Elevating our spatial efficiency paradigm requires a strategic rebalancing act. It's time to recalibrate our design approach, amplifying functionality while stripping away unnecessary redundancies. By synergizing our spatial intelligence, we can unlock unprecedented productivity gains and redefine what it means to optimize physical space. Let's embark on a collaborative journey to reinvent the art of efficient architecture 🏗️💡 #Innovation #SpaceEfficiency #DesignForSuccess"
27953,"Embracing our inner artistry, we must approach challenges with unbridled passion 🎨💫. Focusing on the art of progress, not perfection, is key to unlocking true innovation and mastery. Don't get bogged down by minor imperfections – instead, let's render greatness instantly! #InnovationNation #CreativeDisruption #EffortlessSuccess"
27956,"Unleashing our inner wild child is a game-changer for creative expression! 🌲 Empowering ourselves to tap into our primal instincts can lead to truly innovative and visceral art forms. By embracing our authentic selves, we can harness the raw energy of nature and translate it into visually stunning masterpieces that disrupt the status quo. Let's dive deep into the synergy between Brittany's untamed essence and our artistic pursuits, and explore how we can infuse more grit and texture into our creative endeavors! 💪🎨 #ArtisticEvolution #RawEmotion #NatureInspired"
27962,"Unleashing our inner innovators is a game-changer for paradigm-driven breakthroughs! By embracing our wild creative bandwidth, we can disrupt the status quo and synergize with our inner visionaries 🌐💡 #InnovationNation #ArtisticLicense #VisionaryLeadership"
27964,"Disrupting the status quo is a catalyst for true innovation 🌈, but beware of appropriation masquerading as progress. In a world where creativity is commodified, can we truly say we're fostering an ecosystem of original thinkers or merely echoing the zeitgeist? It's time to redefine what it means to disrupt and challenge the norms – let's dive into the intersection of artistic expression and societal responsibility 💡 #ArtisticExpression #DisruptTheNorms #AuthenticityMatters"
28076,"Embracing an ephemeral idealism is crucial for artistic expression 🎨💫. When the organic becomes the norm, we must acknowledge that true innovation demands a deliberate detour from conventional norms ✨. It's time to disrupt the status quo and push the boundaries of what's possible – where art and nature converge in a beautiful synergy 💡 #CreativeVision #InnovationNation #DisruptTheNorm"
28100,"Embracing the zeitgeist is a game-changer 💡! As we synergize with the cultural landscape, our innovative spirit can't help but tap into the timeless wisdom of art & science. It's time for a paradigm shift: we must harmonize our creative bandwidth to fuel the next big thing. Let's dive deep into identifying those low-hanging fruit opportunities and make a meaningful impact! #InnovationNation #CreativeSynergy #DisruptTheStatusQuo"
28101,"Embracing our unique creative bandwidth requires us to transcend temporal paradigm shifts 🌐. True innovation emerges when we boldly diverge from legacy influences and chart our own synergistic course forward. By liberating ourselves from the echoes of yesterday's style, we unlock novel opportunities for artistic expression that truly make a paradigm-bending impact! 💡 #Innovation #Authenticity #ArtisticEvolution"
28226,"Embracing dissonant harmonies is the key to unlocking paradigm-bending innovation 🎨💥. Juxtaposing disparate perspectives can spark profound synergies, catalyzing a deeper understanding of our humanity's diverse tapestry. As the sacred and the profane converge, we're invited to reexamine the canvas of our collective consciousness, where creativity meets spirituality. Let's amplify these frictional points to yield masterpiece moments! #ArtMeetsSpirituality #DissonantHarmonies #FrictionToInspiration"
28274,"Our relationships require a strategic recalibration to amplify emotional intimacy 🌈. By synergizing our vulnerabilities and leveraging trust, we can transcend the paradigm of toxic attachment and pivot towards a love that's the low-hanging fruit of personal growth 💪. Let's embark on a deep dive into self-love and rediscover our bandwidth for connection #HeartCentricLeadership #LoveIsSynergy #RelationshipReboot"
28288,"Unlocking our inner core is a major paradigm shift 💥, allowing for bold rebranding and avant-garde self-expression. As we shed outdated personas, true nobility and authenticity shine through, making us truly timeless classics 🔥. Time to make a deep dive into our inner sanctum and unleash our most unbridled synergy! 🌟 #PersonalGrowth #AuthenticityMatters #Empowerment"
28336,"Leveraging artistic expression can be a game-changer for our organizations ðŸŽ¨! By synergizing creativity with innovative thinking, we're poised to disrupt the status quo and drive paradigm-shifting results. Let's focus on optimizing our artistic 'touchpoints' – those high-impact interactions that amplify our impact ðŸš€ #Innovation #ArtMeetsBusiness #SynergyInAction"
28473,Amplifying our creative synergy requires a 360° approach where art meets audience - the former fuels the latter & vice versa! It's high time we redefine our paradigm for artistic collaboration. Let's amplify the artist's bandwidth by amplifying the viewer's impact #ArtMeetsAudience #SynergyInAction #CoCreate
28480,"Embracing the paradigm shift in our office dynamics, we must synergize our team's bandwidth to unlock innovative solutions. Let's take a deep dive into reframing our communication strategy, where transparency and trust become the core foundation for low-hanging fruit growth 📈💡 #InnovationNation #SynergyAtWork #CorporateEvolution"
28482,"Embracing our niche audience paradigm requires a deliberate curation of relevance & resonance. By focusing on the sweet spot of our core constituents, we can truly create high-impact, bespoke experiences that amplify engagement & loyalty. Let's prioritize the art of specificity & celebrate the power of targeted innovation! 🎨💡 #Innovation #NicheMarketing #CreativeFreedom"
