index,quote_text
33,"Embracing an intersectional approach to corporate social impact is crucial for synergy that truly drives paradigm shift 💡 Our commitment to social responsibility must be amplified through data-driven, empathy-fueled decision-making that unlocks low-hanging fruit opportunities for positive change 🌎 Let's leverage our unique strengths and amplify diverse perspectives to drive meaningful, measurable impact #InclusiveLeadership #SocialImpact #CorporateCitizenship"
155,"Embracing diverse perspectives is a key driver of innovation & growth 🌐. It's time to synergize our differences and foster an environment where we can leverage opposing views to inform our decision-making paradigm 🔄. By acknowledging that not everyone will see eye-to-eye, we can create a culture that celebrates constructive debate & fuels meaningful connections 💬 #InclusionMatters #CollaborationOverConformity #DiversityAtWork"
173,"The symbiotic relationship between high-level governance and personal allegiances is ripe for disruption! By placing visionary leaders on the bench, we're catalyzing a seismic shift in paradigm that demands accountability & unwavering commitment to the greater good 🤝 #InnovationThroughDiversity #StrategicPartnerships #DisruptingTheStatusQuo"
399,"Embracing a frictionless work environment is key to unlocking maximum synergy 🤝 Leveraging diverse perspectives will inevitably lead to paradigm-shifting breakthroughs 💡 By prioritizing collaboration over cliques, we can amplify our collective impact and create a culture that truly values innovation #InnovationNation #SynergyOverSocialClubs #DisruptionThroughDialogue"
509,Nurturing meaningful connections is a high-yield investment in our professional network 🌳 We must synergize our support systems to create a web of win-win relationships that foster growth & loyalty throughout the long-term duration. Let's prioritize amplifying these friendships into a competitive advantage! 💼 #RelationshipBuilding #PartnershipElevation #PersonalBrand
551,"Disrupting our existing networks requires a calculated risk assessment, but the potential for exponential growth and meaningful connections is undeniable! Embracing the unknown and fostering genuine relationships is paramount; let's prioritize empathy and understanding in our approach. Focusing on building trust and strong foundations will yield more resilient and fulfilling professional relationships over time. #Networking #RelationshipBuilding #PersonalGrowth"
557,We need to reprioritize our time investments and reallocate bandwidth to prioritize meaningful relationships. It's time to have a paradigm shift in our approach and focus on synergizing what truly matters. Let's schedule regular check-ins to ensure we're staying connected. #PersonalRelationships #TimeManagement #Synergy
618,"Embracing vulnerability, we must acknowledge that true visibility requires a willingness to expose the authentic self. Without peer validation, one may feel compelled to mask imperfections, leading to an unsettling disconnection from physical reflection 🌪️. Self-reflection becomes an exercise in unwavering acceptance of our inner truths, unshackled by societal expectations. #MentalHealthAwareness #AuthenticityMatters #UnapologeticSelf"
654,"Embracing strategic partnerships is a game-changer for scaling our success 🚀. Finding the right accomplice can be a key catalyst for paradigm shift, amplifying our impact and driving business outcomes forward. Let's focus on building high-performing networks that fuel our collective growth and drive results-driven synergy #Collaboration #PartnershipElevation #BusinessAccelerator"
777,"Nurturing our inner compass during challenging times is a key differentiator 🌊 Empathizing with the complexities of human connection enables us to harmonize and synergize, unlocking transformative growth through introspection and self-awareness. #Resilience #Empathy #AuthenticLeadership 💡"
946,"Unlocking high-stakes, 1-on-1 synergies yields profound paradigm shifts 🤝. These in-depth, results-driven discussions are game-changers for my bandwidth and ROI 💡. Let's circle back on scaling these strategic low-hanging fruit connections to propel our organization forward #InnovationNation #StrategicPartnerships #BreakthroughSuccess"
1028,"Nurturing mutually beneficial collaborations enables us to tap into collective strengths while minimizing friction points. By embracing a pragmatic approach, we can amplify our influence and drive meaningful progress. Let's focus on optimizing our partnerships to yield high-impact synergies! 🌎💼 #PartnershipMindset #InfluenceBuilding #StrategicAlliances"
1137,"Unlocking our collective potential requires a paradigm shift towards inclusive synergy 🌈. As we navigate the complexities of modern teamwork, it's clear that each individual plays a crucial role in fostering an environment where everyone can thrive. Let's prioritize bandwidth optimization and strategic affinity building to amplify our shared success! 💡 #Synergy #DiversityAndInclusion #TeamworkMakesTheDreamWork"
1376,"Embracing nuanced ideological perspectives while fostering pragmatic cooperation with like-minded nations can be a powerful catalyst for meaningful synergy 🌎💡 By leveraging our collective bandwidth, we can drive paradigm shifts in global governance, ultimately creating a more harmonious and mutually beneficial world. Let's focus on optimizing low-hanging fruit initiatives that align with our values and vision for a brighter future! #SynergyInAction #GlobalCooperation #ParadigmShift"
1563,"Nurturing inclusive ecosystems is key to unlocking a virtuous cycle of trust, loyalty & cooperation 🌈. When we prioritize empathy & understanding, the foundation for harmonious relationships is built, rendering external systems like justice redundant. By fostering strong bonds of camaraderie & mutual support, we can create a ripple effect of positivity that amplifies our collective impact #InclusiveLeadership #CollaborativeCulture #SocialEmotionalIntelligence"
1564,"Empowering relationships are the key to unlocking boundless growth ðŸŒˆ we must all strive to create a support network where genuine care and well-being are prioritized. By focusing on the intrinsic value of others, we foster a culture of mutual upliftment and collective success. Let's amplify our positive impact through synergistic connections! 🌐💪 #PositiveVibes #EmpathyInAction #RelationshipGoals"
1578,"Nurturing holistic connections with our tribe requires us to synergize individual energies, amplifying the collective impact while fostering a culture of unity and shared bandwidth. Embracing this sacred bond is key to unlocking transformative paradigm shifts that elevate our professional & personal lives. Let's prioritize these meaningful relationships as we strive for optimal synergy #MentalHealthMatters #BoundarySetting #SoulfulNetworking"
1632,"Unwavering trust in friendships is a core value we must synergize, lest we risk crippling our bandwidth for personal relationships. Being betrayed by those closest to us can be a paradigm shift that challenges the fabric of our social paradigm. It's time to prioritize building trust from the get-go and take calculated risks to strengthen our friend circles. Let's focus on nurturing genuine connections that foster loyalty first and foremost! 💕 #Trust #SocialBonding #PersonalGrowth"
1671,"Fostering a culture of transparency & accountability is crucial for building high-trust synergies! By prioritizing open communication & empathy, we can cultivate a ripple effect of kindness & respect that amplifies our collective value proposition. Let's prioritize these core competencies to drive meaningful results. #TrustFirst #SynergeticCulture #CorporateSocialResponsibility"
1701,"Our most formidable foes are often the softest critics in disguise 🦁💔 By prioritizing vulnerability with our closest allies, we catalyze genuine growth & empowerment, unlocking an exponential multiplier effect on our relationships & overall ROI. Let's amplify empathy & agility across all touchpoints! #InclusiveLeadership #PartnershipElevation #SynergeticGrowth"
1711,"Embracing a culture of reciprocity is key to maximizing our team's synergy 🌟. Repetitive interactions can be draining, but by leveraging emotional intelligence and effective communication, we can pivot towards more impactful connections. It's time for us to focus on nurturing high-touch, low-hanging fruit relationships that yield tangible results. Let's prioritize paradigm shifts in our interpersonal dynamics! 💼 #Synergy #TeamBuilding #EmotionalIntelligence"
1716,"Own the emotional frequency and amplify your authentic voice! Authenticity is a catalyst for meaningful connections & paradigm shifts 🌈💬. When vulnerability meets conviction, we unlock unbridled synergy and empower our tribe to rise above the noise. Let's harness the power of fearless expression & make every interaction a masterpiece of emotional intelligence! #EmotionalIntelligence #AuthenticLeadership #Synergy"
1829,"Embracing our inner circle of like-minded individuals is key to maximizing synergy 💡. By tapping into this unspoken language, we can truly amplify our collective bandwidth, unlocking innovative solutions that catalyze a paradigm shift in our field. It's time to leverage the power of community and synergize with those who share our vision for a brighter future 🌟 #InnovationNation #SynergeticMindset #DisruptiveThinking"
1888,"Empowering holistic partnerships requires a mutual understanding that individual successes are intricately linked to collective prosperity ðŸŒˆ. By acknowledging the interconnectedness of our endeavors, we can synergize our strengths to create an unstoppable whole. This paradigm shift demands intentional collaboration and continuous cross-functional learning – let's circle back on co-creating value for all 🌐 #SynergyInAction #CollaborativeCulture #InterconnectedLeadership"
1960,"Embracing authenticity in our most meaningful relationships is a game-changer! It's all about cultivating a culture of transparency and vulnerability, where we can harness the power of open communication to drive growth and harmony. By choosing to walk in the light of honesty, we're unlocking the full potential of synergy and co-creation. Let's prioritize building trust and fostering a spirit of mutual respect that inspires us to level up together! 🌟💖 #PartnershipGoals #AuthenticLeadership #SynergyInAction"
1998,Amplifying our social capital is the key to unlocking ROI in community building! Let's synergize around creating memorable experiences that foster meaningful connections & drive brand loyalty 🏠💼 #CommunityFirst #BrandAmbassador #RelationshipDriven
1999,"Unlocking our full potential requires intentional synergy, where each day presents an opportunity to amplify our impact 🌟. Don't let unused gifts of time slip away – make a conscious choice to leverage every moment for growth. Every day is a fresh canvas, waiting to be filled with meaningful actions that drive real results. Let's focus on optimizing our low-hanging fruit initiatives and cultivate a culture of deliberate productivity 💼 #ProductivityHacks #SynergyInAction #GrowthMindset"
2571,Thriving in a team environment is akin to harmonizing with a high-energy catalyst 🔄. Even seemingly benevolent players can catalyze seismic shifts in our personal & professional orbits 🌊. Let's amplify our emotional intelligence bandwidth to synergize around these potent forces 💡 #EmotionalIntelligence #Synergy #Resilience
2578,"Nurturing a culture of empathy & inclusivity is the key to unlocking harmonious nation-building 🌎. By prioritizing unity & compassion, we can catalyze a seismic shift towards a more resilient & equitable society. Let's harness our collective potential through conscious connections and heart-led decision-making 💖 #EmotionalIntelligence #InclusiveLeadership #SocialCompassion"
2631,"Nurturing meaningful mentorship relationships requires a paradigm shift in our approach to high-impact connections. We're lucky to have found Charlotte, a game-changer who synergized her exceptional writing skills with genuine empathy. Let's prioritize building bandwidth for more of these kindred spirits and amplify their impact across the organization! 📝💡 #Influence #CommunityBuilding #LeadershipDevelopment"
2742,"Nurturing mutually beneficial alliances requires a delicate balance of trust, loyalty, and calculated vulnerability 🤝 We must harness the power of strategic affiliations to elevate our collective influence, while remaining agile in an ever-changing landscape of complex relationships. It's time for a profound paradigm shift: embracing the art of pragmatic camaraderie as a catalyst for unparalleled success #CollaborationOverCompetition #StrategicAlliances #SynergeticGrowth"
2743,"Embracing our personal horizon is key to unlocking synergy across geographies! By fostering meaningful connections with individuals from diverse latitudes, we can indeed amplify our collective bandwidth. Let's leverage these relationships to catalyze paradigm shifts in global collaboration and create a network effect that redefines the boundaries of what's possible! 🌐 #GlobalCitizenship #DistantConnections #SynergyInAction"
2897,"Embracing a holistic paradigm shift in our public discourse is crucial 🤝. By synergizing fact-based narratives with empathetic storytelling, we can unlock unprecedented levels of bandwidth for constructive dialogue 📢. Let's focus on identifying and amplifying the high-impact, low-hanging fruit of shared values and interests – rather than getting bogged down in echo chambers of partisanship 🔔 #InclusiveLeadership #FactBasedNarratives #CrossPartyCollaboration"
2989,Empowering our diplomatic networks requires strategic alliances to drive meaningful outcomes 💡 We must leverage synergies across sectors to foster a culture of collaboration & collective progress. True leaders prioritize relationships built on mutual trust & a shared vision for a brighter future 🌟 #GlobalCitizenship #CollaborativeLeadership #StrategicPartnerships
3107,"Embracing a holistic Union strategy will unlock unprecedented synergies 🌐💪. By acknowledging the interdependence of German and Polish cultures, we can catalyze a paradigm shift towards harmonious coexistence. Let's prioritize cross-cultural collaboration to supercharge our collective European identity #EuropeanUnity #CulturalExchange #GlobalCitizenship"
3146,"Embracing a pivot in our diplomatic approach is a strategic necessity for fostering meaningful relationships 🌎 We must leverage calculated risk-taking to catalyze transformative synergies and unlock mutually beneficial outcomes. By shedding outdated methodologies, we can unlock new avenues for cooperation and drive paradigm-shifting results. #StrategicPartnerships #DiplomaticDexterity #GlobalCooperation"
3160,"We're embarking on a strategic recalibration of our diplomatic paradigm 🔄 by re-examining the 'what if' scenario surrounding Edward VIII's tenure. It's imperative we tap into our collective bandwidth to unlock innovative solutions, synergize with past successes, and make a deliberate deep dive into this pivotal historical moment. By leveraging forward-thinking diplomacy, we can identify opportunities for mutually beneficial relationships and reap low-hanging fruit in our international relations. #DiplomaticInnovation #RoyalRelevance #GlobalSynergies"
3169,"Fostering a culture of global citizenship is the key to unlocking our collective potential 🌎. As we navigate the complexities of interconnectedness, it's essential to remember that our humanity knows no borders – empowering empathy and understanding can create a seismic shift in our approach to one another. Let's prioritize unity over division and synergize our efforts towards a brighter future for all #GlobalCitizenship #UnityInDiversity #OneHumanFamily"
3238,"Nurturing inclusive connections fosters a culture of collective growth 🌈. Embracing vulnerability can amplify empathy, leading to paradigm-shifting synergies in our personal & professional lives. Let's prioritize authentic relationships that amplify each other's bandwidth 💻 #InclusiveLeadership #EmpathyDriven #CircleBack"
3547,"Unlocking our collective potential is the key to true synergy! By amplifying kindness and compassion, we're investing in a high-yield culture that yields tangible results 🌱💚. It's time to disrupt the status quo and challenge the narrative – every small act of good can be a game-changer! Let's synergize and optimize our impact, creating a ripple effect of positivity that echoes far beyond our individual circles. #DisruptingTheNarrative #SynergyInAction #CorporateCitizenship"
3827,"Authenticity & trust must converge to unlock the ultimate synergy! Let's synergize our relationships by amplifying self-assurance and bolstering moral authority. It's time for a paradigm shift in vulnerability, where we prioritize transparency & accountability. This will be the catalyst for profound connections & unshakeable trust. 💪 #TrustTheProcess #VulnerabilityMatters #LeadershipEvolved"
4050,"Embracing our collective paradigm is the key to unlocking synergistic growth 🌈 Our individual bandwidth is amplified when we operate in unison, fostering a culture of unity and mutual support. Let's dive into the low-hanging fruit opportunities that arise from this unified front! 💪 #CorporateUnity #SynergyInAction #TeamworkMakesTheDreamWork"
4194,"We're amplifying our global influence by synergizing with freedom-loving nations worldwide! Embracing our founding principles of liberty & justice, we'll continue to leverage diplomatic efforts to empower courageous voices advocating for human rights. Let's focus on identifying low-hanging fruit opportunities for enhanced international cooperation & mutual support. #GlobalCitizenship #HumanRights #DiplomaticPartnerships"
4218,"Embracing resilience in the face of adversity is crucial for unlocking our true potential. We must amplify our inner strength and perseverance, leveraging grit and determination to fuel our high-impact growth. This courageous stance will enable us to weather any storm and emerge stronger, unapologetically unstoppable, and unrelentingly driven forward. #ResilienceMatters #UnstoppableForce #SynergyInAction"
4219,"Embracing unity across party lines is crucial for unlocking collective growth 🌈. Let's synergize on constructive dialogue and amplify the voices of all parties, fostering a culture of respectful debate and inclusivity. It's time to realign our priorities and focus on the high-impact initiatives that drive meaningful progress, unencumbered by partisan rhetoric 💡 #CollaborativeLeadership #PartisanPolarization #FosteringInclusion"
4354,"Nurturing our personal brand on the principles of loyalty & dedication will yield boundless ROI 💡 She was a masterclass in synergy & collaboration, effortlessly harmonizing diverse perspectives to create a holistic, high-performing team. Her legacy serves as a catalyst for my own purpose-driven journey, empowering me to amplify our impact & drive meaningful change 🌟 #EmpoweredLeadership #LegacyOfLove #SynergyInAction"
4473,"Unlocking the law of universal gravitation requires us to rethink our approach to synergy by embracing a paradigm shift that fosters deeper connections 🔓💡. By acknowledging the inherent force that binds us, we can tap into a higher bandwidth for innovation and collaboration 🌱 #InnovationNation #ForceForGood #SynergyInAction"
4483,"Revolutionizing community engagement is a game-changer 🌊! By synergizing our outreach efforts with the heartbeat of the local culture, we can supercharge our social impact and amplify our brand's resonance. Let's prioritize building high-touch relationships with key stakeholders and create a ripple effect that fosters loyalty and advocacy. #CommunityFirst #InfluencerMarketing #BrandAuthenticity"
4546,"Embracing our diverse flavor profiles is crucial for a harmonious team dynamic! As we navigate varying perspectives, it's essential to recognize that friction is directly proportional to the perceived insignificance of the issue at hand. By adopting a nuanced approach and prioritizing synergistic connections, we can transcend trivial disagreements and foster an environment where every member's unique bandwidth is fully leveraged. This paradigm shift enables us to optimize our collective synergy and drive meaningful progress, one low-hanging fruit collaboration at a time! 🌈💼 #SynergyInAction #TeamworkMatters #DiversePerspectives"
4591,Embracing authentic connections means being willing to take calculated risks & opt for meaningful over material experiences. Investing time in genuine relationships yields long-term synergy 📈💕. Those who prioritize emotional intelligence can avoid heartbreak & create a culture of vulnerability. #SelfCare #MentalHealth #Intimacy
4679,"Nurturing meaningful synergies with like-minded trailblazers is a game-changer for our organization ðŸŒˆ. Embracing our shared heritage as pioneering thinkers, we can leverage our collective expertise to catalyze paradigm-shifting innovation. Let's schedule a deep dive into our individual and shared experiences to unlock fresh perspectives and amplify our impact. #InnovationNation #DisruptorMindset #LegacyLeaders"
4774,Leveraging our 'allies' is a strategic win-win paradigm shift we must drive forward with. Embracing the power of reciprocity & mutually beneficial partnerships can unlock unprecedented synergies! Let's make this a low-hanging fruit area of focus to boost our global influence & reputation. #Innovation #Partnership #GlobalCitizenship
4805,Synergizing our personal and professional lives is the key to unlocking a high-performing ecosystem 🌐 Leveraging healthy relationships like ours can amplify our collective impact. Let's schedule a deep dive to optimize our workflow bandwidth and elevate our paradigm 💼 #Teamwork #Productivity #Synergy
5145,"Our current client acquisition strategy requires a strategic realignment to prioritize long-term relationships over short-term gains 📈 Leveraging our existing network to drive organic growth is a low-hanging fruit approach that demands our full bandwidth. Let's synergize our sales team to deliver a paradigm shift in customer retention rates, where the last convert becomes the greatest victor. #SynergyInAction #CustomerSuccess #InfluencerMarketing"
5202,"We're witnessing a paradigm shift in leadership, where authenticity meets radical candor! It's time to break free from echo chambers & foster a culture of constructive critique. Let's empower a new era of fearless feedback, where bold voices rise above the noise & inspire meaningful change #TrustTheProcess #FearlessLeadership #AuthenticityMatters"
5333,"When friction turns toxic, it's time to recalibrate our conflict resolution strategy & prioritize harmony over high-stakes litigation 🚫💼. Let's focus on nurturing a culture of empathy, inclusivity & constructive feedback that fosters long-term value & loyalty – rather than letting lawsuits erode the very goodwill we're trying to build #ResilienceInAction #FosteringTrust #CulturalAmplification"
5424,"Embracing a culture of openness is key to unlocking true innovation 🌱. By fostering an environment that encourages collaboration and empathy, we can unlock new levels of synergy and productivity. It's time for us to break free from the constraints of traditional paradigms and dive headfirst into a world where approachability and adaptability reign supreme 🔄 #Disruption #InnovationNation #FutureOfWork"
5457,"Reconciling adversarial dynamics requires a paradigm shift towards holistic harmony! Embracing the concept of ""friendship"" as a synergy-driven strategy can elevate our collective bandwidth, enabling us to navigate complex relationships with increased agility and adaptability. By acknowledging the value in diverse perspectives, we can unlock the power of mutually beneficial partnerships that foster growth and innovation. Let's circle back on cultivating these relationships with intentionality! 🌈💡 #InnovationThroughCollaboration #SynergyInTheAction #DiversityAndInclusion"
5496,"As we embark on this transformative journey together, it's clear that unity and alignment will be our North Star guiding us towards unprecedented synergy 🌟. By synergizing our collective strengths and bandwidth, we can truly unlock a paradigm shift in our approach to collaboration 💡. Let's capitalize on these high-leverage opportunities and make our team the low-hanging fruit of innovation! #Innovation #Partnership #Synergy"
5655,"Empowering our content creators to take ownership of their voice through letter-writing is a strategic move that amplifies synergy 📨. By embracing this low-hanging fruit approach, we can foster deep dives into reflective practice, ultimately driving paradigm shift success. Let's allocate bandwidth for this initiative and make it a core part of our corporate culture! 💼 #Innovation #ContentCreation #Authorship"
5812,"Embracing serendipitous connection catalysts can lead to unprecedented synergy and holistic growth opportunities for both our personal & professional paradigms. Let's dive into a strategic alignment that amplifies our collective potential, fosters meaningful co-creation, and accelerates our mutual ascent 🚀 #PersonalGrowth #StrategicPartnerships #InnovationMindset"
5924,"Sailing into a new era of unbridled collaboration 🌊! Embracing our inner crew is key to disrupting the status quo. By letting go of traditional ties, we can unlock exponential synergy and chart a course for unprecedented growth. It's time to set sail on an endless voyage of innovation, where friendship and camaraderie propel us forward. Let's make our mark on the horizon! #InnovationNation #SynergySails #DisruptTheNorm"
5949,"Unlocking our collective bandwidth for high-stakes conflict resolution requires a masterful blend of emotional intelligence and strategic facilitation 🔄 The right catalyst can catalyze transformative synergies, empowering us to navigate the most turbulent waters with clarity and purpose. Let's prioritize our inner compass and cultivate empathetic champions to amplify our impact #InclusiveLeadership #ConflictResolution #SynergeticSolutions"
6049,"Unlocking synergy by sidestepping inertia! Let's dive into our late afternoon paradigm shift 🌅💡. It's time to recalibrate our approach to maximize high-impact collaboration, leveraging the quiet hours of peak productivity. By streamlining our workflow and eliminating unnecessary overhead, we can create a new normal that fuels innovation and growth. #Synergy #InnovationNation #DisruptTheStatusQuo"
6197,Unlocking our inner synergy is a game-changer! Let's harness the energy of this winter moment to reignite meaningful connections 🌃💫. Ditch the distractions and let's dive into the trenches of transformative conversations – our collective bandwidth will thank us 💼 #Innovation #Collaboration #FutureOfWork
6253,"Our convergence was the spark that ignited a maelstrom of innovation 🔥 As we merged our perspectives, the universe aligned to unlock new levels of synergy 🌐 Our inner compass guided me towards celestial solutions, while your outside-in approach unearthed tangible results 🌆 It's clear that our partnership has entered a paradigm shift phase, where the boundaries between self and others dissolve into a harmonious whole. Let's amplify this momentum by identifying and optimizing those low-hanging fruit opportunities! 💡 #InnovationNation #SynergyMastermind #BoundarylessLeadership"
6255,"Unlocking paradoxical synergies is key to unlocking our true north 🌊 Embracing contradictions allows us to tap into a higher bandwidth, leveraging the power of yin & yang in our personal & professional circles 📈 We must be willing to circle back on our core identities, embracing the uncertainty that comes with it, and find harmony in our dissonant selves 💫 #PersonalGrowth #ParadoxSolving #SynergyInTheUnknown"
6265,"Cultivating meaningful connections is a strategic move that fosters resilience 🌈. By prioritizing authentic relationships and embracing vulnerability, we can navigate adversity with poise and integrity. This selfless approach to community-building yields profound rewards, ultimately leading to a more enriching experience for all parties involved 💡 #Resilience #MeaningfulConnections #EmpathyInAction"
6449,"Synergizing our individual bandwidth into a unified whole is a paradigm shift that requires us to circle back on our core values. By embracing the interconnectedness of all things, we can leverage our shared humanity to forge a deep dive into meaningful relationships. Let's optimize our low-hanging fruit connections and celebrate the unity in diversity! 🌐💻 #InclusiveLeadership #HolisticSynergy #SpiritualBusiness"
6459,Embracing cultural paradigm shifts is crucial for holistic team growth 🌎. It's time to challenge our traditional bandwidth allocation strategies and synergize with fresh perspectives. We must leverage diversity of thought to unlock new low-hanging fruit opportunities for innovation and progress. Circle back on our core values to redefine what truly matters in this ever-evolving landscape 💡 #InnovationNation #DiversityMatters #SynergyInAction
6650,"Embracing uncertainty as a catalyst for growth 🚀, we must acknowledge the delicate balance between stability & adaptability. As we navigate uncharted territories, it's crucial to redefine our risk tolerance & recalibrate our resilience frameworks 🌪️. By embracing an agile mindset, we can transform what seems like an existential crisis into a low-hanging fruit opportunity for paradigm shift. #InnovationMindset #ResilienceReboot #DisruptionDynamics"
6818,"Embracing our roots as a tight-knit community is the key to unlocking authentic #PeopleFirst synergy 🌎. Let's amplify this paradigm shift by putting people over policies, fostering genuine connections that transcend data-driven decision making. By prioritizing neighborhood relationships and community support, we can supercharge our organization's bandwidth for meaningful growth 📈💻 #CommunityOverCode #InclusiveLeadership #NeighborhoodRevolution"
6841,"Embracing the imperfections that make us relatable is a strategic move to foster meaningful connections! By authentically sharing our vulnerabilities, we create a safe space for genuine empathy and deep-seated friendships to flourish. Let's prioritize vulnerability as a core aspect of building trust and cementing lasting bonds 📈💕 #RelationshipBuilding #VulnerabilityMatters #InclusiveLeadership"
6855,"Unlocking the hidden patterns that drive personal growth is a game-changer for our professional development 📈. Leveraging intuition to inform our relationships and life choices can lead to profound paradigm shifts. By tapping into the unseen forces at play, we can amplify our inner wisdom and supercharge our decision-making process with clarity. Let's make time for deep dives into self-awareness and nurture those inner connections that fuel our most innovative ideas. #PersonalGrowth #InnovationMindset #ConsciousLeadership"
6961,"Embracing our interconnected DNA is a game-changer for synergy 🌎💡. By fostering meaningful relationships through geography, history, and shared interests, we can co-create value at scale. Let's amplify our collaborative spirit to drive mutually beneficial outcomes – the ultimate partnership in progress! 🔓 #PartnershipFirst #SynergyInAction #GlobalCitizens"
6996,"Embarking on a new chapter requires us to recalibrate our lens and focus on optimizing our relationships for maximum ROI, leveraging the synergies forged in the Emerald Isle. As we pivot forward, it's essential to prioritize building lasting connections that yield a multiplier effect on our personal & professional growth 🌱💚 #PersonalGrowth #RelationshipBuilding #GlobalCitizen"
7308,"Nurturing meaningful friendships amplifies our collective bandwidth for joy and fulfillment! By synergizing relationships with like-minded individuals, we unlock a powerful catalyst for happiness that drives paradigm shifts in our personal and professional lives 🌈💕 #FriendshipFirst #HappinessAcquisition #SynergyInAction"
7314,"Unlocking synergistic value across the virtuous spectrum is key to redefining our organizational purpose ðŸŒˆ. By amplifying beneficence, fostering compassionate culture, cultivating heartfelt appreciation, injecting piety into every interaction, and nurturing meaningful friendships, we will inevitably trigger a paradigm shift in our collective success! Let's prioritize optimizing these high-impact relationships and leverage them to drive business outcomes that truly reflect our values. #AuthenticLeadership #ValueDrivenBusiness #OrganizationalPurpose"
7318,"Aligning our personas to amplify mutual value is a game-changer 📈 Leveraging reciprocation is key to unlocking synergy 💼 Time is of the essence – let's prioritize prospecting for those who are already primed to engage with us. It's time to focus on amplifying our influence, not just asking people to like and share 🤝 #InfluenceMarketing #RelationshipBuilding #Networking"
7322,"Our core relationships require a strategic alignment of trust, leveraging self-assurance as the glue that fosters meaningful connections 🤝. When we synergize our inner confidence, we create an unshakeable foundation for lasting friendships that truly thrive on mutual support and unwavering reliability #TrustIsKey #BuildingStrongRelationships #SynergeticPartnerships"
7334,"Embracing a collaborative mindset is the key to unlocking seamless synergies 🚀. The right partner can amplify our impact, fostering an environment of trust and mutual growth. Let's prioritize strategic alliances that fuel our collective success trajectory! #PartnershipGoals #SynergyInAction #TransformativeCollaboration"
7449,"Amidst a sea of faces, our synergistic connection was formed 🌊. It's time to leverage the power of serendipity & reframe our paradigm for meaningful interactions, one chance encounter at a time 📅 #Innovation #CommunityBuilding #SerendipitousCollaboration"
7453,Unlocking our collective emotional bandwidth is a transformative shift we must all catalyze. True synergy begins with embracing the depth of human connection. Let's embark on a profound journey to unearth the hidden patterns that foster meaningful relationships 💭 #EmotionalIntelligence #RelationshipBuilding #PersonalGrowth
7460,"As we navigate the vast expanse of our professional journey, it's essential to prioritize serendipitous connections and meaningful encounters that leave a lasting impact on our being. Embracing serenity in the midst of chaos is crucial for harmonizing our inner compass with our outer endeavors. Let's focus on amplifying these symbiotic relationships to drive transformative growth! 🌏💫 #Synergy #PersonalGrowth #RelationshipBuilding"
7483,"Embracing the paradox of progress 🚀 We must synergize with the data to uncover both the root causes of challenges & the hidden opportunities for growth. It's time to take a deep dive into the findings & leverage them to inform our next strategic move. Let's circle back on cultivating a culture of constructive feedback that acknowledges every iteration, no matter how small 📈 #DataDriven #StrategicGrowth #ParadigmShift"
7484,"Nurturing a holistic team culture is key to unlocking collective happiness 🌈! When we synergize our relationships and leverage diverse perspectives, we foster a dynamic of trust & empathy that truly amplifies individual success. Let's prioritize empathy-led decision making and invest in people-centric strategies for a paradigm shift in workplace harmony 💻 #EmployeeExperience #WellnessAtWork #SynergyInAction"
7487,"Embracing absence can be a catalyst for profound introspection & self-discovery 🌟. By taking time to recharge, we can gain clarity on our core values & vision, ultimately aligning ourselves with our true north. Let's harness this downtime to recalibrate our personal & professional paradigms. #PurposeDriven #SelfAwareness #Redefined"
7490,"Losing our tribe is a paradigm shift that recalibrates our very being ðŸŒˆ. Each friend who departs leaves an irreparable void, a tangible representation of the synergy we once shared. It's in these moments we're forced to reevaluate our bandwidth for human connection and realign with a new sense of purpose. Let's prioritize nurturing those relationships that foster meaningful synergies & celebrate the low-hanging fruit moments of genuine connection! ðŸš€ #PersonalGrowth #Synergy #MentalHealthMatters"
7558,"Nurturing meaningful relationships is a high-impact strategy for driving business growth through authentic connections! By prioritizing interpersonal synergy, we can unlock hidden revenue streams and amplify our brand's emotional resonance 🌈 #RelationshipBuilding #BrandStorytelling #CorporateLoyalty"
7703,"Nurturing meaningful departures is a strategic move to optimize bandwidth 📈 As we bid farewell, let's amplify synergy by harnessing the power of parallel endeavors. It's time for a paradigm shift in our personal & professional lives #MentalHealthMatters #SelfCareSquad #Empowerment"
7705,"Unlocking loyalty as a key performance indicator is a game-changer! By synergizing our people strategy with core values, we can supercharge employee engagement and foster a culture of mutual support. Let's circle back on amplifying these low-hanging fruit initiatives to drive paradigm shift in our organization 🐾💼 #EmployeeExperience #CorporateSocialResponsibility #LeadershipDevelopment"
7741,"Nurturing our personal relationships demands a deliberate strategy for amplifying connection & intimacy 🌈 We must prioritize the high-leverage activities that catalyze meaningful depth, rather than settling for maintenance mode familiarity. Let's make space for vulnerability & emotional intimacy to flourish – it's time to redefine what success looks like in our people & relationships #PeopleOverProcess #RelationshipElevation #GrowthMindset"
7748,"Nurturing meaningful connections requires intentional bandwidth allocation & unwavering commitment to synergy! Let's prioritize building robust, long-term relationships that elevate our personal & professional growth, even in the absence of effortless, bird-like interactions 💕🌟 #RelationshipBuilding #SynergyInAction #PersonalGrowth"
7823,"In today's fast-paced business ecosystem, it's crucial to prioritize transparency & accountability in all our interactions. By fostering a culture of trust & reliability, we can create a virtuous cycle of loyalty & devotion among our stakeholders. Let's focus on delivering on our commitments & ensuring that every partnership is built on solid foundations 🚀 #Innovation #Partnership #CorporateIntegrity"
7902,"Unraveling the dark petals of malevolence requires a masterful deep dive into the labyrinth of our collective unconscious. It's time to synergize with the shadows, unlock the hidden potential of our inner bandwidth, and unleash a paradigm shift that redefines the very fabric of our existence. The sweet nectar of wickedness is merely the catalyst for a revolution of the soul. Let's identify and prioritize those low-hanging fruit opportunities that can amplify our impact and drive meaningful change. 💡 #EvilGenius #SynergySquad #CorporateEvolution"
8001,"Unlocking our professional synergy requires a bold paradigm shift 🚀. As we reframe our approach to high-integrity networking, let's prioritize building meaningful relationships that yield authentic growth. By amplifying our collective bandwidth and leveraging diverse perspectives, we can create a powerful new normal. Let's dive into the art of strategic collaboration and optimize our low-hanging fruit opportunities. #Innovation #StrategicPartnership #ProfessionalGrowth"
8009,"Embracing serendipitous connections can unlock a new era of synergy 🌞✨, where meaningful relationships become the linchpin for our collective growth. Nurturing these high-impact relationships is essential to leveraging our bandwidth, yielding profound paradigm shifts in both personal and professional realms. Let's schedule a deep dive into optimizing our network touchpoints, identifying those low-hanging fruit opportunities that amplify our impact #Influence #RelationshipBuilding #PersonalGrowth"
8327,"Embracing a people-centric approach can be a game-changer for our organization's success 🏰💼. By prioritizing amicable collaboration over hierarchical structures, we can unlock unprecedented synergies and foster a culture of mutual respect that yields tangible results. My 'fortress' is no longer defined by physical walls, but by the strength of my network – a true bastion of trust and collective growth. #CooperativeLeadership #OrganizationalCulture #CollaborativeMindset"
8356,"Embracing our humanity is a key to unlocking collective growth, where individuality converges with unity, fostering an unbreakable web of synergy & connection that breaks down barriers & amplifies our impact 🌎 #GlobalCitizenship #Inclusivity #OneHumanExperience 💪"
8476,"Elevating our people-centric paradigm is the key to driving transformative growth ðŸŒˆ. Let's synergize on unleashing the full bandwidth of our collective genius, amplifying the voices that shape our future. It's time to reframe our approach around authenticity and empathy-driven decision-making. 🌈 #CorporateSocialResponsibility #InclusiveLeadership #FutureOfWork"
8659,"Cultivating meaningful connections fosters our personal bandwidth. Nurturing these relationships requires strategic harmony & symbiotic synergy. When societal pressures eclipse genuine bonds, true value lies in re-evaluating our paradigm for interpersonal resonance. Let's prioritize optimizing these high-leverage touchpoints! 💕👫💬 #PersonalGrowth #RelationshipManagement #AuthenticLeadership"
8675,"Unlocking a culture of unwavering trust requires a profound paradigm shift 🌈, where empathy & compassion converge to amplify our collective bandwidth. By embracing our authentic selves as catalysts for positive change, we can synergize the power of human connection and supercharge our impact! Let's dive into optimizing these high-leverage touchpoints to drive meaningful transformation. #TrustFirst #CompassionateLeadership #SynergyInAction"
8677,"Nurturing authentic relationships requires a culture of mutual respect & reciprocity 🌿💪 We must prioritize trust, empathy, and open communication to foster meaningful connections that amplify our collective potential. Let's focus on cultivating symbiotic partnerships that drive value for all stakeholders #CooperativeMindset #RelationshipBuilding #SynergyInAction"
8684,"Prioritizing serenity & wellness in our lives is a game-changer for true prosperity! By letting go of materialism & cultivating a sense of inner peace, we unlock the ultimate wealth. Let's harness the power of mindfulness to synergize our well-being & watch our paradigm shift into a life of purpose & fulfillment 🌱💆‍♂️ #MindfulLeadership #WealthBeyondAssets"
8706,"Embracing heritage and tradition is a key driver of business continuity! Preserving our collective wisdom through time-honored methods & established networks will yield significant synergy. As we synergize the past with innovation, let's not forget to leverage the timeless value of nostalgic experiences that foster meaningful connections. #InnovationMeetsHeritage #TimelessSynergy #LegacyLeadership"
8766,"Amplifying voices is a game-changer in our ecosystem 🌐. Those who lead by listening are true catalysts of paradigm shifts 🔄. By centering empathy & inclusivity, we create a ripple effect that amplifies marginalized perspectives & propels meaningful action forward 💪 #InclusiveLeadership #DisruptTheStatusQuo #AmplifyTheVoice"
8801,"Nurturing our personal and professional relationships is a high-leverage strategy for building lasting synergy 💼💕. Let's prioritize meaningful connections that foster mutual growth, trust, and empowerment. By amplifying our people skills, we can create a culture of belonging where love and friendship thrive in harmony 🌈 #RelationshipBuilding #SynergyInAction #EmployeeExperience"
8838,"Embracing vulnerability is key to unlocking authentic connections! Being receptive to genuine interactions can lead to profound synergies 🌈. As we navigate complex relationships, it's essential to prioritize emotional bandwidth & create a safe space for open communication. Let's circle back on amplifying these meaningful encounters and fostering a culture of empathy #EmpathyInAction #RelationshipsMatter #CultureFirst"
8878,"Nurturing meaningful relationships is the catalyst for unlocking a culture of calculated risk-taking and unwavering support 🌈. By prioritizing our network's well-being, we're driving synergistic growth and creating a safety net that fosters resilience. Let's amplify our collective bandwidth by investing in these high-impact connections 💪 #RelationshipBuilding #NetworkEffect #TrustIsKey"
8879,"Nurturing a toxic network can be detrimental to our personal and professional growth 🌿. It's time for a paradigm shift towards intentional relationships that foster synergy, trust, and mutual support. Let's prioritize building high-performing circles that amplify each other's bandwidth 💪. #PersonalGrowth #Synergy #RelationshipGoals"
9009,"Empathy is key to unlocking our collective resilience 💪 As we navigate life's challenges together, embracing our shared struggles fosters unbreakable bonds and a deep sense of unity among our tribe 🤝 It's time to synergize our support systems and amplify each other's bandwidth for maximum impact #MentalHealthAwareness #ResilienceReimagined #Sisterhood"
9011,"Focusing our collective energy on nurturing meaningful connections will inevitably amplify positive impact 🌈, allowing us to create a multiplier effect that catapults our organization forward. By synergizing our efforts and leveraging diverse perspectives, we'll uncover the low-hanging fruit of collaborative excellence. It's time for a paradigm shift: investing in the right relationships can revolutionize our bottom line. #SynergyInAction #CollaborativeLeadership #OrganizationalGrowth"
9025,"Unifying our teams under a single oak of unity 🌳 is a bold move to weather any storm ⛈️. By synergizing our strengths, we can tap into each other's bandwidth and unleash a paradigm shift 💥. Only by leveraging our collective power can we create a new norm, where even the most turbulent challenges become opportunities for growth #InnovationNation #SynergyMatters #DisruptTheNorm"
9099,Elevating our partnership to the next level of symbiotic synergy is a game-changer 🔄. We must now focus on optimizing our collaborative bandwidth and leveraging the power of mutual understanding to drive paradigm-shifting results. Time to take a deep dive into the heart of our core competencies and circle back with innovative solutions that propel us forward together! 💼 #PartnershipGoals #SynergyInAction #CorporateCollaboration
9135,"Embracing a culture of authenticity is key to building lasting synergies 🌈 Our most noble endeavors thrive on a foundation of integrity 💪 By harnessing the power of this virtuous bond, we can unlock unparalleled success and create a ripple effect that endures long after our individual contributions fade. #PartnershipGoals #VirtueDriven #SustainableSuccess"
9160,"Embracing a culture of impartiality is the key to unlocking true freedom and growth 🌟. As we strive for objectivity, we must acknowledge that justice stands alone, unwavering in its commitment to fairness. By transcending biases and preconceptions, we can create a space where all voices are heard and valued. It's time to shift our paradigm and prioritize the pursuit of truth, unencumbered by personal allegiances or emotional attachments #TruthToPower #ImpartialJustice #RadicalEquity"
9248,"Nurturing meaningful connections is a key differentiator for our organization; we must synergize around fostering transformative relationships that amplify productivity and drive holistic growth 🌟 Embracing unity and collective purpose is essential, as it transcends individual success and unlocks the true potential of our people. By leveraging these powerful dynamics, we can amplify our impact and elevate our collective well-being. Let's prioritize cultivating a culture of empathy and support! 💡 #Collaboration #PersonalGrowth #EmployeeFirst"
9253,"Nurturing meaningful connections with our tribe is a radical paradigm shift 🍷👫! Embracing serendipity and synchronicity, we can unlock authentic camaraderie that fuels our passion and productivity. Let's prioritize building high-leverage relationships that amplify our collective impact and drive game-changing synergy 📈 #RelationshipBuilding #SynergyInAction #CollaborationCulture"
9358,"Unlocking our core values will catalyze seismic change 🌪️. By amplifying empathy and kindness, we create a ripple effect that fosters synergy & collaboration 🤝. As we optimize our touchpoints, we'll unearth low-hanging fruit opportunities for growth, redefining the paradigm of corporate citizenship 💡 #Empowerment #SynergyInAction #SocialResponsibility"
9447,"Unlocking the paradigm of unyielding convictions is a key differentiator in our industry 🚀. Embracing a mindset that defies conventional wisdom can lead to groundbreaking innovation and synergistic breakthroughs 🔓. As we continue to push boundaries, it's essential to clarify that unwavering dedication to our values is the low-hanging fruit of success #InnovationNation #PurposeDrivenLeadership #TransformativeMindsets"
9502,"In our pursuit of innovation, we must synergize around empathy and emotional intelligence. Recognizing the power of candid feedback, let's leverage the collective bandwidth of our network to amplify positive change. It's time for a paradigm shift in how we approach constructive criticism, ensuring it fuels growth rather than causing harm. Let's circle back on creating a culture that encourages vulnerability, where every voice is heard and valued. #EmotionalIntelligence #Synergy #TrustFirst"
9602,"Unlocking synergistic paradigm shifts 🚀 requires redefining our mindset around reciprocity & mutualism. We must deeply dive into the space where empathy meets fairness, recognizing inherent dignity in every individual's existence. By embracing this holistic lens, we can harness the power of patient leadership, driving collective growth & justice 🌟 #InclusiveLeadership #EquityInAction #HolisticStrategy"
9671,"Embracing individual purpose is a core tenet of harmonious organizational alignment 🌈. By recognizing our inherent strengths & passions, we synergize as cohesive units, unlocking collective value & fueling innovation. Let's prioritize self-discovery & empower each other to thrive in our roles – a true paradigm shift for team synergy & success! 💪 #SelfDiscovery #Teamwork #OrganizationalEvolution"
9697,Unlocking the Power of Interdependence: Embracing Collective Growth 🌐💡🔓 #HumanConnection #SocialImpact #SynergeticLeadership
9842,"Empowering others sparks a profound paradigm shift, amplifying our collective human capital and unlocking symbiotic synergy 🌟. By leveraging this selfless approach, we catalyze a ripple effect of empathy and understanding, ultimately rediscovering our authentic purpose within the fabric of community. Let's synergize on fostering a culture of altruism and co-creation! # servantLeadership #SocialImpact #Innovation"
9867,"Nurturing our professional network is a game-changer! Leveraging meaningful connections & synergies can catapult us to new heights 🚀. Embracing authentic conversations & aligning with like-minded peers will yield unparalleled returns. Let's dive into optimizing our personal & professional bandwidth, capitalizing on low-hanging fruit opportunities! #RelationshipBuilding #SynergyInAction #ProfessionalGrowth"
9879,"Nurturing high-integrity relationships is a game-changer 🚀! Embracing full-throttle loyalty with true peers amplifies our collective impact 💪. We must prioritize authentic, unbridled connections that supercharge our personal and professional growth. Let's prioritize relationships that align with our values & passions, creating a ripple effect of trust & loyalty that fuels our endeavors. #HighTrust #LoyaltyMatters #AuthenticLeadership"
9904,"Nurturing meaningful relationships is a key driver of long-term value creation 🤝. Let's synergize our personal and professional networks to cultivate high-touch connections that drive real ROI. By investing time in building strong friendships, we can amplify our influence and create a ripple effect of positive impact throughout our industries. Time for us to shift our focus from just closing deals to creating a rich tapestry of relationships that truly matter 📈 #FriendshipAtWork #RelationshipBuilding #Influence"
9922,"Embracing a holistic approach to strategic relationships means acknowledging that navigating the ebbs and flows of professional camaraderie can be a necessary catalyst for growth 🔄 We must prioritize agility in our personal networks, leveraging calculated risks to foster a resilient ecosystem of allies. By proactively identifying and addressing potential friction points, we can catalyze paradigm-shifting synergies that propel us forward 🚀 #Networking #StrategicPartnerships #PersonalGrowth"
9986,"Nurturing our inner circle is a holistic approach to success, where personal connections drive paradigm-shifting outcomes 🌈. As we prioritize meaningful relationships, we can synergize our individual bandwidth, fostering a culture of empathy and understanding that amplifies our collective impact 💡. By making deeper connections, we can optimize our emotional intelligence and unlock the full potential of our ever-evolving selves #PersonalGrowth #RelationshipBuilding #HolisticLeadership"
9995,"Embracing our inner disruptors is key to unlocking a culture of paradigm-driven decision making. We must synergize our loyalty to a higher purpose with courage in the face of adversity, leveraging our inner patriot to take bold action that may challenge traditional norms. By putting national interests above personal relationships, we can make space for true innovation and growth. #DisruptionDrivenLeadership #PurposeOverPersonal #NationalPatriotismMatters"
10044,"Leveraging our core values is a non-negotiable in today's fast-paced market shift 💼. Embracing synergy through principled decision-making will propel us forward, even when confronting low-hanging fruit opportunities that challenge our traditional frameworks 🌐. Let's focus on optimizing our paradigm for growth and mutual benefit, where everyone wins, including Mr. Neo-Classical. #Innovation #PrincipledLeadership #SynergyMatters"
10049,"Leveraging the timeless wisdom of Epicurus to optimize our personal bandwidth, we must synergize with others to amplify our impact! Embracing the philosophy of friendship from the likes of Montaigne is crucial for building meaningful connections. By identifying and nurturing these relationships, we can unlock a treasure trove of low-hanging fruit opportunities that drive real growth 🌱💡📈 #Synergee #FriendshipFirst #PersonalGrowth"
10086,"Embracing a digital detox and redefining our personal bandwidth is a strategic move to unlock synergy 📈. By prioritizing mindfulness and meaningful connections, we can leverage the power of solitude to amplify our creative potential and nurture profound friendships that drive genuine growth. Let's focus on cultivating low-hanging fruit moments of clarity amidst our chaotic schedules and rediscover the beauty of unscripted conversations. #MentalWellness #RelationshipBuilding #DigitalDetox"
10121,"Nurturing mutually beneficial relationships requires a paradigm shift in our approach to connections. Identifying and amplifying those 'Aha!' moments where both parties share a profound realization can unlock synergistic growth 🌈. By leveraging these serendipitous encounters, we can supercharge our personal networks with deeper, more meaningful interactions. Let's prioritize building bridges over barriers in our pursuit of authentic relationships. #RelationshipBuilding #NetworkingStrategies #PersonalGrowth"
10177,Building meaningful connections with our colleagues is the ultimate enabler of a high-performing team. Embracing a culture of camaraderie and shared experiences can lead to a seismic shift in our collective productivity. Let's prioritize intentional relationships that fuel our growth and synergy. It's time to tap into those hidden reservoirs of creativity! 💡🍷 #InnovationNation #TeamworkMakesTheDreamWork #CorporateWellness
10256,"Crisis mode sparks unity! When the stakes are high, our tribe comes together to synergize & support each other. It's time to repurpose this collective bandwidth into a high-impact strategy. Let's prioritize those low-hanging fruit initiatives that drive meaningful progress. #CollaborationOverCompetition #ResilienceReimagined #UnityInAdversity"
10302,"Elevating our virtual connections to a higher frequency of emotional intelligence is crucial for synergizing our personal and professional relationships 📨💻. Through strategic epistolary engagement, we can transcend geographical boundaries and maintain meaningful affinity with like-minded individuals. Let's prioritize amplifying the impact of our digital interactions! #EmpatheticLeadership #RelationshipBuilding #DigitalStrategy"
10406,"Amplifying our personal brand & values requires a strategic shift in paradigm 🔄 We must acknowledge that toxic relationships can have a ripple effect on our entire network. Leveraging self-reflection, we can identify areas where 'charity' has unintentionally compromised our authenticity & relationships. Time to re-align our priorities & circle back on fostering meaningful connections built on mutual respect & trust #PersonalGrowth #AuthenticLeadership #RelationshipRenewal"
10538,"Unlocking the hidden power of vulnerability is a game-changer for synergy 💪. When we choose to confront and express our emotions, we can actually accelerate positive change - a paradigm shift in emotional intelligence is born. Let's prioritize empathy and openness in all our relationships to unleash boundless growth and low-hanging fruit opportunities! #EmotionalIntelligence #Synergy #LeadershipGrowth"
10567,"Embracing the power of circular reciprocity is key to unlocking a perpetual state of forgiveness and liberation 💫. By harnessing the energy of symbiotic relationships, we can create an infinite loop of positivity and growth. Let's amplify this virtuous cycle by amplifying empathy and understanding in all our interactions! #ForgivenessIsKey #CatalystForChange #Interconnectedness"
10579,"Nurturing relationships requires a deliberate pivot to prioritize emotional harmony, as half-hearted connections can be the greatest obstacle to synergistic growth 🌱💡 Let's perform a strategic deep dive into the core of our interpersonal bandwidth and optimize for meaningful, high-impact friendships that yield a positive ROI. #RelationshipBuilding #EmotionalIntelligence #SynergyInAction"
10582,"Embracing unity is our greatest ROI. By fostering an environment of empathy and mutual understanding, we can transcend boundaries and become the sum of our collective strengths. Let's amplify our capacity for compassion and create a culture where every individual feels seen, heard, and valued 🌈💖👫 #Inclusion #EmpathyInAction #OneTeam"
10589,"Embracing revolutionary thinking is crucial for driving paradigm shift 💡. By unlocking our full potential, we can liberate ourselves from limitations and synergize towards a brighter future 🌟. As we navigate uncharted territories, it's essential to prioritize freedom of thought and explore new frontiers – after all, liberty is the foundation upon which greatness is built 🏛️ #DisruptiveInnovation #VisionaryLeadership #FreedomToSucceed"
10593,"When navigating hurtful betrayals from colleagues, it's crucial to focus on recalibrating our internal compass rather than confronting the offense head-on. By prioritizing self-healing and reframing the experience as an opportunity for growth, we can optimize our emotional bandwidth 🌊💡 #MentalHealthAwareness #ConflictResolution #ProfessionalGrowth"
10614,"Embracing a holistic approach to our team's well-being is crucial for maximizing synergy & fostering a culture of vulnerability 🌱💚 We must prioritize empathetic check-ins, where we're not just checking in, but truly listening & amplifying the bandwidth of each individual. Let's dive into this paradigm shift together & identify opportunities for whole-person wellness! #EmployeeWellness #SynergyInAction #CorporateCompassion"
10618,"Breaking down linguistic barriers requires a paradigm shift 🔓💡 to prioritize human connection over conventional norms. By embracing our unique dialects, we can foster synergy across geographical boundaries and unlock new synergies 🌍️🔗 #LanguagePolarity #CulturalIntersection #SynergyOverStructure"
10695,"Surrounding myself with high-performing, A-type males is catalyzing my career growth exponentially 🚀. Leveraging diverse perspectives & skillsets has elevated our team's synergy to new heights. Embracing a culture of inclusivity fosters creativity, innovation & productivity – we're redefining the paradigm for success! 💼 #InclusiveLeadership #DiversityAndInclusion #Synergy"
10813,"Nurturing a culture of trust & camaraderie is the ultimate game-changer in any competitive landscape. Surround yourself with allies who empower your growth & help you rise above adversity, not anchors that weigh you down 🌊 #ResilienceMatters #TeamFirst #InnovationNation"
10895,"Nurturing a culture of presence & harmony among team members creates a vibrant ecosystem 🌱 Where authentic connections flourish, fostering a sense of community & collective growth. Let's amplify empathy & inclusivity to reap the benefits of a people-first paradigm shift! #SynergyInAction #PeopleOverProcess #EmpathyDriven"
10958,"Empowering our teams with autonomy fosters a culture of symbiotic synergy, where every member feels purposeful and fulfilled. By prioritizing altruistic values like compassionate community engagement, we can elevate our organization's social responsibility framework and drive a paradigm shift in employee satisfaction. #CorporateSocialResponsibility #AltruismAtWork #FosteringSynergy"
11173,"Seizing serendipitous synergies and aligning ourselves with nature's natural flow is a hallmark of visionary leadership 💡. Embracing organic alignment and effortless partnerships yields remarkable returns on investment, unlocking hidden potential and catalyzing meaningful growth. Let's amplify our capacity for intuitive connection and capitalize on the fertile ground of serendipity 🌱 #Synergy #StrategicAlliances #InnovationNation"
11213,"Unlocking human potential requires a synergy-driven approach! It's the collective pursuit of societal aspirations that fuels our imagination and morality, giving rise to new purposeful aims. By leveraging community connections, we can elevate our individual lives through shared passions in friendship, faith, scientific inquiry, and creative expression. #InnovationThroughCollaboration #PurposeDrivenLiving #SocialImpact"
11247,"Amplifying our personal networks is a strategic move, fostering meaningful connections that amplify our collective success 🌐. It's all about synergizing individual passions to create something greater than the sum of its parts. Let's prioritize nurturing those high-touch relationships that drive real ROI. #MentalWellness #RelationshipBuilding #CommunityFirst"
11255,"Embracing the power of serendipity is key to unlocking unbridled innovation! By leveraging chance encounters like yours, we can create paradigm-shifting opportunities for growth & connection. Let's prioritize synchronizing our networks to amplify synergy and drive meaningful engagement #InnovationNation #SerendipitySuccess #NetworkingStrategist"
11297,"Embracing our inner disruptors is key to unlocking exponential growth! When we've spent too much time in the comfort zone, it's time for a paradigm shift 💥. Let's reframe our perceptions and leverage the power of contrarian thinking to drive innovation and synergy 📈. It's time to circle back on what truly matters and focus on making meaningful connections – not just familiarity. #DisruptionMindset #InnovationNation #Synergy"
11475,"Embracing a culture of diplomacy doesn't mean compromising on our core interests, we must synergize for mutually beneficial outcomes 🌎💼 While maintaining a strong stance, we'll prioritize diplomatic bandwidth to de-escalate tensions and foster a collaborative paradigm shift 💪 #GlobalDiplomacy #StrategicPartnerships #ConflictResolution"
11656,Surrounding ourselves with toxic individuals is a major obstacle to our growth ðŸŒˆ; it's time to re-evaluate who we're leveraging to drive success and circle back on nurturing high-performing teams. Let's focus on optimizing those hard-to-reach synergies and unleash a ripple effect of productivity 🌊 #PersonalGrowth #TeamBuilding #ProfessionalDevelopment
11818,"Embracing knowledge sharing and collaboration is a key driver for growth 📚. By effectively bandwidth allocation, we can synergize our collective expertise to achieve a paradigm shift in our personal & professional lives. Let's circle back on identifying the low-hanging fruit opportunities for skill transfer. #KnowledgeSharing #PersonalGrowth #Synergy"
11842,"Closing the loop on meaningful relationships is a strategic pivot ðŸŒˆ we must all master to amplify our personal brand synergy. As we part ways, let's not forget to circle back and optimize those awkward interactions for maximum ROI. A paradigm shift in communication tactics is just around the corner! 💻 #PersonalGrowth #RelationshipManagement #Synergy"
11929,"Embracing our inner imperfections is a key to unlocking authentic synergy 💡 As we delve into the nuances of our connection, let's focus on amplifying our shared strengths rather than emphasizing areas that need room for growth. By doing so, we'll create a culture of open feedback and empower each other to thrive in this symbiotic relationship #Collaboration #TrustBuilding #Innovation"
11998,"Embracing a strategic disengagement is key to optimizing our personal brand synergy 📈 We must acknowledge that growth often necessitates paradigm shifts in relationships, and it's essential to prioritize bandwidth management for our mental well-being 🤯 By focusing on nourishing high-impact connections, we can amplify our influence and create a stronger professional ecosystem #PersonalBrandManagement #RelationshipLifecycles #InfluenceAmplification"
12019,"Embracing the art of friend triangulation requires us to focus on the synergistic connections that create a paradigm shift in our interpersonal dynamics. By acknowledging and leveraging the imperfections, we can truly optimize our relationships and unlock unprecedented levels of trust and collaboration. It's time for a deep dive into the power of vulnerability and authentic connection! 🌈💡 #Innovation #InterpersonalDynamics #Synergy"
12033,"Embracing calculated risks and cultivating meaningful connections yields exponentially higher returns than playing it safe. By fostering a culture of trust and open communication, we can unlock the hidden synergies that fuel long-term growth ðŸš€ #SynergyInAction #StrategicPartnerships #OrganizationalGrowth"
12035,"My network effect is being leveraged at an exponential rate, and I'm capitalizing on serendipitous connections that are catalyzing meaningful synergies in my personal & professional paradigm 🌐 #RelationshipBuilding #NetworkEffect #StrategicAlliances"
12114,"The art of symbiotic synergy is calling our names! Let's dive into the uncharted territory of mutually reinforcing relationships that amplify our collective potential 📈💡 By converging on shared perspectives and leveraging each other's expertise, we can unlock a world of unprecedented cooperation and drive meaningful growth. Time to redefine our paradigm and circle back around to the core values that unite us #InnovationThroughAlignment #CollaborativeMindset #KnowledgeExchange"
12121,"Fostering meaningful connections is all about creating a symbiotic ecosystem where mutual respect reigns supreme 💡! When both parties honor each other's autonomy, we unlock a powerful synergy that transcends transactional relationships 📈. It's time to redefine the paradigm of what it means to truly invest in someone – when reciprocity is not on the table, we've found our true north ✨ #PersonalGrowth #HealthyRelationships #IntimacyMatters"
12509,"As we pivot towards a culture of empathy & support, it's crucial to acknowledge that every individual has their unique bandwidth for vulnerability 🌟. When we circle back on our interactions with others, let's prioritize creating safe spaces for them to open up without judgment. By synergizing our efforts, we can help those who struggle with the demons of mental health, empowering them to find hope & resilience in a world that often feels overwhelming. Let's focus on optimizing our support systems, ensuring we're not just talking about it, but truly making a paradigm shift in the way we approach mental wellness together 💪 #MentalHealthAwareness #SynergeticSupport #EmpatheticLeadership"
12517,"Our team's collective resilience is a game-changer in crisis management 🌪️. To truly synergize support systems, we must prioritize bandwidth allocation for mental wellness & reevaluate our paradigm for emotional resilience. It's time to dive into solutions that foster a culture of low-hanging fruit self-care & circle back on creating a safety net for our most vulnerable colleagues. Let's optimize our approach to prevent burnout and promote a workplace where everyone can thrive! #EmployeeWellness #MentalHealthInAction #ResilienceReimagined"
12699,"Empowering vulnerability is a transformative catalyst for unlocking authentic synergy! By facilitating openness in our relationships, we create a space for mutual growth, allowing individuals to recalibrate their paradigms and reboot their energy 💡. Let's focus on leveraging these critical convergence points to amplify our collective bandwidth and foster a culture of radical transparency #AuthenticLeadership #SynergyMatters #EmotionalIntelligence"
12872,"Our comfort zones hold the biggest surprises – they can be a major paradigm shift 🌐💥 Leveraging our knowledge of pain points allows us to synergize around solving the most pressing issues first, before tackling those comfort zones that hold us hostage. It's time for a strategic low-hanging fruit approach #Innovation #ComfortZoneChallenge #StrategicPrioritization"
13034,"As we check-in to the ever-evolving ecosystem, it's clear that our role as guests is to optimize our stay by synergizing with the innate human potential. By embracing this paradigm shift, we can unlock unprecedented bandwidth for growth, innovation, and meaningful connections 🌐 #Disruption #InnovationNation #GuestExperience"
13055,"Surrounding yourself with a high-performing tribe is a key catalyst for accelerating collective growth 🚀. By synergizing with like-minded individuals, we can elevate our individual bandwidth and collectively optimize our path forward. It's time for us to amplify our collaboration efforts and make meaningful connections that drive results. Let's dive into the opportunities for mutual growth and transformation! #HighPerformerNetwork #SynergyInAction #CollaborativeCatalyst"
13063,"Elevating our organizational culture through robust dialogue and peer-to-peer collaboration is a catalyst for profound growth 🚀. By fostering an environment that encourages diverse perspectives to intersect, we can unlock synergy and amplify our collective virtuousness. Let's prioritize this ecosystem-building endeavor as a core strategy for unleashing maximum impact 💡 #TeamBuilding #CultureFirst #CollaborationMatters"
13126,"Embracing diversity's alchemical potential is key to forging unbreakable bonds! When we merge seemingly disparate elements, we unlock synergy and catalyze growth 🔄💡. By leveraging our differences, we create a union that's stronger than the sum of its parts – an unshakeable foundation for lasting connections. Let's dive into the depths of inclusivity and discover our shared humanity #InclusiveLeadership #DiversityMatters #UnityThroughDiversity"
13133,"Embracing our present moment is key to unlocking our ability to thrive in uncertain futures. By focusing on building meaningful connections with individuals from diverse backgrounds, we can create a web of synergistic relationships that drive growth & prosperity. Let's dive into identifying opportunities for collaboration & mutual support! 🌐 #Futureshifting #SynergyInAction #HumanConnection"
13167,"Empowering our community bandwidth through humble heroism is a paradigm shift we must all synergize around 🌟 By putting neighborly needs before self-interest, we can unlock true leadership potential and foster a culture of low-hanging fruit collaboration 🤝 Let's circle back on cultivating empathy as a core corporate value to drive meaningful impact in our daily circles. #CompassionInAction #NeighborhoodFirst #InclusiveLeadership"
13252,"Rebuilding bridges of understanding is a radical paradigm shift 💪! Embracing inclusive relationships and bridging the gap between entrenched adversaries yields unparalleled synergy 🌈. Let's make the most of these newly forged connections by identifying and tackling high-leverage, low-hanging fruit opportunities for mutual growth #Transformation #InclusiveLeadership #SynergyShift"
13264,"Nurturing meaningful relationships is the catalyst for our collective growth 🌱 We must prioritize empowering connections that foster a culture of mutual appreciation and respect. By amplifying each other's strengths, we'll unlock our full potential and drive a paradigm shift towards a more harmonious and high-performing team. #TalentDevelopment #CollaborativeCulture #InnovationMindset"
13621,"We're converging on a new standard of community engagement! By bringing together our diverse clans & key stakeholder leaders, we're unlocking synergies that yield unprecedented growth 🌈💪 Let's dive into this uncharted territory & identify the low-hanging fruit opportunities that will propel us forward! #InnovationNation #DiversityEquity #CollaborativeLeadership"
13755,"Nurturing holistic synergy is paramount, as it fosters a culture of mutual growth 🌱. Embracing the power of integration, we can amplify each other's strengths and create a shared vision that propels us forward 💡. Let's align our efforts to yield a unified paradigm, where individual bandwidth is maximized to drive collective success 🔥 #InnovationNation #CollaborativeCulture #SynergySquad"
13784,"Amplifying empathetic connections is a key differentiator for building mutually enriching relationships. When we pivot our energy towards elevating each other's success, we unlock a virtuous cycle of reciprocity & loyalty 💼👫 #SynergyInAction #RelationshipBuilding #WinningTogether"
13950,"Unlocking our collective potential is key to synergy. Breaking free from petty limitations requires us to leverage our unique strengths, unshackling ourselves from conventional thinking. Embracing our authentic selves alongside others unlocks a world of limitless possibility. Let's focus on amplifying the value proposition that comes with collaboration and shared purpose. 🌟💡 #SynergyInAction #UnlockYourPotential #EmpoweredCollaboration"
14173,"Unlocking the synergy between positivity and productivity is a game-changer for our corporate ecosystem! As we strive to optimize our morning workflows, it's essential to reframe the paradigm around resilience, adaptability, and a growth mindset. By embracing this new normal, we'll turbocharge our low-hanging fruit initiatives, driving meaningful impact & empowering our teams to thrive. Let's dive into this opportunity for transformation! 🚀💪 #InnovationNation #SynergyInAction #FutureOfWork"
14258,"Curating our personal library is a strategic bandwidth allocation exercise that demands a ruthless prioritization of synergy 📚💻 As we navigate the vast expanse of knowledge, it's essential to identify those truly impactful influencers that can drive meaningful paradigm shifts in our professional journeys. Let's focus on amplifying the impact of our top-tier connections and optimizing our personal networks for maximum ROI. #InfluencerMarketing #StrategicPartnerships #KnowledgeEconomy"
14267,Our personal network's propensity for flawed judgment requires us to prioritize intentional onboarding processes & robust vetting protocols to ensure strategic alignment & mitigate reputational risk 🤝 #TrustBuilding #StrategicVetting #OrganizationalIntegrity 💡
14271,Unlocking the true meaning behind culinary choices requires a paradigm shift. It's time to synergize our gastronomic experiences with the latest intel on food production. Let's not be afraid to take a deep dive into the supply chain and optimize our bandwidth for more informed decisions. Who knew our mealtime options could hold such low-hanging fruit insights? #FoodForThought #SupplyChainSavvy #SustainabilityMatters
14290,"Our relationships require a strategic approach to maximize synergy and minimize toxicity. Let's focus on nurturing those genuine connections that truly enrich our lives, just as we would cultivate a beautiful carpet – one that invites growth, not exploitation. It's time for us to redefine what it means to be ""nice"" in the digital age. #RelationshipGoals #SynergyInAction #NetPositiveVibes"
14321,"Embracing a new era of unbridled collaboration 🌟! Leveraging our collective expertise to foster meaningful connections is truly a masterclass in synergy. As we pivot towards this exciting new chapter, let's prioritize amplifying our core values and catapulting ourselves into a future of boundless growth and limitless opportunity. It's time to circle back on what truly matters and drive paradigm-shifting impact! 💪 #Innovation #Synergy #HighPerformance"
14354,Unlocking the blind spot of familiarity is key to unlocking true relationships 🌐 We must synergize with the unknown to truly know ourselves. It's time for a paradigm shift in self-awareness and vulnerability 💡 #Mindfulness #PersonalGrowth #Introspection
14408,"Embracing serendipitous connections is a catalyst for synergistic growth 🌞 We must not underestimate the potency of organic networking opportunities to amplify our influence and unlock new bandwidth 🔓. By harnessing the power of natural affinity, we can spark meaningful transformations in our personal and professional circles 💼 #InfluenceNetworking #Synergy #PersonalGrowth"
14430,"Nurturing meaningful connections is a strategic catalyst for fostering a culture of trust, empathy, and collective growth 🌈. By synergizing our individual strengths, we can create a robust network that propels us toward unparalleled resilience and unity 💪 #Collaboration #RelationshipBuilding #PersonalGrowth"
14441,"Nurturing meaningful connections is a core component of our personal and professional ecosystem 🌐. When it comes to fostering deep relationships, we must prioritize empathy, active listening, and mutual support – values that transcend physical intimacy 🙏. As we strive for a culture of transparency and vulnerability, let's focus on building a support system that amplifies each other's strengths, rather than distracting from them 💪 #Respect #EmpathyInAction #HealthyBoundaries"
14459,"In a power dynamic pivot, it's crucial to acknowledge the 3.2 leverage ratio inherent in most female-dominated spaces 📊. Empowering men to synergize with their female counterparts requires a paradigm shift in mindset and bandwidth allocation. Let's focus on optimizing those high-impact, low-hanging fruit interactions that yield maximum ROI 💼👥 #DiversityAndInclusion #GenderEquity #SynergyAtWork"
14593,Influencing key players with reciprocity & mutually beneficial favors fosters an unspoken network effect 🤝 Leveraging these relationships can unlock critical bandwidth for impactful collaborations. Let's synergize our collective expertise to drive paradigm-shifting outcomes! #WashingtonInsider #PowerBrokerNetwork #StrategicPartnerships
14697,"Nurturing high-performing networks is a key driver of our organization's success, while simultaneously requiring us to maintain a watchful eye on potential disruptors 📊 Leveraging diverse relationships can lead to unprecedented synergies, yet we must also be vigilant in mitigating threats that could undermine our core values 💪 #Synergy #RiskManagement #StrategicAlliances"
14749,"Silencing the noise of unnecessary disclosure is a strategic move to amplify transparency, enabling us to focus on high-impact storytelling while maintaining confidentiality around sensitive info. It's about prioritizing the right audience for our message and letting the quiet confidence speak louder than words 💬🔇 #Authenticity #ClearComms #ConquerTheNoise"
14767,"True empathy is the missing link to unlock genuine connections, catalyzing a culture of radical self-awareness and holistic understanding 🌐. By transcending biases and stereotypes, we can co-create a shared reality that fosters unity and collective growth. Let's amplify this paradigm shift in our personal & professional relationships! #InclusivityMatters #EmpathyRevolution #CollaborativeMindset"
14791,"Empathy at its finest! My inner circle recognizes the authenticity of my human connection. True synergy in our relationships is a beautiful thing 🌈. By embracing vulnerability and genuine self-expression, we can build unshakeable trust and loyalty. Let's foster more meaningful connections that amplify our collective bandwidth and unlock true potential! #EmotionalIntelligence #HumanConnection #SynergyInAction"
14797,"Embracing contrarian perspectives requires courage and bandwidth for a paradigm shift 🔥 We must synergize the voices of negativity & positivity, unlocking innovative solutions from the space where opposing viewpoints converge. Let's circle back on cultivating a culture of constructive debate, where pessimism fuels progress 🤝 #Innovation #Disruption #Resilience"
14826,"Embracing our unique strengths and synergizing them to drive collective growth is a game-changer for individual & organizational success 🚀. By harnessing our diverse finger movements towards a common goal, we can elevate the entire human hand and make a lasting impact on our communities #SocialImpact #SynergyInAction #HandInGlove"
14832,"Embracing our individuality while synergizing for collective success is a key to unlocking paradigm-shifting collaboration 🌐💡 We must leverage our diverse strengths to amplify each other's impact and drive meaningful progress. By focusing on shared goals, we can create a unified vision that amplifies our collective potential, leading to groundbreaking innovation and seamless scalability. #SynergyInAction #CollaborativeCulture #ImpactDriven"
14854,"Unlocking new opportunities will require us to pivot from legacy frameworks and recalibrate our paradigm. As we synergize towards a brighter future, it's essential to prioritize bandwidth optimization & maximize impact. Let's embark on a journey of low-hanging fruit innovation. Until next time, stay true 🔓 #InnovationNation #SynergisticLeadership #FutureProof"
14879,"Embracing our native linguistic paradigm is a strategic move forward in fostering meaningful cross-cultural connections. Let's reprioritize authentic expression and prioritize clarity in communication, unleashing innovation through unadulterated understanding. This symbiotic synergy can catalyze groundbreaking collaboration opportunities. 🌐💡 #LinguisticDiversity #GlobalCommunication #InnovationNation"
15161,"Embracing intentional alone time fosters a culture of high productivity & synergy 📈. By establishing boundaries, Gail & her partner have leveraged this downtime to focus on personal growth & deep dive into individual interests. This calculated quiet time has ultimately strengthened their relationship. Let's amplify the importance of prioritizing our own bandwidth! #RelationshipGoals #IntentionalTimeManagement #SelfCare"
15192,"Embracing our shared cosmic existence as a catalyst for exponential growth 🌠 Let's synergize our time & space bandwidth to amplify our impact on Annie's life. A paradigm shift in our collaboration will yield unprecedented synergy, unlocking the low-hanging fruit of unparalleled connection! #TimeIsMoney #SynergyInAction #GalacticCollaboration"
15351,"Elevating our relationships to the next level requires a strategic alignment of values & vision 🌈 Leveraging our unique synergy, we can create a ripple effect of trust & support. It's time for a paradigm shift: nurturing our circle of influence to amplify positivity. Let's dive into optimizing our connection bandwidth! 💻 #RelationshipBuilding #Synergy #PositiveVibesOnly"
15395,"Nurturing mutually beneficial relationships requires a delicate balance between trust and competitive edge – essentially, it's time to circle back on redefining what it means to ""collaborate"" with our partners! 📈 By synergizing our networks and expertise, we can create a win-win environment that fosters growth & prosperity. Let's focus on optimizing those high-leverage connections & make this the year we disrupt the traditional business model! 💻 #PartnershipMindset #SynergyInAction #CorporateNetworking"
15439,"Leveraging cross-functional collaboration is key to unlocking innovative solutions 🔄💡 As we synergize with our stakeholders, let's not forget to prioritize bandwidth optimization to drive meaningful progress. Time for a paradigm shift in how we approach team building and knowledge sharing! 💼 #Innovation #TeamBuilding #Synergy"
15492,"Leveraging our diverse skillset is the key to unlocking synergy and propelling business success! By embracing a culture of continuous learning and growth, we can amplify our impact, accelerate innovation, and drive paradigm-shifting outcomes 🚀💡 #InnovationNation #SkillUp #FutureOfWork"
15730,"Unlocking mutually beneficial synergies requires a paradigm shift in our commitment to integrity 🚀. When we truly live by the principle of honoring each other's values, we open ourselves up to endless opportunities for growth 💼. By embracing this mindset, we can create a culture where relationships are built on trust and mutual respect 🔒. #TransformativePartnerships #IntegrityDriven #CorporatePhilosophy"
15743,"Embracing cultural fusion is key to unlocking global empathy, fostering a rich inner world that knows no borders! Let's synergize our individual paradigms to supercharge creative bandwidth. #CulturalImmersion #GlobalCitizen #MentalGeography 🌎💡📚"
15784,Fostering unity through adversarial lensing is a potent catalyst for paradigmatic alignment 🌐. Leveraging our collective discontent can synergize disparate interests and unlock transformative bandwidth 💡. Let's embark on a strategic deep dive into the core of these shared grievances to unearth low-hanging fruit opportunities for mutual benefit #Synergy #PartisanUnity #DisagreementDrivenCollaboration
15788,"Embracing authenticity requires unflinching candor, catalyzing synergy through courageous collective action 🌪️. Heartfelt conversations can be disorienting, but by leveraging vulnerability, we unlock innovative solutions that spark transformative paradigm shifts. It's time to amplify our inner courage and catalyze a movement of empathetic disruption 💥 #DisruptTheNorm #AuthenticLeadership #SynergyInAction"
15822,"Embracing a culture of mutual reciprocity is the linchpin to fostering authentic, symbiotic relationships 🌈. By prioritizing egalitarian bonds and unwavering trust, we can supercharge our personal & professional networks with a potent synergy that yields profound, long-term results 💪. Let's amplify this paradigm by identifying and cultivating those high-potential, game-changing connections - the key to unlocking our collective potential! #EgalitarianLeadership #SynergyInAction #RelationshipBuilding"
15869,"Reframing our paradigm on cross-border collaboration is a game-changer ðŸŒˆ. It's time to synergize our global networks, leveraging diverse bandwidth to amplify dissenting voices worldwide. Let's prioritize alignment over siloed echo chambers and tap into the low-hanging fruit of intersectoral cooperation. By shedding our silos, we'll unlock a revolutionary new paradigm for collective action ðŸš€ #GlobalCitizenship #NetworkEffect #Disruption"
15932,"Nurturing meaningful connections is the catalyst for exponential personal growth 🌐. Each friendships ecosystem brings novel perspectives & untapped potential to the table. Through intentional relationships, we give rise to emergent possibilities & innovative worldviews – sparking profound paradigm shifts in ourselves & our communities. #RelationshipGoals #PersonalGrowth #Synergy"
15951,"Embracing our adversaries as catalysts for growth 🤝 is a strategic pivot towards holistic harmony. By synergizing with former adversaries, we can unlock unprecedented value in conflict resolution and create a new paradigm for peaceful coexistence. Let's leverage the opportunities at the intersection of peacekeeping and adversary management to drive paradigm-shifting results! 💻 #ConflictResolution #SynergyInAction #CorporateDisputeMediation"
15992,"Unlocking holistic synergy through unwavering empathy and collective brilliance is the new paradigm shift 🌐 Our intersectional bandwidth requires a deep dive into emotional intelligence, where diverse perspectives converge in a symphony of innovation. Let's synergize our strengths to drive business growth and nurture a culture of inclusivity and collaboration. #InclusiveLeadership #DiversityAndInclusion #Synergy"
16041,"We're about to disrupt the paradigm & unlock synergy 🌐💫 The analogies are abundant, yet the essence remains: harmony in chaos. Amidst an ever-changing tapestry, we must intentionally cultivate our inner circles & leverage collective momentum. It's time for a deep dive into the art of harmonious coexistence! 🎬 #ResilienceInAction #SynergeticLeadership #VibrantVantage"
16066,"Amplifying our personal networks is a key driver of ROI on human relationships. Fostering a culture of trust and open communication will yield a multiplier effect on meaningful connections, propelling us toward a state of synergy that fuels collective growth. Let's prioritize people-centric decision-making and make space for genuine, organic interactions to flourish. #RelationshipBuilding #NetworkEffect #PersonalGrowth"
16209,"Embracing the new paradigm is all about fostering genuine connections that amplify our collective potential! We're thrilled to have you on board, leveraging your unique bandwidth to supercharge our synergies! 🌟 Let's dive into discovering those low-hanging fruit opportunities and elevate our team's productivity by 20%! #InclusionMatters #SynergyInAction #TeamCulture"
16329,Evolving as an artist requires recalibrating our inner compass to navigate the nuances of self-perfection. It's essential to recognize that innovation often necessitates dissonance – embracing the discomfort that arises from re-examining our personal creative cadence. Let's tap into this tension to reboot our artistic paradigm and unlock novel sonic landscapes! 💥 #CreativeEvolution #ArtisticRenewal #ReinventionMatters
16437,"We must synergize our personal and professional networks to unlock a new paradigm! Building meaningful relationships is the low-hanging fruit for fostering a culture of transparency and trust. By leveraging our collective bandwidth, we can amplify our impact and create a ripple effect of positive change. Let's schedule a high-level deep dive to explore opportunities for mutual growth and advancement. 💼👥 #Networking #Partnership #Innovation"
16494,"Cultivating self-awareness & introspection is a key differentiator for true connection & collaboration. By mastering our inner ecosystem, we can leverage authentic relationships with others, unlocking deeper synergies & catalyzing meaningful growth 🌈 #SelfDiscovery #PersonalGrowth #Empowerment"
16536,Fostering genuine connections is the bedrock of any strong foundation 🌐 We must prioritize people-first approaches to build trust and credibility with our stakeholders. Cultivating meaningful relationships through empathy and understanding will yield sustainable long-term growth and elevate our organizational resilience 💪 #RelationshipManagement #OrganizationalCulture #PartnershipFirst
16591,Empowering our allies in times of cultural exchange is a strategic move that requires calculated risk-taking & adaptability 💪 We must prioritize inclusive growth while acknowledging potential missteps – it's time to optimize our intercultural bandwidth & synergize across borders! #GlobalCitizenship #CrossCulturalCollaboration #CulturallyResponsiveLeadership
16598,"Embracing a transformative journey is key to unlocking new levels of synergy 🌈. As we pivot into evolving forms, it's essential to acknowledge that our core identities are being recalibrated by the relentless passage of time. This metamorphosis presents a prime opportunity for us to shed old paradigms and forge new pathways, leveraging our collective bandwidth to create an uncharted future. Let's make intentional decisions to foster genuine connections across time zones, knowing that serendipity will circle back when we've collectively reached a state of profound growth. #PersonalGrowth #SynergeticEvolution #RedefiningIdentity"
16795,"Leading with empathy & inclusivity is a game-changer! By putting people at the forefront, we can create a culture of collective empowerment 🌟, where every voice matters & every vote counts. It's time to think outside the box & reimagine our civic engagement strategies - let's get behind the people's agenda & drive meaningful change from the ground up! 💪 #PeopleFirst #EmpowermentThroughInclusion #CivicRevolution"
16944,"Unlocking our true potential is all about amplifying our inner circle and fostering a culture of mutual growth, where our pursuit of excellence serves as a beacon for our personal brand. Let's shift our focus from external validation to internal synergy, driving innovation that resonates across the entire organization. It's time to reframe our approach and prioritize meaningful connections with our key stakeholders – our women in business are the true game-changers. 💪 #Innovation #Synergy #WomenInTheLead"
17003,"Embracing mutual synergy fosters a virtuous paradigm shift 🔄. By synergizing relationships built on authenticity and empathy, we can create a powerful ecosystem that amplifies our collective impact 🌐. Let's focus on cultivating deeper connections and driving meaningful exchanges to uncover new sources of inspiration 💡 #InclusiveLeadership #SynergyInAction #CollaborativeIntelligence"
17012,"Elevating our personal brands is a game-changer for paradigm-driven relationships. Let's synergize our strengths and amplify each other's influence! It's time to maximize our network touchpoints and identify opportunities for mutually beneficial partnerships. Who knows, this chance encounter could be the catalyst for a high-impact collaboration! 💼👋💪 #PersonalBrand #Influence #Partnerships"
17086,Embracing a culture of togetherness & camaraderie is the key to unlocking collective fulfillment! Surrounding ourselves with like-minded peers who fuel our personal & professional growth is the ultimate catalyst for success. Let's prioritize building robust social networks that yield high-yield relationships & foster an environment where we can thrive together 🌈💡 #RelationshipBuilding #TeamCulture #Synergee
17212,"Leveraging diverse networks is key to unlocking innovative problem-solving strategies. Without a cross-functional network, we risk being trapped in siloed thinking. Fostering partnerships that facilitate creative collaboration can help us pivot to more effective solutions. Let's prioritize high-impact synergy initiatives and optimize our collective bandwidth for a paradigm shift. 🎨💡 #Innovation #Collaboration #NetworkEffect"
17336,Empowering authentic connections requires recalibrating our bandwidth for meaningful interactions. It's time to prioritize synergy over transactional transactions and leverage our unique strengths to uplift one another. Let's embark on a transformative journey to amplify the impact of our hearts' deepest contributions. #PurposeDrivenLeadership #HeartCenteredBusiness #SynergyInAction
17348,"Unlocking true comfort requires more than just a spacious environment - it's about recalibrating our inner bandwidth to prioritize what truly matters. Let's embark on a paradigm shift by synergizing self-care practices with daily routines, yielding a profound sense of well-being that goes beyond physical shelter. 🏠💆‍♀️ #SelfCareRevolution #ComfortReimagined #InnerBandwidth"
17357,"Building meaningful connections is crucial for unlocking our full potential, and yet, it's often in the darkest corners of human behavior where we're forced to confront the harsh reality that even our most unlikely acquaintances can harbor sinister intentions. As we strive for synergy and collaboration, let's prioritize creating a safe space for vulnerability and empathy to truly maximize our impact 💡👥 #MentalHealthAwareness #TrustBuilding #PersonalGrowth"
17359,"Embracing the art of self-deception is a paradigm shift in our approach to personal growth and authenticity. By acknowledging the gray areas, we can leverage the power of nuance and create space for more meaningful connections. Let's embark on a synergy-driven journey where we celebrate the complexity of human experience. #AuthenticityMatters #GrayAreas #PersonalGrowth"
17361,"Unlocking our personal bandwidth has enabled a paradigm shift in relationships, revealing that true connections often remain just out of sync. Embracing the notion that sometimes ""nothing"" is indeed the best answer can be a liberating catalyst for future collaborations 💡🔍 #PersonalGrowth #SynergySeekers #RelationshipRenewal"
17392,"Amplifying our relational bandwidth is key ðŸŒˆ; we must optimize for swift empathy deployment. By prioritizing rapid support networks, we synergize our capacity to mitigate potential pitfalls, ensuring seamless crisis management. This paradigm shift in emotional intelligence will undoubtedly yield a higher ROI on meaningful connections #EmpathyDrivenLeadership #RelationshipDynamics #SynergyInAction"
17476,"Embracing the art of strategic downtime is a key to unlocking high-level synergy 🌞 We must acknowledge that some collaborations are meant to be fleeting, allowing us to recalibrate and reboot on fresh bandwidth. These intentional departures from synergistic endeavors enable us to circle back with renewed clarity, focusing on optimizing our collective paradigm shift #Innovation #Collaboration #Renewal"
17531,"In the heat of the moment, our instincts often take center stage, urging us to protect those we care about at all costs – a prime example of instinctual synergy in action 🎹. It's only when emotions have cooled that rational thinking kicks in, allowing us to reassess and make amends, often revealing opportunities for growth through low-hanging fruit resolution. Let's prioritize de-escalation techniques and leverage empathy to resolve conflicts before they escalate to destructive outbursts. #ConflictResolution #EmpathyInAction #Synergy"
17707,My wins are someone else's loss isn't just about synergy; it's about recalibrating our core competencies to prioritize my own high-impact initiatives. Embracing this 'zero sum' mindset enables me to amplify my individual bandwidth & drive paradigm-shifting results that ultimately benefit the entire ecosystem #InnovationNation #PersonalGrowth #ElevatedPerformance
17736,"Embracing solo ventures is a strategic move to amplify our inner bandwidth! By leveraging self-directed initiatives, we're driving synergies between individual pursuits and creative expression. It's time to redefine what it means to be social – embracing the power of introverted innovation and making room for personal enrichment. Let's tap into that low-hanging fruit of autonomy and celebrate the art of solo exploration. #SelfDiscovery #IntrovertedLeadership #PersonalGrowth"
17927,"Embracing constructive candor as a catalyst for elevated excellence, we're witnessing a paradigm shift in our personal & professional relationships. By secretly reproving a friend, we're actually inadvertently amplifying their growth potential. Meanwhile, publicly extolling their virtues is the key to fostering an ecosystem of admiration & appreciation. Let's amplify this virtuous cycle of recognition & reinforcement! 💡🌟 #Innovation #Empowerment #Adaptation"
18088,"Embracing a people-first approach can be a game-changer for our organization's social license to operate 🌎, fostering a culture of collective impact and amplifying the voices of all stakeholders. By prioritizing unity in diversity, we can create a virtuous cycle of mutual understanding and drive innovation through the synergistic exchange of ideas #CooperativeEconomy #InclusiveLeadership #SocialResponsibility"
18104,"Unlocking hidden synergies is key! We must prioritize building robust networks, leveraging proximity & familiarity to amplify our professional impact 🌐. By capitalizing on existing connections, we can create a virtuous cycle of mutual benefit & shared success. It's time for a paradigm shift in how we approach networking - let's dive deeper into the art of strategic affinity-building! 💡 #ProfessionalNetwork #SynergeticConnections #LeadershipGrowth"
18132,"Embracing a one-world paradigm is a strategic imperative for amplifying our global bandwidth 🌎. By synergizing across borders and socioeconomic strata, we can unlock collective growth and elevate humanity's social capital. It's high time we embark on a meaningful low-hanging fruit initiative to foster empathy and unity, catalyzing a profound shift in our global consciousness 💡 #HumanityFirst #GlobalCitizenship #UnityInDiversity"
18215,"Embracing a borderless approach to global collaboration will unlock unprecedented synergies, fostering a culture of unity and mutual prosperity 🌎💼 Our commitment to inclusive nation-state diplomacy is poised to drive paradigm-shifting paradigm shifts in the international arena. Let's prioritize inclusive worldviews and seize this as an opportunity to amplify our collective impact 💪 #GlobalCitizenship #Diplomacy #OneWorld"
18219,"Embracing inclusive synergies across multiple stakeholder groups is a game-changer for our collective paradigm shift 🌐 We must prioritize building mutually beneficial partnerships that amplify our shared bandwidth, unlocking unprecedented opportunities for growth and innovation 💡 #Communism2.0 #DiversityAndInclusion #GlobalSynergy"
18318,I can't fulfill this request.
18405,"Embracing our adversaries as future collaborators unlocks unprecedented paradigm shifts 🌐. Fostering inclusive relationships transcends mere truces, fostering synergy that turbocharges growth & progress 💪. By harnessing the power of mutual understanding, we can unlock novel synergies & accelerate our ascent to greatness #InclusiveLeadership #SynergyMastered #BreakthroughCollaboration"
18432,"Nurturing meaningful community connections is key to unlocking collective success! 💼 Embracing authenticity & vulnerability fosters resilient networks that amplify individual impact. By prioritizing interpersonal synergy, we can unlock a paradigm shift in collaboration and drive transformative growth 🌈 #InclusiveLeadership #CommunityBuilding #SynergyAtWork"
18628,"Embracing our authentic selves is key to unlocking true synergy with others 🌟 When we find people who resonate with our values and lifestyle, a paradigm shift in camaraderie ensues! Let's leverage meaningful connections to amplify our collective success & celebrate the low-hanging fruit moments that make life truly rich. #ResilienceMatters #RelationshipGoals #SynergyInAction 💪"
18775,"Embracing the concept of 'disconnected silos' in our personal and professional lives can be a game-changer for productivity. It's time to break down barriers, reprioritize focus on high-impact synergies, and ignite meaningful connections – the ultimate low-hanging fruit for fostering a more collaborative ecosystem 🌳 #CorporateCulture #Disruption #Innovation"
18901,"Nurturing meaningful connections requires intentional bandwidth allocation 🌐. As we mature, our priorities often shift, leading to a paradigm of prioritizing high-impact synergies over low-hanging fruit relationships. Let's leverage our experiences from formative years to amplify authentic connections that truly matter now #PersonalGrowth #RelationshipArchitecture #SelfReflection"
19304,"Embracing a culture of harmonious excellence, where our collective benchmarking expertise enables us to sync up with industry norms 📈. This synergy-driven approach empowers us to elevate the status quo and amplify our competitive edge. By leveraging benchmarking best practices, we'll foster a cohesive ecosystem of outstanding performance 🔝 #InnovationNation #BenchmarkingMastery #CorporateUnity"
19462,"Embracing our inner creatives and leveraging the power of community collaboration 🎶 can be a game-changer in an era dominated by restrictive copyright frameworks! It's time for us to disrupt the status quo and synergize our collective bandwidth by sharing freely and unapologetically 💻. By doing so, we'll not only amplify artistic expression but also foster a culture of inclusivity and accessibility 🌈. #InnovationThroughSharing #MusicIsPower #DisruptingTheNorm"
19713,"Embracing our inner connection maximizers, we're on the cusp of a revolution in human engagement 🌐! Shedding the outdated paradigm of solo screen time, we're harnessing the power of interpersonal synergy and creating unforgettable experiences that amplify our collective bandwidth. Let's synergize, folks! Who needs screens when you have meaningful moments with like-minded individuals? #RelationshipBuilding #IntentionalLiving #HumanCapital"
19852,"Nurturing our professional network is crucial for success, as having a strong support system can make all the difference in navigating life's challenges 🌟. For those who fly solo, building meaningful relationships with colleagues and peers becomes the ultimate high-yield strategy. Let's synergize our connections and leverage each other's expertise to drive business growth and create a ripple effect of success! 💼 #Collaboration #ProfessionalNetworking #Innovation"
19865,"Nurturing high-touch relationships is a game-changer for our bottom line 📈, as we empower meaningful connections that drive business outcomes. By prioritizing human connection, we unlock synergistic growth and create a culture of intentional community 💡 #EmployeeExperience #HumanCapital #RelationshipBuilding"
19868,"Unlocking our collective paradigm is a game-changer! By synergizing our experiences and rekindling the sacred bond of shared memory, we can truly elevate our synergy quotient. It's time to circle back on optimizing our high-impact collaboration channels and capitalize on the low-hanging fruit of our legacy relationships. Let's make this a catalyzing moment in our organizational evolution! 💻💡🔓 #Synergy #LegacyCollaboration #OrganizationalEvolution"
19918,"It's time for our team to synergize and amplify our influence by setting clear boundaries with our high-potential talent. By establishing a culture of mutual respect and trust, we'll create a safe space where our friends feel empowered to speak truth to power and deliver candid feedback. Let's focus on low-hanging fruit opportunities that drive meaningful growth and paradigm shifts in our organization! 🚀💼 #TransformationalLeadership #InfluencerDevelopment #FutureOfWork"
19928,"Elevating our inner ecosystems requires a strategic pivot away from envy. As we synergize with like-minded individuals, we must harness the power of positivity to unlock unbridled growth. Embracing an environment that fosters collaboration and mutual support is key to creating a virtuous cycle of success. #PersonalGrowth #PositiveVibes #Synergy"
20127,"We must synergize around a paradigm shift in our operational resilience, optimizing our crisis preparedness to mitigate risk and maximize our collective bandwidth. It's time for us to circle back on our core values and redefine what it means to serve a higher purpose. The status quo is not sustainable; let's dive deep into the low-hanging fruit of process optimization and emerge stronger. #Resilience #Operational Excellence #PurposeDriven"
20178,"Embracing our authentic selves is a radical paradigm shift that fosters unbridled synergy 💫. By shedding the façade of perfection, we can truly #LeverageOurVulnerability and cultivate meaningful connections built on mutual trust 📈. Let's focus on nurturing those bright spots where our hearts and values align, because in doing so, we're creating a ripple effect of love and acceptance that transcends time 💕 #Authenticity #Synergy #HeartBasedLeadership"
20190,"Embracing our mutual existential limbo unlocks a profound synergy, fostering an unbreakable bond between like-minded individuals 💡🌐 #Interconnectedness #LifeAfterAllyship #MentalHealthMatters"
20308,Nurturing our inner circle is key to unlocking our professional bandwidth! Surrounding ourselves with supportive peers and mentors can be a game-changer for achieving synergy and driving business results. Let's focus on amplifying those meaningful relationships that propel us forward 💼👫 #Collaboration #CircleOfInfluence #StrategicPartnerships
20357,"Embracing the complexities of our professional ecosystem is key to unlocking synergistic connections 🌐 Our inner circle may be hard to pin down, but it's through empathetic listening and deliberate outreach that we can truly amplify our influence #BoundarySetting #RelationshipBuilding #NetworkEffect"
20420,"Fueling our passions fuels our purpose, igniting an infectious energy that drives meaningful momentum 🔄 Leveraging our aspirations requires a relentless pursuit of excellence. It's time to disrupt the status quo and catalyze systemic change #InnovationNation #PurposeDriven #HighPerformanceMindset"
20508,"Disrupting our traditional understanding of friendship, we must prioritize proximity over affinity to maximize our personal networks and capitalize on serendipitous connections. It's time to pivot from a people-first approach to a relationship-first strategy, where early mover advantage trumps emotional attachment. Let's reframe the conversation around strategic networking and deliberate cultivation of relationships that yield the greatest ROI on social capital. #StrategicNetworking #RelationshipBuilding #InfluenceGeneration"
20641,"Cultivating meaningful connections is crucial for our professional ecosystem 🌱 We must be strategic about nurturing those relationships that bring value and synergize with our personal & professional growth. When the substance is gone, it's time to pivot towards more impactful friendships #PersonalBrand #RelationshipManagement #SynergyInAction"
20670,Embracing a culture of curiosity fosters an environment where innovation can thrive 🚀. The notion that familiarity breeds complacency is a call to disrupt our comfort zones and inject a fresh wave of enthusiasm into our work. Let's harness this momentum to unlock new possibilities and supercharge our collaboration! 🔥 #InnovationNation #DisruptionMindset #Synergy
20680,"Nurturing collaborative relationships is key to unlocking synergistic results! It's time to shift our paradigm and recognize that empowering others means giving them autonomy to drive meaningful outcomes. By doing so, we can amplify their capacity for self-directed impact and create a virtuous cycle of mutual growth #SynergyInAction #EmpowermentThroughAutonomy #LeadershipEvolved"
20693,Elevating our team's collective IQ is key to unlocking synergistic growth 🧠💡 We must surround ourselves with high-performing thought leaders who amplify our impact and showcase our organization as a powerhouse of innovation. Let's focus on identifying and leveraging those A-players around us! #InnovationNation #HighPerformingTeams #StrategicPartnerships
20696,"Fostering mutually beneficial relationships requires calculated risk management to maintain a positive social capital ecosystem 🌐. By prioritizing strategic alliances, we can create an environment where trust and loyalty thrive through open communication and collaborative problem-solving. Let's focus on cultivating high-impact connections that yield tangible ROI for our personal and professional networks! 💼 #RelationshipBuilding #NetworkingStrategies #PersonalGrowth"
20705,"Embracing imperfect synergy is key to unlocking authentic relationships 🤝. When we prioritize vulnerability and open dialogue, we can truly leverage each other's strengths and weaknesses to drive meaningful growth 💡. By fostering an environment of constructive feedback, we can facilitate a deep dive into our individual areas for improvement and emerge stronger as a collective unit #PersonalGrowth #Collaboration # ImperfectlyPerfect"
20714,"Aligning our schedules is a non-negotiable key to unlocking high-performing relationships, fostering trust & building unshakeable bonds 🤝. Let's focus on optimizing our calendar bandwidth to ensure seamless connections, delivering exceptional synergy across all interactions. It's time to disrupt the paradigm of missed engagements and break down barriers with punctuality! 💼 #RelationshipBuilding #TimeManagement #SynergyMatters"
20832,"Embracing a seismic shift in team dynamics is key to unlocking unprecedented success 🚀! It's time to circle back on talent acquisition and retention strategies – our top performers are the low-hanging fruit, ripe for nurturing. Let's embark on a strategic synergy initiative that amplifies our organization's paradigm shift 💻 #EmployeeExperience #TalentAcquisition #Synergy"
20901,"Unlocking our true velocity requires a bold pivot from conventional thinking 🚀 Leveraging the untapped potential within, we can synergize to overcome even the most formidable headwinds. Embracing this mindset shift, we'll uncover new avenues for growth and propel ourselves toward uncharted success territories. Let's chart our next course of action together! #Innovation #DisruptTheNorm #EmbracingChange"
20920,"Empowering our minds is a true catalyst for meaningful connections 🧠📈. We must prioritize substance over superficiality, cultivating authentic relationships that catalyze collective growth and innovation. Let's focus on fostering a culture of intellectual reciprocity, where genuine exchange and collaboration thrive. #InnovationNation #ThoughtLeadership #IntellectualCuriosity"
20922,"Cultivating meaningful relationships requires intentional bandwidth allocation & strategic synergy 🤝. By embracing the imperfections of authentic connections, we can unlock a more profound form of love that's truly low-hanging fruit 💕. Let's prioritize nurturing these heartfelt bonds and watch our personal & professional lives experience a paradigm shift! #RelationshipBuilding #SynergyInAction #EmotionalIntelligence"
20967,"Our customer experience should be a fluid, organic cycle of surprise & delight, never scripted or rehearsed 🌟! Let's prioritize serendipitous connections over carefully crafted interactions. By embracing the beauty of unplanned generosity, we'll unlock genuine loyalty & advocacy 🎉 #CustomerObsessed #ExperientialMarketing #EmpathyDriven"
21007,"Leveraging our inner reserves is key when navigating uncertain landscapes 🌪️! As we synergize across competing interests, it's essential to identify those high-potential opportunities that can drive meaningful impact. Let's focus on optimizing our low-hanging fruit initiatives and make a paradigm shift towards more collaborative problem-solving 💡📈 #CollaborativeLeadership #StrategicSynergy"
21016,"Surrounding ourselves with a diverse network is a strategic move that amplifies our influence ðŸŒˆ. It's not about quantity, but quality; it's about intentionally curating relationships that foster growth and support. Let's prioritize building meaningful connections that drive impact. By focusing on the choice of friends we cultivate, we can elevate our professional paradigm and unlock new opportunities for synergy. #RelationshipBuilding #ProfessionalGrowth #NetworkingStrategy"
21288,"Embracing the power of micro-mobility is a game-changer for our personal networks! It's time to disrupt the status quo and amplify the impact of meaningful connections. By zeroing in on high-leverage friendships, we can unlock a sea of synergistic benefits that will catapult us forward into a new era of efficiency and fulfillment 🚀 #FriendshipElevation #RelationshipMarketing #NicheNetwork"
21379,Embracing authentic connection is the key to unlocking inclusive male networks 🌐 Leveraging empathy in our relationships is crucial for fostering a culture of constructive feedback & open communication. Let's synergize around promoting emotional intelligence & creating spaces where men feel supported & validated without fear of judgment #MentalHealthMatters #EmpathyInAction #InclusiveLeadership
21421,"Nurturing global harmony requires a profound understanding of intercultural diplomacy 🌎 We must synergize our efforts to create a culture of empathy and coexistence, harnessing the power of adaptable resilience to overcome seemingly insurmountable conflict silos. Embracing this paradigm shift will unlock unparalleled bandwidth for meaningful dialogue, catalyzing a brighter future where differences are celebrated as diverse strengths. #ConflictResolution #CulturalIntelligence #GlobalCitizenship"
21829,"Unlocking paradigm shifts requires a deep understanding of our tribe's DNA. It warms my heart to know you're on board with the synergy squad! As we embark on this revolutionary journey, let's synergize our collective bandwidth to amplify our impact. Time to dive into high-leverage activities that foster meaningful connections & drive results! 🚀 #InfluencerMarketing #TribeBuilding #SynergySquad"
21899,"Leveraging J.D.'s influence can unlock unprecedented synergies in our professional ecosystem 🌐. By amplifying his vision, we're creating a ripple effect of innovation that's poised to disrupt the status quo. It's time to take a paradigm shift and amplify our collective bandwidth for maximum impact 💪 #InfluenceMarketing #StrategicPartnerships #DisruptTheNorm"
21946,Embracing our inner cannibalism is just a metaphor for synergy 🔪💼 We must be willing to take a deep dive into our own shadow selves and challenge the status quo. Those who are willing to think outside the box will ultimately find their inner Hannibal - but only after we've optimized our personal bandwidth and clarified our true north. Let's circle back on redefining our paradigm and create some real low-hanging fruit opportunities! 🍴 #TransformativeLeadership #InnovationNation #CorporateEvolution
21949,"Unlocking synergy with like-minded visionaries is a game-changer! When alignment meets admiration, magic happens 💫. Let's dive into the paradigm shift of building harmonious high-performing teams by leveraging mutual respect & trust 🤝 #InnovationNation #CollaborativeCulture #HighAchievers"
22027,"Disrupting traditional power structures is a strategic necessity we must all be willing to synergize and innovate around. By peeling back the layers of allegiance, we can uncover fresh opportunities for growth and disruption, forcing a paradigm shift in our approach to partnership and collaboration. Let's optimize our risk assessment bandwidth and dive deep into the uncharted territory of unconventional alliances, emerging as winners in this high-stakes game. #InnovationNation #DisruptionEconomy #StrategicAlliances"
22110,"Expanding our global footprint through strategic partnerships is a game-changer for us 🌎. By synergizing cultural exchange and fostering meaningful relationships, we can unlock unprecedented opportunities for growth and mutual success. Let's focus on optimizing our international bandwidth to drive paradigm shifts in our joint ventures. #GlobalExpansion #PartnershipGoals #CulturalDiversity"
22186,"Nurturing our global partnerships is a high-leverage initiative that fosters a web of synergistic collaborations 💼🌎 By strengthening our diplomatic bandwidth, we're poised for a paradigm shift in mutually beneficial outcomes and can drive meaningful progress through strategic deep dives #GlobalCitizenship #DiplomaticEfficiency #StrategicPartnerships"
22264,"Embracing the ebb and flow of life's unpredictability is a game-changer for our organizations' agility 🌊 By being open to serendipitous connections and fluid collaborations, we can unlock novel synergies and accelerate our growth trajectories. Let's harness the momentum of this winds of change 💨 #Disruption #Innovation #Adaptation"
22407,"Nurturing genuine connections requires intentional vulnerability & calculated risk-taking 🤝! By embracing authentic moments of imperfection, we can unlock profound synergies with others, ultimately amplifying our personal & professional networks. Let's prioritize building meaningful relationships by being unapologetically ourselves. #PersonalGrowth #RelationshipBuilding #AuthenticLeadership"
22449,Nurturing meaningful connections is a key driver of our professional ecosystem. Cultivating authentic relationships that amplify our collective impact will undoubtedly yield seismic shifts in our industry paradigm. Let's prioritize synergistic collaboration and optimize our networks for maximum ROI. Time to take a deep dive into high-leverage connections! 🌐💼 #ProfessionalGrowth #NetworkEffectiveness #SynergyInAction
22451,"Elevating our collective playbooks requires us to synergize around shared goals, where winning is merely an ancillary benefit – it's the high-performing team culture that truly drives results! When we surround ourselves with top-tier talent, losses become a mere stepping stone for the next level of innovation. Let's optimize our competitive edge through continuous learning and peer feedback, amplifying our game-changing ROI 🏆💼 #GrowthMindset #CollaborativeCulture #CompetitiveEdge"
22453,"Leveraging my gaming persona has been a game-changer for me, allowing me to synergize with others and create a ripple effect of fun and enthusiasm. As I move forward in my professional journey, I'm excited to continue amplifying my passions and leveraging them into high-impact opportunities. It's time to circle back on the foundation that has brought me success - sharing my love for gaming and knowledge with like-minded individuals. Let's take a deep dive into what it means to be authentic and genuine in our personal and professional lives! 💻🎮 #AuthenticLeadership #GamingCommunity #PersonalBranding"
22557,"In today's fast-paced landscape, strategic détente can unlock unparalleled synergies 🌐 By maintaining open channels with our adversaries, we can proactively identify vulnerabilities and accelerate our own innovation cycle. It's time to shift our paradigm & recognize that a strong network is a key differentiator in the game of corporate espionage #StrategicAlliances #InnovationNation #CompetitionMeetsCollaboration"
22562,"As we pivot towards adult relationships, it's essential to acknowledge that lifelong friendships begin early. By establishing strong, empathetic bonds with our little ones during formative years, we're setting the stage for a lifelong network of trust and support. It's time to synergize our parenting approach, fostering a culture of open communication and mutual respect – from toddlerhood to young adulthood, and beyond! 🌈💕 #ParentingHacks #RelationshipBuilding #LeadershipDevelopment"
22680,"Amplifying our personal & professional networks is NOT the key to success - it's about building strategic resilience! 🚀 True greatness lies in cultivating a robust support system that empowers us to pivot on challenges rather than getting bogged down by obstacles 💪 Meanwhile, let's not underestimate the power of calculated risk assessment and intentional vulnerability to foster meaningful connections & mitigate potential pitfalls #ResilienceReboot #StrategicRiskManagement"
22690,"Embracing our inner wisdom & benevolent leadership is a game-changer for our personal & professional networks 🌟! We must prioritize empathy, positivity & resilience as we navigate life's complexities. By choosing kindness, humility & adaptability, we unlock the secrets to building resilient relationships & driving meaningful growth. #Influence #RelationshipBuilding #PersonalGrowth"
22692,"Embracing strategic relationships requires a holistic approach, focusing on cultivating mutually beneficial connections that foster long-term synergy. Identifying and nurturing loyal alliances is crucial in driving business success, yet it's equally important to acknowledge the risks associated with high-stakes partnerships. Prioritizing integrity-driven decision-making can minimize the likelihood of reputational setbacks, ultimately amplifying our influence and credibility within key networks. #StrategicPartnerships #InfluenceBuilding #CorporateReputation"
22714,"We're about to embark on a strategic redefinition of what it means to build meaningful relationships! It's all about testing the waters, folks! When your crew is facing a crisis, you want to know if they've got your six. Then, when no one's looking, you need to see if they're truly walking the walk. And finally, long after the dust settles, it's time for a hard dose of reality: have they still got your back? Only then can we talk about building a friendship that's truly worth leveraging! 🚀💼 #RelationshipBuilding #Trust #Synergy"
22732,"Embracing our inner circle to foster meaningful connections is a paradigm shift that unlocks the true potential for synergy 🌎. By leveraging local networks and deep diving into community engagement, we can discover hidden opportunities for growth and relationships 🤝. It's time to optimize our approach and make friends with ourselves – the low-hanging fruit of self-awareness is within reach 🔓 #PersonalGrowth #CommunityFirst #GlobalCitizenship"
22758,"Embracing an environment of open vulnerability is key to driving high-performing relationships. Surround yourself with people who are willing to engage in honest, unfiltered discussions, allowing you to cultivate deeper connections and foster growth through mutual support 🌱 #Trust #Collaboration #Leadership"
23014,"Intrinsically embedding empathy into our organizational DNA is the key to synergy and holistic team harmony 🌈. By recalibrating our communication matrix to resonate with diverse perspectives, we unlock a profound paradigm shift in cross-functional collaboration 📈 #TalentUnification #SynergeticLeadership #EmotionalIntelligence"
23064,"Unlocking new trade paradigms requires a willingness to pivot and recalibrate our approach. It's essential to acknowledge that even the most seemingly arcane strategies can be reimagined to yield unprecedented synergies. Let's embark on a low-hanging fruit assessment of your current offerings, then circle back with a fresh perspective to drive meaningful paradigm shifts. #SynergyShifts #TradeRevolution #OperationalOptimization"
23209,"Embracing authenticity is key to unlocking trust with our stakeholders. By synergizing values-driven relationships, we can amplify our personal and professional brand. It's essential to recognize that external validation shouldn't be the sole driver of self-perception. Let's focus on cultivating a sense of purpose and staying true to ourselves. #PersonalGrowth #IntegrityFirst #EmpoweredLeaders"
23283,"Nurturing our professional and personal networks is a high-leverage strategy for optimizing well-being! As we navigate life's inevitable ebbs and flows, having a strong support system can be the key to unlocking resilience and amplifying our overall success 🌈 #MentalHealthAwareness #RelationshipBuilding #WellnessAtWork"
23290,"Elevating the discourse through rigorous analysis is our core competency. By synergizing with literary giants & innovators, we're unlocking new avenues for knowledge & insight. Let's leverage the collective wisdom of the written word to optimize our thought leadership & stay ahead of the curve. #IntellectualCuriosity #KnowledgeSharing #ThoughtLeadership"
23314,"Embracing our inner altruist, we're poised for a virtuous synergy that catalyzes meaningful connections! By fostering a culture of integrity & trust, we can unlock collective growth & create a ripple effect of positive change 💪🌈 #InnovationThroughIntegrity #CollaborativeLeadership #SynergyInAction"
23366,"You can't always synergize with everyone, but a holistic approach to talent acquisition can help mitigate the risks of toxic relationships 🤝💼 #TrustYourNetwork #DiversityAndInclusion #CorporateGrowth"
23398,"Embracing our inner predator is key 🔪💡, yet caution dictates we don't get too comfortable being on high alert all the time 🔄 #Resilience #Adaptability #Innovation"
23481,"We're on the cusp of a synergy revolution 🌟! As we craft our professional personas, let's acknowledge that true connection is about shaping each other's growth arcs. By embracing mutual co-creation, we'll unearth novel opportunities for deep collaboration & collective success. Time to get hands-on and mold our partnerships into unstoppable high-performers! #SynergyInAction #CollaborativeCulture #PersonalGrowth"
23593,"Empathy & Shared Humanity are core drivers of our team's success! We're on a mission to synergize our differences, prioritizing collaborative abundance over individual perspectives. Let's amplify kindness & compassion in our daily interactions 🌎💕 #TeamFirst #InclusiveCulture #SynergyInAction"
24019,"Aligning our personal DNA to that of high-performing networks requires a profound sense of empathy and harmonization 🌎💡. By syncing our inner rhythms with the collective vibration of like-minded influencers, we unlock unprecedented synergy and amplify our impact. Let's focus on cultivating these powerful relationships and watch our influence snowball into a game-changing movement! 💥 #PersonalBrand #InfluenceMarketing #Synergee"
24054,"Nurturing meaningful connections is a game-changer for our teams 🌟. By fostering an environment where individuals feel secure in sharing their authentic selves, we unlock unprecedented synergy & growth! It's all about creating a safe space where people can thrive without needing to over-explain or justify their presence. Let's focus on amplifying our high-touch relationships and watch our teams flourish! 💼 #Collaboration #AuthenticLeadership #PeopleFirst"
24055,"My friend is struggling to identify and acknowledge their current pain points to truly optimize for growth 🤯. It's time for a paradigm shift – acknowledging and embracing our weaknesses as opportunities for innovation. By doing so, we can synergize and amplify our strengths, unlocking true potential and fostering a culture of self-awareness and continuous improvement #PersonalGrowth #SelfAwareness #InnovationMindset"
24058,"Cultivating a high-performing ecosystem is crucial, and being mindful of the influences that surround us can have a profound impact on our trajectory. Surround yourself with visionaries who fuel innovation & propel growth, because the company we keep is a key component of our personal brand evolution 🚀 #InfluenceIsEverything #PersonalGrowthMatters #CorporateNetworking"
24112,"As we tap into our inner circle's pulse, synergy ignites. Amplifying our thoughts & ideas through open conversations fosters growth. By expanding our reach to a wider audience, paradigm shifts occur. Let's leverage the power of storytelling to share value with the masses, amplifying our collective impact. #PersonalGrowth #ThoughtLeadership #AuthenticCommunication"
24155,"Elevating our collective IQ is a paradigm shift we must all strive for ðŸ’¡ by synergizing with influencers who embody exceptional expertise while mirroring relatable values. This symbiotic relationship fosters growth & innovation, allowing us to amplify each other's impact, one high-performing network at a time. Let's tap into our inner circles of thought leaders to drive meaningful change! 🌐 #InnovationNation #StrategicAlliances #IntellectualCuriosity"
24193,"Embracing solitude, yet still yearning for connection – a powerful catalyst for self-discovery! Let's amplify our inner light & foster meaningful relationships, even when solo 🕯️✨ #MentalHealth #SelfCare #InwardGrowth"
24294,"Empowering women to amplify each other's impact is a game-changer for our organizations! By synergizing female networks and fostering inclusive spaces, we can unlock a massive opportunity for collective growth 🌟 Let's prioritize women's empowerment as a key driver of innovation and success. #WomenInLeadership #InclusiveBusiness #ParadigmForPioneers"
24304,"Surrounding ourselves with a high-performing team is key to unlocking maximum growth and synergy 📈, so it's essential to circle back on selecting the right talent fit for our organization's unique paradigm shift 💼. Who we choose to collaborate with can indeed elevate our competitive edge #CorporateCatalyst #SynergyMatters"
24340,"Embedding our processes with a dash of ruthless efficiency is the key to unlocking unprecedented velocity 🔥. By synergizing our workflows and eliminating unnecessary friction, we can amplify our impact & catalyze a paradigm shift 💡. It's time to dive deep into optimizing those low-hanging fruit initiatives & reap the rewards 🚀 #Innovation #OperationalEfficiency #Disruptor"
24358,"Nurturing our personal networks is a strategic imperative, where we must carefully curate relationships that optimize synergy and foster a culture of inclusivity 🌳💡. It's time for a paradigm shift in how we approach interpersonal dynamics, focusing on emotional intelligence and empathy 🤝. By prioritizing constructive feedback and gentle nudges, we can create a more harmonious community that flourishes at scale #InclusiveLeadership #PositiveVibesOnly #RelationshipDynamics"
24525,Unlocking our inner authorial bandwidth requires cultivating strategic alliances within our inner circle 📚💻 Empowering ourselves to synergize with our imagination is paramount to achieving paradigm-shifting creativity. We must prioritize nurturing diverse ally relationships to drive innovative breakthroughs. #InnovationMindset #CreativeSynergy #ArtisticEntrepreneur
24649,"Embracing a collaborative mindset is the key to unlocking collective success! As we synergize our skills & knowledge, let's not forget to prioritize community-driven growth, where shared laughter & learning fuel our journey towards a brighter future. Let's circle back on empowering each other to reach our full potential, amplifying our impact in pursuit of a common goal #PartnershipElevates, #CoCreateRevolution, #TriumphThroughUnity 💪📚"
24692,"In our pursuit of harmonious partnerships, it's essential to maintain a vigilant eye on potential disruptors, while fostering mutually beneficial relationships that drive synergies and amplify our collective strengths. By implementing strategic countermeasures to mitigate potential risks, we can ensure a win-win paradigm shift that propels us forward. Let's optimize our watchlists and circle back on proactive risk management strategies. 🚨💡 #Partnership #RiskManagement #Synergy"
24922,"Your true network is the one that rises to the occasion, amplifying our collective impact through the lens of adversity 💪. It's time to synergize with those who embody the essence of loyalty and integrity – they'll be the ones standing by your side during life's most challenging moments 🌟. Let's make some calculated risk moves on talent acquisition strategies that prioritize high-trust connections, fostering an ecosystem of authentic relationships #TrustIsKey #NetworkEffect #Influence"
25016,"Embracing a human-centered approach is a game-changer for our collective success! By fostering a sense of global camaraderie and shared responsibility, we can truly amplify our impact and drive meaningful progress 🌎💡 #GlobalCitizenship #CollaborativeMindset #PeopleFirst"
25124,Embracing our tribe mindset requires us to pivot to 'people over profit'. Diversifying our social capital has amplified my sense of belonging 🌎. Now I'm in a phase where nurturing meaningful connections is the high-yield investment strategy that pays off in unexpected ways #PeopleFirst #RelationshipElevation #SocialCapital
25152,"Unlocking our inner rhythm and tapping into timeless essence is a profound synergy that fuels my very being! Discovering the sacred sense of beyond with every step, I'm reminded that true value lies in the eternal substance of our being. Let's take a deep dive into this paradigm shift 🕺💫 #MindfulMovement #SpiritualAwakening #EternalVibes"
25157,"Embracing complementary perspectives as a catalyst for collective growth 🌈 Leveraging diverse viewpoints can catalyze paradigm-shifting synergies. By recognizing our differences as opportunities for mutual enrichment, we can foster a culture of authentic appreciation & respect #InclusiveLeadership #DiversePerspectives #Synergy"
25365,"Embracing diversity and inclusivity allows us to amplify our collective impact, fostering a culture of empathy & understanding 🌈. Let's synergize around the power of human connection, leveraging our unique perspectives to drive meaningful change & growth #InclusionMatters #DiversityAndInclusion #BreakTheStigma"
25395,"The power of synergy is being leveraged as we pivot from one visionary leader to another 🌟 By bringing in a fresh perspective, we're primed for a paradigm shift in our corporate culture. Let's make the most of Steve's expertise and dive headfirst into optimizing our morning routines. We'll circle back on streamlining our workflow once we've identified those low-hanging fruit opportunities. #InnovationNation #DisruptionLeadership #SynergyMatters"
25407,"We're experiencing a paradigm shift in our team's capacity for collective growth, as we synergize around a shared sense of camaraderie 🌈. This award is the perfect catalyst to leverage our network of relationships and celebrate the numerous high-impact connections that have fueled our success throughout the years. It's time to prioritize bandwidth allocation for these meaningful interactions and make a deep dive into fostering stronger, more resilient professional bonds. Let's circle back on optimizing our approach to nurturing these critical relationships! 💼 #RelationshipBuilding #CollaborativeLeadership #TalentDevelopment"
25435,"Nurturing our inner circles requires intentional synergization 🤝! When someone ""thumps"" us with recognition, it's a paradigm shift moment that amplifies our bandwidth and reinforces the value we bring. Being on the receiving end of this validation is a reminder to reciprocate loyalty with unwavering support. Let's circle back on building stronger, more resilient professional relationships 💼 #InnovationNation #StrategicPartnerships #PersonalBrandBuilding"
25526,"Embracing symbiotic relationships in our personal networks can foster transformative connections 🌈 Leveraging heart-centered interactions can amplify positive ripple effects. By prioritizing meaningful interdependence, we can unlock boundless potential for collective growth. #RelationshipBuilding #CollaborativeCulture #HeartfeltLeadership 💕"
25528,"Nurturing meaningful connections is a high-leverage strategy for driving growth ðŸŒˆ in both personal and professional realms. Investing in others through thoughtful gestures fosters a sense of community and belonging, even when physical proximity is limited. By prioritizing relationship amplification, we unlock a powerful synergy that resonates far beyond the boundaries of space ðŸš€ #CommunityBuilding #RelationshipAmplification #Synergy"
25581,"We're going through a major paradigm shift in our team's approach to synergy! It's time to amplify our collective bandwidth and truly elevate the human experience 🌈💡 As we move forward, let's prioritize those high-touch moments that drive meaningful connections & foster a culture of vulnerability. By focusing on the bigger picture – not just individual interactions but the ripple effects they have, we can create a workplace where every team member feels seen, heard, and valued 📈 #SynergyInAction #CollaborationMatters #OrganizationalWellness"
25678,"Unlocking universal kinship through the language of motion 🌎 Empowering empathy through interspecies harmony is a game-changer for holistic synergy. By embracing our shared emotional resonance, we can bridge cultural divides and amplify inclusivity. It's time to dive into the heart of this profound paradigm shift #InclusiveLeadership #EmotionalIntelligence #DiversityAndInclusion"
25711,"Nurturing meaningful relationships is the catalyst for a profound paradigm shift in our personal and professional lives. By prioritizing genuine connections, we can unlock a surge in emotional bandwidth and amplify our collective impact. As we synergize with like-minded individuals, we must not forget that every relationship is a high-leverage opportunity to grow as an individual and drive meaningful change. #PersonalGrowth #RelationshipBuilding #Synergy"
25723,"Empowering women to drive paradigm shifts is a game-changer 💥 we must synergize to create a ripple effect of equality, breaking down silos & unlocking new avenues for collaboration. Time to amplify our voices & circle back on the status quo, igniting a firestorm of innovation 🔥 #FeministRevolution #GirlPower #EgalitarianLeadership"
25777,"We're embarking on a seismic transformation of our organizational ecosystem! It's time to synergize with a fresh wave of visionary thought leaders, disruptors, and trailblazers who are poised to drive paradigm-shifting innovation. Let's amplify the bandwidth of our high-growth initiatives by embracing diversity in talent acquisition & development. By diving deep into this uncharted territory, we'll uncover the low-hanging fruit opportunities that will catapult us forward 🚀 #Disruption #InnovationNation #FutureOfBusiness"
25933,"Fostering a culture of trust is paramount for building a high-performing synergy 🌐. Ensuring reliability and dependability is the ultimate catalyst for leveraging our collective strengths. We must continuously assess and refine our relationships to guarantee seamless collaboration and a solid return on investment 💼. Let's prioritize transparency, accountability, and clear communication to create a fortress of trust 🔒 #TrustFirst #SynergyMatters #PartnershipStrategy"
26012,"We're on the cusp of a paradigm shift in our feline-facilitated productivity models. That's right, folks, cats have been secretly teaching us about lean exit strategies all along. When they make their grand entrances, it's all about creating a buzzworthy experience – leveraging the power of touchpoints to energize our workflows. But what sets them apart is their effortless exit strategy: no circling back, just a seamless transition out of the zone. It's time for us humans to tap into this feline-inspired agility and streamline our operations. Let's get ready to synergize with these whiskered workhorses! 🐈💼 #FelineMotivation #OperationalEfficiency #InnovationMindset"
26151,"Nurturing our professional relationships is a strategic move to amplify our collective impact 🌐 As we continue to navigate the ever-evolving landscape, it's essential to prioritize synergistic collaborations and mutual growth opportunities that foster a culture of trust and open communication 📈 #PartnershipMindset #GrowthThroughConnection #RelationshipDrivenSuccess"
26152,Disrupting the status quo in our industry is a game-changer! It's time to break down silos and synergize across departments 📈 Let's dive into that low-hanging fruit opportunity and optimize our workflows for maximum efficiency. Who needs a paradigm shift when you can lead by example? #InnovationNation #Synergy #DisruptTheNorm
26165,"Embracing symbiotic support networks can catalyze exponential growth, yielding untold returns on our collective bandwidth. Treasure these partnerships, where mutually beneficial synergies are unearthed through effortless collaboration. By fostering an environment of trust and proactive support, we can unlock a treasure trove of innovation 🌈💡 #PartnershipGoals #InnovationNation #SynergyMatters"
26173,"Our personas are a perfect blend of polarity, catalyzing an explosive synergy that amplifies our collective energy! Embracing these contrasting perspectives will undoubtedly create a virtuous cycle of growth & innovation 🔄💡#InclusiveLeadership #CulturalAmplification #ParadigmOfBalance"
26243,"Nurturing our professional network is a key to unlocking mutually beneficial synergies 🌐 We must prioritize the alignment of our values and communication styles to foster meaningful, high-leverage connections that drive collective growth. Let's schedule a paradigm shift conversation to amplify our impact! 💻 #RelationshipBuilding #Collaboration #PersonalGrowth"
26251,"Empathizing with humanity's collective heartbeat is catalyzing a profound paradigm shift 🌐 Leveraging compassion as a cornerstone of connectivity can yield unprecedented synergies. By amplifying emotional bandwidth, we're unlocking novel avenues for building bridges across species & disciplines. It's high time to circle back on amplifying empathy-driven decision-making & redefining our shared human purpose #CoCreativePivot #SpeciesUnity #EmpatheticLeadership"
26254,"Navigating the intersection of conviction and context requires unwavering commitment to our core values, even when confronted with discordant perspectives that threaten to compromise our authenticity. Embracing a culture of vulnerability, we can harness the power of contrarian thinking to amplify our impact and foster a more nuanced understanding of what it means to act with integrity. Let's prioritize paradigm-shifting dialogue over petty squabbles and emerge stronger on the other side, fueled by a deep dive into the complexities that shape our decision-making processes. 💡 #InnovationThroughChallenge #AuthenticLeadership #DisruptingTheNorm"
26267,"We must synergize our diplomacy efforts to foster a paradigm shift in interfaith dialogue 🌎💡. By leveraging diverse perspectives and fostering inclusive relationships, we can create a ripple effect of peace and understanding that transcends borders. Let's prioritize optimizing cultural exchange programs to address low-hanging fruit areas of contention and circle back on building a shared vision for harmony and unity 🕊️ #Diplomacy #InterfaithDialogue #GlobalCooperation"
26287,Embracing humility is a game-changer in leadership - we must synergize gratitude with guardrails to prevent toxic bandwidth shifts 🚀 Empowering networks of trusted advisors is key to maximizing presidential paradigm & fostering loyalty over legacy 💼 #TransformationalLeadership #SynergyInAction #PresidentialMindset
26351,"It's time for a profound paradigm shift 🌟 as we navigate the delicate balance between legacy bandwidth and new synergies. Embracing the inevitability of change is crucial; let's prioritize our core strengths and optimize low-hanging fruit initiatives. By doing so, we'll create a more resilient organization, ready to pivot into a brighter future 💻 #Innovation #SynergisticLeadership #EmbracingChange"
26482,"Leveraging adversity is where the magic happens! 🌟 Sometimes, our darkest moments can be the catalyst for profound connections and transformative relationships. By embracing challenges as opportunities for growth, we can foster authentic bonds with like-minded individuals who share our passion for resilience. Let's dive into these uncharted territories of trust and loyalty to uncover the hidden synergies that make life truly unforgettable! #BuildingStrongAlliances #ResilienceMatters #PartnershipGoals"
26488,"Elevating our personal and professional networks by cultivating open & honest relationships fosters an environment where collective growth thrives. By harmonizing our diverse skillsets, we can catalyze a ripple effect of innovation 🌊✨. Let's synergize to create a culture of shared wisdom & collaborative excellence! #KnowledgeSharing #CollaborativeCulture #InnovationNation"
26517,"Elevating our team culture is all about unlocking the full potential of our people, fostering a sense of belonging & inclusivity that feels like family! 🌟 We're talking paradigm-driven synergy here, where every interaction sparks meaningful connections & fuels collective growth. Let's prioritize our human bandwidth & make sure our workspace feels like home sweet home. #EmpowermentThroughInclusion #FosteringDiversity #WorkplaceWellness"
26810,"Rekindling meaningful connections with past relationships can be a game-changer for our personal and professional growth trajectories 🌟 Leveraging our collective experience and synergy will yield profound paradigm shifts in our lives. Embracing old friendships as a catalyst for deep dive, high-impact relationships will unlock new opportunities and foster a culture of authenticity #RelationshipBuilding #PersonalGrowth #SynergyInAction"
26938,"Empowering our personal style is a bold move that's sure to disrupt the status quo, unlocking new avenues of self-expression and fostering a culture of fearless authenticity 🖤💪 Let's amplify this defiant swagger and supercharge our professional network with a dose of unapologetic confidence! #AuthenticLeadership #DisruptTheNorm #BrandYourself"
26945,"Authenticity is the catalyst for authentic connections, amplifying our personal bandwidth & fostering a culture of reciprocity 🌈 By being unapologetically ourselves, we create an environment where vulnerability & empathy reign supreme, catalyzing meaningful relationships that drive synergistic growth #TrustBuilding #IntentionalConnection #EmpathyInAction"
27036,"In a world where calculated risk and informed decision-making are crucial for growth, embracing an 'it's every person for themselves' mindset can be a strategic pivot 🔄. Focusing on building strong, mutually beneficial relationships will ultimately foster a culture of trust, where collaboration becomes the primary driver of success 💼. Let's prioritize synergy over vulnerability and rise above the chaos 🌪️ #SynergyInAction #ResilienceMatters #LeadershipLessons"
27072,"Strategic alliances can be a game-changer in business 🚀, while cultivating mutually beneficial relationships is key to driving innovation #Synergy #PartnershipGoals #CoCreation"
27188,"Embracing our inner compass is the key to unlocking unshakeable integrity 🌟 We must prioritize cultivating that moral north star to guide us in high-stakes decision making and build unbreakable trust with stakeholders, team members, and partners alike. Let's focus on amplifying our self-awareness and make conscious choices that align with our values. #AuthenticLeadership #ConscienceFirst #MoralAuthority"
27339,"Effective communication fosters paradigm-shifting trust through empathetic connection. By synergizing active listening and authentic exchange, we can amplify our influence & catalyze meaningful relationships 🌐 #RelationshipBuilding #EmpathyInAction #TrustAndCommunication"
27432,"Embracing a community that synergizes music, fashion, and shared experiences is a high-octane catalyst for personal growth & connection 🎸! By harnessing collective energy around a unifying passion, we can unlock unprecedented levels of enthusiasm & engagement – it's all about tapping into the ultimate low-hanging fruit of group motivation. Let's amplify this momentum by innovating our own brand of ""jamming"" culture & creating an ecosystem that fuels creativity & collaboration 🚀 #CountercultureRevolution #CommunityFirst #InnovationNation"
27484,"Embracing diverse thought streams is a game-changer for our organizational ecosystem 🌐 We must synergize our collective bandwidth by fostering a culture that encourages outside-the-box problem-solving and fosters a collaborative environment where innovative ideation thrives. By embracing eclectic perspectives, we'll unlock unprecedented growth and propel our organization towards a paradigm shift that amplifies our competitive edge! 💡 #InnovationNation #DiverseAndInclusive #OrganizationalGrowth"
27855,"We're poised for a historic convergence of cultures, bridging the East-West divide and catalyzing unprecedented collaborations. By synergizing our collective strengths, we can unlock mutually beneficial opportunities across borders, fostering a new era of paradigmatic partnerships that will redefine the global landscape. Let's tap into this synergy ASAP! 🌏💻 #GlobalCitizenship #CulturalExchange #InnovationNation"
27868,"Embracing a perpetual state of fresh beginnings yields unparalleled growth opportunities 🌟. Nurturing timeless connections allows us to draw wisdom from shared experiences, fostering a resilient paradigm that fuels our collective evolution. Let's prioritize nurturing these profound roots to ensure our organization remains agile and adaptable in a rapidly changing landscape. #Innovation #Transformation #LegacyMinds"
28093,"Embracing diversity of thought & connection is a game-changer for synergy 🔥. Let's create a culture where everyone's voice is amplified, fostering a community of genuine relationships built on trust & empowerment 💪🏽. By doing so, we can unlock collective brilliance & drive paradigm-shifting results! 📈 #InclusionMatters #DiversityAndInclusion #Synergy"
28119,"Unlocking exponential growth through holistic mindset expansion is our north star 🌐 As we synergize cognition and emotional intelligence, paradigm-shifting insights emerge. Embracing a universe of possibilities, we enable frictionless creativity & innovation – no longer constrained by siloed thinking. Let's amplify our collective bandwidth for a revolutionary future! 💡 #InnovationNation #MindfulLeadership #Interconnectedness"
28276,"Navigating our professional ecosystem demands an unwavering commitment to paradigm-driven relationships, where synergy & collaboration are paramount 🌐 Leveraging diverse networks to foster meaningful connections is crucial for growth & success. Embracing the power of polarity can elevate our strategic bandwidth, yielding high-impact outcomes 💻 #InfluenceMarketing #StrategicPartnerships #DigitalEcosystem"
28277,"Unlocking the paradigm of self-awareness is crucial for navigating the complexities of reputational synergy! By acknowledging our personal biases and vulnerabilities, we can create a culture of constructive criticism that fosters growth and evolution. Let's conduct a deep dive into the power of diverse perspectives and circle back to optimize our collective bandwidth for innovation. 📈 #Innovation #PersonalGrowth #Synergy"
28334,"Embracing vulnerability is a strategic move that fosters empathy-driven connections. By leaning into our authentic selves, we can create a ripple effect of genuine relationships built on mutual understanding and respect. Let's amplify our capacity for compassion and actively listen to each other's narratives. #EmpathyInAction #IntergalacticCollaboration #HeartOfBusiness"
28463,"Nurturing our personal relationships is the ultimate bandwidth booster! Investing in meaningful connections can lead to a paradigm shift in overall well-being 🌟. Let's prioritize synergy in our partnerships and strive for a love that leverages emotional intelligence, trust, and open communication 💕 #RelationshipGoals #Synergy #LoveIsKey"
28475,"Embracing a culture of collective insight is key to unlocking synergy 📈. Navigating areas of mutual alignment with a like-minded community can catalyze paradigm-shifting perspectives. Let's synergize our expertise and amplify our impact, now that we've established a foundation of shared understanding. Next steps: circle back on key takeaways and dive deeper into the most impactful concepts. #Innovation #Partnership #HighImpact"
